payment_id,session_id,method,status,failure_code,attempt_no,amount
PAY_1,2467e84bec35,card,success,,1,114.87
PAY_2,213491a76e34,card,success,,1,39.17
PAY_3,52a580c3353d,card,success,,1,164.08
PAY_4,3b3892791d9e,card,success,,1,191.03
PAY_5,c9900a7dab01,card,success,,1,18.9
PAY_6,7e92869831f2,card,success,,1,31.76
PAY_7,8e750a38d283,card,success,,1,99.71
PAY_8,4a0f341a2efb,card,success,,1,69.9
PAY_9,3bfc6f514a46,card,success,,1,88.82
PAY_10,35b40eebf154,card,success,,1,181.91
PAY_11,d41b22b44a03,card,success,,1,167.71
PAY_12,97a883dfe971,card,success,,1,94.9
PAY_13,48b12e0a3dc6,card,success,,1,221.8
PAY_14,ef264fb35cd8,card,success,,1,130.84
PAY_15,b0d5dee748db,card,success,,1,45.27
PAY_16,7b7e03ca90c6,card,success,,1,120.9
PAY_17,5ffd99fbae2b,card,success,,1,41.8
PAY_18,289e76c8d2a8,card,success,,1,181.77
PAY_19,0a9c66de15a3,card,success,,1,86.49
PAY_20,997277ba878e,card,success,,1,77.64
PAY_21,a26f356d45f4,card,success,,1,52.21
PAY_22,03176b1efee2,card,failed,timeout,1,239.38
PAY_23,501094459ca2,card,success,,1,79.55
PAY_24,0dbf68b0b77f,card,failed,otp_failed,1,63.9
PAY_25,0dbf68b0b77f,card,failed,timeout,2,63.9
PAY_26,0dbf68b0b77f,card,failed,bank_decline,3,63.9
PAY_27,0dbf68b0b77f,card,failed,bank_decline,4,63.9
PAY_28,416c253e0b9d,card,success,,1,67.92
PAY_29,0497f0f297d7,card,success,,1,137.81
PAY_30,db7ca9f32164,card,success,,1,120.59
PAY_31,9333647c6417,card,success,,1,125.23
PAY_32,e2186d27a97d,card,success,,1,127.06
PAY_33,4765ab47c679,card,success,,1,499.36
PAY_34,92496c17eb98,card,success,,1,59.75
PAY_35,6000f31bc617,card,success,,1,46.95
PAY_36,e551ef31bf5b,card,success,,1,147.35
PAY_37,14482b3cae52,card,success,,1,222.11
PAY_38,53d1c8c4969f,card,success,,1,82.17
PAY_39,df87beeebac3,card,success,,1,45.96
PAY_40,f5aeb4687b88,card,success,,1,46.54
PAY_41,1855fa847801,card,success,,1,151.48
PAY_42,b5921b2eef4e,card,success,,1,163.14
PAY_43,6d7a25d0b509,card,success,,1,139.01
PAY_44,6363731e31fe,card,success,,1,52.86
PAY_45,fbe489f36689,card,success,,1,108.39
PAY_46,83644e5f3cb8,card,success,,1,98.82
PAY_47,4825e71e0383,card,failed,otp_failed,1,107.23
PAY_48,4825e71e0383,UPI,failed,otp_failed,2,107.23
PAY_49,55c32888e1ba,card,success,,1,180.76
PAY_50,c2dd465add04,card,success,,1,154.95
PAY_51,21d6562b3ccb,card,success,,1,95.02
PAY_52,48bdfea86865,card,success,,1,113.44
PAY_53,3ff06987e560,card,success,,1,149.16
PAY_54,d43004811cc3,card,success,,1,28.06
PAY_55,56922ba5008b,card,success,,1,69.7
PAY_56,f36064432fc0,card,success,,1,61.79
PAY_57,5d694ef6e9f5,card,success,,1,54.0
PAY_58,b255b1304cd2,card,success,,1,72.23
PAY_59,39cf9fb52b92,card,success,,1,297.66
PAY_60,24cf1d5792b1,card,success,,1,45.03
PAY_61,4a911e916ecb,card,success,,1,195.32
PAY_62,edd9cadfd477,card,failed,otp_failed,1,23.42
PAY_63,edd9cadfd477,card,failed,bank_decline,2,23.42
PAY_64,edd9cadfd477,card,failed,otp_failed,3,23.42
PAY_65,edd9cadfd477,card,failed,timeout,4,23.42
PAY_66,e94e27d03c7a,card,failed,otp_failed,1,68.86
PAY_67,f6a56511566e,card,success,,1,143.88
PAY_68,8bd0dd69233b,card,failed,bank_decline,1,159.01
PAY_69,8bd0dd69233b,card,failed,bank_decline,2,159.01
PAY_70,8bd0dd69233b,card,failed,timeout,3,159.01
PAY_71,8bd0dd69233b,card,failed,otp_failed,4,159.01
PAY_72,fead20dd83c9,card,success,,1,169.81
PAY_73,be81975b6ee1,card,success,,1,68.1
PAY_74,621e84d79c60,card,success,,1,62.19
PAY_75,76bef18128b3,card,success,,1,178.82
PAY_76,6fe46796d595,card,success,,1,77.24
PAY_77,9d2bfd1e32b0,card,success,,1,32.44
PAY_78,cef5c7fc25f6,card,success,,1,36.36
PAY_79,b2633983881f,card,success,,1,43.14
PAY_80,3e5cf570e44c,card,success,,1,133.99
PAY_81,b6a60a0d1881,card,success,,1,100.88
PAY_82,bef80b8a545e,card,success,,1,156.4
PAY_83,36c87ceefd18,card,success,,1,63.96
PAY_84,a57341547177,card,success,,1,102.19
PAY_85,3d57dd81548f,card,success,,1,148.48
PAY_86,5a50ccc8f738,card,success,,1,70.28
PAY_87,f92846db6ed5,card,success,,1,129.73
PAY_88,861aed82c789,card,success,,1,53.01
PAY_89,13253a36fb96,card,success,,1,67.33
PAY_90,a1a3fc0c7cb3,card,success,,1,66.33
PAY_91,21e1cdf60391,card,success,,1,34.58
PAY_92,8732abff67e6,card,success,,1,132.9
PAY_93,ed37a8addfa5,card,success,,1,61.84
PAY_94,eb020b88b80a,card,success,,1,90.92
PAY_95,d14eb19b8408,card,success,,1,132.24
PAY_96,b0bda1a70104,card,success,,1,128.67
PAY_97,68be6927779e,card,success,,1,153.29
PAY_98,dd295e30f3e9,card,success,,1,83.2
PAY_99,57fcdfed27a5,card,success,,1,64.16
PAY_100,e4411c5f0935,card,success,,1,84.46
PAY_101,d49f848f49d1,card,success,,1,23.34
PAY_102,0b7643ab8737,card,success,,1,28.28
PAY_103,4e47d2941083,card,success,,1,31.24
PAY_104,a65b7d212556,card,success,,1,40.54
PAY_105,c1434f052ce9,card,success,,1,123.94
PAY_106,56a00b244a4d,card,success,,1,43.62
PAY_107,9cee637faeff,card,success,,1,66.52
PAY_108,f6a350215342,card,success,,1,254.52
PAY_109,6a783ad69331,card,success,,1,67.69
PAY_110,bd30263c8506,card,success,,1,162.39
PAY_111,1b24d2ff9b91,card,success,,1,42.65
PAY_112,0324b333dc88,card,success,,1,76.37
PAY_113,c78e39ec61fb,card,success,,1,42.1
PAY_114,27bf8505d788,card,success,,1,68.63
PAY_115,46c30eb023b6,card,success,,1,176.31
PAY_116,b59b13ddb375,card,success,,1,22.6
PAY_117,1fc094baf4d1,card,success,,1,127.43
PAY_118,48c9dd953170,card,failed,timeout,1,108.87
PAY_119,48c9dd953170,netbanking,failed,bank_decline,2,108.87
PAY_120,48c9dd953170,netbanking,failed,timeout,3,108.87
PAY_121,48c9dd953170,netbanking,failed,timeout,4,108.87
PAY_122,2e4ea049ec6a,card,success,,1,28.31
PAY_123,9d1791bf3994,card,success,,1,95.36
PAY_124,d3e65ea0ed22,card,success,,1,58.93
PAY_125,0157777a9c21,card,success,,1,108.43
PAY_126,3fc8e9233105,card,success,,1,91.6
PAY_127,09464d9060a0,card,success,,1,324.22
PAY_128,93ad19727213,card,failed,otp_failed,1,74.33
PAY_129,15cb60f52b2b,card,success,,1,39.69
PAY_130,9ba0ea6ba66a,card,success,,1,103.9
PAY_131,903d301bf20d,card,success,,1,107.34
PAY_132,b5ac1763edfe,card,success,,1,267.03
PAY_133,26f9db146584,card,success,,1,175.58
PAY_134,298221c13e9c,card,success,,1,119.76
PAY_135,4b38b6d2762e,card,failed,otp_failed,1,290.22
PAY_136,4b38b6d2762e,card,failed,timeout,2,290.22
PAY_137,4b38b6d2762e,card,failed,bank_decline,3,290.22
PAY_138,4313d6cc72b4,card,success,,1,34.78
PAY_139,4c66c834b6d2,card,success,,1,53.96
PAY_140,bf183278f126,card,success,,1,42.89
PAY_141,35ecaf4ad4de,card,success,,1,65.9
PAY_142,97010c361277,card,success,,1,29.92
PAY_143,e1fcf20072d4,card,success,,1,149.62
PAY_144,16c95362ae48,card,success,,1,75.36
PAY_145,4632d7a1bb28,card,success,,1,27.75
PAY_146,4c4bcbdeeee3,card,success,,1,39.95
PAY_147,f1bbd0bc1e29,card,success,,1,115.68
PAY_148,13fb3a638245,card,failed,otp_failed,1,176.0
PAY_149,13fb3a638245,card,failed,timeout,2,176.0
PAY_150,13fb3a638245,card,failed,bank_decline,3,176.0
PAY_151,13fb3a638245,card,failed,bank_decline,4,176.0
PAY_152,37a548115827,card,success,,1,444.69
PAY_153,1bbaea725508,card,success,,1,926.2
PAY_154,b66c5344e67c,card,success,,1,125.4
PAY_155,8f875cbb0a56,card,success,,1,40.79
PAY_156,105faab38ac6,card,success,,1,111.52
PAY_157,5b69ce988f64,card,success,,1,46.98
PAY_158,1e89a65ea139,card,success,,1,55.16
PAY_159,0432538deba9,card,success,,1,80.43
PAY_160,e4435b6c14b9,card,success,,1,211.2
PAY_161,0e0aafa5828a,card,success,,1,102.07
PAY_162,b3c1c041e806,card,success,,1,79.29
PAY_163,e5836113ca96,card,success,,1,39.31
PAY_164,47a998003ddb,card,success,,1,23.58
PAY_165,01d679e5e0cd,card,success,,1,61.0
PAY_166,cc4ee8d0d9b9,card,success,,1,86.23
PAY_167,4f9e596e7842,card,success,,1,370.31
PAY_168,cc75c10f06b5,card,success,,1,99.9
PAY_169,ee748492c4df,card,success,,1,197.59
PAY_170,fb9fff4e759e,card,success,,1,60.37
PAY_171,b7f3d3ea3186,card,success,,1,34.88
PAY_172,17e82cf41f08,card,success,,1,41.59
PAY_173,cfb75ca671d0,card,success,,1,50.39
PAY_174,09ee922aa9c7,card,failed,bank_decline,1,494.12
PAY_175,ba8f5d5f81b9,card,success,,1,46.66
PAY_176,09a4de0ff169,card,success,,1,176.05
PAY_177,7e3d6c217840,card,success,,1,43.71
PAY_178,1b4ef9fb2679,card,success,,1,189.66
PAY_179,b7fa760dc29a,card,success,,1,122.48
PAY_180,dc57cf29b79c,card,success,,1,79.42
PAY_181,e171ffa2c418,card,success,,1,87.13
PAY_182,dc8ceb003cc9,card,success,,1,53.31
PAY_183,d45f8b4aac33,card,success,,1,128.62
PAY_184,2bebccc4dcd7,card,success,,1,62.55
PAY_185,7b42a3a582bd,card,success,,1,33.77
PAY_186,6f0a18af0b59,card,success,,1,32.38
PAY_187,9af394ce8586,card,success,,1,103.34
PAY_188,b45e649dbda8,card,success,,1,318.39
PAY_189,4864fe066f16,card,success,,1,102.31
PAY_190,abe514181b13,card,success,,1,81.87
PAY_191,68eda0a191c3,card,success,,1,113.14
PAY_192,0a6f3eceda10,card,success,,1,255.9
PAY_193,4c357128eb07,card,success,,1,107.29
PAY_194,bacd243dbb93,card,success,,1,64.8
PAY_195,c2c5560f4261,card,success,,1,218.12
PAY_196,de201d3b43f9,card,success,,1,126.85
PAY_197,e300f43b3054,card,success,,1,307.54
PAY_198,c25f92a1ef47,card,success,,1,104.23
PAY_199,3ad213b782c1,card,success,,1,33.8
PAY_200,8d56ed53a7fb,card,success,,1,30.13
PAY_201,df302d374707,card,success,,1,337.22
PAY_202,3c61727d7b20,card,success,,1,357.43
PAY_203,f6efad12f904,card,success,,1,77.97
PAY_204,6fd6700d590a,card,success,,1,66.25
PAY_205,25d12ef17da5,card,success,,1,289.79
PAY_206,0f480778c0fb,card,success,,1,37.13
PAY_207,412a70c69a6e,card,success,,1,44.0
PAY_208,180791c79026,card,success,,1,150.61
PAY_209,3a2b9714335c,card,success,,1,65.65
PAY_210,02182fa17053,card,failed,otp_failed,1,89.65
PAY_211,1c57ccc48cf5,card,success,,1,78.98
PAY_212,959836e3d186,card,success,,1,117.93
PAY_213,a4e942d99967,card,success,,1,277.55
PAY_214,9566589f5374,card,success,,1,96.78
PAY_215,dff02cf431d2,card,success,,1,150.68
PAY_216,042ca1ce4652,card,success,,1,17.46
PAY_217,e90e5104c8d2,card,success,,1,86.58
PAY_218,c0dac3abad70,card,success,,1,45.85
PAY_219,b683f95a9c52,card,success,,1,33.95
PAY_220,c9f4f051bef1,card,success,,1,44.59
PAY_221,7f464094635f,card,success,,1,68.9
PAY_222,4d5813d47310,card,success,,1,187.3
PAY_223,cad9add5a827,card,success,,1,92.25
PAY_224,03597fa56655,card,success,,1,61.11
PAY_225,2cf454dcf1af,card,success,,1,69.26
PAY_226,fb26b3339310,card,success,,1,200.78
PAY_227,e4bc2efe3468,card,success,,1,138.45
PAY_228,7ff70ebec07f,card,success,,1,262.41
PAY_229,3554c80f6ba6,card,success,,1,79.55
PAY_230,bc7e05ec15b8,card,success,,1,51.59
PAY_231,3a50e3e0060f,card,success,,1,75.26
PAY_232,56c358bfbf1e,card,success,,1,109.29
PAY_233,7df908d6d48c,card,success,,1,103.67
PAY_234,7e5740a114c4,card,success,,1,37.81
PAY_235,964e5ffd0f02,card,success,,1,96.78
PAY_236,c61f69e4fb15,card,success,,1,108.05
PAY_237,c72d5b693120,card,success,,1,674.51
PAY_238,915c1edd4e1d,card,success,,1,404.02
PAY_239,8e66f22ce184,card,success,,1,45.49
PAY_240,e359a1278261,card,success,,1,71.53
PAY_241,9c1467ab5212,card,failed,timeout,1,27.92
PAY_242,9c1467ab5212,card,failed,bank_decline,2,27.92
PAY_243,9c1467ab5212,card,failed,bank_decline,3,27.92
PAY_244,35ae3a8121b8,card,success,,1,56.12
PAY_245,3c3d4d24c412,card,success,,1,115.87
PAY_246,ea878f20819b,card,success,,1,236.2
PAY_247,5426c1960d42,card,success,,1,50.24
PAY_248,090c9c1cd010,card,success,,1,53.34
PAY_249,aa361fb9ce1b,card,success,,1,16.15
PAY_250,c8ea0f01573e,card,success,,1,79.03
PAY_251,88689b9e3900,card,success,,1,38.48
PAY_252,09388b5e7b74,card,success,,1,58.94
PAY_253,76c4c4f65502,card,success,,1,83.48
PAY_254,c35df562b897,card,success,,1,22.06
PAY_255,e83fe3dc6983,card,success,,1,27.84
PAY_256,85974d55e5a1,card,success,,1,494.43
PAY_257,b52360e79818,card,success,,1,32.14
PAY_258,0b0bfa50d103,card,success,,1,37.43
PAY_259,17e4e9dc88a1,card,success,,1,391.32
PAY_260,87f83ee80790,card,success,,1,35.26
PAY_261,8b6a30128fb8,card,success,,1,67.05
PAY_262,50b0d37f6f97,card,success,,1,118.3
PAY_263,cac66f1cd533,card,success,,1,358.87
PAY_264,93694e7d43dd,card,success,,1,73.98
PAY_265,25412e933c19,card,success,,1,167.65
PAY_266,0be33c509696,card,success,,1,127.46
PAY_267,56f653c3eddf,card,success,,1,66.62
PAY_268,fffda61b3c42,card,success,,1,80.88
PAY_269,073839478993,card,success,,1,29.97
PAY_270,ad6a0aeac9d6,card,success,,1,74.4
PAY_271,c3644815bc69,card,success,,1,72.74
PAY_272,d97d15c73aa5,card,success,,1,108.39
PAY_273,f9479868a095,card,success,,1,57.73
PAY_274,da059d09345a,card,success,,1,131.27
PAY_275,a20e6a736716,card,success,,1,202.39
PAY_276,1303ed95cb13,card,success,,1,101.94
PAY_277,022ef3242fa8,card,success,,1,119.27
PAY_278,204ae5357064,card,success,,1,93.93
PAY_279,e2b4ba661504,card,success,,1,90.02
PAY_280,d77574cda896,card,success,,1,50.54
PAY_281,eabebbcd96d9,card,success,,1,115.95
PAY_282,82452fce6a9c,card,success,,1,83.28
PAY_283,d45e551132ac,card,success,,1,480.36
PAY_284,f4d0f133504c,card,success,,1,316.93
PAY_285,0430d8dba6d6,card,success,,1,48.89
PAY_286,37035ac03bd9,card,success,,1,36.97
PAY_287,affbaa1bb1b9,card,success,,1,233.44
PAY_288,96347d087554,card,success,,1,111.07
PAY_289,898ec2c6bf29,card,success,,1,132.17
PAY_290,ae804e2f66b1,card,success,,1,22.29
PAY_291,a18ab5200dab,card,success,,1,189.04
PAY_292,ee36ccfbb35b,card,success,,1,129.48
PAY_293,6c2ee0c5734a,card,success,,1,37.03
PAY_294,f534fd4a3b8a,card,success,,1,61.73
PAY_295,d2a87c486fe4,card,success,,1,111.16
PAY_296,7e059b8667ac,card,success,,1,93.88
PAY_297,deaef7eafbf2,card,success,,1,71.25
PAY_298,f1f62d62a15f,card,success,,1,82.86
PAY_299,64ad963d18a1,card,success,,1,73.58
PAY_300,b95c2a52f10d,card,success,,1,101.7
PAY_301,6bfa0a4dabe4,card,success,,1,292.13
PAY_302,8f5b03e1841e,card,success,,1,11.55
PAY_303,d7ff7bf817bc,card,success,,1,74.48
PAY_304,dc6e486af2be,card,success,,1,103.67
PAY_305,e2f25e9ef109,card,success,,1,114.07
PAY_306,c1b9fbf285a0,card,success,,1,66.85
PAY_307,ed13a72cad0d,card,success,,1,22.08
PAY_308,3e4a9f836a33,card,success,,1,358.48
PAY_309,59018cf88e42,card,success,,1,26.39
PAY_310,745555285c91,card,success,,1,179.66
PAY_311,625bed61e6de,card,success,,1,69.21
PAY_312,4242bc28dfdc,card,success,,1,85.71
PAY_313,b047d858a815,card,success,,1,38.77
PAY_314,2cb69c6c8426,card,success,,1,68.88
PAY_315,aa9b6d607b40,card,success,,1,254.69
PAY_316,1888da3affae,card,success,,1,143.47
PAY_317,5a963e88871a,card,success,,1,359.91
PAY_318,c3a342a45fb5,card,success,,1,230.89
PAY_319,7361a8a7dadf,card,success,,1,127.9
PAY_320,bacc39f9eb45,card,success,,1,363.27
PAY_321,3b5554a07293,card,success,,1,127.89
PAY_322,b14de664c8cd,card,success,,1,174.58
PAY_323,cf7331f81036,card,success,,1,71.0
PAY_324,5d7c2892e554,card,success,,1,94.94
PAY_325,94aab31609f4,card,success,,1,51.52
PAY_326,07781c0a0917,card,success,,1,198.67
PAY_327,a62017dbcd38,card,success,,1,35.07
PAY_328,755c33509eea,card,success,,1,168.32
PAY_329,70dc3c0794c8,card,success,,1,77.28
PAY_330,3e8963b021bd,card,success,,1,229.75
PAY_331,7a864d9b4580,card,success,,1,164.14
PAY_332,5ff332e6361c,card,success,,1,386.26
PAY_333,e3486f8f50e4,card,success,,1,161.52
PAY_334,c8cab5104487,card,success,,1,25.59
PAY_335,dc08dbaefca6,card,success,,1,85.32
PAY_336,be8029032da7,card,success,,1,35.25
PAY_337,64d9155a750f,card,failed,bank_decline,1,59.46
PAY_338,09f2c96673ff,card,success,,1,301.56
PAY_339,3f20d6b8a21e,card,success,,1,149.91
PAY_340,7e1aa1af25c8,card,success,,1,51.46
PAY_341,e73c39b53e74,card,success,,1,40.01
PAY_342,49310fcbaf98,card,success,,1,92.41
PAY_343,3c952e3a5a6f,card,success,,1,34.01
PAY_344,e8f7156280a1,card,success,,1,52.62
PAY_345,dcdf81814834,card,success,,1,115.54
PAY_346,ee2168325c4c,card,success,,1,226.84
PAY_347,bd20fa759cc3,card,success,,1,146.5
PAY_348,f3c95d504f48,card,success,,1,14.4
PAY_349,747d10b5c02e,card,success,,1,114.83
PAY_350,5ecbee33152e,card,success,,1,95.36
PAY_351,715e809dbd20,card,success,,1,125.35
PAY_352,d2b7a649ade5,card,success,,1,327.98
PAY_353,90f156de52ed,card,success,,1,17.28
PAY_354,11c112cdb95f,card,success,,1,56.1
PAY_355,f64d3b03835d,card,success,,1,144.42
PAY_356,78922ab3dccd,card,success,,1,25.4
PAY_357,725f72a766cc,card,failed,bank_decline,1,293.17
PAY_358,725f72a766cc,netbanking,failed,otp_failed,2,293.17
PAY_359,725f72a766cc,netbanking,failed,bank_decline,3,293.17
PAY_360,725f72a766cc,netbanking,failed,bank_decline,4,293.17
PAY_361,046dc0edd2ab,card,success,,1,120.87
PAY_362,f0f7e5a0759b,card,success,,1,177.2
PAY_363,503edd353fec,card,success,,1,57.01
PAY_364,a0fae6a0f545,card,success,,1,172.61
PAY_365,692bd5bb5b53,card,success,,1,211.62
PAY_366,229eb52f7001,card,success,,1,108.45
PAY_367,30c342cd415b,card,success,,1,111.75
PAY_368,2ab587c5dd3f,card,success,,1,45.12
PAY_369,28235fa6651f,card,failed,otp_failed,1,80.0
PAY_370,43772723874e,card,success,,1,79.68
PAY_371,d7c972634c27,card,success,,1,122.33
PAY_372,3e2210b27813,card,success,,1,200.31
PAY_373,a3043dc21ec4,card,success,,1,38.6
PAY_374,819436a22ceb,card,success,,1,81.45
PAY_375,dea44f8b8052,card,success,,1,49.66
PAY_376,3b7fdd6e49c9,card,success,,1,46.63
PAY_377,048aaeee125f,card,success,,1,105.83
PAY_378,3ca0fe50502a,card,success,,1,176.89
PAY_379,1e59eed78671,card,success,,1,260.65
PAY_380,0a33bc82ddd5,card,success,,1,178.65
PAY_381,d21e081e3719,card,success,,1,176.52
PAY_382,248ed215f4cc,card,success,,1,140.23
PAY_383,7cb7e45db108,card,success,,1,579.47
PAY_384,fdf35f790bf3,card,success,,1,76.39
PAY_385,da63786f14ea,card,success,,1,18.12
PAY_386,646d9b002b19,card,success,,1,324.86
PAY_387,d6d6d93548ef,card,success,,1,62.42
PAY_388,137624eb15eb,card,success,,1,98.13
PAY_389,d606852e6cb7,card,success,,1,24.98
PAY_390,996fdf3a3149,card,success,,1,33.07
PAY_391,8bd0359fb14b,card,success,,1,25.0
PAY_392,09845268e283,card,success,,1,47.69
PAY_393,28cd01e76940,card,success,,1,127.96
PAY_394,c14e9eedbd73,card,success,,1,136.91
PAY_395,531d5bd67699,card,success,,1,112.28
PAY_396,09cd0e3990f1,card,success,,1,29.07
PAY_397,a72a90b5ec2d,card,success,,1,14.18
PAY_398,04c480e621c5,card,success,,1,94.02
PAY_399,f1a7c5e6819c,card,success,,1,61.72
PAY_400,1d15bbce82cb,card,success,,1,130.0
PAY_401,f79bf8bec1ec,card,success,,1,157.84
PAY_402,70dc5e698b9e,card,success,,1,100.54
PAY_403,63d97dec9abc,card,success,,1,165.36
PAY_404,dcc7f1da6ad5,card,success,,1,108.13
PAY_405,c7d8ef1d797c,card,success,,1,137.56
PAY_406,23db595c94f2,card,success,,1,51.23
PAY_407,7d88898a71dd,card,success,,1,77.97
PAY_408,999313dbf5dc,card,success,,1,105.36
PAY_409,e31627767f8b,card,success,,1,173.54
PAY_410,435cced4e480,card,success,,1,65.69
PAY_411,c93f24a7a700,card,success,,1,136.58
PAY_412,24390f240d8a,card,success,,1,72.77
PAY_413,0862d77e2d52,card,success,,1,81.94
PAY_414,fec54eef5615,card,success,,1,174.8
PAY_415,8c1006a0e571,card,success,,1,18.28
PAY_416,d8417b38c986,card,success,,1,31.91
PAY_417,cb0f1f41fd05,card,success,,1,27.5
PAY_418,d1ff0f237365,card,success,,1,13.92
PAY_419,be576b6120ac,card,success,,1,52.32
PAY_420,ae31e3900b2f,card,success,,1,163.95
PAY_421,d68d8f867691,card,success,,1,105.45
PAY_422,95ad9ac2dbdb,card,success,,1,215.16
PAY_423,f207f7181600,card,success,,1,85.17
PAY_424,b039dba0fa19,card,success,,1,265.83
PAY_425,b20141dbd700,card,success,,1,96.9
PAY_426,31e6a3fdbf9f,card,success,,1,46.07
PAY_427,a16d639cd8cb,card,success,,1,55.95
PAY_428,6d7faa84a753,card,success,,1,27.54
PAY_429,14b2be999ec7,card,success,,1,44.23
PAY_430,84384d3eb0ce,card,success,,1,67.6
PAY_431,ec99258b9da3,card,success,,1,171.21
PAY_432,20c19e642be4,card,success,,1,356.6
PAY_433,21a19faa91c8,card,success,,1,29.79
PAY_434,a855899425b8,card,success,,1,123.26
PAY_435,45279c582974,card,success,,1,39.16
PAY_436,7bd5dd2dc4c6,card,success,,1,131.6
PAY_437,f58835b6ac47,card,success,,1,81.06
PAY_438,33939e8dfcfb,card,success,,1,20.81
PAY_439,3189dcec61ff,card,success,,1,189.17
PAY_440,e8f84e3cce2d,card,success,,1,55.48
PAY_441,c124fa043a4c,card,success,,1,58.73
PAY_442,44f9d5bb8687,card,success,,1,38.25
PAY_443,3a1bf405bef6,card,success,,1,53.33
PAY_444,f3137333cf90,card,success,,1,126.76
PAY_445,554dca71d17e,card,success,,1,77.37
PAY_446,b95e347d4b37,card,success,,1,117.09
PAY_447,cc3e678e7521,card,success,,1,120.25
PAY_448,f0ff0abc8bc4,card,success,,1,258.92
PAY_449,f5a651009b8f,card,success,,1,68.43
PAY_450,9a0505ff0534,card,success,,1,27.62
PAY_451,3129626a1c77,card,success,,1,69.05
PAY_452,03d95a8f81c6,card,success,,1,219.57
PAY_453,460ab1fdf179,card,success,,1,122.33
PAY_454,b447e03b127d,card,success,,1,81.05
PAY_455,800a00e94d76,card,success,,1,118.99
PAY_456,c9b57e82bfc1,card,success,,1,428.72
PAY_457,ae0430b3cd00,card,success,,1,474.18
PAY_458,fd2ae16ba659,card,success,,1,95.15
PAY_459,67a15706d474,card,success,,1,102.32
PAY_460,a649760fb4b3,card,success,,1,212.94
PAY_461,460e83752e1f,card,success,,1,45.76
PAY_462,8bfdbbd15185,card,success,,1,117.5
PAY_463,893b6828df93,card,success,,1,88.17
PAY_464,aca1dd1144b7,card,failed,otp_failed,1,115.71
PAY_465,aca1dd1144b7,UPI,failed,bank_decline,2,115.71
PAY_466,aca1dd1144b7,UPI,failed,timeout,3,115.71
PAY_467,cc52409b3422,card,failed,timeout,1,46.22
PAY_468,cc52409b3422,card,failed,otp_failed,2,46.22
PAY_469,cc52409b3422,card,failed,bank_decline,3,46.22
PAY_470,cc52409b3422,card,failed,otp_failed,4,46.22
PAY_471,967a850442e2,card,failed,bank_decline,1,25.24
PAY_472,967a850442e2,card,failed,otp_failed,2,25.24
PAY_473,967a850442e2,card,failed,timeout,3,25.24
PAY_474,3827eebe3263,card,success,,1,17.14
PAY_475,867831cd2e96,card,success,,1,36.82
PAY_476,0d71e387fc95,card,success,,1,62.37
PAY_477,8934df79561f,card,success,,1,71.2
PAY_478,c35b557cdf4b,card,success,,1,424.02
PAY_479,445805fc0090,card,success,,1,218.07
PAY_480,c6f585a11931,card,success,,1,41.69
PAY_481,673877b1c692,card,success,,1,118.89
PAY_482,5c4aecb8a723,card,success,,1,65.0
PAY_483,e91baf9fb99c,card,success,,1,71.7
PAY_484,9f789e33ade5,card,success,,1,104.4
PAY_485,7f2f20aeab45,card,success,,1,68.62
PAY_486,a45a8a2b680d,card,success,,1,210.84
PAY_487,7be37561ca93,card,success,,1,36.11
PAY_488,597d6c0363d2,card,success,,1,90.47
PAY_489,3868b5a34d13,card,success,,1,719.2
PAY_490,8a93abd9082f,card,success,,1,107.6
PAY_491,e88a95c401d2,card,success,,1,283.32
PAY_492,17eebd3b2441,card,success,,1,96.86
PAY_493,11b64316615d,card,success,,1,143.25
PAY_494,6f50da1de659,card,success,,1,86.02
PAY_495,4aae80ed0c2a,card,success,,1,78.55
PAY_496,1362c8a2dc2a,card,success,,1,48.25
PAY_497,8134a5aa4987,card,success,,1,127.01
PAY_498,25ca902faa06,card,failed,bank_decline,1,45.55
PAY_499,25ca902faa06,card,failed,otp_failed,2,45.55
PAY_500,b78dd1a7db65,card,success,,1,153.31
PAY_501,6ef3b4a6577f,card,success,,1,214.48
PAY_502,1b32836d19c1,card,success,,1,120.69
PAY_503,27477d62a996,card,success,,1,71.59
PAY_504,17a66d8287f8,card,success,,1,129.43
PAY_505,3d7db1d5a009,card,success,,1,70.32
PAY_506,fe8206f5b461,card,success,,1,190.27
PAY_507,7f4922db0467,card,success,,1,20.8
PAY_508,1cf3c5fb7386,card,success,,1,68.82
PAY_509,a564b28f4617,card,success,,1,18.31
PAY_510,6f41c0bfa85d,card,success,,1,27.22
PAY_511,34ce1a3298cb,card,success,,1,268.03
PAY_512,a097ef5f291c,card,success,,1,184.22
PAY_513,a2f06609e8e8,card,failed,otp_failed,1,50.62
PAY_514,a2f06609e8e8,card,failed,bank_decline,2,50.62
PAY_515,f0538d62acea,card,success,,1,27.06
PAY_516,7382d4a2152b,card,success,,1,8.4
PAY_517,ac2e12594e19,card,success,,1,58.28
PAY_518,a41796a74fc6,card,success,,1,624.11
PAY_519,f671d97c5e70,card,success,,1,127.47
PAY_520,c53e0fc5e38b,card,success,,1,57.53
PAY_521,3da0a1c8dd47,card,success,,1,130.59
PAY_522,af70ca0120da,card,success,,1,25.82
PAY_523,af3395008950,card,success,,1,70.96
PAY_524,f5e754f6bd2e,card,success,,1,97.47
PAY_525,b12d70c0e13d,card,success,,1,169.46
PAY_526,497709638c16,card,success,,1,118.6
PAY_527,6b96101620c9,card,success,,1,153.65
PAY_528,b37625401a10,card,success,,1,51.9
PAY_529,b47910fc0700,card,success,,1,184.61
PAY_530,bc00a735763b,card,success,,1,331.34
PAY_531,8beb36595f96,card,success,,1,41.42
PAY_532,b7b4b7eff0b8,card,success,,1,44.25
PAY_533,1463e31a851a,card,success,,1,262.07
PAY_534,a1ba8860a893,card,success,,1,77.24
PAY_535,b722a0d93885,card,success,,1,276.73
PAY_536,b36b7b17c5a9,card,success,,1,63.18
PAY_537,b95db30c1527,card,success,,1,288.31
PAY_538,ff5fe5e881e7,card,success,,1,100.0
PAY_539,343ba22119e9,card,success,,1,110.67
PAY_540,cad62053af7e,card,success,,1,314.75
PAY_541,63598bfdb404,card,success,,1,67.4
PAY_542,25a54380a2d7,card,success,,1,42.4
PAY_543,5563376163a4,card,success,,1,62.88
PAY_544,4fcd173a1551,card,success,,1,129.27
PAY_545,7b7a26e61051,card,failed,bank_decline,1,25.72
PAY_546,500903b2e07d,card,success,,1,149.9
PAY_547,603308ea8481,card,success,,1,58.5
PAY_548,dc3b4871ae29,card,success,,1,225.48
PAY_549,add8af05f821,card,success,,1,47.98
PAY_550,a7c0fea064da,card,success,,1,23.36
PAY_551,3e192c1cd686,card,success,,1,46.48
PAY_552,68d7e0b61261,card,success,,1,109.74
PAY_553,f39bf88361a2,card,success,,1,77.99
PAY_554,578e6e0bb4e7,card,success,,1,73.5
PAY_555,5dea58c6d978,card,success,,1,79.25
PAY_556,c9193d4cacce,card,success,,1,105.92
PAY_557,82c8e126ba1f,card,success,,1,40.17
PAY_558,77c65ebbfb38,card,success,,1,158.46
PAY_559,c532e51f059b,card,success,,1,152.95
PAY_560,09e2466ed0ee,card,success,,1,122.49
PAY_561,9c359b66d090,card,success,,1,140.5
PAY_562,87bc765242ee,card,success,,1,114.11
PAY_563,864a08c659f9,card,success,,1,458.55
PAY_564,861d8c8ca658,card,success,,1,70.41
PAY_565,0b6a55575b94,card,success,,1,49.26
PAY_566,9273c9286cbe,card,success,,1,39.42
PAY_567,c96dc4f6a4eb,card,success,,1,33.26
PAY_568,74ad0f3db627,card,success,,1,44.21
PAY_569,d1cca6a6c38b,card,failed,timeout,1,85.07
PAY_570,d1cca6a6c38b,card,failed,timeout,2,85.07
PAY_571,86e8ba441bfc,card,success,,1,117.62
PAY_572,a210f5e503e6,card,success,,1,93.78
PAY_573,1e875733e2df,card,success,,1,48.79
PAY_574,0aaa0d5c57d2,card,success,,1,184.96
PAY_575,17d814a7585a,card,success,,1,162.64
PAY_576,c2d9120a0d35,card,success,,1,79.22
PAY_577,c9b995249b89,card,success,,1,53.39
PAY_578,7c64c29254d7,card,success,,1,139.59
PAY_579,116f7d7a5fc3,card,success,,1,104.62
PAY_580,22849e05780b,card,success,,1,28.26
PAY_581,8a0066429fc6,card,success,,1,85.25
PAY_582,bfe52884037d,card,success,,1,111.01
PAY_583,6490ad47d42c,card,success,,1,43.83
PAY_584,bc0b2e2ea7cf,card,success,,1,104.78
PAY_585,f583877e4cb5,card,success,,1,28.11
PAY_586,53deb1dd3fad,card,success,,1,262.16
PAY_587,87e3f2e969f1,card,success,,1,244.29
PAY_588,c12498000532,card,failed,bank_decline,1,73.55
PAY_589,c12498000532,card,failed,otp_failed,2,73.55
PAY_590,c12498000532,card,failed,timeout,3,73.55
PAY_591,6bf1d55dc0e0,card,success,,1,120.39
PAY_592,84d6cfa18b5f,card,success,,1,13.09
PAY_593,c4d52c2119f6,card,success,,1,35.69
PAY_594,509dd7b6dd85,card,success,,1,71.16
PAY_595,a83aba73b4fd,card,success,,1,38.18
PAY_596,888c521ababc,card,success,,1,159.42
PAY_597,0cbf6c0ef0cd,card,success,,1,444.89
PAY_598,04ae4ea6d076,card,failed,bank_decline,1,35.12
PAY_599,04ae4ea6d076,card,failed,otp_failed,2,35.12
PAY_600,04ae4ea6d076,card,failed,timeout,3,35.12
PAY_601,678557721337,card,success,,1,46.06
PAY_602,42ece0037b06,card,success,,1,108.67
PAY_603,15c85b7b6f4a,card,success,,1,326.65
PAY_604,62aa81451fc0,card,success,,1,33.86
PAY_605,7c5e0566e411,card,success,,1,109.86
PAY_606,2c199e1efbc9,card,success,,1,386.46
PAY_607,3492b3b32458,card,success,,1,24.01
PAY_608,8e6f4c0e24ee,card,success,,1,32.3
PAY_609,28d7c2111e0b,card,success,,1,64.14
PAY_610,49f9119907bd,card,success,,1,59.35
PAY_611,33cde7d22327,card,failed,bank_decline,1,172.45
PAY_612,33cde7d22327,card,failed,otp_failed,2,172.45
PAY_613,f13e28f7596a,card,success,,1,109.22
PAY_614,59f8897a266a,card,success,,1,21.76
PAY_615,a8e1dcf5a766,card,success,,1,135.96
PAY_616,8bdd0d22af06,card,success,,1,56.71
PAY_617,714d7b6eb251,card,success,,1,249.52
PAY_618,bbc06a6f1557,card,success,,1,54.49
PAY_619,a604b0d885cc,card,success,,1,54.09
PAY_620,19f4f555ec49,card,success,,1,138.78
PAY_621,c1bfe68bdb7e,card,success,,1,165.73
PAY_622,1d06510ba726,card,success,,1,128.83
PAY_623,f92d3a69f0c2,card,success,,1,23.37
PAY_624,5b983b26c8c9,card,success,,1,138.44
PAY_625,c67ce84bb4e5,card,success,,1,39.35
PAY_626,7d29b6b7e913,card,success,,1,108.66
PAY_627,0d251edeba4b,card,success,,1,28.82
PAY_628,967f12677c8d,card,success,,1,47.22
PAY_629,6ff682a71b57,card,success,,1,32.26
PAY_630,aab1e067ba77,card,success,,1,159.34
PAY_631,eb0e04ce066a,card,success,,1,109.21
PAY_632,77a970c6f553,card,success,,1,55.08
PAY_633,88c95609c526,card,success,,1,287.42
PAY_634,95b137e91387,card,success,,1,63.27
PAY_635,155b52dd32e1,card,success,,1,92.36
PAY_636,72a91abf5132,card,success,,1,111.62
PAY_637,4aa9e241c015,card,success,,1,54.83
PAY_638,0cdb4b2c1192,card,failed,bank_decline,1,131.22
PAY_639,0cdb4b2c1192,card,failed,otp_failed,2,131.22
PAY_640,8fd65a5ab627,card,success,,1,58.75
PAY_641,0afd85a1e285,card,success,,1,64.76
PAY_642,74cb07535209,card,success,,1,267.77
PAY_643,ebf9a6ea2486,card,failed,otp_failed,1,39.16
PAY_644,ebf9a6ea2486,card,failed,otp_failed,2,39.16
PAY_645,57a9b24c6ce3,card,success,,1,13.06
PAY_646,02d8e4dba7bb,card,success,,1,326.6
PAY_647,fae4bcb9f3fa,card,success,,1,691.91
PAY_648,fd10190f2945,card,success,,1,65.09
PAY_649,0465fc53f264,card,success,,1,19.12
PAY_650,8a9338ab6d4e,card,success,,1,70.22
PAY_651,7524ca69d44d,card,success,,1,71.59
PAY_652,da4345c425af,card,success,,1,77.33
PAY_653,a71cdb6c4fdf,card,success,,1,36.94
PAY_654,cf3d4c328598,card,success,,1,143.12
PAY_655,7aac76298d25,card,success,,1,136.95
PAY_656,88bb86e5d6a5,card,success,,1,27.23
PAY_657,1e5f5f350f5a,card,success,,1,157.49
PAY_658,b3ecdc3257be,card,success,,1,103.29
PAY_659,7a6ff305e6c9,card,success,,1,68.73
PAY_660,6c04cc151099,card,success,,1,147.26
PAY_661,114993a29d3d,card,success,,1,22.54
PAY_662,4c3058d6ccc8,card,success,,1,102.67
PAY_663,23f514bdf7af,card,success,,1,65.87
PAY_664,a99192d0036e,card,success,,1,394.75
PAY_665,2bb59f334cf7,card,success,,1,78.31
PAY_666,93e69cd84c03,card,success,,1,341.83
PAY_667,dcc7c469641e,card,success,,1,37.23
PAY_668,c3d99072c73a,card,success,,1,144.0
PAY_669,5a8261747132,card,success,,1,116.22
PAY_670,1bc777a9e3b6,card,success,,1,103.74
PAY_671,54920ab19515,card,success,,1,237.46
PAY_672,c410dc7d5913,card,success,,1,69.47
PAY_673,ced16a10aabe,card,success,,1,23.25
PAY_674,5fd0687cd3c8,card,success,,1,88.76
PAY_675,01a41412af42,card,failed,bank_decline,1,43.73
PAY_676,01a41412af42,card,failed,bank_decline,2,43.73
PAY_677,01a41412af42,card,failed,timeout,3,43.73
PAY_678,01a41412af42,card,failed,timeout,4,43.73
PAY_679,70d5aeed7f55,card,success,,1,68.45
PAY_680,ed3ae1a67641,card,success,,1,84.33
PAY_681,4afb4bc013f4,card,success,,1,23.0
PAY_682,8c5e2282d607,card,success,,1,24.72
PAY_683,155f211e9aa1,card,success,,1,132.38
PAY_684,9d421fee1500,card,success,,1,59.25
PAY_685,afc76337aaa6,card,success,,1,11.57
PAY_686,dbc4b2d0c0aa,card,success,,1,168.66
PAY_687,d4d40e9fc4ce,card,success,,1,111.93
PAY_688,fd1f60afb0d7,card,success,,1,50.85
PAY_689,fd78d81b1d8c,card,success,,1,31.39
PAY_690,340f788eca00,card,success,,1,175.68
PAY_691,5188af247b75,card,success,,1,119.04
PAY_692,a08d3a2ea34c,card,success,,1,605.52
PAY_693,01828ec4c33a,card,success,,1,125.98
PAY_694,c3f6a3f9137a,card,success,,1,122.75
PAY_695,008d71e187a0,card,success,,1,78.76
PAY_696,78bcc6d0d9d5,card,success,,1,173.02
PAY_697,730300e6de21,card,success,,1,148.42
PAY_698,7c697b2bbbe6,card,success,,1,245.03
PAY_699,351260d33bf6,card,success,,1,59.32
PAY_700,c791634b50be,card,success,,1,63.54
PAY_701,80d1235ede24,card,success,,1,61.36
PAY_702,89be9db430ee,card,failed,bank_decline,1,169.46
PAY_703,89be9db430ee,card,failed,timeout,2,169.46
PAY_704,89be9db430ee,card,failed,timeout,3,169.46
PAY_705,89be9db430ee,card,failed,timeout,4,169.46
PAY_706,de81efd44052,card,success,,1,298.48
PAY_707,d0e2fda7738d,card,success,,1,62.36
PAY_708,9b68eef524de,card,success,,1,64.08
PAY_709,73a872a3d3c0,card,success,,1,115.73
PAY_710,567a5dd1f6f7,card,success,,1,73.95
PAY_711,567e9e8c7131,card,success,,1,192.8
PAY_712,60eb73a2e0fe,card,success,,1,14.86
PAY_713,d9b83b0c89ef,card,failed,bank_decline,1,46.46
PAY_714,f913c9769aec,card,success,,1,48.14
PAY_715,2f1aaf9f313f,card,success,,1,14.07
PAY_716,a159218b8af5,card,success,,1,41.64
PAY_717,cfe2be076483,card,success,,1,43.29
PAY_718,8e48cff7f356,card,success,,1,76.64
PAY_719,80537c1de71f,card,failed,otp_failed,1,219.29
PAY_720,80537c1de71f,card,failed,timeout,2,219.29
PAY_721,2a9adb256c3b,card,success,,1,73.99
PAY_722,920c4fe602f1,card,success,,1,39.46
PAY_723,92024669f94d,card,success,,1,86.01
PAY_724,945f93be4b4c,card,success,,1,208.37
PAY_725,32b6ebef4ccb,card,success,,1,41.23
PAY_726,986da01983a4,card,success,,1,43.45
PAY_727,f7abfc4e335b,card,success,,1,140.73
PAY_728,d32e89966fbe,card,success,,1,75.4
PAY_729,173123589f83,card,success,,1,151.11
PAY_730,f5bfd326c097,card,success,,1,89.04
PAY_731,1eeb7ba87031,card,success,,1,157.8
PAY_732,32fe49bea5f1,card,success,,1,39.33
PAY_733,ae514b6d63df,card,success,,1,89.15
PAY_734,1383ea6d1381,card,success,,1,76.05
PAY_735,a4d14bb702f6,card,success,,1,34.03
PAY_736,0113782f78c0,card,success,,1,25.77
PAY_737,b6d78911e84e,card,success,,1,155.8
PAY_738,70336624a299,card,success,,1,67.98
PAY_739,c25e093d3e2c,card,success,,1,39.73
PAY_740,3d13ef843003,card,success,,1,83.35
PAY_741,ba21ae071fc2,card,success,,1,221.94
PAY_742,c997dc818f87,card,success,,1,14.52
PAY_743,965f2dc965a4,card,success,,1,27.19
PAY_744,2bcf86124aa4,card,success,,1,43.02
PAY_745,425e8ab76c2c,card,success,,1,289.73
PAY_746,7143be6c7db4,card,success,,1,112.85
PAY_747,7944b0e7dba4,card,success,,1,166.31
PAY_748,4323421a31d6,card,success,,1,36.16
PAY_749,e858d10f15a7,card,success,,1,36.76
PAY_750,2019dc4cdb84,card,success,,1,128.8
PAY_751,085d67140ccd,card,success,,1,94.31
PAY_752,78f83955f85e,card,success,,1,139.63
PAY_753,3aedb714e731,card,success,,1,77.47
PAY_754,f69e9c48c12c,card,success,,1,112.45
PAY_755,e716cfa3f7c5,card,success,,1,102.16
PAY_756,0a7e61e13105,card,success,,1,167.71
PAY_757,3e6087066eec,card,success,,1,171.68
PAY_758,b3381c18c0f0,card,success,,1,24.63
PAY_759,8f83905b4934,card,success,,1,14.91
PAY_760,45e69879252a,card,failed,bank_decline,1,200.62
PAY_761,9096fea3c4b9,card,success,,1,232.8
PAY_762,45ad91dd50b5,card,success,,1,39.79
PAY_763,e01a1eb08954,card,success,,1,20.33
PAY_764,31762a253625,card,success,,1,97.44
PAY_765,1ba3dec6d1ac,card,success,,1,189.55
PAY_766,290542ed3cf6,card,success,,1,379.2
PAY_767,5e94ff93a19a,card,success,,1,136.05
PAY_768,980f965ddf25,card,success,,1,66.86
PAY_769,48e2b20452e4,card,success,,1,44.06
PAY_770,0ed5c6a4fe46,card,success,,1,90.85
PAY_771,a1f81368393e,card,failed,otp_failed,1,70.85
PAY_772,a1f81368393e,card,failed,otp_failed,2,70.85
PAY_773,fd615fcb6791,card,success,,1,39.96
PAY_774,02341637c9f6,card,success,,1,463.59
PAY_775,d506d78ac6fe,card,success,,1,375.45
PAY_776,b162b0392903,card,success,,1,43.09
PAY_777,9beea666f643,card,success,,1,178.4
PAY_778,ba105a0001bb,card,success,,1,150.16
PAY_779,0a0023dfa934,card,success,,1,128.26
PAY_780,e726a40120f5,card,success,,1,244.63
PAY_781,e8db034cc5ea,card,success,,1,149.65
PAY_782,3e911e06a853,card,success,,1,162.72
PAY_783,658e024c1eab,card,success,,1,149.83
PAY_784,46e20b500e94,card,success,,1,118.23
PAY_785,a89caa598f9d,card,success,,1,21.61
PAY_786,814aa5f5f7d2,card,success,,1,96.24
PAY_787,8686f8dcc120,card,success,,1,57.69
PAY_788,6d860ee40230,card,success,,1,32.33
PAY_789,3447a8e061b2,card,success,,1,345.66
PAY_790,e198bd0dad7a,card,success,,1,358.95
PAY_791,610dea7506b2,card,success,,1,267.03
PAY_792,6962cf512b67,card,success,,1,110.41
PAY_793,2466cc8e1ab4,card,failed,otp_failed,1,265.2
PAY_794,1d60ccb9695d,card,success,,1,90.89
PAY_795,895fd1742a2a,card,failed,otp_failed,1,105.87
PAY_796,acb6803fe25b,card,success,,1,37.53
PAY_797,daab7d090e23,card,success,,1,123.67
PAY_798,d9ca79eccd9b,card,success,,1,94.47
PAY_799,440b60806d3a,card,success,,1,31.75
PAY_800,dfba2b273746,card,success,,1,86.4
PAY_801,ed6c1ab68593,card,success,,1,84.45
PAY_802,7bb0363f4fcd,card,success,,1,379.19
PAY_803,a6c74abd736a,card,success,,1,184.08
PAY_804,76679bb56975,card,success,,1,90.85
PAY_805,64ced7c32152,card,success,,1,109.84
PAY_806,10dc35585d91,card,success,,1,93.26
PAY_807,fdff3e1672cd,card,success,,1,76.53
PAY_808,9abf34abf6f2,card,success,,1,37.87
PAY_809,4f5bc86df0a9,card,success,,1,79.77
PAY_810,b75b35531a3d,card,success,,1,49.56
PAY_811,5b130b6741fc,card,success,,1,33.11
PAY_812,4bba02b00443,card,success,,1,135.5
PAY_813,7a5ae07b41bb,card,success,,1,123.1
PAY_814,c779035056ef,card,success,,1,21.56
PAY_815,455e7a64cbba,card,success,,1,81.6
PAY_816,411d718b8b35,card,success,,1,210.06
PAY_817,032f41477385,card,success,,1,204.52
PAY_818,167b06a88152,card,success,,1,92.86
PAY_819,4857713c656c,card,success,,1,45.79
PAY_820,0caf88e2dfee,card,success,,1,37.83
PAY_821,5b2905d5cb29,card,success,,1,118.59
PAY_822,82c64c54e703,card,success,,1,121.93
PAY_823,364b2993d8d6,card,success,,1,252.11
PAY_824,5f42b2e304b5,card,success,,1,217.02
PAY_825,32efe2608527,card,success,,1,80.98
PAY_826,7ff895dffc38,card,success,,1,69.74
PAY_827,3703ea3a7762,card,success,,1,107.1
PAY_828,719b765fd5a4,card,success,,1,76.58
PAY_829,5a3d53aaa6d1,card,success,,1,56.69
PAY_830,1f719402deb1,card,success,,1,110.2
PAY_831,8a86ab4024a7,card,success,,1,60.15
PAY_832,4eb75b16ca39,card,success,,1,54.46
PAY_833,75bef9405176,card,success,,1,115.49
PAY_834,9571f07f0095,card,success,,1,65.26
PAY_835,cdde42c5f7c3,card,success,,1,109.43
PAY_836,1f3eca4a3d29,card,success,,1,112.01
PAY_837,77a743d04ba1,card,success,,1,36.18
PAY_838,ffe88973c8c4,card,success,,1,61.25
PAY_839,275fd8334ea1,card,success,,1,284.35
PAY_840,48a24008923c,card,success,,1,35.53
PAY_841,9ed6a23f9bd4,card,success,,1,16.55
PAY_842,1afb101285e8,card,success,,1,20.3
PAY_843,3bc8b554ebe8,card,success,,1,92.14
PAY_844,d7c22e94430a,card,success,,1,92.27
PAY_845,8158a18e440e,card,success,,1,81.93
PAY_846,63348781dd1a,card,success,,1,237.78
PAY_847,8ebcb497f624,card,success,,1,10.61
PAY_848,eb6887446ef0,card,success,,1,123.56
PAY_849,48ce5f366b3b,card,success,,1,313.92
PAY_850,a9ec19db3648,card,success,,1,36.52
PAY_851,2a214409188c,card,success,,1,66.43
PAY_852,c201553f736a,card,failed,otp_failed,1,49.29
PAY_853,c201553f736a,card,failed,bank_decline,2,49.29
PAY_854,8e5ef44e49e1,card,success,,1,44.01
PAY_855,35597467c7fe,card,success,,1,69.34
PAY_856,839e9addfcbe,card,success,,1,282.02
PAY_857,bc4745767b15,card,success,,1,391.47
PAY_858,3d735eb77390,card,success,,1,68.8
PAY_859,cdcf95af41ce,card,success,,1,413.25
PAY_860,e8239a7967d1,card,success,,1,92.62
PAY_861,74b75a7297a9,card,success,,1,366.12
PAY_862,d4ff24a5a000,card,success,,1,83.54
PAY_863,7088613d13da,card,success,,1,99.97
PAY_864,4375af8b0886,card,success,,1,120.59
PAY_865,9643d5a9393e,card,success,,1,1144.91
PAY_866,bdc61f801f49,card,success,,1,177.87
PAY_867,ab27cadd8aac,card,failed,bank_decline,1,51.12
PAY_868,ee781a7640ca,card,success,,1,195.43
PAY_869,6f0eabe0fa98,card,success,,1,60.84
PAY_870,f32183573181,card,success,,1,186.21
PAY_871,4ad5287675df,card,success,,1,92.28
PAY_872,5814a19f303d,card,success,,1,91.03
PAY_873,ee0472a9f6da,card,success,,1,117.83
PAY_874,55c8868e7a03,card,success,,1,126.47
PAY_875,90963ba9f94a,card,success,,1,19.11
PAY_876,5a45f0523c70,card,success,,1,153.43
PAY_877,aa6bdcff6173,card,success,,1,41.03
PAY_878,2a2e3650dd48,card,success,,1,28.39
PAY_879,1c14eeadd255,card,success,,1,85.91
PAY_880,1cc5d17dbfc7,card,success,,1,96.27
PAY_881,2e898905b8ae,card,success,,1,51.69
PAY_882,807419c2d05e,card,success,,1,175.01
PAY_883,9c6f6af36340,card,success,,1,30.76
PAY_884,b29c312111ba,card,success,,1,65.0
PAY_885,eb754f871040,card,success,,1,56.38
PAY_886,cf926c50defe,card,success,,1,86.72
PAY_887,d7d62872dba0,card,success,,1,112.52
PAY_888,ec3b16a37dbc,card,success,,1,40.19
PAY_889,d47504ea6a80,card,success,,1,94.67
PAY_890,755b76be228f,card,success,,1,19.82
PAY_891,bd7ac5d19227,card,success,,1,18.79
PAY_892,0cdf342f4a56,card,success,,1,89.13
PAY_893,ccbdb9f8b927,card,failed,otp_failed,1,75.43
PAY_894,ccbdb9f8b927,UPI,failed,otp_failed,2,75.43
PAY_895,e93b13b3f975,card,success,,1,82.87
PAY_896,25be6ba8d6fe,card,success,,1,88.02
PAY_897,b67f9fa598a6,card,success,,1,107.82
PAY_898,d59fc203a31b,card,success,,1,192.12
PAY_899,c533c4328d41,card,success,,1,37.01
PAY_900,e06dcd8b4a6c,card,success,,1,35.25
PAY_901,ffe2c0ed07d3,card,success,,1,37.54
PAY_902,16c0bd41bb1b,card,success,,1,113.42
PAY_903,e3a797920341,card,success,,1,243.7
PAY_904,10b52edb601e,card,success,,1,63.75
PAY_905,e39acb3a597d,card,success,,1,12.17
PAY_906,b8f15162f84d,card,success,,1,23.03
PAY_907,2c9a14405520,card,success,,1,46.23
PAY_908,42ccb556568c,card,success,,1,57.62
PAY_909,dac6f151f2a7,card,success,,1,64.93
PAY_910,55dc7faa9901,card,success,,1,70.15
PAY_911,f4444e4bc883,card,success,,1,208.4
PAY_912,fa2d2b426a91,card,success,,1,52.41
PAY_913,806ae38cf5d3,card,success,,1,45.16
PAY_914,42e6bb2c6209,card,success,,1,132.04
PAY_915,942d4e7635c2,card,success,,1,26.35
PAY_916,6e773b7c04e4,card,success,,1,122.95
PAY_917,f2b708eca79a,card,success,,1,97.71
PAY_918,f574758b9c47,card,success,,1,80.0
PAY_919,3d68e4d28c83,card,success,,1,320.74
PAY_920,957f576a8b1f,card,success,,1,54.72
PAY_921,532196cabea9,card,success,,1,467.89
PAY_922,5c2d8d2cd314,card,success,,1,75.16
PAY_923,4e2ebd659a2f,card,success,,1,32.41
PAY_924,7d543a29be30,card,success,,1,95.2
PAY_925,e58263208744,card,failed,timeout,1,38.05
PAY_926,a4fc9b67fd5b,card,success,,1,49.33
PAY_927,6f91a447421b,card,success,,1,123.67
PAY_928,b4dacd3d4879,card,success,,1,140.4
PAY_929,c475df0ba8da,card,success,,1,54.72
PAY_930,30e49285bc63,card,success,,1,198.33
PAY_931,c698ac8a26af,card,success,,1,227.24
PAY_932,db5ed4d37143,card,success,,1,284.02
PAY_933,6a845ee1e910,card,success,,1,137.49
PAY_934,093f4852efbe,card,success,,1,267.93
PAY_935,2dbe45333b7f,card,success,,1,19.99
PAY_936,26c3ae772ceb,card,success,,1,69.8
PAY_937,2497a9b1ab26,card,success,,1,44.99
PAY_938,26b9db1add1d,card,success,,1,99.03
PAY_939,fd1de97232f2,card,success,,1,56.99
PAY_940,6dc1f6ff2a9d,card,success,,1,78.81
PAY_941,c8d1471db250,card,success,,1,78.59
PAY_942,a037b29ade2a,card,failed,otp_failed,1,125.34
PAY_943,a037b29ade2a,UPI,failed,otp_failed,2,125.34
PAY_944,a037b29ade2a,UPI,failed,otp_failed,3,125.34
PAY_945,a037b29ade2a,UPI,failed,timeout,4,125.34
PAY_946,974b10caba26,card,success,,1,74.75
PAY_947,bb426cb78eab,card,success,,1,95.64
PAY_948,779afd875e8c,card,success,,1,90.45
PAY_949,08762f535076,card,success,,1,128.85
PAY_950,8469a1292c9b,card,success,,1,228.66
PAY_951,5f63ff17e01b,card,success,,1,336.27
PAY_952,0af61f07442d,card,success,,1,115.32
PAY_953,32b5a0e3a064,card,success,,1,144.26
PAY_954,757893500004,card,success,,1,35.85
PAY_955,92adb46d520e,card,success,,1,83.91
PAY_956,b0d4fc70f620,card,success,,1,190.99
PAY_957,a288c3a1293a,card,success,,1,179.97
PAY_958,6da45096ade3,card,success,,1,106.62
PAY_959,b9a64d14a3db,card,success,,1,133.3
PAY_960,fb2ba7dbb656,card,success,,1,235.16
PAY_961,41901e108471,card,success,,1,113.46
PAY_962,04b988865d1b,card,success,,1,67.72
PAY_963,11dec0c6e858,card,success,,1,117.76
PAY_964,837ae5ce3280,card,success,,1,8.63
PAY_965,07212faba5a4,card,success,,1,122.28
PAY_966,da62599bb6c6,card,success,,1,4.86
PAY_967,332229756ea4,card,success,,1,22.67
PAY_968,22fa66ecc499,card,success,,1,129.21
PAY_969,7e39e0e23764,card,success,,1,131.9
PAY_970,08773dbda021,card,success,,1,35.52
PAY_971,f18e5e6e0474,card,success,,1,50.92
PAY_972,11d458d61c77,card,success,,1,269.46
PAY_973,28394c101e8a,card,success,,1,61.12
PAY_974,b81a42a75ecd,card,success,,1,541.5
PAY_975,3a679104ff46,card,success,,1,89.88
PAY_976,49ed5eba63e8,card,success,,1,124.76
PAY_977,8121f5b6634e,card,success,,1,328.16
PAY_978,ed5ae4fd9287,card,success,,1,99.97
PAY_979,52bf7610ea0a,card,success,,1,40.37
PAY_980,a11857bcf498,card,success,,1,82.45
PAY_981,f625bc89206a,card,success,,1,87.49
PAY_982,2c5847c7529b,card,success,,1,30.21
PAY_983,c616a4852a5d,card,success,,1,73.36
PAY_984,7b20dda374c3,card,failed,otp_failed,1,49.71
PAY_985,7b20dda374c3,card,failed,otp_failed,2,49.71
PAY_986,7b20dda374c3,card,failed,timeout,3,49.71
PAY_987,7b20dda374c3,card,failed,bank_decline,4,49.71
PAY_988,72248ba608a2,card,success,,1,188.57
PAY_989,702728eab167,card,success,,1,92.54
PAY_990,ac50ad99f38a,card,success,,1,71.79
PAY_991,abece68dc573,card,success,,1,82.69
PAY_992,a55cee4d93f0,card,success,,1,107.61
PAY_993,0ccdc576b2e5,card,success,,1,147.44
PAY_994,47d49a820046,card,success,,1,40.46
PAY_995,791c0774aa75,card,success,,1,39.12
PAY_996,7c27513f254c,card,success,,1,217.84
PAY_997,97ec9b158ede,card,success,,1,64.72
PAY_998,3caa47a8b917,card,success,,1,28.98
PAY_999,755f5b4fe9ac,card,success,,1,128.39
PAY_1000,b47712da8f5a,card,success,,1,130.41
PAY_1001,d09f97774c75,card,success,,1,26.45
PAY_1002,f2811fa89c4e,card,success,,1,108.16
PAY_1003,5a4cee4cec00,card,success,,1,162.14
PAY_1004,a61b3944965b,card,success,,1,121.45
PAY_1005,3d69352f98d7,card,success,,1,149.24
PAY_1006,1e1410daa805,card,success,,1,29.27
PAY_1007,98a5f3898865,card,success,,1,117.31
PAY_1008,43c29965fa87,card,success,,1,70.66
PAY_1009,0f6b1954cf26,card,success,,1,61.18
PAY_1010,335bc852d6cd,card,success,,1,180.63
PAY_1011,ac2e090276b5,card,success,,1,293.95
PAY_1012,31f954826a99,card,success,,1,378.23
PAY_1013,f9dc682797f7,card,success,,1,257.71
PAY_1014,5e84737f21b1,card,success,,1,82.45
PAY_1015,d005170cc106,card,success,,1,119.36
PAY_1016,b7bb1c92e3a1,card,success,,1,166.24
PAY_1017,19cb8ec1ad55,card,success,,1,99.18
PAY_1018,985ffc9e1367,card,success,,1,99.94
PAY_1019,a4d621a831b6,card,success,,1,173.99
PAY_1020,2cf8123400b4,card,success,,1,85.85
PAY_1021,f9a156185654,card,success,,1,50.23
PAY_1022,cc9f829df21a,card,success,,1,64.61
PAY_1023,db0302033a12,card,success,,1,149.47
PAY_1024,28b692d7ae17,card,success,,1,90.23
PAY_1025,bf81d2def150,card,success,,1,118.18
PAY_1026,756efeec552a,card,success,,1,153.86
PAY_1027,885dfe120363,card,success,,1,66.69
PAY_1028,d94f54b35b2b,card,success,,1,164.84
PAY_1029,f242d04d6a44,card,success,,1,121.88
PAY_1030,a7844a829f02,card,success,,1,33.52
PAY_1031,0f728c55c359,card,success,,1,285.39
PAY_1032,dbc8627fb559,card,success,,1,60.3
PAY_1033,b69b9a4553ab,card,failed,bank_decline,1,23.95
PAY_1034,b69b9a4553ab,card,failed,bank_decline,2,23.95
PAY_1035,b69b9a4553ab,card,failed,otp_failed,3,23.95
PAY_1036,780e5ad770a7,card,success,,1,39.02
PAY_1037,b13b1698083f,card,success,,1,93.85
PAY_1038,3917c5cb166d,card,success,,1,72.31
PAY_1039,6a37da22d2eb,card,success,,1,68.75
PAY_1040,52d8218504c4,card,failed,timeout,1,147.79
PAY_1041,4ce76df84038,card,success,,1,118.14
PAY_1042,f4d47f39db23,card,success,,1,115.91
PAY_1043,59b9fecb8a98,card,success,,1,124.94
PAY_1044,2d936a648f6e,card,success,,1,147.36
PAY_1045,491cff0b7482,card,success,,1,16.67
PAY_1046,b21f51a2e2f6,card,failed,otp_failed,1,67.25
PAY_1047,b21f51a2e2f6,card,failed,bank_decline,2,67.25
PAY_1048,b21f51a2e2f6,card,failed,bank_decline,3,67.25
PAY_1049,b21f51a2e2f6,card,failed,bank_decline,4,67.25
PAY_1050,54d715d1c211,card,success,,1,15.73
PAY_1051,e52de3019501,card,success,,1,92.65
PAY_1052,8efb310b73f1,card,success,,1,89.68
PAY_1053,7ce193ac9d60,card,success,,1,207.77
PAY_1054,d1d084fca9bb,card,success,,1,232.78
PAY_1055,cb5a4d509348,card,success,,1,105.87
PAY_1056,a7e3ade69cfb,card,success,,1,60.32
PAY_1057,ebe69103aef7,card,success,,1,132.71
PAY_1058,c3b3ddfd7567,card,success,,1,59.01
PAY_1059,e62955b5a71f,card,success,,1,89.92
PAY_1060,18d2beb5146b,card,success,,1,198.13
PAY_1061,5c2d85c8573b,card,success,,1,57.61
PAY_1062,6e8e535ffa43,card,success,,1,171.49
PAY_1063,58a07596bae3,card,success,,1,154.77
PAY_1064,3599c58ff42a,card,success,,1,41.94
PAY_1065,1cc4f54f3d5a,card,success,,1,196.2
PAY_1066,1ce9934b12bc,card,success,,1,157.41
PAY_1067,8049a1ae9aeb,card,success,,1,97.66
PAY_1068,0a7fa504f0e5,card,success,,1,48.92
PAY_1069,0b415e27be68,card,success,,1,45.27
PAY_1070,8ec5d0c75ff1,card,success,,1,58.55
PAY_1071,749e79427340,card,success,,1,138.94
PAY_1072,5152ce7cbd33,card,success,,1,41.91
PAY_1073,6a9a6fb32de0,card,success,,1,127.74
PAY_1074,73591e37daf5,card,success,,1,33.33
PAY_1075,d7a8b0453cfe,card,success,,1,76.46
PAY_1076,fbedfb404103,card,success,,1,98.27
PAY_1077,7f8193009f5a,card,success,,1,636.58
PAY_1078,10fd2510dbf2,card,success,,1,29.91
PAY_1079,fb2661795a87,card,success,,1,292.25
PAY_1080,be47fe4eab59,card,success,,1,101.48
PAY_1081,f8245abdc622,card,success,,1,125.08
PAY_1082,6b4a0d94590c,card,success,,1,98.96
PAY_1083,e87928e67222,card,success,,1,128.48
PAY_1084,3c712abd3362,card,success,,1,79.6
PAY_1085,00d63b8c20a9,card,success,,1,288.08
PAY_1086,cfc09075ccaf,card,success,,1,62.48
PAY_1087,a8b91888a7c4,card,success,,1,222.69
PAY_1088,108768ff61fb,card,success,,1,53.76
PAY_1089,301545c44386,card,success,,1,38.18
PAY_1090,9b5309bbd982,card,success,,1,129.54
PAY_1091,c6d84b7e4519,card,success,,1,286.03
PAY_1092,39124cde5fdb,card,success,,1,84.62
PAY_1093,c067c67e28fe,card,success,,1,76.9
PAY_1094,8777c79435a9,card,success,,1,36.9
PAY_1095,5b7d355bb6e3,card,success,,1,74.93
PAY_1096,a18f6e2c5164,card,success,,1,25.17
PAY_1097,59c8dc6ca282,card,success,,1,43.37
PAY_1098,fe4eda9d2d23,card,success,,1,107.92
PAY_1099,23a7710a3853,card,success,,1,258.58
PAY_1100,8a07146f3e93,card,success,,1,851.81
PAY_1101,5d3e7f02ffa4,card,success,,1,56.3
PAY_1102,b6251c247308,card,success,,1,283.79
PAY_1103,614c92eae325,card,success,,1,109.4
PAY_1104,a1d542f9f1e4,card,success,,1,79.76
PAY_1105,cc461d0f71bc,card,success,,1,127.24
PAY_1106,a0fa34d2824a,card,success,,1,94.59
PAY_1107,37b17523afcd,card,success,,1,98.33
PAY_1108,9763a76dc716,card,success,,1,64.93
PAY_1109,b4451680f28d,card,success,,1,29.42
PAY_1110,8da629d6b44d,card,success,,1,26.18
PAY_1111,f0365f07f59a,card,success,,1,151.8
PAY_1112,ce57a9d31808,card,failed,bank_decline,1,72.14
PAY_1113,ce57a9d31808,card,failed,otp_failed,2,72.14
PAY_1114,ce57a9d31808,card,failed,bank_decline,3,72.14
PAY_1115,ce57a9d31808,card,failed,bank_decline,4,72.14
PAY_1116,7e6828d3a6af,card,success,,1,55.88
PAY_1117,26863427ddde,card,success,,1,90.63
PAY_1118,965433a9ee20,card,success,,1,170.03
PAY_1119,fa5b070e98c0,card,success,,1,103.99
PAY_1120,10ba962c86a4,card,success,,1,53.26
PAY_1121,6e7ed07d7344,card,success,,1,240.09
PAY_1122,d43a6769e0c7,card,success,,1,318.41
PAY_1123,1573a90a2ec0,card,success,,1,133.71
PAY_1124,c775e4931652,card,success,,1,196.16
PAY_1125,4503f9c43e6d,card,success,,1,243.12
PAY_1126,281f5b3697e5,card,success,,1,222.31
PAY_1127,3de7e4a67ef8,card,success,,1,147.12
PAY_1128,12db42a2a3d4,card,success,,1,37.42
PAY_1129,d6c1f9ebcd9e,card,success,,1,157.68
PAY_1130,91c280798d73,card,success,,1,30.43
PAY_1131,928ba6a92300,card,success,,1,255.41
PAY_1132,cf4ccf47981b,card,success,,1,176.3
PAY_1133,e5c012217fd7,card,success,,1,295.87
PAY_1134,ae25825a377e,card,success,,1,72.43
PAY_1135,314d459f9831,card,success,,1,35.81
PAY_1136,6c4e030e45eb,card,success,,1,74.27
PAY_1137,47a6ea0d657c,card,success,,1,97.67
PAY_1138,0049bbc8937e,card,success,,1,95.89
PAY_1139,df66ff8f7701,card,success,,1,67.42
PAY_1140,ef1acb74f644,card,success,,1,119.3
PAY_1141,06d34e91159e,card,success,,1,40.82
PAY_1142,4cced8f6c4b3,card,success,,1,129.06
PAY_1143,9e9762b15091,card,success,,1,90.24
PAY_1144,cf71bbe9baff,card,success,,1,49.41
PAY_1145,848e80e4c39b,card,success,,1,74.54
PAY_1146,ee9243ee87e3,card,success,,1,77.68
PAY_1147,084b18155123,card,success,,1,72.52
PAY_1148,9ed350ac06bf,card,success,,1,371.32
PAY_1149,af9811e1e006,card,success,,1,83.2
PAY_1150,787a2529782f,card,success,,1,74.06
PAY_1151,d3dd7d752019,card,success,,1,16.81
PAY_1152,955b990f3f22,card,success,,1,44.02
PAY_1153,cf957db115fa,card,success,,1,72.93
PAY_1154,8d5551bbe399,card,success,,1,52.0
PAY_1155,dbdc5982bbae,card,success,,1,271.88
PAY_1156,ec9684ba3f3d,card,success,,1,78.89
PAY_1157,0b6ce6e047d0,card,success,,1,252.33
PAY_1158,00d1a6e68d11,card,success,,1,94.57
PAY_1159,7951b8ec771c,card,success,,1,92.74
PAY_1160,3c7216035190,card,success,,1,83.84
PAY_1161,78521d0b3d06,card,success,,1,356.04
PAY_1162,7ee13b2ac592,card,failed,otp_failed,1,14.07
PAY_1163,7ee13b2ac592,netbanking,failed,timeout,2,14.07
PAY_1164,7ee13b2ac592,netbanking,failed,timeout,3,14.07
PAY_1165,ee3dcdc499e8,card,success,,1,18.15
PAY_1166,2cd3131516ea,card,success,,1,58.29
PAY_1167,16ce9262d70f,card,success,,1,91.07
PAY_1168,c1d72a9cee07,card,success,,1,156.35
PAY_1169,50bcb8dea684,card,success,,1,131.43
PAY_1170,977c60d8edfc,card,success,,1,66.19
PAY_1171,4963ea7e2ef1,card,success,,1,203.41
PAY_1172,65f068e431d9,card,success,,1,205.24
PAY_1173,c3ba4e1dbc34,card,success,,1,104.3
PAY_1174,f2d82368db5e,card,success,,1,194.44
PAY_1175,6f987166c373,card,success,,1,111.96
PAY_1176,42b852120a48,card,failed,timeout,1,57.44
PAY_1177,42b852120a48,card,failed,bank_decline,2,57.44
PAY_1178,42b852120a48,card,failed,bank_decline,3,57.44
PAY_1179,42b852120a48,card,failed,otp_failed,4,57.44
PAY_1180,ef582b42e881,card,success,,1,157.32
PAY_1181,2aa58ee8d030,card,success,,1,98.35
PAY_1182,0a1f54082559,card,success,,1,90.11
PAY_1183,3945f9ff00c1,card,success,,1,292.47
PAY_1184,1827a2fdb9cd,card,success,,1,12.67
PAY_1185,a5509a816f0f,card,success,,1,28.96
PAY_1186,0e31924f5e94,card,success,,1,67.32
PAY_1187,b9133e4e9038,card,success,,1,73.43
PAY_1188,22865eebd7ea,card,success,,1,26.95
PAY_1189,de1b18f5a1bc,card,success,,1,40.93
PAY_1190,1d20d2f06214,card,success,,1,45.21
PAY_1191,6a8b9119fba1,card,failed,bank_decline,1,642.87
PAY_1192,6a8b9119fba1,card,failed,timeout,2,642.87
PAY_1193,66647a4d1847,card,success,,1,380.46
PAY_1194,456a43744660,card,success,,1,64.75
PAY_1195,cbf5d327ffdc,card,success,,1,67.3
PAY_1196,dfb9cbcd0ffd,card,success,,1,19.56
PAY_1197,5673aba55769,card,success,,1,81.98
PAY_1198,cac257427517,card,success,,1,40.52
PAY_1199,2b0ea0dba34c,card,success,,1,84.11
PAY_1200,0d701bfdd505,card,success,,1,25.02
PAY_1201,d6fbec7dbf89,card,success,,1,48.93
PAY_1202,46ece028eead,card,success,,1,101.38
PAY_1203,f2fc5fe5e1a5,card,success,,1,120.66
PAY_1204,5a041070c921,card,success,,1,125.71
PAY_1205,9465c7a3a4f5,card,success,,1,31.3
PAY_1206,7f27b0eb0eac,card,success,,1,178.35
PAY_1207,a906f710897a,card,failed,otp_failed,1,47.46
PAY_1208,0114336cbeaf,card,success,,1,149.35
PAY_1209,59aa5b3a4a02,card,success,,1,89.25
PAY_1210,0244c448c02c,card,success,,1,29.93
PAY_1211,392a6c886b16,card,success,,1,69.9
PAY_1212,5913a89e76d4,card,success,,1,120.58
PAY_1213,9c9f7b4b6fe6,card,success,,1,146.99
PAY_1214,da98692e3e85,card,success,,1,80.42
PAY_1215,c81984924957,card,success,,1,306.56
PAY_1216,7943891c5f3f,card,success,,1,201.54
PAY_1217,3fad1443b3b1,card,success,,1,73.31
PAY_1218,3dedc0e8df15,card,success,,1,164.04
PAY_1219,957bf5aa42b0,card,success,,1,422.86
PAY_1220,cb217bf9eafa,card,success,,1,431.98
PAY_1221,c8c7bdd8ac7e,card,failed,timeout,1,33.7
PAY_1222,c8c7bdd8ac7e,card,failed,otp_failed,2,33.7
PAY_1223,c8c7bdd8ac7e,card,failed,bank_decline,3,33.7
PAY_1224,c8c7bdd8ac7e,card,failed,bank_decline,4,33.7
PAY_1225,5c751dbb7295,card,success,,1,42.9
PAY_1226,9dd76c6ad3a1,card,success,,1,295.28
PAY_1227,b71a54dd89dd,card,success,,1,38.6
PAY_1228,ba6b78e63fc5,card,success,,1,31.25
PAY_1229,99c7ff92876d,card,success,,1,61.01
PAY_1230,e5bd66afabcb,card,success,,1,125.99
PAY_1231,ff6cf398078f,card,success,,1,82.94
PAY_1232,60f885422f38,card,success,,1,53.49
PAY_1233,0a86966dedfb,card,success,,1,52.49
PAY_1234,bb89537d5330,card,success,,1,50.91
PAY_1235,86d7bd18e490,card,failed,otp_failed,1,44.54
PAY_1236,86d7bd18e490,card,failed,bank_decline,2,44.54
PAY_1237,86d7bd18e490,card,failed,timeout,3,44.54
PAY_1238,86d7bd18e490,card,failed,timeout,4,44.54
PAY_1239,15d70e89d39e,card,success,,1,558.53
PAY_1240,cf053bea7079,card,success,,1,114.21
PAY_1241,a21b439938b1,card,success,,1,182.99
PAY_1242,aac0c934264b,card,success,,1,60.87
PAY_1243,3124642326e0,card,success,,1,77.57
PAY_1244,9a2d1b762255,card,success,,1,50.86
PAY_1245,62ad79a955b6,card,success,,1,10.79
PAY_1246,0b09338f00f0,card,success,,1,29.89
PAY_1247,60690a6a4ef2,card,success,,1,21.15
PAY_1248,29b976cdaf26,card,success,,1,14.88
PAY_1249,726e85783b54,card,success,,1,34.6
PAY_1250,56041834ae8e,card,success,,1,259.81
PAY_1251,a4412af908a9,card,success,,1,86.87
PAY_1252,b6dbd9e4bc01,card,success,,1,252.76
PAY_1253,1a8e391f5804,card,success,,1,125.06
PAY_1254,da9c01b68906,card,success,,1,168.35
PAY_1255,6a0bd320010c,card,success,,1,43.78
PAY_1256,910194c27fc0,card,success,,1,136.89
PAY_1257,de779d192740,card,success,,1,161.25
PAY_1258,8d4b034f91c6,card,success,,1,56.75
PAY_1259,126af7700cf1,card,success,,1,140.84
PAY_1260,c88f392c6876,card,success,,1,58.0
PAY_1261,5fb86d90625f,card,success,,1,36.66
PAY_1262,6094f3d3a7f3,card,success,,1,34.91
PAY_1263,fdcf57aaae02,card,failed,bank_decline,1,96.47
PAY_1264,fdcf57aaae02,card,failed,bank_decline,2,96.47
PAY_1265,fdcf57aaae02,card,failed,bank_decline,3,96.47
PAY_1266,fdcf57aaae02,card,failed,timeout,4,96.47
PAY_1267,8420233c0be7,card,success,,1,116.93
PAY_1268,d66af56ecc17,card,success,,1,47.75
PAY_1269,57878c118a07,card,success,,1,91.95
PAY_1270,82a3674a90d0,card,success,,1,142.09
PAY_1271,84c29bf223be,card,success,,1,147.61
PAY_1272,8b51bd9182d8,card,success,,1,311.53
PAY_1273,700172380758,card,success,,1,250.03
PAY_1274,21af205758c0,card,success,,1,40.41
PAY_1275,ebe9ffeea645,card,success,,1,346.15
PAY_1276,d0b549cf15a9,card,success,,1,58.86
PAY_1277,60bab9dd82ce,card,success,,1,207.66
PAY_1278,021f39bda62c,card,success,,1,95.05
PAY_1279,9387716dff7d,card,success,,1,64.73
PAY_1280,49fff33f860d,card,success,,1,21.2
PAY_1281,37940c18725d,card,success,,1,78.47
PAY_1282,c7e3c8715302,card,success,,1,25.85
PAY_1283,81f70daa3a93,card,success,,1,195.16
PAY_1284,a594b243a16d,card,success,,1,302.91
PAY_1285,48944c93cec4,card,success,,1,47.58
PAY_1286,19f22f1cb40b,card,success,,1,114.61
PAY_1287,7ff7b77c3e46,card,failed,otp_failed,1,50.38
PAY_1288,e5666102c569,card,success,,1,54.45
PAY_1289,940feb0d09b3,card,success,,1,167.27
PAY_1290,cddc392fb19d,card,success,,1,87.28
PAY_1291,2ebf6f5c87d2,card,success,,1,362.03
PAY_1292,3669d5a525c4,card,success,,1,61.2
PAY_1293,680931efa68d,card,success,,1,200.23
PAY_1294,47b20a622929,card,success,,1,97.31
PAY_1295,7727bdc0a126,card,success,,1,170.14
PAY_1296,5c69aa50232e,card,success,,1,62.95
PAY_1297,342810445b22,card,success,,1,82.07
PAY_1298,0a9e09b7ad65,card,success,,1,46.12
PAY_1299,a7d96d92165b,card,success,,1,152.88
PAY_1300,60462a0275de,card,success,,1,151.44
PAY_1301,f3f7063843c1,card,success,,1,144.73
PAY_1302,8aead5dde2df,card,success,,1,307.84
PAY_1303,c6723c42e33f,card,failed,otp_failed,1,287.0
PAY_1304,ee50f1fec5e9,card,success,,1,66.69
PAY_1305,5ea1d318d603,card,success,,1,121.32
PAY_1306,1ce4f77e12df,card,success,,1,91.71
PAY_1307,6a74e5bede91,card,success,,1,55.71
PAY_1308,e36499fdac12,card,success,,1,329.0
PAY_1309,356b2088676c,card,success,,1,120.42
PAY_1310,66d35172565c,card,success,,1,75.61
PAY_1311,31d71751b13e,card,success,,1,233.9
PAY_1312,3d4357bd5e2a,card,success,,1,15.86
PAY_1313,b8d5d3f5f18c,card,success,,1,17.97
PAY_1314,0840323bd4e0,card,success,,1,170.15
PAY_1315,1f6624939915,card,success,,1,94.48
PAY_1316,9a02c1b1def5,card,success,,1,109.99
PAY_1317,a11ff9b74ad4,card,success,,1,31.15
PAY_1318,9a5b378aebcd,card,success,,1,88.36
PAY_1319,6d2d9154af73,card,success,,1,447.11
PAY_1320,9d0851e91c63,card,success,,1,174.05
PAY_1321,b5298a359241,card,success,,1,103.11
PAY_1322,b1851ababbea,card,success,,1,63.36
PAY_1323,3e6152fc0481,card,success,,1,65.65
PAY_1324,556bcc3ce8a7,card,success,,1,16.39
PAY_1325,9a2e5449715d,card,success,,1,110.62
PAY_1326,58601da8306a,card,success,,1,177.04
PAY_1327,a16eff384b8c,card,success,,1,25.52
PAY_1328,029357716496,card,success,,1,35.66
PAY_1329,fc6eb9fadf32,card,success,,1,41.58
PAY_1330,1232c82343f4,card,success,,1,93.95
PAY_1331,42b395282cfb,card,success,,1,16.99
PAY_1332,7b3c0f5d1124,card,success,,1,147.14
PAY_1333,644e39a4302e,card,success,,1,164.53
PAY_1334,1235017ed0ca,card,success,,1,73.63
PAY_1335,c4fc75d7df17,card,success,,1,12.37
PAY_1336,396bf64287df,card,success,,1,40.56
PAY_1337,23911e8f0d98,card,success,,1,241.37
PAY_1338,11a6057bb36c,card,success,,1,9.75
PAY_1339,b77aeac6c2dc,card,success,,1,68.17
PAY_1340,3bfa73b10509,card,success,,1,35.02
PAY_1341,eecd90aea3d1,card,success,,1,171.34
PAY_1342,1bc550d1021c,card,success,,1,52.45
PAY_1343,7a50c495dcd4,card,success,,1,124.36
PAY_1344,867c49563d11,card,success,,1,141.51
PAY_1345,bdcec110d1a3,card,failed,otp_failed,1,391.11
PAY_1346,537c0b65e0df,card,success,,1,76.53
PAY_1347,b29da1362c1d,card,success,,1,121.61
PAY_1348,459f74d011b3,card,success,,1,27.44
PAY_1349,0f46ef3c150e,card,success,,1,233.3
PAY_1350,1675febbf993,card,success,,1,48.99
PAY_1351,b2938c03d67a,card,success,,1,57.48
PAY_1352,8b56775bd15b,card,success,,1,88.43
PAY_1353,17a9f8df3d7c,card,success,,1,25.78
PAY_1354,cf5a135bf187,card,failed,otp_failed,1,108.1
PAY_1355,da8af5ad3842,card,success,,1,195.19
PAY_1356,a3b4b25faa1c,card,success,,1,113.79
PAY_1357,fbc5b82b7ac1,card,success,,1,25.25
PAY_1358,8f715a1bc8ff,card,success,,1,162.98
PAY_1359,9bdbb2e300f1,card,success,,1,20.04
PAY_1360,0007c461372e,card,success,,1,38.1
PAY_1361,a0652f26c865,card,success,,1,181.5
PAY_1362,204e651fd6b9,card,success,,1,111.73
PAY_1363,62a13eb2d587,card,success,,1,125.16
PAY_1364,345b8a24dbe8,card,success,,1,398.46
PAY_1365,f0824776f553,card,success,,1,130.95
PAY_1366,1e6f08a8de34,card,success,,1,152.37
PAY_1367,bcd7ac0f350a,card,success,,1,787.29
PAY_1368,b69c22782ecf,card,success,,1,75.87
PAY_1369,4d5e6f48ac92,card,success,,1,47.55
PAY_1370,67723185e281,card,success,,1,126.75
PAY_1371,207628829839,card,success,,1,127.89
PAY_1372,f1ac0dd70da6,card,success,,1,59.06
PAY_1373,c0704da8d1e9,card,success,,1,39.41
PAY_1374,afe5cbaf2b26,card,success,,1,571.28
PAY_1375,4f22b474bed4,card,success,,1,116.92
PAY_1376,17cd38491743,card,success,,1,50.11
PAY_1377,e8ae9c3bd08c,card,success,,1,187.31
PAY_1378,8599fa0c7153,card,success,,1,82.49
PAY_1379,662da988d1d4,card,success,,1,73.53
PAY_1380,dfc663561937,card,success,,1,141.15
PAY_1381,bb6647195e7f,card,success,,1,32.02
PAY_1382,65e409b599c1,card,failed,otp_failed,1,119.35
PAY_1383,65e409b599c1,netbanking,failed,otp_failed,2,119.35
PAY_1384,65e409b599c1,netbanking,failed,timeout,3,119.35
PAY_1385,6846698c709c,card,success,,1,415.87
PAY_1386,d47f03ec31c4,card,success,,1,130.7
PAY_1387,3ad30aa13ef6,card,success,,1,66.62
PAY_1388,d54227e04108,card,success,,1,60.0
PAY_1389,2a3d06f4758f,card,success,,1,64.83
PAY_1390,feff13808572,card,success,,1,73.47
PAY_1391,ffe886ae3b44,card,success,,1,66.54
PAY_1392,7f3bd1a41420,card,success,,1,22.5
PAY_1393,43991be6ab94,card,success,,1,179.4
PAY_1394,722efa756be8,card,success,,1,66.44
PAY_1395,8d5712a4da11,card,success,,1,121.7
PAY_1396,ff7ba2f0559d,card,success,,1,36.54
PAY_1397,cfa598696aae,card,failed,timeout,1,260.58
PAY_1398,293372622c56,card,success,,1,243.84
PAY_1399,e94772503c94,card,success,,1,193.96
PAY_1400,6cef4aab553d,card,success,,1,26.79
PAY_1401,c5d5c9ece468,card,success,,1,174.74
PAY_1402,ece6b38ae09a,card,success,,1,124.45
PAY_1403,f4a26944697a,card,success,,1,24.92
PAY_1404,a5e8371139da,card,success,,1,88.28
PAY_1405,ba9f406bb5d6,card,success,,1,120.5
PAY_1406,8492e9fb9273,card,success,,1,140.45
PAY_1407,0bac6c0cf470,card,success,,1,113.63
PAY_1408,f5426b1fbdae,card,success,,1,292.62
PAY_1409,7c0d39a518a4,card,success,,1,240.05
PAY_1410,21b66eabb6ea,card,failed,timeout,1,9.08
PAY_1411,a5bd36063a38,card,success,,1,69.83
PAY_1412,9abdfb246249,card,failed,bank_decline,1,78.91
PAY_1413,9abdfb246249,card,failed,otp_failed,2,78.91
PAY_1414,9abdfb246249,card,failed,timeout,3,78.91
PAY_1415,9abdfb246249,card,failed,bank_decline,4,78.91
PAY_1416,d8b64f18798a,card,success,,1,22.16
PAY_1417,1133cd7ecd03,card,success,,1,97.06
PAY_1418,5de8d4f196ab,card,success,,1,244.45
PAY_1419,6456d6e151da,card,success,,1,37.74
PAY_1420,b6d2515233fe,card,success,,1,117.82
PAY_1421,99034baec8b2,card,success,,1,43.26
PAY_1422,2a8fee4b57f8,card,success,,1,52.59
PAY_1423,72f16f41da44,card,success,,1,293.51
PAY_1424,f0be7f832e1d,card,success,,1,58.32
PAY_1425,adf3ee734b26,card,success,,1,130.29
PAY_1426,01003bc04c59,card,success,,1,399.36
PAY_1427,34e2a6fa6f7e,card,success,,1,145.78
PAY_1428,9cdb8be6cde7,card,success,,1,77.79
PAY_1429,cd9fe4fce833,card,success,,1,142.66
PAY_1430,de2b3ca28b3c,card,success,,1,29.14
PAY_1431,3c966c585c61,card,success,,1,231.83
PAY_1432,4a7713ada7ad,card,success,,1,69.46
PAY_1433,4fd1c547834d,card,success,,1,76.46
PAY_1434,2c58d6a2a833,card,success,,1,60.74
PAY_1435,6e6bc963cb77,card,success,,1,56.57
PAY_1436,34b48e493250,card,success,,1,156.92
PAY_1437,ba5fda2f32aa,card,success,,1,110.47
PAY_1438,427e497922f0,card,success,,1,151.62
PAY_1439,0e5add716834,card,success,,1,89.39
PAY_1440,5ca5c4bd04ff,card,success,,1,135.72
PAY_1441,9b5f45bea73d,card,success,,1,64.39
PAY_1442,28ad9f4530a5,card,success,,1,535.81
PAY_1443,cd11da2754fe,card,success,,1,25.68
PAY_1444,3f76dbebf20d,card,success,,1,246.84
PAY_1445,ccc6a7180b35,card,success,,1,268.9
PAY_1446,56159369a05d,card,success,,1,45.53
PAY_1447,35e3af0626e2,card,success,,1,535.62
PAY_1448,2181b26dd59c,card,success,,1,199.62
PAY_1449,b08f02288afa,card,success,,1,195.76
PAY_1450,fd0c3b39cfdb,card,success,,1,92.06
PAY_1451,1bdc18f71288,card,success,,1,75.66
PAY_1452,32ad885a41a6,card,failed,otp_failed,1,76.13
PAY_1453,32ad885a41a6,card,failed,bank_decline,2,76.13
PAY_1454,32ad885a41a6,card,failed,otp_failed,3,76.13
PAY_1455,32ad885a41a6,card,failed,bank_decline,4,76.13
PAY_1456,64cf50e8236b,card,success,,1,123.03
PAY_1457,0fff3dd46c27,card,success,,1,276.15
PAY_1458,f8a82c137cde,card,success,,1,104.07
PAY_1459,5dedc387f8d9,card,success,,1,43.42
PAY_1460,66893131e727,card,success,,1,174.08
PAY_1461,fbb0a4b76e06,card,success,,1,188.09
PAY_1462,e15ffececaa8,card,success,,1,151.98
PAY_1463,4c8fe49a2fb6,card,success,,1,163.43
PAY_1464,0f09c62e26a1,card,success,,1,72.48
PAY_1465,6859eadc4b69,card,success,,1,42.81
PAY_1466,9d1144a0f78c,card,success,,1,44.95
PAY_1467,99ba212914cc,card,success,,1,24.33
PAY_1468,d80860af2541,card,success,,1,108.81
PAY_1469,59b43052bde0,card,success,,1,84.2
PAY_1470,de2fe1bb0d89,card,success,,1,63.31
PAY_1471,e586eed61fe1,card,success,,1,8.46
PAY_1472,35203c6cd01f,card,success,,1,33.19
PAY_1473,cbcd9850d3dc,card,success,,1,52.89
PAY_1474,aad95f813b64,card,success,,1,120.12
PAY_1475,8cbaf0cf57a0,card,success,,1,29.59
PAY_1476,ca680a48298e,card,success,,1,284.57
PAY_1477,7afb39e98d35,card,success,,1,80.22
PAY_1478,6fb904b29c9d,card,success,,1,113.53
PAY_1479,6281d7160297,card,success,,1,578.61
PAY_1480,ae59d4130dbd,card,success,,1,302.82
PAY_1481,c50578f4f211,card,success,,1,70.44
PAY_1482,39638f98b3a3,card,success,,1,56.0
PAY_1483,4e6a20ccb673,card,success,,1,69.38
PAY_1484,ae4518955d93,card,success,,1,135.36
PAY_1485,9f607f13c918,card,success,,1,82.75
PAY_1486,0f10f68e7578,card,success,,1,65.62
PAY_1487,49b6851a41a2,card,success,,1,291.12
PAY_1488,f450d14ea338,card,success,,1,82.16
PAY_1489,13be277c5155,card,success,,1,566.61
PAY_1490,0e2684ebfaf9,card,success,,1,375.5
PAY_1491,76321fa05c57,card,success,,1,119.8
PAY_1492,39438c77b904,card,success,,1,194.49
PAY_1493,c1438cae431c,card,success,,1,50.42
PAY_1494,edf151723079,card,success,,1,45.47
PAY_1495,e27197b882d9,card,success,,1,130.03
PAY_1496,ac42e18df5d0,card,success,,1,198.51
PAY_1497,783f46a330b9,card,success,,1,92.96
PAY_1498,d31fb8db6361,card,success,,1,32.17
PAY_1499,f72b97162753,card,success,,1,30.32
PAY_1500,6841e37fc61c,card,success,,1,28.74
PAY_1501,6b67de5f9f44,card,success,,1,21.89
PAY_1502,f6eb06eced11,card,success,,1,98.26
PAY_1503,85d2f7ecbd34,card,success,,1,221.41
PAY_1504,5efbf91fa476,card,success,,1,89.06
PAY_1505,ca2c367c1e73,card,success,,1,14.76
PAY_1506,7304a06e3703,card,failed,bank_decline,1,77.28
PAY_1507,7304a06e3703,UPI,failed,bank_decline,2,77.28
PAY_1508,8a9e3b115c52,card,success,,1,79.02
PAY_1509,4331f7203f99,card,success,,1,481.45
PAY_1510,96b8c94b1a6e,card,success,,1,28.06
PAY_1511,9127a39b7ea8,card,success,,1,65.86
PAY_1512,deffd778e0e2,card,failed,timeout,1,352.37
PAY_1513,deffd778e0e2,card,failed,timeout,2,352.37
PAY_1514,7c36dde34d9d,card,success,,1,129.02
PAY_1515,29c1b43ba2dd,card,success,,1,141.27
PAY_1516,4ccaf10cda3b,card,success,,1,98.66
PAY_1517,439ff6117ce8,card,success,,1,117.21
PAY_1518,c840a9bb29f8,card,success,,1,167.69
PAY_1519,9cd49f6b2e8b,card,success,,1,47.11
PAY_1520,0a114547bfa0,card,success,,1,181.72
PAY_1521,8d3db6a75530,card,success,,1,30.01
PAY_1522,dc2b82f2858e,card,success,,1,117.06
PAY_1523,231b1ab8433f,card,success,,1,103.85
PAY_1524,f86291bc9e70,card,success,,1,54.98
PAY_1525,0849a182cbc7,card,success,,1,88.4
PAY_1526,6a48529c477f,card,success,,1,54.71
PAY_1527,b601fe312048,card,success,,1,38.19
PAY_1528,e51d0de767df,card,success,,1,67.84
PAY_1529,ac79ace5910e,card,success,,1,37.22
PAY_1530,7fe8d68750a2,card,success,,1,116.54
PAY_1531,a0afd5966248,card,success,,1,35.87
PAY_1532,7d92fee35799,card,success,,1,159.11
PAY_1533,fcafa56d6e45,card,success,,1,34.98
PAY_1534,1001892790f3,card,success,,1,57.22
PAY_1535,440778447f48,card,success,,1,54.62
PAY_1536,2961a087f3be,card,success,,1,259.85
PAY_1537,843b3d0d29c5,card,success,,1,117.24
PAY_1538,ab8dbf3680ff,card,success,,1,75.99
PAY_1539,183007a06e28,card,success,,1,134.15
PAY_1540,7189d453cdde,card,success,,1,16.68
PAY_1541,f7a148641ee4,card,success,,1,86.96
PAY_1542,3b14ca9f126b,card,success,,1,444.97
PAY_1543,15c48a8e442f,card,success,,1,100.07
PAY_1544,1c3e8dd94fe1,card,success,,1,95.04
PAY_1545,9379cc788cf0,card,success,,1,139.56
PAY_1546,1860447290e4,card,success,,1,184.29
PAY_1547,199997ef8529,card,success,,1,18.21
PAY_1548,e42dd4323919,card,success,,1,23.43
PAY_1549,f51b377882b3,card,success,,1,106.51
PAY_1550,2282ca6b9c49,card,success,,1,50.81
PAY_1551,020deb957344,card,success,,1,257.14
PAY_1552,d0d162ba94c7,card,success,,1,69.96
PAY_1553,008319f8544c,card,success,,1,19.15
PAY_1554,769f91bb4932,card,success,,1,32.64
PAY_1555,d57fd4f4bad1,card,success,,1,9.98
PAY_1556,7d89c3454911,card,success,,1,74.64
PAY_1557,cbc4829e057f,card,success,,1,77.42
PAY_1558,c9373951ce33,card,success,,1,64.1
PAY_1559,7301d3f135be,card,success,,1,213.39
PAY_1560,53e74c6d405d,card,success,,1,234.82
PAY_1561,badb3d5281ad,card,success,,1,78.55
PAY_1562,975f202ace55,card,success,,1,16.32
PAY_1563,c1fb28dd2bbf,card,success,,1,147.5
PAY_1564,2248c445e68d,card,success,,1,140.37
PAY_1565,89ef3488ae11,card,success,,1,115.3
PAY_1566,783ec38e3372,card,success,,1,197.39
PAY_1567,b2d21bb2231e,card,success,,1,35.45
PAY_1568,256e7362b908,card,success,,1,448.99
PAY_1569,75cfe709ccba,card,success,,1,41.78
PAY_1570,d42658c01f29,card,success,,1,163.92
PAY_1571,cecab683b09a,card,success,,1,23.34
PAY_1572,61bdfcd414df,card,success,,1,42.77
PAY_1573,0f33d8f63d30,card,success,,1,302.81
PAY_1574,a18cf77f6031,card,success,,1,73.06
PAY_1575,f3e7db73832b,card,success,,1,176.26
PAY_1576,61a4f9ee5240,card,success,,1,108.81
PAY_1577,55f31da8b43f,card,success,,1,82.77
PAY_1578,4e902ddcdaa4,card,success,,1,268.03
PAY_1579,8a43c470ae5c,card,success,,1,74.49
PAY_1580,ec91c34d7944,card,success,,1,21.66
PAY_1581,78d45060cfd1,card,success,,1,47.34
PAY_1582,1b345c1bbcd5,card,success,,1,139.9
PAY_1583,52a0aed6de86,card,failed,timeout,1,123.52
PAY_1584,52a0aed6de86,card,failed,otp_failed,2,123.52
PAY_1585,52a0aed6de86,card,failed,otp_failed,3,123.52
PAY_1586,9b93095c030a,card,success,,1,25.7
PAY_1587,2a71aa952398,card,success,,1,50.43
PAY_1588,b04f3d83e62f,card,success,,1,56.52
PAY_1589,81823dee90ab,card,success,,1,67.2
PAY_1590,3f42f80d33b2,card,success,,1,29.94
PAY_1591,d38bd1b613f0,card,success,,1,54.45
PAY_1592,dfdefd0dc296,card,success,,1,166.87
PAY_1593,e1726c8bf006,card,success,,1,171.97
PAY_1594,94acaa470d36,card,success,,1,80.11
PAY_1595,b08939e1c9e1,card,failed,bank_decline,1,65.78
PAY_1596,b08939e1c9e1,netbanking,failed,timeout,2,65.78
PAY_1597,b08939e1c9e1,netbanking,failed,bank_decline,3,65.78
PAY_1598,b08939e1c9e1,netbanking,failed,timeout,4,65.78
PAY_1599,911a2c09b24c,card,success,,1,100.68
PAY_1600,5a76e25d3581,card,success,,1,46.84
PAY_1601,7f933eada24b,card,success,,1,35.96
PAY_1602,db20ef63011a,card,success,,1,42.43
PAY_1603,efa23b7d5224,card,success,,1,54.17
PAY_1604,d5ad3ac5ccc8,card,success,,1,35.49
PAY_1605,76bc0d69fc2a,card,success,,1,102.48
PAY_1606,8a30880e6221,card,success,,1,161.38
PAY_1607,6bf3b15d88ae,card,success,,1,25.29
PAY_1608,384faf120118,card,success,,1,91.85
PAY_1609,6cb57519a1c3,card,success,,1,75.49
PAY_1610,f57b1afc6b5b,card,success,,1,118.3
PAY_1611,0da27fc31d8d,card,success,,1,89.09
PAY_1612,c05f295db46c,card,success,,1,28.14
PAY_1613,756b2083104d,card,success,,1,32.79
PAY_1614,82befdc04d3a,card,success,,1,92.16
PAY_1615,411585768595,card,success,,1,205.0
PAY_1616,6bfdca0e27da,card,success,,1,15.31
PAY_1617,76c9bd069463,card,success,,1,118.7
PAY_1618,cc85f5217614,card,success,,1,233.15
PAY_1619,1fe480ff623a,card,success,,1,79.65
PAY_1620,f3a655cb3315,card,success,,1,139.79
PAY_1621,ba7b18c4eef1,card,success,,1,51.29
PAY_1622,a65410201dc6,card,success,,1,81.82
PAY_1623,d05325fb21bc,card,success,,1,24.61
PAY_1624,1dc1dbca40a6,card,success,,1,13.8
PAY_1625,b79a74b08de6,card,success,,1,40.94
PAY_1626,7e131c79498b,card,success,,1,29.69
PAY_1627,fcdc7d2bbc00,card,success,,1,29.14
PAY_1628,acd401404759,card,success,,1,78.33
PAY_1629,96d5c9acf5a0,card,success,,1,50.22
PAY_1630,b4fdbba49dff,card,success,,1,121.8
PAY_1631,138685999301,card,success,,1,129.29
PAY_1632,af45b4c87119,card,failed,bank_decline,1,116.36
PAY_1633,af45b4c87119,card,failed,otp_failed,2,116.36
PAY_1634,af45b4c87119,card,failed,bank_decline,3,116.36
PAY_1635,af45b4c87119,card,failed,otp_failed,4,116.36
PAY_1636,decd6c8828a8,card,success,,1,108.95
PAY_1637,840253b37583,card,success,,1,318.05
PAY_1638,f3e3cf20f622,card,success,,1,38.32
PAY_1639,21615a5df442,card,success,,1,86.15
PAY_1640,b4676d7fb1a2,card,success,,1,222.77
PAY_1641,896e69a87d46,card,success,,1,247.55
PAY_1642,518bec4f4e33,card,success,,1,28.86
PAY_1643,ccde5edae8d2,card,success,,1,70.11
PAY_1644,0a15a750ceef,card,success,,1,266.8
PAY_1645,beec4be7c79b,card,success,,1,135.16
PAY_1646,423d41813a2f,card,failed,bank_decline,1,105.24
PAY_1647,f42c61c29762,card,success,,1,66.22
PAY_1648,96383e5b3373,card,success,,1,113.36
PAY_1649,4bb733578fbd,card,success,,1,73.56
PAY_1650,a38d8f36bb3f,card,success,,1,87.0
PAY_1651,b69e9c58d876,card,success,,1,95.86
PAY_1652,3f58e2b32dd3,card,success,,1,52.33
PAY_1653,b45e912120e0,card,success,,1,137.79
PAY_1654,f6d4ecc002a7,card,failed,bank_decline,1,926.48
PAY_1655,f6d4ecc002a7,card,failed,timeout,2,926.48
PAY_1656,f6d4ecc002a7,card,failed,timeout,3,926.48
PAY_1657,f6d4ecc002a7,card,failed,otp_failed,4,926.48
PAY_1658,083d5590b69a,card,success,,1,21.72
PAY_1659,8a3be5d0ba16,card,success,,1,116.65
PAY_1660,c062a081e041,card,success,,1,49.0
PAY_1661,da1a69d1bf1a,card,success,,1,142.87
PAY_1662,2172992d2db1,card,success,,1,93.43
PAY_1663,d0ad8b7678aa,card,success,,1,165.58
PAY_1664,e5004565eecb,card,success,,1,230.54
PAY_1665,e71f4f39533e,card,success,,1,105.0
PAY_1666,09bf83127485,card,success,,1,222.66
PAY_1667,f3b9b91418d8,card,success,,1,13.8
PAY_1668,36bf70b1283b,card,success,,1,321.3
PAY_1669,bbc937f889ed,card,success,,1,121.52
PAY_1670,e8fe39ace22a,card,success,,1,213.21
PAY_1671,7d8d2300f6ab,card,success,,1,33.92
PAY_1672,48546c2cf06e,card,success,,1,101.16
PAY_1673,6c84d3423b44,card,success,,1,88.8
PAY_1674,ca20ec4b9b12,card,success,,1,112.89
PAY_1675,d4bd3dd34d02,card,success,,1,214.35
PAY_1676,c0a5c3bb5b9a,card,success,,1,21.93
PAY_1677,51698ad5d1dc,card,success,,1,196.18
PAY_1678,9cae9af1c06e,card,success,,1,90.62
PAY_1679,43af8fa97872,card,success,,1,76.48
PAY_1680,3745a46f9c34,card,success,,1,27.75
PAY_1681,6ef14b1b84a9,card,success,,1,134.62
PAY_1682,3f19815e055e,card,success,,1,13.05
PAY_1683,5496d2f3b9b1,card,success,,1,151.22
PAY_1684,1ea4f3cc70c6,card,success,,1,27.28
PAY_1685,830642cb77f5,card,success,,1,93.95
PAY_1686,7b11e07287e3,card,success,,1,81.83
PAY_1687,7e42ef850c7e,card,success,,1,229.44
PAY_1688,2ed19b5cf037,card,success,,1,78.03
PAY_1689,daae419d200f,card,success,,1,51.66
PAY_1690,38ed39a36097,card,success,,1,60.02
PAY_1691,96b7223e0244,card,success,,1,249.21
PAY_1692,98de563f2807,card,success,,1,138.25
PAY_1693,52edc13c4eab,card,success,,1,66.12
PAY_1694,9e9e811a589c,card,success,,1,74.5
PAY_1695,7018e67b5a87,card,success,,1,25.69
PAY_1696,c7324a0d3caf,card,success,,1,122.83
PAY_1697,f4bd964329fd,card,success,,1,22.02
PAY_1698,f4977b7c8ffb,card,success,,1,164.26
PAY_1699,99331eb80692,card,success,,1,99.77
PAY_1700,75d4f2f37f28,card,success,,1,607.63
PAY_1701,b07ef73227ef,card,success,,1,37.33
PAY_1702,2c9c11f16c8a,card,success,,1,82.92
PAY_1703,6b4e91241734,card,success,,1,379.41
PAY_1704,f098104981df,card,success,,1,233.48
PAY_1705,210c4c6a89cb,card,success,,1,51.57
PAY_1706,bc177026dd53,card,success,,1,107.68
PAY_1707,be70cb8b3064,card,success,,1,112.79
PAY_1708,fe9904be5ec1,card,success,,1,51.47
PAY_1709,0a4481f242bd,card,success,,1,83.81
PAY_1710,f2c4fdd30b3b,card,success,,1,25.07
PAY_1711,eea38fcdd5de,card,success,,1,100.29
PAY_1712,38c6d3cef1c2,card,success,,1,129.03
PAY_1713,c145d460aa25,card,success,,1,75.04
PAY_1714,f32c8b62cd0d,card,success,,1,24.73
PAY_1715,4e88ef542541,card,success,,1,120.5
PAY_1716,77217c1d9209,card,success,,1,50.36
PAY_1717,d9d42de0e75d,card,success,,1,71.92
PAY_1718,fb3b710b058f,card,success,,1,58.54
PAY_1719,cee0da4f238e,card,success,,1,240.5
PAY_1720,7c6ba2a1df9a,card,success,,1,53.97
PAY_1721,c447eba59158,card,success,,1,150.23
PAY_1722,5555480586a6,card,success,,1,58.52
PAY_1723,088e3a3db679,card,success,,1,109.77
PAY_1724,46450c23eca0,card,success,,1,80.39
PAY_1725,60d76b4e604b,card,failed,otp_failed,1,180.99
PAY_1726,60d76b4e604b,card,failed,timeout,2,180.99
PAY_1727,60d76b4e604b,card,failed,timeout,3,180.99
PAY_1728,60d76b4e604b,card,failed,timeout,4,180.99
PAY_1729,9a0a42df185c,card,success,,1,58.68
PAY_1730,cdb648d46528,card,success,,1,25.58
PAY_1731,1d8eabbb6778,card,success,,1,29.8
PAY_1732,9ab11f54c6c7,card,success,,1,58.82
PAY_1733,4bb73f81f761,card,success,,1,33.14
PAY_1734,427a66b68a3d,card,success,,1,124.98
PAY_1735,b458016362d0,card,success,,1,62.02
PAY_1736,976c570f224c,card,success,,1,601.66
PAY_1737,3a624dc7ada3,card,success,,1,22.42
PAY_1738,b93fd397e7e7,card,success,,1,105.94
PAY_1739,2f28040926ce,card,success,,1,36.51
PAY_1740,943243b1f84f,card,success,,1,60.66
PAY_1741,a54396ac9077,card,success,,1,100.8
PAY_1742,63c0b000482c,card,success,,1,14.01
PAY_1743,1f3c971ae42b,card,success,,1,108.79
PAY_1744,c3df08bbe461,card,success,,1,412.54
PAY_1745,468c5d3b67bb,card,success,,1,62.63
PAY_1746,8616a17263af,card,success,,1,110.81
PAY_1747,f4bf3ee498bf,card,success,,1,204.37
PAY_1748,f1167b015d7b,card,success,,1,78.95
PAY_1749,28b7fb156214,card,success,,1,56.56
PAY_1750,fc170baae06f,card,success,,1,14.58
PAY_1751,11d9cc53d879,card,success,,1,150.32
PAY_1752,fcaa6d17d9b0,card,success,,1,82.23
PAY_1753,d5aded096073,card,success,,1,40.04
PAY_1754,82e311777cef,card,success,,1,99.61
PAY_1755,a582caf2fbb9,card,success,,1,56.43
PAY_1756,acbecfa1c1b3,card,success,,1,58.98
PAY_1757,804b7f034308,card,success,,1,146.21
PAY_1758,4c75eeffd17a,card,success,,1,30.85
PAY_1759,6d9cf11e00f5,card,success,,1,208.07
PAY_1760,21612cc56065,card,success,,1,29.43
PAY_1761,69a50e1a7895,card,success,,1,52.98
PAY_1762,cf9c1092e1d0,card,success,,1,419.2
PAY_1763,bc1d2900e3e7,card,success,,1,221.82
PAY_1764,2178c442e402,card,success,,1,97.33
PAY_1765,6c3a1a3ed05e,card,success,,1,42.42
PAY_1766,590561413f15,card,success,,1,58.94
PAY_1767,f4649b9b3103,card,success,,1,95.45
PAY_1768,55ccc1775919,card,success,,1,92.76
PAY_1769,dae3b8301019,card,success,,1,83.71
PAY_1770,6e23e022087f,card,success,,1,87.82
PAY_1771,112009d6c835,card,success,,1,75.83
PAY_1772,84faa34e04e0,card,success,,1,28.4
PAY_1773,ddd1239e13fd,card,success,,1,187.11
PAY_1774,83ebf5f27f37,card,success,,1,30.12
PAY_1775,96d0328daf99,card,success,,1,77.35
PAY_1776,504436b25d80,card,success,,1,46.72
PAY_1777,5f3471ca1cce,card,success,,1,98.4
PAY_1778,84acb0054852,card,success,,1,65.96
PAY_1779,e3d2fb70d755,card,success,,1,293.51
PAY_1780,be32b1cbea53,card,success,,1,135.0
PAY_1781,1e3d4fb720d0,card,success,,1,31.52
PAY_1782,7360e799be37,card,success,,1,154.0
PAY_1783,86c37d80fc18,card,success,,1,48.44
PAY_1784,705ed0872225,card,success,,1,56.74
PAY_1785,ad1cba77529d,card,success,,1,115.71
PAY_1786,42fa2c1cab55,card,success,,1,60.74
PAY_1787,7fc26696cd54,card,success,,1,183.88
PAY_1788,9a5f78ea72bf,card,success,,1,48.44
PAY_1789,97c837c0b256,card,success,,1,54.86
PAY_1790,2c5e528c1b88,card,success,,1,53.24
PAY_1791,de0fa5856eb1,card,success,,1,57.25
PAY_1792,0f1fcf9b1a02,card,success,,1,216.88
PAY_1793,7b22fb74c4b3,card,success,,1,148.86
PAY_1794,3ed2b6bbba15,card,success,,1,353.53
PAY_1795,0d61b0bbe12e,card,success,,1,552.31
PAY_1796,64941db2bbd9,card,success,,1,39.47
PAY_1797,d5b01cdaacae,card,success,,1,95.23
PAY_1798,2853344a28a5,card,success,,1,35.13
PAY_1799,7d641603ce96,card,success,,1,48.32
PAY_1800,0c33b701a206,card,success,,1,54.38
PAY_1801,4b6ec1cc792d,card,failed,bank_decline,1,38.64
PAY_1802,7eeba2bf0074,card,success,,1,38.8
PAY_1803,914fe32faf6f,card,success,,1,80.2
PAY_1804,8231df7f4a59,card,success,,1,176.57
PAY_1805,5b13b6aec78f,card,success,,1,43.2
PAY_1806,0ed5990ce144,card,success,,1,852.06
PAY_1807,6a0e354a37cb,card,success,,1,62.73
PAY_1808,e913edb1d57c,card,success,,1,95.36
PAY_1809,5bb6dfea1cc1,card,success,,1,31.94
PAY_1810,4aebe93fdad1,card,success,,1,352.44
PAY_1811,202117c1b4bf,card,success,,1,220.43
PAY_1812,51a90e0c2498,card,success,,1,114.15
PAY_1813,b5aa658c5751,card,success,,1,30.65
PAY_1814,0966e0fbb827,card,success,,1,106.54
PAY_1815,d6086c75fe1a,card,success,,1,36.7
PAY_1816,609043e53b31,card,failed,timeout,1,290.0
PAY_1817,609043e53b31,card,failed,timeout,2,290.0
PAY_1818,609043e53b31,card,failed,timeout,3,290.0
PAY_1819,f8f5f6e15f1d,card,success,,1,171.98
PAY_1820,581f18a7b2e5,card,success,,1,97.16
PAY_1821,5c660baf5eba,card,success,,1,12.82
PAY_1822,3926a61c6cfa,card,success,,1,40.99
PAY_1823,01d9b27881dd,card,success,,1,156.06
PAY_1824,53653e577540,card,success,,1,237.53
PAY_1825,24de5831fb88,card,success,,1,218.62
PAY_1826,dc6bff568e57,card,failed,otp_failed,1,25.19
PAY_1827,dc6bff568e57,card,failed,timeout,2,25.19
PAY_1828,dc6bff568e57,card,failed,bank_decline,3,25.19
PAY_1829,c05234b6dca7,card,success,,1,114.58
PAY_1830,7fbbadb17b47,card,success,,1,202.84
PAY_1831,a7f247fb8642,card,success,,1,23.89
PAY_1832,b551dbbdc589,card,success,,1,112.06
PAY_1833,9bb1ac2c82de,card,success,,1,70.77
PAY_1834,bbc5b26267c1,card,success,,1,20.46
PAY_1835,86b9c19e33d8,card,success,,1,69.37
PAY_1836,d876dbd9b3b8,card,success,,1,69.28
PAY_1837,ea1e104fcee7,card,failed,otp_failed,1,79.96
PAY_1838,4a181a33a87b,card,success,,1,63.15
PAY_1839,72b31475f077,card,success,,1,87.2
PAY_1840,e5e94ca777a5,card,success,,1,128.25
PAY_1841,6e1c2d408672,card,success,,1,70.56
PAY_1842,c79bfe744c6b,card,success,,1,64.86
PAY_1843,69db57b1d3ed,card,success,,1,96.92
PAY_1844,86ebc6dcb3b6,card,success,,1,19.36
PAY_1845,7b5753d27247,card,success,,1,131.85
PAY_1846,b6e900d393c3,card,success,,1,89.98
PAY_1847,157798b11ac3,card,success,,1,92.92
PAY_1848,fe018e0d2db7,card,success,,1,194.14
PAY_1849,13457dacdf14,card,success,,1,18.87
PAY_1850,f051ebb70373,card,failed,otp_failed,1,18.56
PAY_1851,f051ebb70373,card,failed,timeout,2,18.56
PAY_1852,e937ca1dcc94,card,success,,1,112.06
PAY_1853,d620ccafda29,card,success,,1,89.51
PAY_1854,5c610602a43b,card,success,,1,62.2
PAY_1855,bf5bda277d18,card,success,,1,153.16
PAY_1856,eb609b26d53a,card,success,,1,189.83
PAY_1857,9a94efd83cb6,card,success,,1,132.58
PAY_1858,34e0ff7cc767,card,success,,1,73.06
PAY_1859,6da7b58c4dbf,card,success,,1,16.67
PAY_1860,78613d1765eb,card,success,,1,166.57
PAY_1861,4d9b97507237,card,success,,1,239.22
PAY_1862,b4ddd792834c,card,success,,1,150.75
PAY_1863,535ec743a1d3,card,success,,1,44.54
PAY_1864,083a24d241ee,card,success,,1,154.32
PAY_1865,f5f08eff62fe,card,failed,otp_failed,1,179.19
PAY_1866,68c0b8a9f44a,card,success,,1,313.27
PAY_1867,5bc269f7caa2,card,success,,1,44.66
PAY_1868,4104894f8fc0,card,success,,1,75.1
PAY_1869,09cb4bc844e7,card,success,,1,94.25
PAY_1870,ba4fb2afb210,card,success,,1,36.82
PAY_1871,44cf8dc11011,card,success,,1,125.42
PAY_1872,2a4a31dda258,card,success,,1,143.01
PAY_1873,107c67807b1c,card,success,,1,96.58
PAY_1874,978c3ff0f336,card,success,,1,107.3
PAY_1875,579a2231f205,card,success,,1,73.19
PAY_1876,28e492ae5ad4,card,success,,1,293.72
PAY_1877,dac0467ec1dc,card,success,,1,43.79
PAY_1878,3d0d556a9c0e,card,success,,1,56.27
PAY_1879,d7aacf2fcaea,card,success,,1,90.81
PAY_1880,1cd852844e6d,card,success,,1,181.85
PAY_1881,0f6d6eecbe47,card,success,,1,27.17
PAY_1882,489a8f136484,card,success,,1,31.56
PAY_1883,95006fa8a87c,card,success,,1,17.63
PAY_1884,67f3232cdba5,card,success,,1,92.4
PAY_1885,6497e2cb6772,card,success,,1,36.79
PAY_1886,913e44b20147,card,success,,1,66.18
PAY_1887,ef49b24b8742,card,success,,1,152.8
PAY_1888,f88531230b98,card,success,,1,53.88
PAY_1889,5ea820bf716f,card,success,,1,108.31
PAY_1890,aed3e5e220e0,card,success,,1,70.85
PAY_1891,846d2889a311,card,success,,1,154.11
PAY_1892,27e0ee972988,card,success,,1,131.64
PAY_1893,c8b94bb6faa9,card,success,,1,51.75
PAY_1894,470ef13d9d10,card,failed,bank_decline,1,78.66
PAY_1895,470ef13d9d10,card,failed,bank_decline,2,78.66
PAY_1896,470ef13d9d10,card,failed,bank_decline,3,78.66
PAY_1897,ca34f882e853,card,success,,1,207.47
PAY_1898,492c6f53148a,card,success,,1,123.31
PAY_1899,1927d1e64c14,card,success,,1,29.44
PAY_1900,55ec72d936a1,card,success,,1,152.09
PAY_1901,275836ceec73,card,success,,1,37.8
PAY_1902,55086ddb550b,card,success,,1,278.67
PAY_1903,01c5268c05e9,card,success,,1,204.24
PAY_1904,738df267507b,card,success,,1,113.51
PAY_1905,bd0b41d8d4a5,card,success,,1,102.08
PAY_1906,8d6bb701b412,card,success,,1,76.16
PAY_1907,f23dd53db6af,card,success,,1,154.91
PAY_1908,9b97d92723cd,card,success,,1,66.91
PAY_1909,b53fc5340f48,card,success,,1,108.69
PAY_1910,8a6eb0793788,card,success,,1,180.83
PAY_1911,757dca59f2d3,card,success,,1,57.43
PAY_1912,8011d9098a1e,card,success,,1,54.98
PAY_1913,f4b73c510982,card,success,,1,34.62
PAY_1914,4b2702b4f757,card,success,,1,38.41
PAY_1915,d0489be9fbdf,card,success,,1,20.85
PAY_1916,2478eeb11960,card,success,,1,161.4
PAY_1917,5357c0da2975,card,success,,1,382.65
PAY_1918,06bd648ed91b,card,success,,1,281.54
PAY_1919,ea1b2a19ace0,card,success,,1,24.51
PAY_1920,8ce98d40d1aa,card,success,,1,160.76
PAY_1921,bf1e1b6bc42e,card,success,,1,280.81
PAY_1922,24cbfaf70e51,card,success,,1,62.46
PAY_1923,0b8336d64d7a,card,success,,1,97.63
PAY_1924,6e5dedb19453,card,success,,1,18.06
PAY_1925,2d51778c44e6,card,success,,1,111.43
PAY_1926,cbab322443d4,card,success,,1,38.44
PAY_1927,dc1c24fc26c6,card,success,,1,105.61
PAY_1928,90bc6808ee9a,card,success,,1,25.82
PAY_1929,a30e42c669d1,card,success,,1,138.97
PAY_1930,d9b291b74778,card,success,,1,204.3
PAY_1931,0428914f98be,card,success,,1,48.11
PAY_1932,6af28c22b7c7,card,success,,1,36.25
PAY_1933,c04f0c03b6c5,card,success,,1,16.04
PAY_1934,237a58c53f28,card,success,,1,72.74
PAY_1935,aa161d31b806,card,failed,timeout,1,56.53
PAY_1936,aa161d31b806,card,failed,otp_failed,2,56.53
PAY_1937,aa161d31b806,card,failed,bank_decline,3,56.53
PAY_1938,bb85eed4ebda,card,failed,timeout,1,26.03
PAY_1939,bb85eed4ebda,card,failed,otp_failed,2,26.03
PAY_1940,bb85eed4ebda,card,failed,bank_decline,3,26.03
PAY_1941,bb85eed4ebda,card,failed,otp_failed,4,26.03
PAY_1942,9a980a988c5b,card,success,,1,129.34
PAY_1943,e0aa4e24318c,card,success,,1,62.8
PAY_1944,356fbaa254a8,card,success,,1,38.07
PAY_1945,0240042d1550,card,success,,1,57.76
PAY_1946,911f9a1fd3a1,card,success,,1,212.1
PAY_1947,f75edcd443e9,card,success,,1,145.82
PAY_1948,c658f9c8b99e,card,success,,1,147.71
PAY_1949,f483b9ed05f5,card,success,,1,35.56
PAY_1950,b113c4c7c213,card,success,,1,92.38
PAY_1951,06aa49004b28,card,success,,1,101.28
PAY_1952,c937cde867e6,card,success,,1,61.81
PAY_1953,e9e677433232,card,success,,1,127.53
PAY_1954,451f8b1d6758,card,success,,1,48.21
PAY_1955,e0921ed9f190,card,success,,1,135.35
PAY_1956,27b35bc3615b,card,success,,1,139.98
PAY_1957,bac6cc143321,card,success,,1,8.73
PAY_1958,53039c437930,card,success,,1,233.28
PAY_1959,8332eb3c1825,card,success,,1,7.86
PAY_1960,3ef898eb45c9,card,success,,1,54.99
PAY_1961,f4e27b7ffeab,card,success,,1,204.44
PAY_1962,d94b3db43344,card,success,,1,69.84
PAY_1963,27027e7bffad,card,success,,1,27.86
PAY_1964,a9d4a3056051,card,success,,1,37.53
PAY_1965,658648950b7b,card,success,,1,204.7
PAY_1966,8bbd4106eeb6,card,success,,1,19.35
PAY_1967,09c48a63e7be,card,success,,1,222.11
PAY_1968,1d53657d8b27,card,success,,1,86.14
PAY_1969,c84dc65a4d80,card,success,,1,34.68
PAY_1970,09ad94dc4653,card,success,,1,56.46
PAY_1971,dd09eefb7876,card,success,,1,39.89
PAY_1972,04a8aac647da,card,success,,1,180.0
PAY_1973,65e965a3aa60,card,success,,1,161.73
PAY_1974,9a339bc77523,card,success,,1,22.75
PAY_1975,490395a4ad3d,card,success,,1,65.18
PAY_1976,432f7811fd65,card,success,,1,45.13
PAY_1977,7742cf611116,card,success,,1,30.57
PAY_1978,7dfd072ca6e1,card,success,,1,324.86
PAY_1979,d0055e05c3aa,card,success,,1,87.65
PAY_1980,dfd364da23d7,card,success,,1,35.53
PAY_1981,3251ee0fc273,card,success,,1,52.36
PAY_1982,ca79d4287d6c,card,success,,1,47.4
PAY_1983,7016be3918db,card,success,,1,32.47
PAY_1984,c43bac294752,card,success,,1,97.11
PAY_1985,79da6dcdac36,card,success,,1,33.71
PAY_1986,a2e112f63d6b,card,success,,1,15.73
PAY_1987,6a8474c41843,card,success,,1,66.44
PAY_1988,e99f50c4fdce,card,success,,1,21.28
PAY_1989,6c86f1d77f67,card,success,,1,49.32
PAY_1990,7da0f5793f34,card,success,,1,43.5
PAY_1991,e5d838d43e57,card,success,,1,44.84
PAY_1992,ebb1d6330fa6,card,success,,1,446.2
PAY_1993,38d2f8ab877b,card,success,,1,94.17
PAY_1994,1a09ac7ce701,card,success,,1,109.54
PAY_1995,05922bb4d1b9,card,success,,1,21.73
PAY_1996,463078af9660,card,success,,1,53.35
PAY_1997,4cb8bcd63531,card,success,,1,106.94
PAY_1998,0cc1bc54c01a,card,success,,1,39.66
PAY_1999,4dc61badef6c,card,success,,1,186.13
PAY_2000,682fd84effb7,card,success,,1,34.39
PAY_2001,059c88490d59,card,success,,1,71.59
PAY_2002,dc6b88f3339f,card,success,,1,56.33
PAY_2003,e9e2b56e22d7,card,success,,1,102.66
PAY_2004,52595b83bd49,card,success,,1,53.93
PAY_2005,604c7fbcd47a,card,success,,1,72.48
PAY_2006,7771dbfbc7de,card,success,,1,74.52
PAY_2007,aff51ce65ae3,card,failed,bank_decline,1,50.02
PAY_2008,aff51ce65ae3,card,failed,bank_decline,2,50.02
PAY_2009,aff51ce65ae3,card,failed,timeout,3,50.02
PAY_2010,aff51ce65ae3,card,failed,bank_decline,4,50.02
PAY_2011,4567bda59ff3,card,success,,1,132.7
PAY_2012,47904aa2ccb6,card,success,,1,108.93
PAY_2013,abcbe3e7d318,card,success,,1,83.86
PAY_2014,51e2dbf9e868,card,success,,1,63.79
PAY_2015,c7b992a555eb,card,success,,1,170.24
PAY_2016,759beab5d309,card,success,,1,74.54
PAY_2017,e5093ce894fb,card,success,,1,70.43
PAY_2018,391a25061564,card,success,,1,97.88
PAY_2019,7929b6e3faed,card,success,,1,349.77
PAY_2020,b9675bab39c4,card,failed,timeout,1,30.81
PAY_2021,421a60f742d0,card,success,,1,166.65
PAY_2022,28b74477355a,card,success,,1,19.8
PAY_2023,9f2efa208292,card,success,,1,107.11
PAY_2024,6bbd483e526b,card,success,,1,317.37
PAY_2025,74aaf20fa252,card,success,,1,133.08
PAY_2026,8de0dfcb53e8,card,success,,1,103.18
PAY_2027,3300ac2aee40,card,success,,1,57.49
PAY_2028,fd5a00771f52,card,success,,1,92.28
PAY_2029,26237e2c348e,card,success,,1,73.58
PAY_2030,05c1d9db37cc,card,success,,1,48.0
PAY_2031,7445fa1f8b90,card,success,,1,71.39
PAY_2032,82d9b49c15e5,card,success,,1,105.5
PAY_2033,15747beafa85,card,success,,1,48.73
PAY_2034,58de3fac28b7,card,success,,1,47.23
PAY_2035,da1699956005,card,success,,1,30.32
PAY_2036,cb809fa907f5,card,success,,1,123.05
PAY_2037,d6bc4ceb90f9,card,success,,1,108.35
PAY_2038,320f25f754d0,card,success,,1,194.83
PAY_2039,a28ca7a125e2,card,success,,1,96.57
PAY_2040,41e8efc12c1d,card,success,,1,123.18
PAY_2041,7552658d5b4f,card,success,,1,114.79
PAY_2042,233922edc460,card,success,,1,83.66
PAY_2043,4aacf2238c7e,card,success,,1,58.87
PAY_2044,c0518154a220,card,success,,1,529.18
PAY_2045,083ba28266db,card,success,,1,62.7
PAY_2046,205e3645ac72,card,success,,1,52.84
PAY_2047,1a7d7242270c,card,success,,1,127.38
PAY_2048,f7d797b99ba9,card,success,,1,110.11
PAY_2049,8994d3e71f27,card,success,,1,29.26
PAY_2050,10a66f7f1812,card,success,,1,221.0
PAY_2051,faace91f8aa9,card,success,,1,83.48
PAY_2052,a272d2962d87,card,success,,1,37.01
PAY_2053,0c16b265f89d,card,success,,1,233.0
PAY_2054,b80f54699831,card,success,,1,148.49
PAY_2055,7b9ee03f8512,card,success,,1,32.73
PAY_2056,20223ffba4ec,card,success,,1,373.06
PAY_2057,811bbecab990,card,success,,1,152.48
PAY_2058,426cd653ab5b,card,success,,1,89.29
PAY_2059,efdaac53cbf3,card,success,,1,321.24
PAY_2060,43fbb8ab6bd2,card,success,,1,102.25
PAY_2061,b9a7ef07a960,card,success,,1,88.02
PAY_2062,f5207169d0d1,card,success,,1,143.38
PAY_2063,df19c30712af,card,success,,1,131.8
PAY_2064,f1d905f93d21,card,success,,1,47.85
PAY_2065,c12bc8173a94,card,success,,1,99.88
PAY_2066,5db87b5c281e,card,success,,1,85.13
PAY_2067,3b7b25db6f64,card,success,,1,30.98
PAY_2068,0a9cc9c53959,card,success,,1,27.73
PAY_2069,295965bafe68,card,success,,1,141.47
PAY_2070,63a0a88be5ab,card,success,,1,11.23
PAY_2071,c1ee61906b18,card,failed,bank_decline,1,106.09
PAY_2072,c1ee61906b18,UPI,failed,timeout,2,106.09
PAY_2073,c1ee61906b18,UPI,failed,bank_decline,3,106.09
PAY_2074,c1ee61906b18,UPI,failed,otp_failed,4,106.09
PAY_2075,54094fd50522,card,success,,1,61.41
PAY_2076,513aafca59c1,card,success,,1,256.36
PAY_2077,c67da2bb1cc9,card,success,,1,60.66
PAY_2078,597b5bc3f532,card,success,,1,152.56
PAY_2079,e51eda731fea,card,success,,1,65.53
PAY_2080,27d96258fb2e,card,success,,1,98.59
PAY_2081,3ee13d4f57ab,card,success,,1,162.3
PAY_2082,945a5a2458e4,card,success,,1,62.18
PAY_2083,16f19937ebb3,card,success,,1,199.79
PAY_2084,e0181602425c,card,success,,1,40.65
PAY_2085,c59e0bdbb02a,card,success,,1,113.94
PAY_2086,457715f25fd2,card,success,,1,188.31
PAY_2087,7e33869420aa,card,success,,1,152.63
PAY_2088,0bc6f035a8e6,card,success,,1,417.03
PAY_2089,17f97145740b,card,success,,1,48.87
PAY_2090,d00214432977,card,success,,1,29.86
PAY_2091,a002b79f7aab,card,success,,1,40.63
PAY_2092,7c650d5f59e5,card,success,,1,152.68
PAY_2093,6f1f493f963a,card,success,,1,134.07
PAY_2094,914106fb23a1,card,success,,1,97.69
PAY_2095,370422ff4a62,card,success,,1,36.66
PAY_2096,463a130dd3b2,card,success,,1,166.25
PAY_2097,43b9583657c7,card,success,,1,33.79
PAY_2098,e3fa0841eee7,card,success,,1,227.5
PAY_2099,184988fb7f6d,card,success,,1,885.32
PAY_2100,9f6f5ef0d08f,card,success,,1,120.68
PAY_2101,e1ab4a9e0953,card,success,,1,143.52
PAY_2102,77998813f02a,card,success,,1,60.69
PAY_2103,976e24a6a70b,card,success,,1,21.15
PAY_2104,b3885dac26c8,card,success,,1,55.58
PAY_2105,e12652caf8b4,card,success,,1,37.55
PAY_2106,1aec97c1e7fb,card,failed,otp_failed,1,28.29
PAY_2107,1aec97c1e7fb,card,failed,otp_failed,2,28.29
PAY_2108,1aec97c1e7fb,card,failed,bank_decline,3,28.29
PAY_2109,a77bbe6e3d55,card,success,,1,357.05
PAY_2110,90ac376f6445,card,success,,1,121.97
PAY_2111,c3b8f4fefd39,card,success,,1,70.3
PAY_2112,cbfc457cd302,card,success,,1,78.39
PAY_2113,279e4c7b8133,card,success,,1,194.74
PAY_2114,6da141ce7f89,card,success,,1,87.72
PAY_2115,8dfc626f0e3b,card,success,,1,137.63
PAY_2116,684b9536219e,card,success,,1,76.95
PAY_2117,c09046fb0ba5,card,success,,1,68.46
PAY_2118,192fa7bc0c8a,card,failed,timeout,1,29.21
PAY_2119,fa005cb12691,card,success,,1,18.5
PAY_2120,934b5d2a937d,card,success,,1,73.02
PAY_2121,dae6b9f34025,card,success,,1,94.18
PAY_2122,bfba793b9533,card,success,,1,32.17
PAY_2123,08b9d8fbff77,card,success,,1,87.57
PAY_2124,5c4d68c0eb78,card,success,,1,93.97
PAY_2125,e59db891be08,card,success,,1,16.04
PAY_2126,109707e97639,card,success,,1,124.69
PAY_2127,91fa04e3f01f,card,success,,1,122.69
PAY_2128,d28657d63c28,card,failed,bank_decline,1,35.77
PAY_2129,d28657d63c28,card,failed,timeout,2,35.77
PAY_2130,d28657d63c28,card,failed,timeout,3,35.77
PAY_2131,d28657d63c28,card,failed,otp_failed,4,35.77
PAY_2132,158c6d85f5ec,card,success,,1,102.18
PAY_2133,a8a452b4e14f,card,success,,1,203.96
PAY_2134,8893a9969600,card,success,,1,167.61
PAY_2135,bf6cd7aeb3b2,card,success,,1,83.41
PAY_2136,506cfed6db08,card,success,,1,61.91
PAY_2137,df9cd1b18444,card,success,,1,54.41
PAY_2138,bdd0457f88f0,card,success,,1,130.88
PAY_2139,77d40e4a85a8,card,success,,1,105.22
PAY_2140,582982eb8ec6,card,success,,1,148.94
PAY_2141,e2abedf2843e,card,failed,otp_failed,1,100.03
PAY_2142,e2abedf2843e,card,failed,bank_decline,2,100.03
PAY_2143,65bcd6f91c7b,card,success,,1,173.3
PAY_2144,21b567cb7f0e,card,success,,1,97.09
PAY_2145,7cdab8ea0c47,card,success,,1,168.64
PAY_2146,2b225ba0a64b,card,success,,1,180.67
PAY_2147,49e541e167e2,card,success,,1,47.29
PAY_2148,58fe91b55657,card,success,,1,21.19
PAY_2149,0ef18588a5d8,card,success,,1,309.45
PAY_2150,15b40b3aebca,card,success,,1,110.53
PAY_2151,b662b6d049cd,card,success,,1,22.84
PAY_2152,fa8678a76955,card,success,,1,50.85
PAY_2153,bcbc9d36f102,card,success,,1,166.92
PAY_2154,032c8a6764dd,card,failed,otp_failed,1,71.97
PAY_2155,032c8a6764dd,netbanking,failed,otp_failed,2,71.97
PAY_2156,032c8a6764dd,netbanking,failed,otp_failed,3,71.97
PAY_2157,5db33d4dc744,card,success,,1,59.76
PAY_2158,303bdd2be2f2,card,success,,1,276.08
PAY_2159,f55e4be3d08d,card,success,,1,38.95
PAY_2160,cf8223dcc1a4,card,success,,1,47.54
PAY_2161,584cf655d844,card,success,,1,106.6
PAY_2162,ca518214c822,card,success,,1,123.02
PAY_2163,5d88fe7958eb,card,success,,1,133.9
PAY_2164,66fbae15d573,card,success,,1,186.6
PAY_2165,edd71e8aee9d,card,success,,1,105.52
PAY_2166,381734b00b96,card,success,,1,133.15
PAY_2167,e651dcad460d,card,success,,1,73.16
PAY_2168,8f3bcf521de0,card,success,,1,94.65
PAY_2169,166e54b51da0,card,success,,1,98.1
PAY_2170,e2cc5a835fa7,card,success,,1,106.92
PAY_2171,e7244eac83fd,card,success,,1,167.01
PAY_2172,bbf5854638d2,card,success,,1,140.35
PAY_2173,fbe9e5a8704e,card,success,,1,93.26
PAY_2174,23be5f37d874,card,success,,1,47.12
PAY_2175,e0b52c71356d,card,success,,1,95.02
PAY_2176,374822b30b63,card,success,,1,88.02
PAY_2177,7d52b865cbb8,card,success,,1,105.06
PAY_2178,f13bd6321e6a,card,success,,1,525.96
PAY_2179,608f182ad786,card,success,,1,59.2
PAY_2180,f83e0e323356,card,success,,1,126.2
PAY_2181,dead0d279779,card,success,,1,211.62
PAY_2182,e094e40caf81,card,success,,1,97.36
PAY_2183,cb86bfb93de3,card,success,,1,584.22
PAY_2184,5e809c8ec1fb,card,success,,1,66.52
PAY_2185,120d97fc2e04,card,success,,1,116.66
PAY_2186,30719b5ee452,card,success,,1,47.51
PAY_2187,c1f9b1a5bac0,card,success,,1,67.95
PAY_2188,a8b6dccd345b,card,success,,1,109.85
PAY_2189,17ec88d38c11,card,success,,1,177.16
PAY_2190,52f70a0b9cdf,card,success,,1,116.2
PAY_2191,1ceb1c0d351b,card,success,,1,246.48
PAY_2192,307abb47229f,card,success,,1,83.43
PAY_2193,5aa6bef03b1d,card,success,,1,69.01
PAY_2194,cd0c8484b033,card,success,,1,783.04
PAY_2195,8a922124cf77,card,success,,1,123.39
PAY_2196,fc78882be197,card,success,,1,50.62
PAY_2197,88c3a395ec5c,card,success,,1,190.42
PAY_2198,f8497e601907,card,success,,1,67.26
PAY_2199,a0fd49a74759,card,success,,1,99.67
PAY_2200,09b7fbe4f302,card,success,,1,85.56
PAY_2201,53b15bfd6bf1,card,failed,timeout,1,161.61
PAY_2202,53b15bfd6bf1,UPI,failed,timeout,2,161.61
PAY_2203,dd37468b974e,card,success,,1,45.72
PAY_2204,139e92e86cfb,card,success,,1,38.07
PAY_2205,81a617f96d10,card,success,,1,107.71
PAY_2206,7c6a9f7d8d5b,card,success,,1,145.59
PAY_2207,1b5bb0887159,card,success,,1,117.45
PAY_2208,e9868b0531e0,card,failed,otp_failed,1,47.11
PAY_2209,18e194918169,card,success,,1,154.78
PAY_2210,db81ccf001cc,card,failed,bank_decline,1,49.65
PAY_2211,db81ccf001cc,card,failed,timeout,2,49.65
PAY_2212,db81ccf001cc,card,failed,timeout,3,49.65
PAY_2213,db81ccf001cc,card,failed,timeout,4,49.65
PAY_2214,d45810ab2ee9,card,success,,1,59.31
PAY_2215,00f987c27da1,card,success,,1,42.3
PAY_2216,e356df4e1f82,card,success,,1,254.91
PAY_2217,b70b23a7121c,card,success,,1,149.42
PAY_2218,873138be7bd8,card,success,,1,146.06
PAY_2219,38299af00372,card,success,,1,244.15
PAY_2220,accf64aa3ca5,card,success,,1,854.16
PAY_2221,5da6c6dc9a58,card,success,,1,22.93
PAY_2222,43d4fbb0c823,card,success,,1,49.86
PAY_2223,fd53df8c3c98,card,success,,1,54.98
PAY_2224,22a410ba7ff4,card,success,,1,45.57
PAY_2225,3f4705384b90,card,success,,1,38.01
PAY_2226,0e61c9323408,card,success,,1,70.83
PAY_2227,a94ef1079190,card,success,,1,34.01
PAY_2228,2ea64299141f,card,failed,timeout,1,117.69
PAY_2229,2ea64299141f,card,failed,timeout,2,117.69
PAY_2230,2ea64299141f,card,failed,bank_decline,3,117.69
PAY_2231,2ea64299141f,card,failed,timeout,4,117.69
PAY_2232,c3c156f879b4,card,success,,1,145.82
PAY_2233,d6d1a07d9edf,card,success,,1,66.77
PAY_2234,a46438de11fb,card,success,,1,491.23
PAY_2235,410967211814,card,success,,1,108.59
PAY_2236,573eb5fb7b3c,card,failed,bank_decline,1,20.29
PAY_2237,573eb5fb7b3c,card,failed,otp_failed,2,20.29
PAY_2238,0258a9a0e4b9,card,success,,1,40.37
PAY_2239,e0e48c28c7e4,card,success,,1,22.37
PAY_2240,8a27c9e59ed1,card,success,,1,91.27
PAY_2241,7a3503fa2f16,card,success,,1,81.66
PAY_2242,42a0d08e50f7,card,success,,1,61.88
PAY_2243,58c0104cc187,card,success,,1,449.77
PAY_2244,056684b18368,card,success,,1,139.66
PAY_2245,b454d9014854,card,success,,1,160.92
PAY_2246,549c617e04f4,card,success,,1,42.74
PAY_2247,28bae41fc197,card,success,,1,92.71
PAY_2248,866e8cccd546,card,success,,1,103.38
PAY_2249,7472d5fcd6f8,card,success,,1,20.39
PAY_2250,5ae7191dfd09,card,success,,1,77.93
PAY_2251,d50b19059ab0,card,success,,1,91.04
PAY_2252,a6109c16f5bc,card,success,,1,75.78
PAY_2253,c01bd3c9faa9,card,success,,1,46.96
PAY_2254,fd4b40d94230,card,success,,1,58.46
PAY_2255,6ca48c70a902,card,success,,1,78.14
PAY_2256,4ad08163851c,card,success,,1,96.8
PAY_2257,7b2e27297a0b,card,success,,1,146.03
PAY_2258,5a13dae17082,card,success,,1,213.72
PAY_2259,e96bdcfbec80,card,success,,1,71.13
PAY_2260,98b825c1f851,card,success,,1,62.49
PAY_2261,67a17d754750,card,success,,1,127.76
PAY_2262,7c1e6564bf73,card,success,,1,146.74
PAY_2263,07af422a4393,card,success,,1,169.41
PAY_2264,fc3440ff2adc,card,success,,1,197.09
PAY_2265,80b7b7554779,card,success,,1,252.99
PAY_2266,17391ef54d00,card,success,,1,373.4
PAY_2267,35677a529f4d,card,success,,1,45.01
PAY_2268,ffdb6a7bab72,card,success,,1,91.02
PAY_2269,623ea2e6cc71,card,success,,1,90.83
PAY_2270,aa0c4b7b3efe,card,success,,1,83.22
PAY_2271,ae13d92d8e7a,card,success,,1,53.55
PAY_2272,2eb459a264ec,card,success,,1,27.43
PAY_2273,b6fd1da4f787,card,success,,1,96.94
PAY_2274,696b7c6511e7,card,success,,1,48.68
PAY_2275,db8bf85e2970,card,success,,1,96.43
PAY_2276,32999d5c7d65,card,success,,1,47.69
PAY_2277,affbed3c7395,card,success,,1,37.35
PAY_2278,5f5d3a52f7ce,card,success,,1,108.57
PAY_2279,21225d2cdb5c,card,success,,1,101.57
PAY_2280,6ea2cc3fae5a,card,success,,1,143.08
PAY_2281,86c6aaf0e0e1,card,success,,1,517.34
PAY_2282,e891c9d134f3,card,success,,1,112.37
PAY_2283,09a4f51225be,card,success,,1,132.7
PAY_2284,be21a456a133,card,success,,1,38.01
PAY_2285,848d6cb2f5bc,card,success,,1,32.15
PAY_2286,b8619feba5bb,card,success,,1,319.34
PAY_2287,0b411f70252d,card,success,,1,43.0
PAY_2288,0959168e6d6d,card,success,,1,39.05
PAY_2289,8cf6766f96db,card,success,,1,87.25
PAY_2290,292ff10144c5,card,success,,1,83.75
PAY_2291,ade3e3288cde,card,success,,1,43.73
PAY_2292,24c0b42088c1,card,success,,1,70.53
PAY_2293,b3863a701a87,card,success,,1,240.69
PAY_2294,b0177f893262,card,success,,1,47.24
PAY_2295,ef75c04c9ff6,card,success,,1,29.52
PAY_2296,5880e73e9b9c,card,success,,1,191.34
PAY_2297,55043abcaefb,card,success,,1,133.46
PAY_2298,4f28343587c9,card,success,,1,54.79
PAY_2299,deb44039af58,card,success,,1,25.39
PAY_2300,6634efe0c29b,card,success,,1,49.62
PAY_2301,a278527d33a9,card,success,,1,86.16
PAY_2302,2ffeb9b55051,card,success,,1,228.73
PAY_2303,06d5f3de25da,card,success,,1,39.28
PAY_2304,bd200415d141,card,success,,1,154.49
PAY_2305,487fcfd11cda,card,success,,1,13.4
PAY_2306,2b791666ed9a,card,success,,1,34.95
PAY_2307,d7fe50e91854,card,success,,1,117.4
PAY_2308,1a24e5263054,card,success,,1,109.66
PAY_2309,52912aa0b915,card,success,,1,214.36
PAY_2310,dc36c6616463,card,success,,1,139.87
PAY_2311,a2dbc05fd49d,card,success,,1,13.44
PAY_2312,fe399345a9c9,card,success,,1,48.05
PAY_2313,83d1d03b97ea,card,success,,1,100.54
PAY_2314,e246a25484bc,card,success,,1,77.02
PAY_2315,6df0b7eb1a5d,card,success,,1,131.91
PAY_2316,f90f889380f7,card,success,,1,169.27
PAY_2317,000c2789f851,card,success,,1,146.46
PAY_2318,cc295649a274,card,success,,1,75.84
PAY_2319,c293ba80ab55,card,success,,1,20.55
PAY_2320,1593c835db2b,card,success,,1,62.53
PAY_2321,610557c32f36,card,success,,1,125.6
PAY_2322,f83524e7625c,card,success,,1,37.62
PAY_2323,42285fab392a,card,success,,1,149.16
PAY_2324,de92e7780926,card,success,,1,186.18
PAY_2325,fcba48b4264a,card,failed,timeout,1,99.63
PAY_2326,fcba48b4264a,card,failed,otp_failed,2,99.63
PAY_2327,fcba48b4264a,card,failed,timeout,3,99.63
PAY_2328,fcba48b4264a,card,failed,otp_failed,4,99.63
PAY_2329,c11a6b708563,card,success,,1,7.76
PAY_2330,938442c3abac,card,success,,1,32.38
PAY_2331,99adb6a92a36,card,success,,1,407.06
PAY_2332,0a83479298d3,card,success,,1,58.14
PAY_2333,db2faff32562,card,success,,1,18.41
PAY_2334,b7056620fc88,card,success,,1,241.82
PAY_2335,d5f04ee1e6ea,card,success,,1,90.98
PAY_2336,67e208075a6c,card,success,,1,217.88
PAY_2337,dfe2dd0acc19,card,failed,bank_decline,1,112.34
PAY_2338,dfe2dd0acc19,card,failed,bank_decline,2,112.34
PAY_2339,dfe2dd0acc19,card,failed,timeout,3,112.34
PAY_2340,dfe2dd0acc19,card,failed,otp_failed,4,112.34
PAY_2341,ab50e08a3b7b,card,success,,1,129.91
PAY_2342,d3d3ecec66fc,card,success,,1,120.35
PAY_2343,1a3dd296f4b4,card,success,,1,157.27
PAY_2344,c459bbfeccb6,card,success,,1,556.65
PAY_2345,e4b336e12ebd,card,success,,1,195.74
PAY_2346,91f35b1442d9,card,success,,1,25.42
PAY_2347,6393b3b80c3c,card,success,,1,128.68
PAY_2348,3a9518c03711,card,success,,1,224.34
PAY_2349,e171ca4f0fee,card,success,,1,235.61
PAY_2350,1b2e099c6e34,card,success,,1,63.99
PAY_2351,4dd5fb347c84,card,success,,1,228.6
PAY_2352,485a8c7617e2,card,success,,1,189.08
PAY_2353,33547e269e77,card,success,,1,704.87
PAY_2354,72d3dc7f444e,card,success,,1,49.4
PAY_2355,3a073eabc982,card,success,,1,59.98
PAY_2356,ee2efa31ea5e,card,success,,1,70.46
PAY_2357,9d8569784e8a,card,success,,1,60.81
PAY_2358,f6c6b476f28a,card,success,,1,44.17
PAY_2359,5b7e0f723e08,card,success,,1,9.87
PAY_2360,58407dcbdd4d,card,success,,1,63.58
PAY_2361,eb0d2fdf7db5,card,success,,1,120.96
PAY_2362,623a0651b42e,card,success,,1,60.67
PAY_2363,5f0d97cafede,card,success,,1,423.39
PAY_2364,3fc3d578d467,card,success,,1,90.99
PAY_2365,6615fc2e0c07,card,success,,1,252.86
PAY_2366,322be9ef44a9,card,success,,1,110.96
PAY_2367,396cf270b731,card,success,,1,174.36
PAY_2368,614870eeeb77,card,success,,1,112.55
PAY_2369,8538e645b4cb,card,success,,1,269.09
PAY_2370,2ed6d23e8f06,card,success,,1,94.14
PAY_2371,da6f51006f5d,card,success,,1,133.87
PAY_2372,d7a936eded98,card,success,,1,120.67
PAY_2373,cd4684a1d5c8,card,success,,1,71.48
PAY_2374,f5b46bb3a047,card,success,,1,124.46
PAY_2375,d9032a329cb6,card,success,,1,537.81
PAY_2376,0f744b16a0f6,card,success,,1,72.51
PAY_2377,9752b557caf5,card,success,,1,125.91
PAY_2378,55bdf541c321,card,success,,1,246.22
PAY_2379,11f945a12410,card,success,,1,224.12
PAY_2380,b71feb0b2323,card,success,,1,90.86
PAY_2381,ac5b672ec944,card,success,,1,13.37
PAY_2382,b9cbe4330c9c,card,success,,1,136.1
PAY_2383,83b4ba95305f,card,success,,1,15.25
PAY_2384,bed5a1a7bb05,card,success,,1,291.77
PAY_2385,e11b69ac9d95,card,success,,1,103.09
PAY_2386,238041f9dc2b,card,failed,timeout,1,200.28
PAY_2387,238041f9dc2b,card,failed,otp_failed,2,200.28
PAY_2388,238041f9dc2b,card,failed,otp_failed,3,200.28
PAY_2389,2705e1f4ebcb,card,success,,1,43.74
PAY_2390,bc5d9513f821,card,success,,1,26.0
PAY_2391,4419844147cb,card,success,,1,110.9
PAY_2392,8cad34226363,card,success,,1,87.63
PAY_2393,26779d75a127,card,success,,1,60.75
PAY_2394,be2d39ae500a,card,success,,1,96.33
PAY_2395,c2f4ef7cac4f,card,success,,1,823.82
PAY_2396,17a15b0d97c0,card,success,,1,175.5
PAY_2397,2f734cb9f7b3,card,failed,bank_decline,1,208.43
PAY_2398,6049476bbb86,card,success,,1,176.82
PAY_2399,9bd6a004d005,card,success,,1,294.0
PAY_2400,80083a5a3c5d,card,success,,1,77.32
PAY_2401,f035864be25a,card,success,,1,17.4
PAY_2402,94543840cd29,card,success,,1,77.41
PAY_2403,7adffa262f1b,card,success,,1,172.33
PAY_2404,c406b45bce87,card,success,,1,41.44
PAY_2405,505268d54430,card,success,,1,78.17
PAY_2406,bf52322b4b71,card,success,,1,51.76
PAY_2407,f4e2acc21a5f,card,success,,1,299.35
PAY_2408,9a6773fb3ad2,card,success,,1,163.95
PAY_2409,ce55e780d171,card,success,,1,151.6
PAY_2410,242894a8defa,card,success,,1,148.01
PAY_2411,b438581d4c48,card,success,,1,87.37
PAY_2412,eb5bb394d544,card,success,,1,105.43
PAY_2413,8acb7d70924d,card,success,,1,34.88
PAY_2414,c5fdb5e7db8c,card,success,,1,15.66
PAY_2415,1a3daa8bc06a,card,success,,1,116.65
PAY_2416,0d8373af9f77,card,success,,1,236.85
PAY_2417,50d347cbcc7d,card,success,,1,316.42
PAY_2418,e2fedb2fc69c,card,success,,1,316.08
PAY_2419,130b03028c93,card,success,,1,40.51
PAY_2420,cf38e30279af,card,success,,1,67.91
PAY_2421,66d77cb53303,card,success,,1,132.19
PAY_2422,8f217a28d5ab,card,success,,1,682.34
PAY_2423,d1288750bc1f,card,success,,1,294.15
PAY_2424,fb0e0877f511,card,success,,1,220.42
PAY_2425,35f218cf3482,card,success,,1,66.01
PAY_2426,347c086ed120,card,success,,1,169.21
PAY_2427,8e500bfe7f02,card,success,,1,37.32
PAY_2428,88194bb2efe2,card,success,,1,74.38
PAY_2429,3dd0791b88fa,card,success,,1,82.12
PAY_2430,740cd8be8bc2,card,success,,1,321.93
PAY_2431,e7e66f59bf02,card,success,,1,67.78
PAY_2432,976fb5dde9f8,card,success,,1,12.79
PAY_2433,a9c01d5313cf,card,failed,timeout,1,134.77
PAY_2434,7f97995bb868,card,success,,1,51.46
PAY_2435,77560a550053,card,success,,1,93.14
PAY_2436,672afb6808eb,card,success,,1,83.98
PAY_2437,7bbd799f8079,card,success,,1,72.32
PAY_2438,a8c3c4fb8afa,card,failed,timeout,1,169.4
PAY_2439,a8c3c4fb8afa,card,failed,bank_decline,2,169.4
PAY_2440,a8c3c4fb8afa,card,failed,otp_failed,3,169.4
PAY_2441,31b104b95691,card,success,,1,26.41
PAY_2442,c4894b97b8f8,card,success,,1,59.52
PAY_2443,6b511b60fbb0,card,success,,1,155.59
PAY_2444,af718b4c83ec,card,success,,1,55.08
PAY_2445,46365af16b12,card,success,,1,24.85
PAY_2446,aa89e2fcd979,card,success,,1,153.68
PAY_2447,8fd736e47d90,card,success,,1,221.07
PAY_2448,041748b8468f,card,success,,1,86.83
PAY_2449,5be25f257ea2,card,success,,1,18.75
PAY_2450,acf7c0f832f8,card,success,,1,158.34
PAY_2451,a2b3cb081208,card,success,,1,23.86
PAY_2452,0298ce8f591d,card,failed,bank_decline,1,115.24
PAY_2453,9652def93ce6,card,success,,1,44.26
PAY_2454,84925ecd861f,card,success,,1,35.59
PAY_2455,ad08eee34d92,card,success,,1,63.21
PAY_2456,e4b71956c183,card,success,,1,77.74
PAY_2457,f5b380012f48,card,success,,1,53.77
PAY_2458,481ad3410cb3,card,success,,1,144.17
PAY_2459,c6e1373c6f25,card,success,,1,63.0
PAY_2460,da1b905ca136,card,success,,1,197.19
PAY_2461,0b99bf59a93e,card,success,,1,112.72
PAY_2462,c74f177b7c73,card,success,,1,51.52
PAY_2463,22bb4da7fe12,card,success,,1,45.03
PAY_2464,08dc3c379b3e,card,success,,1,24.09
PAY_2465,94bb0a00a33f,card,success,,1,113.59
PAY_2466,eb0bff1c6aa1,card,success,,1,67.78
PAY_2467,d7cbc2bb2474,card,failed,timeout,1,13.49
PAY_2468,d7cbc2bb2474,card,failed,timeout,2,13.49
PAY_2469,0c4bb151a657,card,success,,1,58.64
PAY_2470,a4afc03f0fb9,card,failed,bank_decline,1,43.78
PAY_2471,a4afc03f0fb9,card,failed,timeout,2,43.78
PAY_2472,a4afc03f0fb9,card,failed,otp_failed,3,43.78
PAY_2473,a4afc03f0fb9,card,failed,otp_failed,4,43.78
PAY_2474,665f7599a12d,card,success,,1,317.52
PAY_2475,b57abd2ed4cf,card,success,,1,23.05
PAY_2476,8954b0efcecf,card,success,,1,28.42
PAY_2477,10c789e807c9,card,success,,1,218.76
PAY_2478,9a75361bb824,card,success,,1,266.51
PAY_2479,060fcc99bd31,card,success,,1,49.6
PAY_2480,fd277a7caff2,card,success,,1,54.29
PAY_2481,da338f4d2770,card,success,,1,147.38
PAY_2482,4e6b4fff5b6f,card,success,,1,13.99
PAY_2483,73a0c32ec15b,card,success,,1,20.31
PAY_2484,45f9e7600e0a,card,success,,1,311.04
PAY_2485,b727b15688d8,card,success,,1,97.59
PAY_2486,f962231dbd7f,card,success,,1,222.97
PAY_2487,319fc7a19c42,card,success,,1,485.66
PAY_2488,a7d910d48ae5,card,success,,1,56.74
PAY_2489,7e9ef71ed660,card,success,,1,88.81
PAY_2490,fcb6aa640622,card,success,,1,386.7
PAY_2491,8e9aa9273412,card,failed,bank_decline,1,26.64
PAY_2492,8e9aa9273412,UPI,failed,timeout,2,26.64
PAY_2493,97b199947700,card,success,,1,204.81
PAY_2494,1b288c65f3ff,card,success,,1,39.86
PAY_2495,663520f44bf8,card,success,,1,97.71
PAY_2496,9ae9f1153083,card,failed,bank_decline,1,74.14
PAY_2497,9ae9f1153083,netbanking,failed,timeout,2,74.14
PAY_2498,fbc3963f5e98,card,success,,1,41.83
PAY_2499,59730a5cc818,card,success,,1,41.0
PAY_2500,cb040618a598,card,success,,1,112.3
PAY_2501,f4ec6264419c,card,success,,1,199.62
PAY_2502,25bea633eea6,card,success,,1,81.14
PAY_2503,8fb6cd0f80f2,card,success,,1,95.21
PAY_2504,3bcd28962744,card,success,,1,142.16
PAY_2505,8043db37b82a,card,success,,1,41.38
PAY_2506,170c77847640,card,success,,1,162.67
PAY_2507,1f4301c4a394,card,success,,1,173.38
PAY_2508,1973b6a3cb8b,card,success,,1,722.63
PAY_2509,b1ae928564e1,card,success,,1,66.63
PAY_2510,e252bdb37773,card,failed,otp_failed,1,62.4
PAY_2511,e252bdb37773,card,failed,timeout,2,62.4
PAY_2512,fac8f6f227b2,card,success,,1,166.53
PAY_2513,63d6eae72a1a,card,success,,1,173.34
PAY_2514,613b8c4386d7,card,success,,1,58.67
PAY_2515,c5b8e293c786,card,success,,1,65.2
PAY_2516,c57ee9c4301c,card,success,,1,138.78
PAY_2517,f506dddf0ee8,card,success,,1,46.43
PAY_2518,3b052c8046bc,card,success,,1,64.82
PAY_2519,ce675d547188,card,failed,otp_failed,1,96.71
PAY_2520,ce675d547188,netbanking,failed,otp_failed,2,96.71
PAY_2521,ce675d547188,netbanking,failed,timeout,3,96.71
PAY_2522,877ed01f53d6,card,success,,1,199.69
PAY_2523,94f4d6a7d7e4,card,success,,1,55.5
PAY_2524,e9fbe74c432f,card,success,,1,20.62
PAY_2525,2805715ca26a,card,success,,1,32.87
PAY_2526,d6ec3e5791e8,card,success,,1,31.48
PAY_2527,1d13b6f77199,card,success,,1,79.54
PAY_2528,543d2255dee9,card,success,,1,34.77
PAY_2529,7ec3e707a5e6,card,success,,1,51.31
PAY_2530,b80ef2d9a2bd,card,success,,1,48.46
PAY_2531,75bdad6df731,card,success,,1,63.28
PAY_2532,b5eb04b74304,card,success,,1,259.3
PAY_2533,d4079dd08f4a,card,success,,1,152.87
PAY_2534,1f6840d2d0df,card,success,,1,91.19
PAY_2535,90290a7ad441,card,success,,1,62.25
PAY_2536,4f9f7a264cd5,card,success,,1,63.65
PAY_2537,91fc86524411,card,success,,1,117.0
PAY_2538,4474c7d56a8c,card,success,,1,143.64
PAY_2539,aab08a1abc7e,card,success,,1,43.55
PAY_2540,0b445961b3fc,card,success,,1,92.68
PAY_2541,e540f6f3744c,card,success,,1,17.72
PAY_2542,218bc465632f,card,success,,1,106.63
PAY_2543,b6ecf3d97d76,card,success,,1,165.62
PAY_2544,ffbe70b2cfae,card,success,,1,71.95
PAY_2545,dfc0d6afa7b9,card,success,,1,384.99
PAY_2546,f9f31548085b,card,success,,1,44.48
PAY_2547,7a7f050589d0,card,success,,1,107.12
PAY_2548,ed1f39dd3990,card,success,,1,87.47
PAY_2549,b09cfd7084d0,card,success,,1,83.08
PAY_2550,25fd89142b23,card,success,,1,82.15
PAY_2551,8b1970972892,card,failed,timeout,1,98.07
PAY_2552,9cb2a6ca9d36,card,success,,1,177.39
PAY_2553,75390b09fb1b,card,success,,1,271.02
PAY_2554,d852879ab139,card,success,,1,89.86
PAY_2555,b0e8994826af,card,failed,bank_decline,1,172.82
PAY_2556,7bb7fdb0121a,card,success,,1,51.35
PAY_2557,a005b1bc5f57,card,success,,1,166.13
PAY_2558,077eda9ade82,card,success,,1,48.93
PAY_2559,60156825a863,card,success,,1,215.41
PAY_2560,2f7f9bb9cbe2,card,success,,1,527.69
PAY_2561,2a74f49bcc4a,card,success,,1,81.64
PAY_2562,99dd26abf9c1,card,success,,1,15.58
PAY_2563,24e5a06b840c,card,success,,1,58.06
PAY_2564,c64b98cc4212,card,success,,1,241.17
PAY_2565,5dabe076a81b,card,success,,1,140.11
PAY_2566,d2d43439e04c,card,success,,1,109.85
PAY_2567,018e868e1ff4,card,success,,1,201.73
PAY_2568,abfa16210e36,card,success,,1,132.63
PAY_2569,79f4a12cafec,card,success,,1,187.83
PAY_2570,aca541d6c506,card,success,,1,304.1
PAY_2571,55f16a133252,card,success,,1,119.95
PAY_2572,fc05ab6c00f6,card,success,,1,185.71
PAY_2573,dcf2847334d2,card,success,,1,70.41
PAY_2574,80c961172d98,card,success,,1,55.64
PAY_2575,c3d9ecf947cf,card,success,,1,352.63
PAY_2576,af28691b812a,card,success,,1,107.01
PAY_2577,9990044c0aa8,card,success,,1,99.38
PAY_2578,5e672c9d2f19,card,success,,1,56.31
PAY_2579,fc3535f54f06,card,success,,1,90.81
PAY_2580,b0dd04f0636e,card,success,,1,283.95
PAY_2581,e3d90c5ea136,card,success,,1,140.36
PAY_2582,75cd9048dc0e,card,success,,1,22.89
PAY_2583,889c2640607b,card,success,,1,75.78
PAY_2584,7c66a3e46fa4,card,success,,1,374.59
PAY_2585,80ede36aa0a6,card,success,,1,75.87
PAY_2586,5e297b28eac0,card,success,,1,21.32
PAY_2587,7266b1eb5e2b,card,success,,1,409.3
PAY_2588,ee1438d23430,card,failed,bank_decline,1,155.39
PAY_2589,ee1438d23430,card,failed,bank_decline,2,155.39
PAY_2590,ee1438d23430,card,failed,timeout,3,155.39
PAY_2591,08c3541ca4d2,card,success,,1,85.11
PAY_2592,e98ea591bdfc,card,success,,1,66.88
PAY_2593,d44de390e3b2,card,success,,1,213.98
PAY_2594,2e7fcad76416,card,success,,1,58.35
PAY_2595,3ca1fa0240d1,card,success,,1,225.56
PAY_2596,4bd3431051ca,card,success,,1,138.9
PAY_2597,34174daf907f,card,success,,1,109.48
PAY_2598,76c40f257899,card,success,,1,101.13
PAY_2599,1d84e978f794,card,success,,1,78.26
PAY_2600,464c4d16ce29,card,success,,1,207.79
PAY_2601,788c1c29be6e,card,success,,1,45.05
PAY_2602,51f1ce64e65a,card,failed,bank_decline,1,24.59
PAY_2603,51f1ce64e65a,netbanking,failed,bank_decline,2,24.59
PAY_2604,a537f6f57dd7,card,success,,1,147.16
PAY_2605,af1ae78e8afd,card,success,,1,149.16
PAY_2606,85d7b28f2517,card,success,,1,132.18
PAY_2607,9d62b24b8aca,card,success,,1,124.73
PAY_2608,257a9b0cbcaf,card,success,,1,69.66
PAY_2609,e251cff27a42,card,success,,1,169.01
PAY_2610,d327bd70a0b6,card,success,,1,86.8
PAY_2611,ad5919056bd3,card,success,,1,60.97
PAY_2612,6243d9718f70,card,success,,1,70.14
PAY_2613,6f5281057f3c,card,success,,1,453.28
PAY_2614,c6d13b942606,card,success,,1,22.47
PAY_2615,29c5b2ba34a5,card,success,,1,134.27
PAY_2616,147b3565d3e8,card,success,,1,23.49
PAY_2617,3d8586f55cd1,card,success,,1,82.55
PAY_2618,2c05b759113c,card,success,,1,63.63
PAY_2619,faf2559fec3e,card,success,,1,16.98
PAY_2620,14c7867f8d24,card,success,,1,122.88
PAY_2621,7a2966a8e7fa,card,success,,1,66.42
PAY_2622,86eb75c18b13,card,success,,1,16.79
PAY_2623,68ef841b4e8e,card,success,,1,176.21
PAY_2624,3a6e3b206527,card,success,,1,283.72
PAY_2625,1df7469ab433,card,success,,1,296.52
PAY_2626,bdb5d81bbac8,card,success,,1,119.96
PAY_2627,7fb019f461a5,card,success,,1,93.4
PAY_2628,1da0edfd5598,card,success,,1,260.48
PAY_2629,61f09ce17d66,card,success,,1,345.82
PAY_2630,a4943bae56e4,card,success,,1,222.93
PAY_2631,85457e6b9ad2,card,success,,1,42.38
PAY_2632,a8c76785e179,card,success,,1,105.75
PAY_2633,f33fa33f8d18,card,success,,1,127.95
PAY_2634,3ed13c4e1b4c,card,success,,1,21.16
PAY_2635,229b331c2d4f,card,success,,1,131.04
PAY_2636,aca69a424680,card,success,,1,554.68
PAY_2637,cc3a224c3a44,card,success,,1,150.2
PAY_2638,d943c2314ddf,card,success,,1,292.58
PAY_2639,ac39421110a2,card,success,,1,104.2
PAY_2640,05e85dd89c6f,card,success,,1,84.9
PAY_2641,5d49a20d1a2b,card,success,,1,122.12
PAY_2642,948f38b944eb,card,success,,1,46.87
PAY_2643,0ce5ae8b91c8,card,success,,1,41.64
PAY_2644,62f68f06827b,card,success,,1,247.9
PAY_2645,11569fa788c0,card,success,,1,269.85
PAY_2646,229dd669fdf4,card,failed,otp_failed,1,40.74
PAY_2647,229dd669fdf4,card,failed,otp_failed,2,40.74
PAY_2648,229dd669fdf4,card,failed,bank_decline,3,40.74
PAY_2649,229dd669fdf4,card,failed,timeout,4,40.74
PAY_2650,352f6d378bac,card,success,,1,195.27
PAY_2651,4ab8b3088a4d,card,failed,timeout,1,83.97
PAY_2652,de6d3af70d3d,card,success,,1,118.14
PAY_2653,64952231cb43,card,success,,1,130.08
PAY_2654,1857c8f4dd82,card,success,,1,199.43
PAY_2655,2bbde67b1a66,card,success,,1,96.18
PAY_2656,c9cd1820f32d,card,success,,1,278.14
PAY_2657,9f8e4e3a9f31,card,failed,timeout,1,115.3
PAY_2658,c99d8d090b7a,card,success,,1,46.22
PAY_2659,314c19252658,card,success,,1,506.2
PAY_2660,e8d855803f7c,card,success,,1,131.09
PAY_2661,7cc97a8f833c,card,success,,1,159.24
PAY_2662,9754bc0a1271,card,success,,1,24.86
PAY_2663,69b8ee4fe003,card,success,,1,46.61
PAY_2664,9f0cdf762bc9,card,success,,1,242.33
PAY_2665,462536be1c82,card,success,,1,19.47
PAY_2666,02852ce2af24,card,success,,1,206.57
PAY_2667,2ab4f76936a6,card,success,,1,58.26
PAY_2668,1a5e939b6a83,card,success,,1,278.4
PAY_2669,da45e4133839,card,success,,1,83.91
PAY_2670,3a9d4c6355d5,card,success,,1,106.03
PAY_2671,1508d7ec777e,card,success,,1,231.17
PAY_2672,d5b719466d40,card,success,,1,43.9
PAY_2673,e66df77b3999,card,success,,1,40.68
PAY_2674,18d6ea17b1b9,card,success,,1,76.92
PAY_2675,89fa3d7c4142,card,success,,1,174.47
PAY_2676,0fa60bd0328c,card,success,,1,31.04
PAY_2677,e729f329a654,card,success,,1,23.7
PAY_2678,8053ae9e2ca8,card,success,,1,173.99
PAY_2679,3d503c5ecebf,card,success,,1,55.57
PAY_2680,c20a3fd40a37,card,success,,1,65.77
PAY_2681,e508cf4999c6,card,success,,1,20.38
PAY_2682,9c1e53ece0c9,card,success,,1,52.29
PAY_2683,3e5f6fb3d27f,card,success,,1,89.47
PAY_2684,851223a7f848,card,success,,1,189.48
PAY_2685,945882a1888c,card,success,,1,48.57
PAY_2686,3b48fe9cff03,card,success,,1,338.97
PAY_2687,f51ffc51a6c0,card,success,,1,52.06
PAY_2688,28287f3c582f,card,success,,1,52.12
PAY_2689,34bff62be5df,card,success,,1,307.93
PAY_2690,f5171067b69c,card,success,,1,106.61
PAY_2691,9d02f7cd1ebe,card,success,,1,57.88
PAY_2692,c3e1dd30b792,card,success,,1,79.51
PAY_2693,94748004f941,card,success,,1,265.72
PAY_2694,2989fd11b068,card,success,,1,290.89
PAY_2695,189a953f0940,card,success,,1,46.83
PAY_2696,6304d8f76e47,card,success,,1,87.01
PAY_2697,b6754d3e3201,card,success,,1,96.75
PAY_2698,e2bffb95fce3,card,success,,1,40.9
PAY_2699,d4bd4a11cddf,card,success,,1,86.1
PAY_2700,9059f6055b82,card,success,,1,90.4
PAY_2701,949b6c3c83c4,card,success,,1,224.12
PAY_2702,00a0dcc672e9,card,failed,timeout,1,236.5
PAY_2703,00a0dcc672e9,netbanking,failed,timeout,2,236.5
PAY_2704,00a0dcc672e9,netbanking,failed,timeout,3,236.5
PAY_2705,00a0dcc672e9,netbanking,failed,timeout,4,236.5
PAY_2706,b2a8f8569e55,card,success,,1,69.17
PAY_2707,395a5c44453e,card,success,,1,75.86
PAY_2708,2ad0eaa371db,card,success,,1,153.15
PAY_2709,1528ee92c183,card,success,,1,56.37
PAY_2710,6eee38e17629,card,success,,1,144.16
PAY_2711,6ddb35de6a48,card,success,,1,83.9
PAY_2712,84af1abc39aa,card,success,,1,41.45
PAY_2713,a41d8a88c1e2,card,success,,1,41.87
PAY_2714,fb7b9c4423ff,card,success,,1,286.47
PAY_2715,0e58b3f4e058,card,success,,1,79.43
PAY_2716,80a6b110cbfd,card,success,,1,334.38
PAY_2717,c2d9a2f0d97b,card,success,,1,59.69
PAY_2718,526f378b0dd9,card,success,,1,113.63
PAY_2719,c8b148464c56,card,success,,1,610.42
PAY_2720,06da46cd576d,card,success,,1,38.63
PAY_2721,0a2018afe694,card,success,,1,19.72
PAY_2722,74e034704382,card,success,,1,251.96
PAY_2723,ad3bbfce5a55,card,success,,1,46.46
PAY_2724,9d691a461240,card,success,,1,88.54
PAY_2725,d8b2f54b56c2,card,success,,1,56.33
PAY_2726,4641a432ad43,card,success,,1,111.56
PAY_2727,0ed7d40c45bb,card,success,,1,42.08
PAY_2728,d65cc05c9a86,card,success,,1,129.01
PAY_2729,88d7bd822a38,card,success,,1,40.18
PAY_2730,d437d9957e9e,card,success,,1,51.42
PAY_2731,b1ec5b59a588,card,failed,bank_decline,1,68.18
PAY_2732,b1ec5b59a588,UPI,failed,timeout,2,68.18
PAY_2733,e568f07510e2,card,success,,1,28.7
PAY_2734,a7a8991db503,card,success,,1,64.2
PAY_2735,8fc7e5ad8ad4,card,success,,1,98.99
PAY_2736,87a797bf6d5f,card,success,,1,65.39
PAY_2737,535dabf89153,card,success,,1,72.45
PAY_2738,f8a98decc9b2,card,success,,1,88.6
PAY_2739,a2e090fa3ff6,card,success,,1,53.27
PAY_2740,42e6acaff2c6,card,success,,1,283.95
PAY_2741,ec3cd94180c9,card,success,,1,62.08
PAY_2742,62799fd42a99,card,success,,1,132.71
PAY_2743,346796ac517d,card,success,,1,74.31
PAY_2744,599e4b853d4d,card,success,,1,120.59
PAY_2745,be5153259b05,card,success,,1,315.02
PAY_2746,e901c4665bed,card,success,,1,135.22
PAY_2747,689041456ee8,card,success,,1,21.79
PAY_2748,0ef8124a7849,card,success,,1,129.44
PAY_2749,5f4211c5dd4c,card,success,,1,241.36
PAY_2750,4ea56fb11807,card,success,,1,75.39
PAY_2751,0fc565cd97b8,card,success,,1,199.64
PAY_2752,9ad35bc31b9e,card,success,,1,27.43
PAY_2753,64464c3ef4e0,card,success,,1,100.78
PAY_2754,826e77472ce2,card,success,,1,22.08
PAY_2755,8eee941af1ac,card,failed,otp_failed,1,74.31
PAY_2756,05920bf7c245,card,success,,1,252.01
PAY_2757,9a34bfcf17c2,card,success,,1,32.34
PAY_2758,dd7104c7b9ca,card,success,,1,39.42
PAY_2759,e3ba4109ebda,card,success,,1,85.57
PAY_2760,f3f00e6107eb,card,failed,timeout,1,67.18
PAY_2761,f3f00e6107eb,card,failed,otp_failed,2,67.18
PAY_2762,f3f00e6107eb,card,failed,otp_failed,3,67.18
PAY_2763,f3f00e6107eb,card,failed,timeout,4,67.18
PAY_2764,aa7d40eb9f3a,card,success,,1,275.7
PAY_2765,b3dbdf1d699c,card,success,,1,193.15
PAY_2766,0afda0194da6,card,success,,1,133.78
PAY_2767,f2898e4b24a1,card,success,,1,101.14
PAY_2768,dc42182d12e9,card,success,,1,123.3
PAY_2769,1f6e95e2b8b0,card,success,,1,45.17
PAY_2770,dfb71c55aea6,card,success,,1,178.71
PAY_2771,7a9660262847,card,success,,1,36.98
PAY_2772,e7ba964971db,card,success,,1,175.62
PAY_2773,d8400a05cad3,card,success,,1,232.51
PAY_2774,e6b9fa1fd3e4,card,success,,1,106.56
PAY_2775,22c90db586a0,card,success,,1,78.18
PAY_2776,a9714c24d43c,card,success,,1,124.0
PAY_2777,1d3c8bea29d6,card,failed,timeout,1,9.12
PAY_2778,1d3c8bea29d6,card,failed,timeout,2,9.12
PAY_2779,8961f3202e84,card,success,,1,114.64
PAY_2780,0c19608edea9,card,failed,timeout,1,82.21
PAY_2781,0c19608edea9,card,failed,timeout,2,82.21
PAY_2782,0c19608edea9,card,failed,otp_failed,3,82.21
PAY_2783,0c19608edea9,card,failed,timeout,4,82.21
PAY_2784,92c6798ba2aa,card,success,,1,86.44
PAY_2785,3244cc4139d0,card,success,,1,158.42
PAY_2786,be5d9de91a8c,card,success,,1,84.79
PAY_2787,e24f11fe1e9b,card,success,,1,36.16
PAY_2788,21ed07b5da96,card,success,,1,80.39
PAY_2789,8126b858bae3,card,success,,1,95.02
PAY_2790,9fd5ce54d33e,card,success,,1,98.69
PAY_2791,41016e842535,card,success,,1,102.47
PAY_2792,83fc581009b2,card,success,,1,206.75
PAY_2793,17ce9035331c,card,success,,1,37.76
PAY_2794,02dae3bc0a66,card,success,,1,103.6
PAY_2795,60e678a4c67d,card,success,,1,252.63
PAY_2796,b9351127fd44,card,success,,1,22.47
PAY_2797,b4379a7c61d9,card,success,,1,103.93
PAY_2798,23cb61f2cda4,card,success,,1,56.36
PAY_2799,2d739863823b,card,success,,1,66.92
PAY_2800,5014885261a0,card,success,,1,43.65
PAY_2801,b7faafbfd312,card,success,,1,78.6
PAY_2802,d8fb53aacb44,card,success,,1,32.74
PAY_2803,9775fb0fcfc8,card,success,,1,35.32
PAY_2804,d85a359fc26c,card,success,,1,31.77
PAY_2805,ada95573df0a,card,success,,1,358.5
PAY_2806,a4b18f4b1b60,card,success,,1,62.19
PAY_2807,281bdea17368,card,success,,1,88.19
PAY_2808,ab69fe4df621,card,success,,1,65.22
PAY_2809,ecde7bea3172,card,success,,1,42.29
PAY_2810,5b450b1cf194,card,success,,1,74.58
PAY_2811,ac85c9282c6e,card,failed,timeout,1,643.29
PAY_2812,ac85c9282c6e,card,failed,bank_decline,2,643.29
PAY_2813,ac85c9282c6e,card,failed,timeout,3,643.29
PAY_2814,79343710d9cb,card,success,,1,274.14
PAY_2815,4d433049ee57,card,success,,1,151.12
PAY_2816,fa04a5934d7f,card,success,,1,46.28
PAY_2817,8c61a5e4c6f9,card,success,,1,21.73
PAY_2818,7c578b98270e,card,success,,1,203.49
PAY_2819,4d91514dd2b1,card,success,,1,227.71
PAY_2820,316197a3a98e,card,success,,1,207.86
PAY_2821,ac9a3a75b15c,card,success,,1,61.81
PAY_2822,66cb063503f8,card,success,,1,78.77
PAY_2823,1393d3622d60,card,success,,1,163.99
PAY_2824,1c70791ef44b,card,success,,1,123.12
PAY_2825,588bb8979754,card,success,,1,65.7
PAY_2826,1bb77a9c3cf7,card,success,,1,24.65
PAY_2827,26e846caacf7,card,success,,1,98.6
PAY_2828,c48c49c7d728,card,success,,1,213.41
PAY_2829,f465ed833f65,card,success,,1,34.53
PAY_2830,56957ebdd1cc,card,success,,1,150.06
PAY_2831,30c1c670ddff,card,success,,1,117.36
PAY_2832,a26cc2c4fd6d,card,success,,1,164.04
PAY_2833,34758dfa50e5,card,success,,1,180.83
PAY_2834,5246eed2a842,card,success,,1,51.65
PAY_2835,f0962953b6c2,card,success,,1,24.69
PAY_2836,d2225e68b75c,card,success,,1,58.74
PAY_2837,74cc0da4eb9a,card,success,,1,183.33
PAY_2838,17f72efe1da5,card,success,,1,58.35
PAY_2839,0a6ef7b2c616,card,success,,1,51.66
PAY_2840,687101eb3ebe,card,success,,1,20.97
PAY_2841,20dc7f31904a,card,success,,1,365.81
PAY_2842,3f8aba3ec46a,card,success,,1,174.26
PAY_2843,da62ad5c16d2,card,success,,1,166.65
PAY_2844,0daadd159374,card,success,,1,195.23
PAY_2845,1361a2cff687,card,success,,1,142.79
PAY_2846,c8ba408abc2e,card,success,,1,74.03
PAY_2847,7be1a5f808a8,card,success,,1,78.96
PAY_2848,0474ac629c53,card,success,,1,63.94
PAY_2849,1e3b75cb0907,card,success,,1,740.85
PAY_2850,8ff96d938fe8,card,success,,1,140.43
PAY_2851,225144f5a8c9,card,success,,1,62.11
PAY_2852,2abb013c5b7f,card,success,,1,130.63
PAY_2853,3f56c518b90a,card,success,,1,40.1
PAY_2854,77888196298f,card,success,,1,299.95
PAY_2855,9e444b1cd4d3,card,failed,timeout,1,53.05
PAY_2856,9e444b1cd4d3,card,failed,bank_decline,2,53.05
PAY_2857,9e444b1cd4d3,card,failed,otp_failed,3,53.05
PAY_2858,7517fea397b2,card,success,,1,134.41
PAY_2859,f487ba23f8e8,card,success,,1,211.2
PAY_2860,bae2074ad8d6,card,success,,1,122.46
PAY_2861,89ebbd0c03f0,card,success,,1,97.08
PAY_2862,a7e7fc8d1191,card,success,,1,90.8
PAY_2863,9a27890e9047,card,success,,1,86.04
PAY_2864,49682f9f9d7b,card,failed,bank_decline,1,56.75
PAY_2865,49682f9f9d7b,card,failed,otp_failed,2,56.75
PAY_2866,49682f9f9d7b,card,failed,timeout,3,56.75
PAY_2867,49682f9f9d7b,card,failed,timeout,4,56.75
PAY_2868,bd39bdde6aba,card,success,,1,62.83
PAY_2869,bb5b3ca0473a,card,success,,1,294.03
PAY_2870,68804f777f24,card,success,,1,82.53
PAY_2871,622187b93337,card,success,,1,48.01
PAY_2872,4e4c304dcea7,card,success,,1,59.56
PAY_2873,c3e5236403b9,card,success,,1,217.09
PAY_2874,87d9ab887886,card,success,,1,154.54
PAY_2875,8687dcc8cd32,card,success,,1,140.93
PAY_2876,91f49bfca1e3,card,success,,1,73.26
PAY_2877,ea3ce206974f,card,success,,1,142.41
PAY_2878,5baec48699ef,card,success,,1,73.14
PAY_2879,f77011c30993,card,success,,1,195.56
PAY_2880,8b6a0b966c7b,card,success,,1,181.17
PAY_2881,67c9d4074af1,card,success,,1,41.04
PAY_2882,5e9eecf83e48,card,success,,1,45.4
PAY_2883,8554232e74db,card,success,,1,98.2
PAY_2884,94056312a7c3,card,success,,1,358.13
PAY_2885,975b929bb8e8,card,success,,1,19.44
PAY_2886,454735262930,card,success,,1,112.47
PAY_2887,9b6d9db6f412,card,failed,timeout,1,29.94
PAY_2888,9b6d9db6f412,UPI,failed,timeout,2,29.94
PAY_2889,9b6d9db6f412,UPI,failed,bank_decline,3,29.94
PAY_2890,9b6d9db6f412,UPI,failed,bank_decline,4,29.94
PAY_2891,3e6c9268c1a5,card,success,,1,54.19
PAY_2892,c50bc6ecd2c2,card,success,,1,67.25
PAY_2893,efa2b7092a4d,card,success,,1,64.3
PAY_2894,8233c551d77d,card,success,,1,58.73
PAY_2895,7728441b3c99,card,success,,1,90.54
PAY_2896,e423c99e373a,card,success,,1,58.66
PAY_2897,1c193a8114b8,card,success,,1,27.94
PAY_2898,0fd157971d5b,card,success,,1,167.99
PAY_2899,c6f6a60c70ed,card,success,,1,176.72
PAY_2900,82f93403d6e2,card,failed,timeout,1,26.24
PAY_2901,bf89a436ea30,card,success,,1,114.34
PAY_2902,31ada96f9e43,card,success,,1,154.59
PAY_2903,9ef052c4ab4b,card,success,,1,39.45
PAY_2904,ba4db29ea93d,card,success,,1,90.68
PAY_2905,0769fbad7c6f,card,success,,1,82.02
PAY_2906,1bc4e8112a33,card,success,,1,392.96
PAY_2907,44ead48370b3,card,success,,1,419.72
PAY_2908,8cfc3c20a13c,card,success,,1,23.77
PAY_2909,8db980d40cfa,card,success,,1,661.92
PAY_2910,611dfaf3e7af,card,success,,1,43.29
PAY_2911,7d7adff67248,card,success,,1,197.26
PAY_2912,14c2a70f6cac,card,success,,1,195.66
PAY_2913,e3a2d3887814,card,success,,1,40.59
PAY_2914,520e95298f04,card,success,,1,133.57
PAY_2915,93be8b934921,card,success,,1,82.6
PAY_2916,c6407bcd557a,card,success,,1,140.26
PAY_2917,cdc123dee8c5,card,success,,1,108.26
PAY_2918,d1b80fef3df6,card,success,,1,234.41
PAY_2919,34b15bcd4b12,card,success,,1,95.61
PAY_2920,eca527880c6f,card,failed,timeout,1,78.7
PAY_2921,eca527880c6f,card,failed,otp_failed,2,78.7
PAY_2922,eca527880c6f,card,failed,timeout,3,78.7
PAY_2923,1ce02c51d1dd,card,success,,1,216.34
PAY_2924,a57f889aba00,card,success,,1,143.21
PAY_2925,3c09ef22f3a5,card,success,,1,161.65
PAY_2926,3b9f15b55f7b,card,success,,1,52.9
PAY_2927,8e40b39c00d4,card,success,,1,39.01
PAY_2928,47e157ee8d5e,card,success,,1,57.16
PAY_2929,5bbed508d170,card,success,,1,54.78
PAY_2930,86c800eb7838,card,success,,1,168.84
PAY_2931,9bd666aa6a44,card,success,,1,196.52
PAY_2932,e35e4474c0ec,card,failed,bank_decline,1,79.51
PAY_2933,e35e4474c0ec,card,failed,timeout,2,79.51
PAY_2934,e35e4474c0ec,card,failed,otp_failed,3,79.51
PAY_2935,8b1cbfa658d9,card,success,,1,282.8
PAY_2936,afef08db4f9e,card,success,,1,269.02
PAY_2937,b5404cace752,card,success,,1,109.37
PAY_2938,f2f5c5b9a7c0,card,success,,1,46.64
PAY_2939,7558f8b016a3,card,success,,1,317.44
PAY_2940,cc65100f7484,card,success,,1,85.73
PAY_2941,511f1cb838b8,card,success,,1,99.58
PAY_2942,21b6e3accb6b,card,success,,1,68.6
PAY_2943,9948cf1af71d,card,success,,1,44.18
PAY_2944,c7321b858697,card,success,,1,27.8
PAY_2945,3c853f78bbe3,card,success,,1,149.35
PAY_2946,d2da0fba1f60,card,success,,1,48.1
PAY_2947,2c45afdc9c25,card,success,,1,1040.68
PAY_2948,366ec989455a,card,success,,1,37.76
PAY_2949,f7176b010eb6,card,success,,1,32.92
PAY_2950,46795c229133,card,success,,1,135.38
PAY_2951,42b1b5453962,card,success,,1,305.96
PAY_2952,0e5748d9724f,card,success,,1,94.79
PAY_2953,780911475b63,card,success,,1,142.28
PAY_2954,be9eec3c8d30,card,success,,1,20.6
PAY_2955,2281c1be6e0d,card,success,,1,52.35
PAY_2956,0ab01fa2ddd9,card,success,,1,38.13
PAY_2957,ac78461c6fe3,card,success,,1,19.77
PAY_2958,c6d2eee13199,card,success,,1,98.85
PAY_2959,2355e7d422a0,card,success,,1,14.97
PAY_2960,9a0945db0c1c,card,success,,1,31.26
PAY_2961,b74708a44366,card,success,,1,58.57
PAY_2962,543496738e42,card,success,,1,46.29
PAY_2963,fd43ee66d60b,card,success,,1,123.61
PAY_2964,2a8735a8a51a,card,failed,otp_failed,1,114.95
PAY_2965,2a8735a8a51a,card,failed,otp_failed,2,114.95
PAY_2966,216fea5c0ba8,card,success,,1,184.02
PAY_2967,0870cb25c161,card,success,,1,164.33
PAY_2968,133369451adc,card,failed,timeout,1,224.23
PAY_2969,cb74e2a8a1f8,card,success,,1,114.75
PAY_2970,ee793af0ef98,card,success,,1,135.53
PAY_2971,f8a35fbb7709,card,success,,1,100.82
PAY_2972,dfd944022cd0,card,success,,1,65.51
PAY_2973,7c8f05f02d01,card,success,,1,69.0
PAY_2974,1fa97ca5c96c,card,success,,1,46.8
PAY_2975,d693d41f11e3,card,success,,1,126.13
PAY_2976,745c2ffafe95,card,success,,1,83.5
PAY_2977,87a56db26c74,card,success,,1,52.96
PAY_2978,2c2c095d55d8,card,success,,1,53.0
PAY_2979,fd05b88b9378,card,success,,1,34.18
PAY_2980,41e54126cfb9,card,success,,1,196.97
PAY_2981,e85c6acf0a93,card,success,,1,95.86
PAY_2982,8568b56b0147,card,success,,1,45.14
PAY_2983,d665e10df4ae,card,failed,timeout,1,171.89
PAY_2984,d665e10df4ae,card,failed,bank_decline,2,171.89
PAY_2985,d665e10df4ae,card,failed,timeout,3,171.89
PAY_2986,d665e10df4ae,card,failed,bank_decline,4,171.89
PAY_2987,63cff0925c26,card,failed,timeout,1,57.49
PAY_2988,63cff0925c26,card,failed,timeout,2,57.49
PAY_2989,63cff0925c26,card,failed,timeout,3,57.49
PAY_2990,63cff0925c26,card,failed,otp_failed,4,57.49
PAY_2991,756e7c178434,card,success,,1,29.22
PAY_2992,d59ef9075fa5,card,success,,1,203.77
PAY_2993,ef007080a11b,card,success,,1,58.58
PAY_2994,fbc77c3986f4,card,success,,1,64.9
PAY_2995,c2587d336f69,card,success,,1,93.03
PAY_2996,bfa9a1170e3f,card,success,,1,224.54
PAY_2997,aeb47a2c3418,card,success,,1,91.47
PAY_2998,3fe4d4f6e360,card,success,,1,34.49
PAY_2999,05fd8fd50a51,card,success,,1,139.09
PAY_3000,f2878d2c737a,card,success,,1,61.07
PAY_3001,451be3472f99,card,success,,1,407.62
PAY_3002,b68ece204e78,card,success,,1,89.94
PAY_3003,370e9e63a53d,card,success,,1,15.06
PAY_3004,044c40d1383b,card,success,,1,119.81
PAY_3005,fe79e09b36ff,card,success,,1,426.53
PAY_3006,ccecdbef77ef,card,success,,1,317.58
PAY_3007,fc492a34e794,card,success,,1,389.46
PAY_3008,74e99bf9760f,card,success,,1,39.81
PAY_3009,80770e4e330c,card,success,,1,186.74
PAY_3010,22d8a2a2f50e,card,success,,1,50.52
PAY_3011,a846d302d98b,card,success,,1,107.71
PAY_3012,47eecfb51219,card,success,,1,32.51
PAY_3013,60baa9cd89df,card,success,,1,53.75
PAY_3014,b319f7a7ce5f,card,success,,1,52.41
PAY_3015,f2bef14a6a19,card,success,,1,184.72
PAY_3016,72aff038486c,card,success,,1,170.81
PAY_3017,99fae1243b4d,card,success,,1,112.33
PAY_3018,84cfdaa61936,card,success,,1,30.56
PAY_3019,543592e4b312,card,success,,1,70.15
PAY_3020,94bc0924495e,card,success,,1,49.56
PAY_3021,b28e6ae98216,card,success,,1,180.5
PAY_3022,558f1db5a76f,card,success,,1,231.03
PAY_3023,3961a5c3768c,card,failed,timeout,1,209.58
PAY_3024,f9f08855c2eb,card,success,,1,49.2
PAY_3025,3bd359e8201a,card,success,,1,10.06
PAY_3026,ba3d30ac488f,card,success,,1,21.9
PAY_3027,e704d3ca6e49,card,success,,1,280.7
PAY_3028,2ca2c6e68ab3,card,success,,1,65.3
PAY_3029,74449a0de174,card,success,,1,49.37
PAY_3030,78adb2834ad7,card,success,,1,335.0
PAY_3031,13152b83abc1,card,success,,1,247.68
PAY_3032,eab085429e75,card,success,,1,91.8
PAY_3033,895614aa75c0,card,success,,1,71.18
PAY_3034,48d715d9051b,card,success,,1,80.99
PAY_3035,f0a635fb577d,card,success,,1,107.96
PAY_3036,6ae572b1e7f1,card,success,,1,323.77
PAY_3037,d2cfad6c2e3a,card,success,,1,126.21
PAY_3038,46baead88a45,card,success,,1,160.91
PAY_3039,b7dc8820a7f5,card,success,,1,229.39
PAY_3040,e42ed1b16090,card,success,,1,35.31
PAY_3041,af49124ee12f,card,success,,1,164.66
PAY_3042,52eae929e653,card,success,,1,71.12
PAY_3043,c195853e5c65,card,success,,1,12.03
PAY_3044,91b9c5e91c5f,card,success,,1,16.4
PAY_3045,469d5fc55286,card,success,,1,39.87
PAY_3046,dac0ba948933,card,success,,1,137.69
PAY_3047,b05c04e369b8,card,success,,1,98.6
PAY_3048,8ed4c2242fe6,card,success,,1,104.32
PAY_3049,fe205d0e6409,card,success,,1,428.7
PAY_3050,df39ef79f0cb,card,success,,1,32.61
PAY_3051,65a4f0f4fad8,card,success,,1,88.06
PAY_3052,6238585b3163,card,success,,1,114.84
PAY_3053,42ce5d167811,card,success,,1,49.95
PAY_3054,178b774925d9,card,success,,1,92.08
PAY_3055,acb28e9822d0,card,success,,1,25.03
PAY_3056,1343bfbad5f6,card,success,,1,278.08
PAY_3057,4b5b2cb90512,card,success,,1,52.18
PAY_3058,48aa5fafeee8,card,success,,1,457.2
PAY_3059,04463427ac54,card,success,,1,87.71
PAY_3060,46f0c8358865,card,success,,1,204.88
PAY_3061,fe892d3c862a,card,success,,1,86.26
PAY_3062,8a6a04a306ae,card,success,,1,87.83
PAY_3063,e6e1888e050b,card,success,,1,56.42
PAY_3064,a3bd6394c06e,card,failed,timeout,1,99.02
PAY_3065,a3bd6394c06e,card,failed,bank_decline,2,99.02
PAY_3066,a3bd6394c06e,card,failed,bank_decline,3,99.02
PAY_3067,a285b7773c92,card,success,,1,116.09
PAY_3068,40f7df32457d,card,success,,1,48.07
PAY_3069,003a68cf3626,card,success,,1,81.45
PAY_3070,84f76d79e4b8,card,success,,1,55.25
PAY_3071,c2b375f4232e,card,success,,1,566.64
PAY_3072,2727dc47b47f,card,success,,1,83.78
PAY_3073,b573d6ef6fe4,card,success,,1,309.88
PAY_3074,d80a8d0b2244,card,success,,1,76.98
PAY_3075,c0b32d6c7ae0,card,success,,1,110.77
PAY_3076,92f81bcd2a85,card,success,,1,31.28
PAY_3077,bd9f63d016a2,card,success,,1,62.95
PAY_3078,c8d4a6508dd0,card,success,,1,106.53
PAY_3079,4810c0080df0,card,success,,1,320.15
PAY_3080,fecf4051016e,card,success,,1,107.51
PAY_3081,d83a0a8e2988,card,failed,otp_failed,1,272.32
PAY_3082,d83a0a8e2988,netbanking,failed,timeout,2,272.32
PAY_3083,d83a0a8e2988,netbanking,failed,timeout,3,272.32
PAY_3084,4ea063289fa7,card,success,,1,150.29
PAY_3085,c569a8477a2d,card,success,,1,330.93
PAY_3086,4bd764a1f2cb,card,success,,1,85.86
PAY_3087,32b8d5bf9d42,card,success,,1,609.22
PAY_3088,e678a0f3b813,card,success,,1,61.05
PAY_3089,3d0db03122e6,card,success,,1,48.76
PAY_3090,2162c2e2a3aa,card,success,,1,34.19
PAY_3091,c7b889c09132,card,success,,1,581.04
PAY_3092,816a5a3426fb,card,success,,1,173.39
PAY_3093,6e06cf89f4c5,card,success,,1,68.9
PAY_3094,557acdb881f1,card,success,,1,244.5
PAY_3095,e03a77d9c613,card,success,,1,156.05
PAY_3096,6a494cd2b550,card,success,,1,433.94
PAY_3097,3f5f8aa78ef9,card,success,,1,26.09
PAY_3098,14885361435c,card,success,,1,72.8
PAY_3099,96638f4564de,card,success,,1,62.18
PAY_3100,e43df4f36022,card,success,,1,18.56
PAY_3101,85e098fa4814,card,success,,1,210.24
PAY_3102,8fa1841264db,card,success,,1,72.51
PAY_3103,234097b38b3a,card,success,,1,162.67
PAY_3104,1365808efa24,card,success,,1,594.56
PAY_3105,d4cceb765513,card,success,,1,67.86
PAY_3106,e8915f247329,card,success,,1,64.27
PAY_3107,00a30bb09338,card,success,,1,98.98
PAY_3108,0df15e1d275b,card,success,,1,198.3
PAY_3109,2b26165ac163,card,failed,timeout,1,57.2
PAY_3110,2b26165ac163,card,failed,otp_failed,2,57.2
PAY_3111,2b26165ac163,card,failed,bank_decline,3,57.2
PAY_3112,2b26165ac163,card,failed,timeout,4,57.2
PAY_3113,ba3d67a4b906,card,failed,otp_failed,1,54.34
PAY_3114,ba3d67a4b906,card,failed,bank_decline,2,54.34
PAY_3115,73e38b45c31e,card,success,,1,209.72
PAY_3116,cff30fb6c938,card,success,,1,121.86
PAY_3117,d0b1b6186e74,card,success,,1,17.54
PAY_3118,5eb61629bd46,card,success,,1,33.77
PAY_3119,730403e9dca6,card,success,,1,299.16
PAY_3120,bd6d97e87fb5,card,failed,bank_decline,1,124.16
PAY_3121,bd6d97e87fb5,card,failed,bank_decline,2,124.16
PAY_3122,1637eb7b730a,card,success,,1,48.92
PAY_3123,7a3e7c73a349,card,success,,1,78.55
PAY_3124,7fed0ea75abc,card,success,,1,90.98
PAY_3125,32b9cf16f89f,card,success,,1,162.16
PAY_3126,8e6b41c285bc,card,failed,otp_failed,1,45.94
PAY_3127,8e6b41c285bc,netbanking,failed,bank_decline,2,45.94
PAY_3128,8e6b41c285bc,netbanking,failed,timeout,3,45.94
PAY_3129,8e6b41c285bc,netbanking,failed,timeout,4,45.94
PAY_3130,a7d819e500fd,card,success,,1,83.11
PAY_3131,5ff358b728a8,card,success,,1,142.24
PAY_3132,34be65819ffb,card,success,,1,33.66
PAY_3133,aee719ff04ac,card,success,,1,119.79
PAY_3134,fb19823f0188,card,success,,1,215.57
PAY_3135,f2cb44e37848,card,success,,1,132.88
PAY_3136,66372d910dff,card,success,,1,100.61
PAY_3137,276f262b03f5,card,success,,1,46.16
PAY_3138,279e0f7e6d3f,card,success,,1,84.98
PAY_3139,3fb2724430ce,card,success,,1,246.6
PAY_3140,3346f0e37486,card,success,,1,81.84
PAY_3141,537ee7b452c1,card,success,,1,44.17
PAY_3142,25b179713631,card,success,,1,60.72
PAY_3143,483088baabe7,card,success,,1,105.71
PAY_3144,c0fcc0f45526,card,success,,1,66.77
PAY_3145,c79a6b077a4f,card,success,,1,136.77
PAY_3146,6a6cb05f2f6e,card,success,,1,183.31
PAY_3147,5d33ce250074,card,success,,1,281.14
PAY_3148,19e1d42cb1fd,card,success,,1,199.67
PAY_3149,efa0f21384d3,card,success,,1,42.63
PAY_3150,217d3dd7fe9e,card,success,,1,43.69
PAY_3151,d47060628e6b,card,success,,1,84.72
PAY_3152,d67823616e6e,card,success,,1,62.74
PAY_3153,426c6f56ff3c,card,success,,1,36.21
PAY_3154,6d32b909fc8b,card,success,,1,63.22
PAY_3155,d41537fe7357,card,success,,1,61.58
PAY_3156,db73426e7771,card,success,,1,52.59
PAY_3157,0751cf6090a5,card,success,,1,69.92
PAY_3158,5f9c5bb56726,card,success,,1,231.08
PAY_3159,a5a22e7fccae,card,success,,1,105.57
PAY_3160,3131f569ac59,card,success,,1,650.31
PAY_3161,0d480263ab09,card,success,,1,71.37
PAY_3162,a11f40861140,card,success,,1,90.32
PAY_3163,9a6006daa22a,card,success,,1,110.52
PAY_3164,0934b1ed8b7a,card,success,,1,127.51
PAY_3165,c1adec74f91a,card,success,,1,474.08
PAY_3166,17a8587c211d,card,success,,1,45.78
PAY_3167,a8d8f1e78ed8,card,success,,1,178.97
PAY_3168,86db6dedff75,card,success,,1,106.29
PAY_3169,1d407595ca74,card,success,,1,25.61
PAY_3170,375e852cd670,card,success,,1,166.76
PAY_3171,2980e135ec8e,card,success,,1,248.17
PAY_3172,1d155ed30449,card,success,,1,45.34
PAY_3173,8606a5fddfb4,card,success,,1,89.38
PAY_3174,4fbc90345d58,card,success,,1,22.64
PAY_3175,462e28453f6b,card,success,,1,32.88
PAY_3176,1781c861635e,card,success,,1,208.18
PAY_3177,6d83c0b9b50f,card,success,,1,61.98
PAY_3178,ab28e7f42214,card,success,,1,37.08
PAY_3179,96ad01e08634,card,success,,1,108.16
PAY_3180,1a5d3e416d05,card,success,,1,59.27
PAY_3181,b4febbade345,card,success,,1,61.77
PAY_3182,a32de0b85e96,card,success,,1,162.63
PAY_3183,b5803c23f320,card,success,,1,35.54
PAY_3184,30c0182f37f7,card,success,,1,43.63
PAY_3185,b4b9b78da3f2,card,success,,1,101.83
PAY_3186,7431f1abccab,card,success,,1,195.49
PAY_3187,94b65bcad635,card,success,,1,242.39
PAY_3188,1c6ff83a4021,card,success,,1,52.88
PAY_3189,210ff1e510ea,card,success,,1,190.55
PAY_3190,3945ff0d90e8,card,failed,otp_failed,1,48.07
PAY_3191,101b38236edb,card,success,,1,387.99
PAY_3192,60e7b1b25db8,card,success,,1,36.34
PAY_3193,424a9c8b6760,card,success,,1,260.55
PAY_3194,039fa06faabf,card,success,,1,53.24
PAY_3195,b33f8e02659e,card,success,,1,450.61
PAY_3196,8d106c2874cb,card,success,,1,144.47
PAY_3197,772bf5e1831b,card,success,,1,39.93
PAY_3198,fe5c5371577f,card,success,,1,59.28
PAY_3199,733a383537bf,card,success,,1,168.16
PAY_3200,7039b683be06,card,success,,1,208.95
PAY_3201,b4a218a5571a,card,success,,1,85.07
PAY_3202,390d2c35843d,card,success,,1,93.29
PAY_3203,9cc57bc98eac,card,success,,1,165.12
PAY_3204,046ec2cccf94,card,success,,1,100.03
PAY_3205,30cdaa4e099f,card,success,,1,31.98
PAY_3206,4699b89f5e8e,card,success,,1,46.98
PAY_3207,5a675aec0010,card,success,,1,108.65
PAY_3208,86095aad5713,card,success,,1,238.03
PAY_3209,847831afc24c,card,success,,1,327.93
PAY_3210,dcf96bb7f95c,card,success,,1,167.94
PAY_3211,b99c3d35db85,card,success,,1,113.28
PAY_3212,60cfdd2e4f53,card,success,,1,163.87
PAY_3213,1401752959a5,card,success,,1,52.8
PAY_3214,d61003a2c214,card,success,,1,79.63
PAY_3215,3c19b7a203d9,card,success,,1,46.56
PAY_3216,627fe12778de,card,success,,1,33.15
PAY_3217,f46dd8dc24f9,card,success,,1,117.55
PAY_3218,aa1520a02f99,card,success,,1,104.42
PAY_3219,2b141fb384c2,card,success,,1,156.04
PAY_3220,1fac445237f8,card,success,,1,139.34
PAY_3221,828219f07b36,card,success,,1,109.3
PAY_3222,f267b73fcd32,card,success,,1,140.51
PAY_3223,dc930c775951,card,success,,1,87.0
PAY_3224,bd146f1189aa,card,success,,1,125.25
PAY_3225,4752206335a9,card,success,,1,50.35
PAY_3226,7cc39d6b1f87,card,failed,bank_decline,1,121.0
PAY_3227,7cc39d6b1f87,card,failed,timeout,2,121.0
PAY_3228,7cc39d6b1f87,card,failed,bank_decline,3,121.0
PAY_3229,7cc39d6b1f87,card,failed,otp_failed,4,121.0
PAY_3230,032b02ebc004,card,success,,1,153.66
PAY_3231,8a3472e6b778,card,success,,1,52.68
PAY_3232,7f6a0f5a3240,card,success,,1,93.83
PAY_3233,1313753be747,card,success,,1,54.66
PAY_3234,a59aba954b55,card,success,,1,59.07
PAY_3235,95fa312e7698,card,success,,1,36.6
PAY_3236,daddd0972135,card,success,,1,247.8
PAY_3237,874b0b599b12,card,success,,1,211.15
PAY_3238,68f6022a49be,card,success,,1,138.37
PAY_3239,a62aaa3aadd0,card,success,,1,436.05
PAY_3240,accff2f468a7,card,success,,1,77.37
PAY_3241,f85c3c174768,card,success,,1,1017.81
PAY_3242,7bdf74c621e4,card,success,,1,75.04
PAY_3243,ec047873a97e,card,success,,1,110.4
PAY_3244,2ce651dde90c,card,success,,1,65.48
PAY_3245,0b4078b30813,card,success,,1,121.25
PAY_3246,ed9cb5ca657a,card,success,,1,175.65
PAY_3247,6e83f08e7f34,card,success,,1,82.18
PAY_3248,f13d40df3a9c,card,success,,1,372.92
PAY_3249,a61605388efd,card,success,,1,109.0
PAY_3250,e7ed7b5856f1,card,success,,1,111.76
PAY_3251,5dc85d1725a0,card,success,,1,43.5
PAY_3252,6e69dd663686,card,success,,1,125.81
PAY_3253,897720491551,card,success,,1,80.86
PAY_3254,298fb8db8ab5,card,success,,1,55.34
PAY_3255,5cb73c1795e6,card,success,,1,48.37
PAY_3256,f4a82db5b152,card,success,,1,763.12
PAY_3257,b12cc2e0d3c1,card,success,,1,72.91
PAY_3258,3c76895d57a4,card,success,,1,28.06
PAY_3259,9e288ad425ee,card,success,,1,51.49
PAY_3260,f61db15fe42d,card,success,,1,86.38
PAY_3261,161dbaae7137,card,success,,1,139.4
PAY_3262,dc8e3668a0a0,card,success,,1,140.31
PAY_3263,3be454ffdf24,card,success,,1,154.67
PAY_3264,d4afaac1c987,card,success,,1,53.74
PAY_3265,e443e23e2c43,card,success,,1,118.2
PAY_3266,9ec1279b29af,card,success,,1,44.66
PAY_3267,2720387d53d3,card,success,,1,54.83
PAY_3268,118f4179cb4d,card,success,,1,43.2
PAY_3269,140e13e1c825,card,success,,1,34.79
PAY_3270,26dc4050ba6f,card,success,,1,210.9
PAY_3271,ac232a1a1313,card,success,,1,156.16
PAY_3272,3461feffc888,card,success,,1,196.63
PAY_3273,6a908c62e2cc,card,success,,1,92.89
PAY_3274,e85efe0a0b18,card,success,,1,167.58
PAY_3275,3dc8c68b55eb,card,success,,1,22.0
PAY_3276,12077799bd9e,card,success,,1,179.55
PAY_3277,908b66378336,card,success,,1,103.72
PAY_3278,4f8213befbd7,card,success,,1,148.66
PAY_3279,1491a88fca60,card,success,,1,122.0
PAY_3280,2f515f797bd6,card,success,,1,40.87
PAY_3281,808b65846192,card,success,,1,27.16
PAY_3282,f07f948e2511,card,success,,1,50.93
PAY_3283,040b64f3cca5,card,success,,1,141.45
PAY_3284,3fc0b5fcbcdd,card,success,,1,30.13
PAY_3285,dd775904a968,card,success,,1,41.06
PAY_3286,dcaa149fa3ed,card,success,,1,50.47
PAY_3287,9ff148332705,card,success,,1,67.64
PAY_3288,11d8d67b323d,card,success,,1,30.28
PAY_3289,f893dad26ddb,card,success,,1,28.86
PAY_3290,9eaa0f788ad5,card,success,,1,46.64
PAY_3291,f208f1b4adbc,card,success,,1,96.45
PAY_3292,b14bb8cf257b,card,success,,1,35.01
PAY_3293,d2c4b60ef284,card,success,,1,82.05
PAY_3294,4ba487703d9c,card,success,,1,209.94
PAY_3295,252b79269c59,card,success,,1,76.31
PAY_3296,a9ebeda5a96a,card,success,,1,204.34
PAY_3297,5f35d90afdfd,card,success,,1,64.42
PAY_3298,71e751a8a2e9,card,success,,1,56.89
PAY_3299,50696af50526,card,success,,1,228.33
PAY_3300,1b2b78e76f04,card,success,,1,70.46
PAY_3301,3fb022815adf,card,success,,1,217.8
PAY_3302,9f2e198fde66,card,success,,1,126.87
PAY_3303,6dc2894ca3f7,card,success,,1,68.42
PAY_3304,59635298dc87,card,success,,1,132.13
PAY_3305,2592a995355e,card,failed,timeout,1,116.32
PAY_3306,2592a995355e,card,failed,bank_decline,2,116.32
PAY_3307,2592a995355e,card,failed,bank_decline,3,116.32
PAY_3308,5045067483f6,card,success,,1,203.71
PAY_3309,a893eb0ed0f6,card,success,,1,58.05
PAY_3310,dd1e60b501dc,card,success,,1,93.03
PAY_3311,6ccd47806ea4,card,failed,otp_failed,1,85.69
PAY_3312,6ccd47806ea4,card,failed,timeout,2,85.69
PAY_3313,0c707057bfcc,card,success,,1,158.11
PAY_3314,9fede230ad34,card,success,,1,39.64
PAY_3315,c8fe3ed263af,card,success,,1,203.08
PAY_3316,732c1e905497,card,success,,1,130.72
PAY_3317,e6761ff40812,card,success,,1,31.39
PAY_3318,94d11a8b8719,card,success,,1,236.66
PAY_3319,6f72967b8723,card,success,,1,537.69
PAY_3320,980893764eba,card,success,,1,200.63
PAY_3321,178503cbcd87,card,success,,1,281.91
PAY_3322,70839f6b1d9c,card,success,,1,96.38
PAY_3323,b791cfd75bbd,card,failed,timeout,1,23.83
PAY_3324,b791cfd75bbd,netbanking,failed,bank_decline,2,23.83
PAY_3325,e710dceedb0f,card,success,,1,20.59
PAY_3326,9b099c015735,card,success,,1,110.4
PAY_3327,770b58041379,card,success,,1,56.06
PAY_3328,fe7a60c3cfb6,card,success,,1,43.31
PAY_3329,70e197d84636,card,failed,otp_failed,1,85.61
PAY_3330,70e197d84636,netbanking,failed,bank_decline,2,85.61
PAY_3331,a5b67a39135c,card,success,,1,147.3
PAY_3332,1ecb4f8aa84f,card,success,,1,28.16
PAY_3333,8f299a38c7a3,card,success,,1,62.86
PAY_3334,d2b028041deb,card,success,,1,301.24
PAY_3335,5b75026d362a,card,success,,1,38.08
PAY_3336,c9cd5d17ed35,card,failed,timeout,1,180.51
PAY_3337,c9cd5d17ed35,UPI,failed,timeout,2,180.51
PAY_3338,d13a16096f08,card,success,,1,61.08
PAY_3339,a52d2cfcb57f,card,success,,1,139.3
PAY_3340,50ed3bec4a21,card,success,,1,216.56
PAY_3341,17a4189b21bd,card,success,,1,162.88
PAY_3342,4b7e438f864e,card,success,,1,186.29
PAY_3343,46896d0b45e3,card,success,,1,35.83
PAY_3344,671deb364c4a,card,success,,1,219.41
PAY_3345,766417546ffd,card,success,,1,45.51
PAY_3346,01a746aa6640,card,success,,1,110.79
PAY_3347,d0eab1fa4868,card,success,,1,110.67
PAY_3348,ec0d223ae5aa,card,success,,1,132.7
PAY_3349,d7980fa5181c,card,success,,1,117.87
PAY_3350,9b3896f1e4ee,card,success,,1,45.83
PAY_3351,5eafc106f64f,card,success,,1,30.57
PAY_3352,bbc085894c75,card,success,,1,180.89
PAY_3353,e1d25b4c515a,card,success,,1,104.45
PAY_3354,e6f07cd4f27e,card,success,,1,225.77
PAY_3355,f81c4be52b94,card,success,,1,86.85
PAY_3356,90390a3122ec,card,success,,1,29.25
PAY_3357,0e237ffb097b,card,success,,1,194.98
PAY_3358,da767559f7e3,card,success,,1,66.93
PAY_3359,f8a64991a3a5,card,success,,1,118.34
PAY_3360,98988627baac,card,success,,1,53.63
PAY_3361,319c28645498,card,success,,1,335.44
PAY_3362,1cc92c2702e9,card,success,,1,44.65
PAY_3363,cbd592b2f6d5,card,success,,1,68.72
PAY_3364,999bcae3b64e,card,success,,1,98.1
PAY_3365,9c7d27352939,card,failed,timeout,1,37.57
PAY_3366,9c7d27352939,netbanking,failed,timeout,2,37.57
PAY_3367,9c7d27352939,netbanking,failed,otp_failed,3,37.57
PAY_3368,9c7d27352939,netbanking,failed,otp_failed,4,37.57
PAY_3369,d867b42ffb52,card,success,,1,117.26
PAY_3370,8af5f6f59759,card,success,,1,326.86
PAY_3371,d037c794d4a7,card,failed,otp_failed,1,60.8
PAY_3372,d037c794d4a7,card,failed,otp_failed,2,60.8
PAY_3373,bf6af40a5428,card,success,,1,9.98
PAY_3374,c812bb24fe35,card,success,,1,87.26
PAY_3375,12a09aaf5b01,card,success,,1,70.08
PAY_3376,44417b3452a2,card,success,,1,46.77
PAY_3377,a52b83d7cad5,card,success,,1,213.83
PAY_3378,6315ff82a89a,card,success,,1,69.34
PAY_3379,166a8d784d7f,card,success,,1,78.1
PAY_3380,387dc7ce224b,card,success,,1,19.42
PAY_3381,370cec2bfc35,card,success,,1,36.39
PAY_3382,c06a5796dff3,card,success,,1,194.2
PAY_3383,557141069888,card,success,,1,16.64
PAY_3384,91475ca41c36,card,success,,1,48.76
PAY_3385,89977a988ffa,card,success,,1,65.38
PAY_3386,ec4db02bc2f4,card,success,,1,363.18
PAY_3387,3fd9fea402a4,card,success,,1,166.48
PAY_3388,df9ee936c46f,card,success,,1,57.64
PAY_3389,5772a0676c7d,card,success,,1,255.6
PAY_3390,943479b960cd,card,success,,1,49.78
PAY_3391,ba86c90501f6,card,success,,1,201.8
PAY_3392,e8bd52c20143,card,success,,1,30.35
PAY_3393,e56285688fbb,card,success,,1,212.43
PAY_3394,e752b46138bc,card,success,,1,65.05
PAY_3395,9381af679bfe,card,success,,1,39.54
PAY_3396,cbe0eeed69a8,card,success,,1,75.66
PAY_3397,c54559e3748e,card,success,,1,112.38
PAY_3398,1fde3e4627fc,card,failed,otp_failed,1,60.59
PAY_3399,1fde3e4627fc,UPI,failed,timeout,2,60.59
PAY_3400,a7050ad7c45f,card,success,,1,140.21
PAY_3401,d71f984cdf52,card,success,,1,56.46
PAY_3402,3689571a0124,card,success,,1,147.86
PAY_3403,e43f0f265b93,card,success,,1,128.22
PAY_3404,58bd4b389133,card,success,,1,85.74
PAY_3405,7715475268ff,card,success,,1,63.24
PAY_3406,07dcdf810b4f,card,success,,1,101.62
PAY_3407,eedc6a3b3001,card,success,,1,139.8
PAY_3408,2e20844573bf,card,success,,1,468.45
PAY_3409,3f26d8192de5,card,success,,1,190.86
PAY_3410,ac1e4da2e9a5,card,success,,1,196.53
PAY_3411,bd48a37da2cb,card,success,,1,1065.08
PAY_3412,6270a083491d,card,success,,1,136.02
PAY_3413,3cf19640e060,card,success,,1,132.65
PAY_3414,fd9d6e0320cb,card,success,,1,158.1
PAY_3415,dcc4030c00a4,card,success,,1,40.16
PAY_3416,4b73c968ad78,card,success,,1,60.04
PAY_3417,9095c8711ad9,card,success,,1,151.12
PAY_3418,75a2b8c66bcc,card,success,,1,78.31
PAY_3419,e86f9ba79858,card,success,,1,100.54
PAY_3420,2947b2341bdb,card,success,,1,214.86
PAY_3421,76c0bc7d9715,card,success,,1,79.09
PAY_3422,f5bc64a79e7c,card,success,,1,52.67
PAY_3423,7374830c460f,card,success,,1,223.23
PAY_3424,2fa16df13cc9,card,success,,1,167.19
PAY_3425,e0fbd2583c25,card,success,,1,24.9
PAY_3426,d5240f1c618e,card,success,,1,70.07
PAY_3427,14de8c7ba275,card,success,,1,102.76
PAY_3428,5622c0ee5754,card,success,,1,186.43
PAY_3429,454f20b0a3b5,card,success,,1,112.97
PAY_3430,151074346c76,card,success,,1,143.77
PAY_3431,3505c7016a80,card,success,,1,94.76
PAY_3432,fc13538260ee,card,success,,1,52.51
PAY_3433,9dc280c9b857,card,success,,1,73.04
PAY_3434,4a596720f251,card,success,,1,91.4
PAY_3435,02b87a877f72,card,success,,1,87.55
PAY_3436,a4a6edb24af6,card,success,,1,19.92
PAY_3437,d51d596e0f1d,card,success,,1,65.5
PAY_3438,ca6150f1958d,card,success,,1,94.16
PAY_3439,3ac9dc4cdd21,card,success,,1,71.87
PAY_3440,173865e9a5aa,card,success,,1,73.89
PAY_3441,8fc89472c01d,card,success,,1,37.97
PAY_3442,78888e25bca6,card,success,,1,24.47
PAY_3443,962bc00cf76d,card,success,,1,68.13
PAY_3444,53a7ffa19f19,card,success,,1,165.88
PAY_3445,4e1a0cdd1bbf,card,success,,1,347.25
PAY_3446,7bfafbe9b053,card,success,,1,168.29
PAY_3447,cd1f9426f54d,card,success,,1,27.81
PAY_3448,7931b638c0d6,card,success,,1,74.75
PAY_3449,6525cdde0dde,card,success,,1,110.53
PAY_3450,b6e32d3cba78,card,success,,1,103.76
PAY_3451,929f2502b58d,card,success,,1,43.22
PAY_3452,75f3e70ebbab,card,success,,1,94.82
PAY_3453,55b33c49eb75,card,success,,1,126.0
PAY_3454,87737679b7cd,card,success,,1,174.26
PAY_3455,1e057a522864,card,success,,1,47.25
PAY_3456,873c66460976,card,success,,1,68.3
PAY_3457,88121389921b,card,success,,1,10.35
PAY_3458,76b01e720dc4,card,success,,1,54.75
PAY_3459,ae4c8950d31c,card,success,,1,59.17
PAY_3460,151231926a9f,card,success,,1,39.82
PAY_3461,588228fa2824,card,success,,1,102.77
PAY_3462,cade538c8c9d,card,success,,1,86.08
PAY_3463,ebfeba7b066e,card,success,,1,14.77
PAY_3464,919cfdc8ffe7,card,success,,1,106.95
PAY_3465,e39b7a26fb31,card,failed,timeout,1,42.83
PAY_3466,e39b7a26fb31,netbanking,failed,otp_failed,2,42.83
PAY_3467,e39b7a26fb31,netbanking,failed,timeout,3,42.83
PAY_3468,80c43f094615,card,success,,1,132.76
PAY_3469,61a81419d616,card,success,,1,32.28
PAY_3470,51708704d67b,card,success,,1,92.2
PAY_3471,de0d6af16f96,card,success,,1,71.77
PAY_3472,f2435f3cab21,card,success,,1,114.72
PAY_3473,6cffb99a73f5,card,success,,1,99.46
PAY_3474,1ae100ee07d7,card,success,,1,73.4
PAY_3475,aa3278f7f3b4,card,success,,1,26.34
PAY_3476,15c3028a9f75,card,success,,1,27.61
PAY_3477,a1977434b55c,card,success,,1,56.42
PAY_3478,d253604ef092,card,failed,bank_decline,1,89.42
PAY_3479,d253604ef092,netbanking,failed,bank_decline,2,89.42
PAY_3480,db878374a6c7,card,success,,1,55.33
PAY_3481,01f74a62f8d5,card,success,,1,148.44
PAY_3482,74d24f5fbbeb,card,success,,1,72.0
PAY_3483,3a73cbfee76e,card,success,,1,41.6
PAY_3484,d5375decd9a2,card,success,,1,72.06
PAY_3485,c0fc1e918b7c,card,success,,1,107.84
PAY_3486,dd7a58048c9a,card,success,,1,116.74
PAY_3487,22881ed389fa,card,success,,1,404.52
PAY_3488,23edf01001a6,card,success,,1,52.71
PAY_3489,b48ac9895ef5,card,success,,1,84.88
PAY_3490,e41eff643337,card,success,,1,126.58
PAY_3491,8839976c1ad0,card,success,,1,88.35
PAY_3492,a71fb40e46ea,card,success,,1,60.31
PAY_3493,5ad70ad487bd,card,success,,1,26.07
PAY_3494,538a65ae5465,card,success,,1,59.82
PAY_3495,b6907e814e12,card,success,,1,38.13
PAY_3496,d32d164d0809,card,success,,1,22.62
PAY_3497,ee1cbb6fd136,card,success,,1,47.63
PAY_3498,15fa321c0eb3,card,success,,1,38.95
PAY_3499,9424082a6022,card,success,,1,143.6
PAY_3500,64cdf3563f06,card,success,,1,145.6
PAY_3501,402e256298bb,card,success,,1,43.68
PAY_3502,b4e1a452ec1b,card,success,,1,73.1
PAY_3503,669d2a5c85d8,card,success,,1,20.36
PAY_3504,dfa267d02cb4,card,success,,1,60.61
PAY_3505,8806603e3d2a,card,success,,1,123.86
PAY_3506,3a692ef0143b,card,success,,1,174.16
PAY_3507,599e690022c5,card,success,,1,50.88
PAY_3508,dd4bcbd93ddb,card,success,,1,208.82
PAY_3509,91d4501add33,card,success,,1,26.77
PAY_3510,f4530d2f3ff1,card,success,,1,33.18
PAY_3511,e46ec2370690,card,success,,1,158.81
PAY_3512,a0b5754d214f,card,failed,timeout,1,342.71
PAY_3513,a0b5754d214f,card,failed,timeout,2,342.71
PAY_3514,a0b5754d214f,card,failed,timeout,3,342.71
PAY_3515,a0b5754d214f,card,failed,timeout,4,342.71
PAY_3516,f3628a135e73,card,success,,1,133.59
PAY_3517,6779d746fdc8,card,success,,1,87.16
PAY_3518,138913872d80,card,success,,1,17.85
PAY_3519,63ea29abce81,card,success,,1,99.84
PAY_3520,7feda024140d,card,success,,1,37.16
PAY_3521,b8d6a448b4aa,card,success,,1,94.86
PAY_3522,9d79b018b628,card,success,,1,98.7
PAY_3523,605f75df4bff,card,success,,1,191.62
PAY_3524,daaea2477950,card,success,,1,100.41
PAY_3525,731ae748b271,card,success,,1,240.5
PAY_3526,c5818ad80568,card,failed,otp_failed,1,90.59
PAY_3527,c5818ad80568,card,failed,otp_failed,2,90.59
PAY_3528,246723b31149,card,success,,1,82.08
PAY_3529,26fb75ebe523,card,success,,1,210.91
PAY_3530,cc14841112bc,card,success,,1,41.15
PAY_3531,fc20d2e6b78c,card,success,,1,855.39
PAY_3532,d07c5a04faa7,card,success,,1,122.08
PAY_3533,9e95853e6cc7,card,success,,1,137.01
PAY_3534,005494cc5582,card,success,,1,169.7
PAY_3535,98e1dec4e261,card,success,,1,24.93
PAY_3536,c65d94e872ca,card,success,,1,276.66
PAY_3537,3f0a2b8f2d21,card,failed,otp_failed,1,68.53
PAY_3538,45793f22a36f,card,success,,1,98.07
PAY_3539,8034d8558d86,card,success,,1,137.13
PAY_3540,303121be749a,card,success,,1,53.46
PAY_3541,e7db270cdbc5,card,success,,1,97.53
PAY_3542,09d70caf5243,card,success,,1,419.9
PAY_3543,823efefc1b9f,card,success,,1,439.57
PAY_3544,e1c6a67e928d,card,success,,1,93.43
PAY_3545,8c7420766670,card,success,,1,94.74
PAY_3546,94908cd4cb84,card,success,,1,66.77
PAY_3547,262183264be2,card,success,,1,218.07
PAY_3548,8babb915dab4,card,success,,1,69.19
PAY_3549,555deac98478,card,success,,1,64.26
PAY_3550,f11787676dc2,card,success,,1,196.94
PAY_3551,bec7d0911c5c,card,success,,1,58.52
PAY_3552,3d4786a10173,card,success,,1,87.34
PAY_3553,b268fa1cb3c5,card,success,,1,25.41
PAY_3554,df2b803f3707,card,success,,1,158.12
PAY_3555,52907cfbc377,card,success,,1,425.26
PAY_3556,96dc7c5821d7,card,success,,1,160.29
PAY_3557,843372a8958e,card,success,,1,289.87
PAY_3558,bdbca033ea8a,card,success,,1,45.75
PAY_3559,5dd5a0979bde,card,success,,1,108.75
PAY_3560,bbfceb4018e9,card,success,,1,42.33
PAY_3561,48465f45fd17,card,success,,1,166.96
PAY_3562,60631e4c45dd,card,failed,otp_failed,1,97.66
PAY_3563,60631e4c45dd,UPI,failed,otp_failed,2,97.66
PAY_3564,60631e4c45dd,UPI,failed,timeout,3,97.66
PAY_3565,60631e4c45dd,UPI,failed,bank_decline,4,97.66
PAY_3566,886f6c858fbb,card,success,,1,29.08
PAY_3567,954d3497eb81,card,success,,1,31.44
PAY_3568,b978ea4a75a5,card,success,,1,29.82
PAY_3569,b94977a90e35,card,success,,1,133.37
PAY_3570,5e5ec42b4569,card,success,,1,469.24
PAY_3571,c3424ecdf214,card,success,,1,267.73
PAY_3572,7f83444507ed,card,success,,1,19.75
PAY_3573,7c710540ff9e,card,success,,1,280.58
PAY_3574,f3991b7eb08a,card,success,,1,190.4
PAY_3575,d82ed584a407,card,success,,1,26.15
PAY_3576,77e87aa22ef2,card,success,,1,70.63
PAY_3577,b27502d544c0,card,success,,1,216.25
PAY_3578,13e4eb528189,card,success,,1,139.82
PAY_3579,d7da3951d3a7,card,success,,1,31.59
PAY_3580,3b77494b961a,card,success,,1,146.73
PAY_3581,4c2c32390456,card,success,,1,16.28
PAY_3582,a6442be4065a,card,success,,1,75.32
PAY_3583,05d1b987f7f6,card,success,,1,223.71
PAY_3584,0a702b693dcb,card,success,,1,91.35
PAY_3585,007c1a7184c3,card,failed,timeout,1,60.39
PAY_3586,007c1a7184c3,netbanking,failed,timeout,2,60.39
PAY_3587,007c1a7184c3,netbanking,failed,bank_decline,3,60.39
PAY_3588,a878896689fb,card,success,,1,183.36
PAY_3589,f018c4e93b59,card,success,,1,196.33
PAY_3590,690818eb8193,card,success,,1,256.73
PAY_3591,859eb1fd546c,card,success,,1,181.18
PAY_3592,6b1d1cf0ceea,card,success,,1,213.81
PAY_3593,f7a526f485ab,card,success,,1,161.79
PAY_3594,8bc541804bc5,card,success,,1,111.32
PAY_3595,01889adac057,card,success,,1,96.7
PAY_3596,da863b52c2ae,card,success,,1,74.45
PAY_3597,21a7d79a86ce,card,success,,1,34.13
PAY_3598,ecbc36b40912,card,success,,1,41.92
PAY_3599,6103bb6f3061,card,success,,1,71.84
PAY_3600,8ebe7dc804c2,card,success,,1,109.2
PAY_3601,0cc544d64c33,card,success,,1,87.06
PAY_3602,4f800dd32fa1,card,success,,1,200.89
PAY_3603,e7ba0cd14599,card,success,,1,213.46
PAY_3604,aebb5bb55d1e,card,success,,1,74.8
PAY_3605,2b6a0e7da533,card,success,,1,144.86
PAY_3606,604800118994,card,success,,1,74.08
PAY_3607,dfbde60cbf50,card,success,,1,259.23
PAY_3608,5bf3938c0e2b,card,success,,1,149.71
PAY_3609,64281bfe1287,card,success,,1,34.73
PAY_3610,574ba5b16b5e,card,success,,1,102.43
PAY_3611,bd042aaacbf5,card,success,,1,336.46
PAY_3612,9a581dce9cf8,card,success,,1,77.87
PAY_3613,7277be063fc5,card,success,,1,139.31
PAY_3614,859c5e07b406,card,success,,1,39.28
PAY_3615,048265d8c562,card,success,,1,135.45
PAY_3616,2b6a647b1b09,card,success,,1,29.52
PAY_3617,100a0d1f2805,card,success,,1,54.57
PAY_3618,7816479f4ae1,card,success,,1,119.75
PAY_3619,c31c461a6013,card,success,,1,70.56
PAY_3620,f9fc9c4b3f96,card,success,,1,128.66
PAY_3621,99049baa0577,card,success,,1,85.79
PAY_3622,ffbdd5cbe68d,card,success,,1,90.93
PAY_3623,d976ece9fe3f,card,success,,1,152.24
PAY_3624,075a36823c2e,card,success,,1,50.31
PAY_3625,1d0cc786c58b,card,failed,otp_failed,1,92.97
PAY_3626,1d0cc786c58b,card,failed,timeout,2,92.97
PAY_3627,daf72f0779f7,card,success,,1,70.12
PAY_3628,e270629a5423,card,success,,1,25.32
PAY_3629,318926ec4d16,card,success,,1,43.1
PAY_3630,5872d2c08ee7,card,success,,1,315.63
PAY_3631,cb7921743343,card,success,,1,122.46
PAY_3632,aef40c2d3e8f,card,success,,1,31.22
PAY_3633,3e16095fd00f,card,success,,1,26.25
PAY_3634,2bbb49a9ecfb,card,success,,1,82.29
PAY_3635,9b859050b7ae,card,success,,1,313.86
PAY_3636,476349617c45,card,success,,1,77.52
PAY_3637,ecb42f6503d4,card,success,,1,256.11
PAY_3638,63b4dcaca779,card,failed,otp_failed,1,131.24
PAY_3639,63b4dcaca779,card,failed,otp_failed,2,131.24
PAY_3640,63b4dcaca779,card,failed,timeout,3,131.24
PAY_3641,5095eab848cf,card,success,,1,30.92
PAY_3642,7242705d9247,card,success,,1,190.57
PAY_3643,8655b663f128,card,success,,1,68.86
PAY_3644,2d6a3a522538,card,failed,bank_decline,1,179.55
PAY_3645,2d6a3a522538,card,failed,otp_failed,2,179.55
PAY_3646,6ef307350977,card,success,,1,46.93
PAY_3647,6c7f4c405ebe,card,success,,1,103.71
PAY_3648,384b17ec0245,card,success,,1,119.3
PAY_3649,2a696ca580c1,card,success,,1,79.58
PAY_3650,780f00fc7ed0,card,success,,1,124.42
PAY_3651,f7215b5e26ce,card,success,,1,72.74
PAY_3652,01b47c2a645e,card,success,,1,53.56
PAY_3653,829c7af274d3,card,success,,1,325.18
PAY_3654,431bb4a61eca,card,success,,1,208.34
PAY_3655,ac84f15421a5,card,failed,timeout,1,48.97
PAY_3656,ac84f15421a5,card,failed,timeout,2,48.97
PAY_3657,ac84f15421a5,card,failed,otp_failed,3,48.97
PAY_3658,216eb752287b,card,success,,1,141.85
PAY_3659,ea343cbcaa7d,card,success,,1,49.69
PAY_3660,823a70289770,card,failed,bank_decline,1,34.89
PAY_3661,7d28ddb14106,card,success,,1,205.83
PAY_3662,33aba59ec6c6,card,success,,1,23.03
PAY_3663,8330f1a8447c,card,success,,1,188.95
PAY_3664,9ce60b0956df,card,success,,1,73.54
PAY_3665,4ef5bfe7d55f,card,success,,1,76.0
PAY_3666,4b8670b5cf71,card,success,,1,124.94
PAY_3667,7ad1b40ada63,card,success,,1,143.3
PAY_3668,0916267cc4ae,card,success,,1,46.48
PAY_3669,a5bddda42cbc,card,success,,1,159.84
PAY_3670,285054afed17,card,success,,1,98.56
PAY_3671,f81d53de82e5,card,success,,1,32.96
PAY_3672,65593f0eddaf,card,success,,1,78.58
PAY_3673,706df47feecf,card,success,,1,271.79
PAY_3674,f6725b9e82b8,card,success,,1,344.22
PAY_3675,1ef0897fb940,card,success,,1,159.79
PAY_3676,fd3b78723ed4,card,success,,1,34.73
PAY_3677,2b87cf075113,card,success,,1,133.28
PAY_3678,5c632b21521c,card,success,,1,177.81
PAY_3679,092d9e538003,card,success,,1,160.87
PAY_3680,c1cbe26dfd65,card,success,,1,120.37
PAY_3681,c8efc2ef527f,card,success,,1,84.95
PAY_3682,0898e0efe695,card,success,,1,55.33
PAY_3683,0bfab69dab3d,card,success,,1,19.72
PAY_3684,5f05ebe40183,card,success,,1,118.12
PAY_3685,d125747be7d0,card,success,,1,104.46
PAY_3686,ce58272a61e8,card,success,,1,140.62
PAY_3687,09189137b38a,card,success,,1,30.88
PAY_3688,71925bba5385,card,success,,1,150.81
PAY_3689,588599b0ae7e,card,success,,1,465.74
PAY_3690,1dced861af2a,card,success,,1,95.85
PAY_3691,fd5f556689bf,card,success,,1,85.68
PAY_3692,850e62eb828e,card,success,,1,115.26
PAY_3693,5dd9dba739c3,card,success,,1,457.54
PAY_3694,7b0639a897ee,card,success,,1,39.69
PAY_3695,08fcfc552b1b,card,success,,1,105.91
PAY_3696,2e87dd6f512a,card,failed,bank_decline,1,47.48
PAY_3697,2e87dd6f512a,card,failed,bank_decline,2,47.48
PAY_3698,5b5c9a7a22d1,card,success,,1,58.11
PAY_3699,d8479b09aa37,card,success,,1,86.52
PAY_3700,84e14aa7f80a,card,failed,otp_failed,1,264.5
PAY_3701,84e14aa7f80a,card,failed,bank_decline,2,264.5
PAY_3702,697e27565737,card,success,,1,380.24
PAY_3703,6f66dfdb99c7,card,success,,1,128.83
PAY_3704,6a02882a72b9,card,success,,1,66.6
PAY_3705,e992ef779656,card,success,,1,661.29
PAY_3706,538163acb18f,card,success,,1,63.94
PAY_3707,f9939de0a809,card,success,,1,57.0
PAY_3708,590e2b546a32,card,success,,1,21.76
PAY_3709,90460c35bb71,card,success,,1,275.03
PAY_3710,1df54e4db58b,card,success,,1,195.31
PAY_3711,73f4a8d00352,card,success,,1,622.81
PAY_3712,2e3efc52dfc5,card,failed,otp_failed,1,29.62
PAY_3713,2e3efc52dfc5,card,failed,timeout,2,29.62
PAY_3714,2e3efc52dfc5,card,failed,timeout,3,29.62
PAY_3715,a359b5086dd8,card,success,,1,289.03
PAY_3716,e1cdc9483f08,card,success,,1,95.21
PAY_3717,5ebb92256970,card,success,,1,171.55
PAY_3718,58a580952e0b,card,success,,1,24.09
PAY_3719,e4e0253dbe29,card,success,,1,291.33
PAY_3720,e371ffeebf5e,card,success,,1,168.88
PAY_3721,42b6751b4444,card,success,,1,87.26
PAY_3722,cbf8a8a481bc,card,success,,1,150.82
PAY_3723,b5addcf88c3b,card,success,,1,48.79
PAY_3724,93f6de3676e6,card,failed,timeout,1,56.62
PAY_3725,522848a2d606,card,success,,1,62.13
PAY_3726,1e4e014d61ad,card,success,,1,20.45
PAY_3727,332bcc8370d8,card,success,,1,179.36
PAY_3728,6730fbb73dca,card,success,,1,233.52
PAY_3729,ecdc357ff6b6,card,success,,1,51.36
PAY_3730,e85ad7177446,card,success,,1,118.93
PAY_3731,67a26220895a,card,success,,1,72.79
PAY_3732,778f97b1ac12,card,success,,1,54.49
PAY_3733,54911e21364f,card,success,,1,44.4
PAY_3734,a8b3855c3e57,card,failed,bank_decline,1,208.86
PAY_3735,f367b8dd7139,card,success,,1,85.53
PAY_3736,3808fd4907df,card,success,,1,453.81
PAY_3737,03a749bd7eb7,card,success,,1,93.41
PAY_3738,fd12c93f66b6,card,success,,1,42.91
PAY_3739,e53e2700b3fb,card,success,,1,149.1
PAY_3740,6d7f9aebc7b3,card,success,,1,161.02
PAY_3741,36aa290d7b62,card,success,,1,233.34
PAY_3742,959ce6a2123d,card,success,,1,53.4
PAY_3743,11f0772750b2,card,success,,1,81.3
PAY_3744,e3b6447780f9,card,success,,1,78.48
PAY_3745,ca7e0caf4b4e,card,success,,1,32.05
PAY_3746,942bb57d062f,card,success,,1,72.9
PAY_3747,98b3e563db40,card,success,,1,262.2
PAY_3748,d3c3c7f020a3,card,success,,1,108.84
PAY_3749,be86fd781a3c,card,success,,1,30.67
PAY_3750,d130eb15b6e4,card,success,,1,25.93
PAY_3751,8e66479e4b70,card,success,,1,340.98
PAY_3752,03d4c064989e,card,success,,1,83.74
PAY_3753,d6cde6b48443,card,success,,1,53.63
PAY_3754,128f8f1832e7,card,success,,1,72.3
PAY_3755,e879348232a1,card,success,,1,27.61
PAY_3756,d1535637f57f,card,success,,1,281.03
PAY_3757,6772ec4f5a05,card,success,,1,65.73
PAY_3758,fbc92ad4e8f8,card,success,,1,268.79
PAY_3759,4d01f0f6887f,card,failed,timeout,1,93.81
PAY_3760,4d01f0f6887f,netbanking,failed,otp_failed,2,93.81
PAY_3761,4d01f0f6887f,netbanking,failed,timeout,3,93.81
PAY_3762,4d01f0f6887f,netbanking,failed,otp_failed,4,93.81
PAY_3763,fca942ef4b6f,card,success,,1,282.49
PAY_3764,2d67fc7d59b3,card,success,,1,110.54
PAY_3765,d2409afbcf53,card,success,,1,178.14
PAY_3766,1784d4181ddc,card,success,,1,160.02
PAY_3767,7c803de9beb1,card,success,,1,148.21
PAY_3768,cd3683d8642a,card,success,,1,118.91
PAY_3769,e3534da56cfc,card,failed,bank_decline,1,74.72
PAY_3770,e3534da56cfc,netbanking,failed,bank_decline,2,74.72
PAY_3771,e3534da56cfc,netbanking,failed,otp_failed,3,74.72
PAY_3772,5c2eecbf3031,card,success,,1,416.69
PAY_3773,0bc0871258de,card,success,,1,43.57
PAY_3774,5582e3b75599,card,failed,bank_decline,1,90.33
PAY_3775,3a054691c48b,card,success,,1,91.1
PAY_3776,5951ccbbd70a,card,success,,1,124.21
PAY_3777,c67da64bef80,card,success,,1,115.79
PAY_3778,a504f84b2392,card,success,,1,78.64
PAY_3779,9b7bc6d5be5d,card,success,,1,25.39
PAY_3780,b252a0242894,card,success,,1,90.71
PAY_3781,bd4290d90526,card,success,,1,37.32
PAY_3782,6759bb6318a1,card,success,,1,22.48
PAY_3783,ca3a5caa6ced,card,success,,1,100.43
PAY_3784,84ef524c46c9,card,success,,1,137.19
PAY_3785,4ca4a450fa4c,card,success,,1,141.7
PAY_3786,559c007d2975,card,success,,1,19.18
PAY_3787,f3628bda0bab,card,success,,1,30.3
PAY_3788,201fe5757e3d,card,success,,1,436.51
PAY_3789,bc61dc16bb69,card,success,,1,146.74
PAY_3790,d574416dd63f,card,success,,1,95.94
PAY_3791,2d09f13912ba,card,success,,1,54.24
PAY_3792,3fdb4b8cc364,card,success,,1,141.07
PAY_3793,788339eb2baf,card,success,,1,100.43
PAY_3794,093389225e3b,card,success,,1,62.89
PAY_3795,77fcf4b04aef,card,success,,1,38.86
PAY_3796,94e8010272ba,card,failed,bank_decline,1,111.52
PAY_3797,94e8010272ba,UPI,failed,bank_decline,2,111.52
PAY_3798,71241ee0f229,card,success,,1,34.12
PAY_3799,b9318d1e7414,card,success,,1,126.72
PAY_3800,c3cabf4492e9,card,success,,1,735.97
PAY_3801,9759b0457d85,card,success,,1,265.11
PAY_3802,60e8eb05be64,card,success,,1,159.92
PAY_3803,6e293fd7f62f,card,success,,1,84.06
PAY_3804,87fcae828f67,card,success,,1,19.09
PAY_3805,99aad11bf765,card,success,,1,31.25
PAY_3806,2d8c055f3a80,card,success,,1,251.2
PAY_3807,e7079e235132,card,success,,1,47.86
PAY_3808,27bb0ac31b72,card,success,,1,51.45
PAY_3809,51d2eff5a608,card,success,,1,78.84
PAY_3810,87010823f3e6,card,success,,1,38.49
PAY_3811,9339e5d52e09,card,success,,1,33.74
PAY_3812,8035b8e5a965,card,success,,1,86.45
PAY_3813,a080e3750005,card,success,,1,44.11
PAY_3814,b064b41432e9,card,success,,1,49.76
PAY_3815,867c280be33e,card,success,,1,48.18
PAY_3816,cf4fc2eee1b0,card,success,,1,136.71
PAY_3817,f55959bc9575,card,success,,1,74.76
PAY_3818,a7543da498ab,card,success,,1,78.03
PAY_3819,4d11204da181,card,success,,1,145.12
PAY_3820,a01d981a2f73,card,failed,bank_decline,1,80.35
PAY_3821,db2f2fc0aaee,card,success,,1,72.05
PAY_3822,b767180a60ef,card,success,,1,131.15
PAY_3823,7b753a28c381,card,success,,1,153.63
PAY_3824,b9cbf693579f,card,success,,1,80.03
PAY_3825,1f9e46f6191d,card,success,,1,96.01
PAY_3826,e62f0366d1bc,card,success,,1,48.16
PAY_3827,e3590a45db1a,card,failed,otp_failed,1,45.22
PAY_3828,26e909bdf8b7,card,failed,bank_decline,1,166.55
PAY_3829,26e909bdf8b7,UPI,failed,otp_failed,2,166.55
PAY_3830,53b5922b5e46,card,success,,1,128.5
PAY_3831,4181d2ae081a,card,success,,1,129.57
PAY_3832,99125e991f2d,card,success,,1,112.69
PAY_3833,491c0c9fc3d7,card,success,,1,93.41
PAY_3834,110d2d6aaf6e,card,success,,1,157.14
PAY_3835,d9056f2ba4cc,card,success,,1,190.2
PAY_3836,4e8375b47bf8,card,success,,1,186.6
PAY_3837,975bb00e1bb9,card,success,,1,83.04
PAY_3838,dec0a4eec94d,card,success,,1,273.03
PAY_3839,c58b7348ca4a,card,success,,1,108.07
PAY_3840,cbd35a760f84,card,success,,1,149.29
PAY_3841,380d18e424b5,card,success,,1,112.81
PAY_3842,0694fc295711,card,success,,1,109.68
PAY_3843,67337a33e145,card,success,,1,49.97
PAY_3844,0e904cbe9b74,card,success,,1,157.76
PAY_3845,eabe88e785e5,card,success,,1,876.76
PAY_3846,137004593f55,card,success,,1,66.7
PAY_3847,0508d2235cf0,card,success,,1,95.28
PAY_3848,5499f4a184c9,card,success,,1,62.99
PAY_3849,82f4b62b872b,card,success,,1,60.92
PAY_3850,2cad7eca1ffa,card,success,,1,309.69
PAY_3851,192afd898162,card,success,,1,52.54
PAY_3852,c26631b78b32,card,success,,1,61.6
PAY_3853,0b1c6a9656e1,card,success,,1,25.28
PAY_3854,938bdc0c3393,card,success,,1,49.1
PAY_3855,b8ba441976f2,card,success,,1,22.95
PAY_3856,b4434d660d12,card,success,,1,149.22
PAY_3857,becd214e1a6c,card,success,,1,845.36
PAY_3858,bf4ad079e22d,card,success,,1,67.13
PAY_3859,fd8fe84c825c,card,success,,1,23.73
PAY_3860,1d168927dbaf,card,success,,1,184.93
PAY_3861,45e9907cae07,card,success,,1,50.32
PAY_3862,f91aa993957a,card,success,,1,254.54
PAY_3863,9b3a8e4e8c7d,card,success,,1,71.84
PAY_3864,414d82c12e38,card,failed,bank_decline,1,54.3
PAY_3865,414d82c12e38,card,failed,bank_decline,2,54.3
PAY_3866,414d82c12e38,card,failed,otp_failed,3,54.3
PAY_3867,824962d9f14d,card,failed,otp_failed,1,78.07
PAY_3868,824962d9f14d,netbanking,failed,timeout,2,78.07
PAY_3869,824962d9f14d,netbanking,failed,bank_decline,3,78.07
PAY_3870,824962d9f14d,netbanking,failed,bank_decline,4,78.07
PAY_3871,83e7b2e1ce09,card,success,,1,165.05
PAY_3872,6bf9772c32f5,card,success,,1,75.04
PAY_3873,72eb3779f41a,card,success,,1,60.5
PAY_3874,b3b3bd76d2d2,card,success,,1,76.78
PAY_3875,9d67a290e82c,card,success,,1,32.54
PAY_3876,dc046a8a15a7,card,success,,1,123.67
PAY_3877,d1eb28c99ec9,card,success,,1,21.56
PAY_3878,755b451b653a,card,success,,1,63.1
PAY_3879,f1e2707aa1db,card,success,,1,165.26
PAY_3880,5f374824933b,card,success,,1,114.71
PAY_3881,12c9c54fe204,card,success,,1,144.35
PAY_3882,c8bbdc5b1737,card,success,,1,85.45
PAY_3883,cac4d0ccca1a,card,success,,1,229.48
PAY_3884,ac55bf88f10b,card,success,,1,188.62
PAY_3885,2cc4e30d722e,card,success,,1,128.63
PAY_3886,f335410592c3,card,success,,1,189.05
PAY_3887,83e1a831c89b,card,success,,1,164.08
PAY_3888,be4348dcd8a6,card,success,,1,63.33
PAY_3889,50fe9dd588e1,card,success,,1,30.72
PAY_3890,02f36e8c5a10,card,success,,1,126.0
PAY_3891,f06e7e2405c3,card,success,,1,139.33
PAY_3892,7f7c37879444,card,success,,1,215.37
PAY_3893,5d042f2561e4,card,success,,1,42.56
PAY_3894,ea91971f89e5,card,success,,1,43.59
PAY_3895,058d8af3ef32,card,success,,1,130.05
PAY_3896,e28d876374df,card,success,,1,85.04
PAY_3897,dc1da2e7943d,card,failed,otp_failed,1,19.91
PAY_3898,2a5a66bedcb9,card,success,,1,121.52
PAY_3899,b00832fefb6a,card,success,,1,20.45
PAY_3900,846decf3f72e,card,success,,1,42.26
PAY_3901,57efcb437744,card,success,,1,265.43
PAY_3902,c5eb6dbb1dc4,card,success,,1,387.57
PAY_3903,305b5bcf6116,card,success,,1,34.04
PAY_3904,49842fe7215e,card,success,,1,69.16
PAY_3905,0452acd7fac9,card,success,,1,93.14
PAY_3906,c38df414befd,card,success,,1,374.27
PAY_3907,af356483e25d,card,success,,1,60.69
PAY_3908,1470a4260c14,card,success,,1,61.47
PAY_3909,0e167eeaf56d,card,success,,1,310.75
PAY_3910,0ada65b7f0e6,card,success,,1,66.7
PAY_3911,4f10a1f6b133,card,success,,1,78.49
PAY_3912,1074844de97a,card,success,,1,23.86
PAY_3913,44009364f008,card,success,,1,38.69
PAY_3914,d5e1bb9a376c,card,success,,1,176.15
PAY_3915,37be5f521a59,card,success,,1,86.49
PAY_3916,e52c26101649,card,success,,1,69.74
PAY_3917,6731ff527a8d,card,success,,1,49.45
PAY_3918,799cf4a2bb78,card,success,,1,75.45
PAY_3919,262531522ed3,card,success,,1,114.54
PAY_3920,b87b1891a7bb,card,success,,1,197.62
PAY_3921,def22fe7f2f0,card,success,,1,11.02
PAY_3922,8c7f66e0fab4,card,success,,1,46.27
PAY_3923,71aa45f5910e,card,success,,1,102.24
PAY_3924,35e6cafa73b1,card,success,,1,83.17
PAY_3925,b7f758ae4301,card,success,,1,124.3
PAY_3926,9600912e87fd,card,success,,1,111.5
PAY_3927,6baff4293bcd,card,success,,1,70.53
PAY_3928,e5d499fa3b79,card,success,,1,59.06
PAY_3929,1be78087f8a5,card,success,,1,73.97
PAY_3930,134fe64098d5,card,success,,1,225.65
PAY_3931,1cebe2f32ea6,card,success,,1,50.12
PAY_3932,d875e405d87a,card,failed,timeout,1,85.61
PAY_3933,d875e405d87a,UPI,failed,otp_failed,2,85.61
PAY_3934,d875e405d87a,UPI,failed,timeout,3,85.61
PAY_3935,2801c7c8850f,card,success,,1,104.24
PAY_3936,9ab63f1cdb54,card,success,,1,313.65
PAY_3937,3e2e3f0f2321,card,success,,1,70.79
PAY_3938,8c1ee251af36,card,success,,1,193.84
PAY_3939,c231d6bb6f57,card,success,,1,241.19
PAY_3940,3cc01248a7c7,card,success,,1,85.54
PAY_3941,499201944344,card,success,,1,76.05
PAY_3942,a7436a49defd,card,success,,1,69.18
PAY_3943,f9a5da472d41,card,success,,1,73.36
PAY_3944,b5ae5aa6ed0e,card,success,,1,178.29
PAY_3945,5f96527a3724,card,success,,1,108.29
PAY_3946,9a6ebd9b7ff8,card,success,,1,108.66
PAY_3947,f6f037b05953,card,success,,1,36.59
PAY_3948,8eae66011437,card,success,,1,41.51
PAY_3949,02366dd079b7,card,success,,1,500.07
PAY_3950,23e73c26cbfd,card,success,,1,78.08
PAY_3951,20357817fd80,card,success,,1,48.43
PAY_3952,39e2d7708560,card,success,,1,282.84
PAY_3953,6f4b8f4aa230,card,success,,1,112.78
PAY_3954,a84afc20f366,card,success,,1,142.95
PAY_3955,8e708a6e4a58,card,success,,1,80.61
PAY_3956,6a2b15c28c6a,card,success,,1,69.76
PAY_3957,24457c334dde,card,success,,1,78.6
PAY_3958,6dd2cac2f2ed,card,success,,1,29.78
PAY_3959,8dac86160f79,card,success,,1,83.9
PAY_3960,9a9e68af9d9b,card,success,,1,114.07
PAY_3961,d1feb74108b7,card,success,,1,395.59
PAY_3962,b7cc3a7d6d50,card,success,,1,96.43
PAY_3963,2b7692f55505,card,success,,1,13.91
PAY_3964,b1203f4b5c32,card,success,,1,83.5
PAY_3965,bd1c991a009e,card,success,,1,805.61
PAY_3966,5aecf4d515c3,card,success,,1,180.02
PAY_3967,5de3548abef6,card,success,,1,47.05
PAY_3968,ba3dc2021e62,card,success,,1,144.44
PAY_3969,409aaebab98d,card,success,,1,49.72
PAY_3970,5cd88046f595,card,success,,1,30.48
PAY_3971,c0dd909fec6d,card,success,,1,68.12
PAY_3972,39d95d1b9253,card,success,,1,96.86
PAY_3973,7746b8793b3d,card,success,,1,20.13
PAY_3974,890d774b169f,card,success,,1,35.9
PAY_3975,3c34753c6acb,card,success,,1,90.76
PAY_3976,47b0bc683998,card,success,,1,64.94
PAY_3977,53b60c156342,card,success,,1,123.45
PAY_3978,7690d19ee33c,card,success,,1,34.06
PAY_3979,3345011dd4bb,card,success,,1,159.38
PAY_3980,a8f25fe617e2,card,success,,1,34.92
PAY_3981,0892ef54af9f,card,success,,1,335.02
PAY_3982,315364d8b93c,card,success,,1,22.81
PAY_3983,8ae9b53b697b,card,success,,1,37.56
PAY_3984,9c9c208f1fef,card,success,,1,125.7
PAY_3985,975050f20a4f,card,success,,1,340.83
PAY_3986,1456b8974223,card,success,,1,115.82
PAY_3987,4a0262c9cf8f,card,success,,1,141.22
PAY_3988,5b21f1c764e7,card,success,,1,91.29
PAY_3989,b30806c4038f,card,success,,1,60.82
PAY_3990,11f25667e208,card,success,,1,34.14
PAY_3991,a50c37c7a52a,card,success,,1,32.36
PAY_3992,b9f145b36892,card,success,,1,116.24
PAY_3993,5f6f0df949d1,card,success,,1,31.77
PAY_3994,2a3e00d25b8b,card,success,,1,114.1
PAY_3995,35b4e1b0ddf1,card,success,,1,60.89
PAY_3996,f235d113a60a,card,success,,1,277.35
PAY_3997,b98f18759bdf,card,success,,1,116.63
PAY_3998,466f50dbdb6e,card,success,,1,49.18
PAY_3999,06256a566fca,card,failed,timeout,1,94.15
PAY_4000,8de2962512e6,card,success,,1,41.06
PAY_4001,1789c72cbd1a,card,success,,1,64.66
PAY_4002,8f2fab1b48f2,card,success,,1,72.99
PAY_4003,6a0294d57e5f,card,success,,1,50.37
PAY_4004,00cfa21c0eeb,card,success,,1,34.04
PAY_4005,8e1e25c2da1a,card,success,,1,29.05
PAY_4006,811a1f1a75b0,card,success,,1,38.66
PAY_4007,7113962022d8,card,success,,1,148.71
PAY_4008,566f94a228ee,card,success,,1,25.06
PAY_4009,0bc674e2a56c,card,success,,1,30.13
PAY_4010,b59db50da138,card,success,,1,377.18
PAY_4011,46bb59333e4e,card,success,,1,54.1
PAY_4012,7544653c3ffe,card,success,,1,116.38
PAY_4013,c1743ec0826f,card,success,,1,150.48
PAY_4014,18ec7c37679f,card,success,,1,152.94
PAY_4015,841d0ca6c706,card,success,,1,26.63
PAY_4016,2b705f4bb83c,card,success,,1,74.83
PAY_4017,7ffd9c75bf64,card,success,,1,24.67
PAY_4018,a60816882fce,card,success,,1,637.18
PAY_4019,0700fcf0ab75,card,success,,1,25.13
PAY_4020,ac77e53a645f,card,success,,1,38.93
PAY_4021,339e2b8c39bb,card,success,,1,39.15
PAY_4022,18201c6126ed,card,success,,1,27.19
PAY_4023,a1801a1d3c3f,card,success,,1,265.62
PAY_4024,9c0a53cf2ecf,card,success,,1,625.13
PAY_4025,e4f355f0e371,card,success,,1,61.52
PAY_4026,d31eda782653,card,success,,1,31.3
PAY_4027,a398723d4db0,card,success,,1,15.04
PAY_4028,0b0d226d6d29,card,success,,1,74.05
PAY_4029,b430466c5f1f,card,success,,1,69.89
PAY_4030,f706338fdd5c,card,success,,1,53.46
PAY_4031,af393593df48,card,success,,1,107.46
PAY_4032,7582c6f7be7a,card,success,,1,123.49
PAY_4033,cf72671d584c,card,success,,1,116.57
PAY_4034,fcfa41b6382a,card,success,,1,69.9
PAY_4035,b4c31d3b87d8,card,success,,1,37.29
PAY_4036,76e7bd6aece6,card,success,,1,153.34
PAY_4037,c3541518bd6f,card,success,,1,90.92
PAY_4038,377ffdd99708,card,success,,1,169.37
PAY_4039,99dfdcdb24e9,card,success,,1,28.86
PAY_4040,616d275f8dce,card,success,,1,28.58
PAY_4041,ecd72cba83d1,card,success,,1,49.18
PAY_4042,275c51f8e4a0,card,success,,1,38.67
PAY_4043,fb0dcb8710af,card,success,,1,164.71
PAY_4044,9b0b5cf7be37,card,success,,1,119.23
PAY_4045,14e6e027ee3c,card,success,,1,216.88
PAY_4046,5704ebfca869,card,success,,1,123.62
PAY_4047,d7655dc2bc60,card,success,,1,106.37
PAY_4048,d6dd7fb0e935,card,success,,1,131.08
PAY_4049,8ffd009df889,card,success,,1,95.06
PAY_4050,39af3295edef,card,success,,1,294.23
PAY_4051,5faefc12939b,card,success,,1,98.71
PAY_4052,6a59cfacb3d7,card,success,,1,70.56
PAY_4053,8e61e225216a,card,success,,1,46.05
PAY_4054,3be2423dbff2,card,success,,1,157.97
PAY_4055,8aed4c78c66e,card,success,,1,242.17
PAY_4056,8985d5d409c8,card,failed,timeout,1,86.45
PAY_4057,7d7a75c8014b,card,success,,1,256.3
PAY_4058,553f9950e788,card,success,,1,18.62
PAY_4059,efc71ee5f1bf,card,success,,1,86.11
PAY_4060,b15f8482f7ba,card,failed,timeout,1,87.18
PAY_4061,b15f8482f7ba,card,failed,timeout,2,87.18
PAY_4062,b15f8482f7ba,card,failed,timeout,3,87.18
PAY_4063,b15f8482f7ba,card,failed,otp_failed,4,87.18
PAY_4064,5ad4f6c907c5,card,success,,1,50.32
PAY_4065,4a508c0bd5d8,card,success,,1,606.13
PAY_4066,54aa0786a264,card,success,,1,64.96
PAY_4067,cf740032e5eb,card,success,,1,91.91
PAY_4068,aea470084012,card,success,,1,18.13
PAY_4069,3c5dc4f6da9b,card,success,,1,49.01
PAY_4070,2dfc6402f00e,card,success,,1,197.67
PAY_4071,730cefa2b266,card,success,,1,54.43
PAY_4072,de662a03e766,card,success,,1,46.38
PAY_4073,1f3a56f8d381,card,success,,1,256.63
PAY_4074,dbd9cbb7271a,card,success,,1,263.01
PAY_4075,6f37b6027756,card,success,,1,136.13
PAY_4076,c156a2941210,card,success,,1,62.55
PAY_4077,34cb43e1e7e6,card,success,,1,74.32
PAY_4078,473d59a7dd8a,card,success,,1,47.31
PAY_4079,a3512ffbfdde,card,success,,1,40.62
PAY_4080,1e51bfe2f077,card,success,,1,39.04
PAY_4081,ec6fc09fed1e,card,success,,1,39.34
PAY_4082,765f239b8e95,card,success,,1,25.77
PAY_4083,de897c1c7da5,card,success,,1,107.29
PAY_4084,01ec8dc9452a,card,success,,1,108.6
PAY_4085,bc185013de50,card,success,,1,350.95
PAY_4086,5ec737f1ec79,card,success,,1,52.74
PAY_4087,63da06a4a115,card,success,,1,114.08
PAY_4088,bd9a672b36bc,card,success,,1,115.6
PAY_4089,350dafb2027d,card,success,,1,73.47
PAY_4090,4a7f9a2e20fa,card,success,,1,163.28
PAY_4091,3b503f0dac77,card,success,,1,167.37
PAY_4092,3e64b3227f00,card,success,,1,116.97
PAY_4093,6a15170fe6ca,card,success,,1,73.37
PAY_4094,75c98b6568b7,card,success,,1,67.62
PAY_4095,653b364e062f,card,success,,1,30.14
PAY_4096,36fa7fc00651,card,success,,1,47.24
PAY_4097,a7b0f1602d7a,card,success,,1,54.73
PAY_4098,9dc34ce79a7f,card,success,,1,36.63
PAY_4099,f0948ad023c7,card,success,,1,127.99
PAY_4100,a343d551618e,card,success,,1,234.46
PAY_4101,192d0f13343f,card,success,,1,43.53
PAY_4102,c98711dd41a4,card,success,,1,112.93
PAY_4103,d8c30a50af8f,card,success,,1,39.36
PAY_4104,28d97b23e856,card,success,,1,70.53
PAY_4105,99c7de402019,card,success,,1,145.7
PAY_4106,9538d03dc73b,card,success,,1,52.3
PAY_4107,3c848fc93cf4,card,success,,1,202.21
PAY_4108,41d5494a7b8c,card,success,,1,73.95
PAY_4109,0b1d4dd89c53,card,success,,1,33.03
PAY_4110,de64e536c25f,card,success,,1,110.23
PAY_4111,981645258f81,card,success,,1,184.23
PAY_4112,365b93fc9459,card,success,,1,112.02
PAY_4113,9afaf0beb3aa,card,success,,1,539.73
PAY_4114,7ea6ced3eafb,card,failed,otp_failed,1,282.54
PAY_4115,7ea6ced3eafb,card,failed,timeout,2,282.54
PAY_4116,d971a173abcd,card,success,,1,70.38
PAY_4117,7443ccd9757b,card,success,,1,69.8
PAY_4118,e3f6d4a402e5,card,success,,1,131.07
PAY_4119,c90b3edfd494,card,success,,1,46.04
PAY_4120,52fd1dd4ffbb,card,success,,1,228.84
PAY_4121,5a700eb91607,card,success,,1,120.21
PAY_4122,5d147b665d3f,card,success,,1,110.52
PAY_4123,7a0160dae3bf,card,success,,1,155.95
PAY_4124,a6ac079b4001,card,success,,1,357.19
PAY_4125,2bfd91270041,card,success,,1,103.21
PAY_4126,2ad3a099c29f,card,success,,1,82.23
PAY_4127,a10e8809d5af,card,failed,timeout,1,300.96
PAY_4128,a10e8809d5af,card,failed,bank_decline,2,300.96
PAY_4129,a10e8809d5af,card,failed,timeout,3,300.96
PAY_4130,a10e8809d5af,card,failed,timeout,4,300.96
PAY_4131,3f95f5763576,card,success,,1,195.2
PAY_4132,5f6069fb2658,card,success,,1,69.63
PAY_4133,4d6ae2dbca82,card,success,,1,90.39
PAY_4134,8392d6b7d07d,card,success,,1,105.25
PAY_4135,13259ded595c,card,success,,1,120.24
PAY_4136,08e0b4a0813b,card,success,,1,30.41
PAY_4137,0acbe3f5b8e0,card,failed,bank_decline,1,26.21
PAY_4138,0acbe3f5b8e0,netbanking,failed,bank_decline,2,26.21
PAY_4139,3b49b84e9d7e,card,success,,1,44.26
PAY_4140,bd27904d645a,card,failed,timeout,1,41.6
PAY_4141,bd27904d645a,card,failed,bank_decline,2,41.6
PAY_4142,bd27904d645a,card,failed,bank_decline,3,41.6
PAY_4143,bd27904d645a,card,failed,bank_decline,4,41.6
PAY_4144,fe02cce25ab4,card,success,,1,53.78
PAY_4145,a0c41a8cb320,card,success,,1,78.64
PAY_4146,831698625e88,card,success,,1,105.33
PAY_4147,d528a3139c4d,card,success,,1,33.8
PAY_4148,0196f921d6d2,card,success,,1,62.22
PAY_4149,81de004dff7d,card,success,,1,144.0
PAY_4150,84a4aebf03b9,card,success,,1,144.89
PAY_4151,c63c0fdb882b,card,success,,1,50.42
PAY_4152,6556fbdaee4b,card,success,,1,102.45
PAY_4153,02454841071d,card,success,,1,522.74
PAY_4154,59976c73dc3c,card,success,,1,88.76
PAY_4155,44c90f082222,card,success,,1,51.7
PAY_4156,5f0d77cd631b,card,success,,1,78.33
PAY_4157,ff627be6c7a4,card,success,,1,96.91
PAY_4158,787ba86e9a50,card,success,,1,79.76
PAY_4159,9ad00e439d18,card,success,,1,87.79
PAY_4160,fdec16dd6cc1,card,success,,1,28.37
PAY_4161,d3a596b5eb4f,card,success,,1,41.67
PAY_4162,dd1f7b13f925,card,success,,1,79.88
PAY_4163,a3985c063aa0,card,success,,1,78.87
PAY_4164,48310f2387f6,card,success,,1,57.23
PAY_4165,c0be20f5f289,card,success,,1,78.13
PAY_4166,1fef9252a03a,card,success,,1,94.52
PAY_4167,198dabf3b04d,card,success,,1,183.37
PAY_4168,adcd08738af8,card,success,,1,83.15
PAY_4169,6103ac99d0e2,card,success,,1,58.37
PAY_4170,a9f378e80959,card,success,,1,142.26
PAY_4171,224ee359847f,card,success,,1,121.58
PAY_4172,20fa8091e5fb,card,success,,1,179.95
PAY_4173,f72466bd61bd,card,success,,1,159.3
PAY_4174,7f1ca799fa26,card,success,,1,144.17
PAY_4175,66f3601b7bdc,card,success,,1,83.2
PAY_4176,03e47308e344,card,success,,1,109.5
PAY_4177,22a5d1773c8c,card,success,,1,210.78
PAY_4178,57a96b711f1a,card,failed,bank_decline,1,53.43
PAY_4179,57a96b711f1a,UPI,failed,timeout,2,53.43
PAY_4180,57a96b711f1a,UPI,failed,bank_decline,3,53.43
PAY_4181,57a96b711f1a,UPI,failed,bank_decline,4,53.43
PAY_4182,b8c4095cd0ec,card,success,,1,54.45
PAY_4183,eb05f41a74e9,card,success,,1,104.08
PAY_4184,6122396fc33d,card,success,,1,125.49
PAY_4185,a90738933e2a,card,success,,1,46.56
PAY_4186,03020701d758,card,success,,1,83.5
PAY_4187,5f413b2e2082,card,success,,1,15.3
PAY_4188,96692eef9541,card,success,,1,75.51
PAY_4189,0a38ce26fc68,card,success,,1,79.37
PAY_4190,1a84d89def0d,card,success,,1,79.18
PAY_4191,1fb43fa355a5,card,success,,1,279.42
PAY_4192,eb473d4ceb87,card,success,,1,34.03
PAY_4193,cd9c0cf234a6,card,success,,1,46.54
PAY_4194,28e4ed0bd729,card,success,,1,11.14
PAY_4195,4f68692989b9,card,success,,1,61.27
PAY_4196,9ef673f70596,card,success,,1,65.59
PAY_4197,288177ece290,card,success,,1,59.86
PAY_4198,0591e82239bb,card,success,,1,218.36
PAY_4199,f73afce2e117,card,success,,1,179.2
PAY_4200,91df657de4ee,card,success,,1,95.8
PAY_4201,464fee6e065f,card,success,,1,66.92
PAY_4202,38cffa08647e,card,success,,1,204.58
PAY_4203,09e2bcc04cf4,card,success,,1,88.61
PAY_4204,9a323996a568,card,success,,1,46.78
PAY_4205,2b09997d6ffa,card,failed,otp_failed,1,63.24
PAY_4206,2b09997d6ffa,card,failed,otp_failed,2,63.24
PAY_4207,2b09997d6ffa,card,failed,bank_decline,3,63.24
PAY_4208,2b09997d6ffa,card,failed,otp_failed,4,63.24
PAY_4209,46925e41f641,card,success,,1,164.63
PAY_4210,8856c13e349b,card,success,,1,556.26
PAY_4211,18db5bc23a67,card,success,,1,94.57
PAY_4212,724f3f4e727b,card,success,,1,48.8
PAY_4213,9739af242c62,card,success,,1,34.88
PAY_4214,0512322d5f9e,card,success,,1,139.99
PAY_4215,7f113aa808d0,card,success,,1,21.94
PAY_4216,d01ecba1339e,card,success,,1,139.81
PAY_4217,998c48894c8f,card,success,,1,173.15
PAY_4218,24e83177c186,card,success,,1,127.62
PAY_4219,b8cb1280db28,card,success,,1,75.51
PAY_4220,c553c62b3b79,card,success,,1,141.45
PAY_4221,8080feb4409c,card,success,,1,103.21
PAY_4222,11804518aafb,card,success,,1,48.3
PAY_4223,644c182cbadd,card,success,,1,395.57
PAY_4224,512e417628ab,card,success,,1,67.94
PAY_4225,927ff35860c3,card,success,,1,167.44
PAY_4226,01384cfd0d31,card,success,,1,13.0
PAY_4227,6725bab57f93,card,success,,1,249.93
PAY_4228,01c2e0fccbe9,card,success,,1,291.49
PAY_4229,5716c6156d46,card,success,,1,92.19
PAY_4230,26c4a3bda658,card,success,,1,140.73
PAY_4231,a724dd406118,card,success,,1,53.83
PAY_4232,72e20cfb5040,card,success,,1,139.45
PAY_4233,8fbcc610f67a,card,success,,1,47.14
PAY_4234,5bf7a8ee82ee,card,success,,1,55.31
PAY_4235,b1948afb1a5d,card,success,,1,221.75
PAY_4236,29c88aa0e30d,card,success,,1,196.32
PAY_4237,baee3b65a87b,card,success,,1,51.16
PAY_4238,23affa07d190,card,success,,1,50.06
PAY_4239,f63b0e9acf3b,card,success,,1,53.71
PAY_4240,8f568abf7d05,card,success,,1,161.76
PAY_4241,db19777beb81,card,success,,1,119.75
PAY_4242,d9258c92a0d8,card,success,,1,163.61
PAY_4243,9bb8e5f5b55b,card,success,,1,83.88
PAY_4244,3ab17bb2e592,card,success,,1,201.96
PAY_4245,e03967375bb8,card,success,,1,70.57
PAY_4246,01e8e33f3b63,card,failed,timeout,1,75.86
PAY_4247,01e8e33f3b63,card,failed,otp_failed,2,75.86
PAY_4248,72daa3844bbb,card,success,,1,41.19
PAY_4249,35d2cacce55f,card,success,,1,203.11
PAY_4250,392071021f18,card,success,,1,48.75
PAY_4251,4b4e6d6c07c7,card,success,,1,119.08
PAY_4252,ae97c810c1b7,card,success,,1,85.03
PAY_4253,3c4f4d5e5153,card,success,,1,38.77
PAY_4254,cde94d9b0832,card,success,,1,55.3
PAY_4255,213802c84943,card,success,,1,272.13
PAY_4256,19ce9c9a6dba,card,success,,1,105.78
PAY_4257,cb710b72afb7,card,success,,1,40.15
PAY_4258,4f5698a324ae,card,success,,1,114.92
PAY_4259,5c1908abf499,card,success,,1,80.09
PAY_4260,0f7c8ac10453,card,success,,1,1426.87
PAY_4261,8d36a8571c57,card,success,,1,113.08
PAY_4262,2c561bf9f76c,card,success,,1,66.39
PAY_4263,0fea2c0adcc9,card,success,,1,280.35
PAY_4264,be6a9079d27e,card,failed,otp_failed,1,20.64
PAY_4265,be6a9079d27e,netbanking,failed,otp_failed,2,20.64
PAY_4266,22cab33e3056,card,failed,bank_decline,1,97.07
PAY_4267,22cab33e3056,card,failed,otp_failed,2,97.07
PAY_4268,22cab33e3056,card,failed,bank_decline,3,97.07
PAY_4269,833f34ff2dc9,card,failed,bank_decline,1,443.87
PAY_4270,833f34ff2dc9,card,failed,otp_failed,2,443.87
PAY_4271,833f34ff2dc9,card,failed,otp_failed,3,443.87
PAY_4272,56415a4a0ba8,card,success,,1,82.03
PAY_4273,cd06470be9a7,card,success,,1,22.5
PAY_4274,494dc683fff4,card,success,,1,65.58
PAY_4275,79f3c3ae4537,card,success,,1,288.19
PAY_4276,f983692ba4e0,card,success,,1,46.01
PAY_4277,af80137c2a1e,card,success,,1,52.03
PAY_4278,2c38dec3630c,card,success,,1,57.53
PAY_4279,cdb8b3428d8d,card,success,,1,120.18
PAY_4280,de852fdcad79,card,success,,1,262.58
PAY_4281,ecb3540d2a8b,card,success,,1,208.92
PAY_4282,536958d5b2ad,card,success,,1,129.65
PAY_4283,799f42e62d0b,card,success,,1,31.02
PAY_4284,4a86129005fd,card,failed,timeout,1,31.11
PAY_4285,4a86129005fd,UPI,failed,otp_failed,2,31.11
PAY_4286,4a86129005fd,UPI,failed,otp_failed,3,31.11
PAY_4287,4a86129005fd,UPI,failed,timeout,4,31.11
PAY_4288,a353decaa09a,card,success,,1,137.91
PAY_4289,b79a4c17df3d,card,success,,1,30.68
PAY_4290,1be6e97640b8,card,failed,otp_failed,1,75.15
PAY_4291,1be6e97640b8,card,failed,bank_decline,2,75.15
PAY_4292,1be6e97640b8,card,failed,timeout,3,75.15
PAY_4293,1be6e97640b8,card,failed,otp_failed,4,75.15
PAY_4294,5c1155fb2ddd,card,success,,1,114.81
PAY_4295,881c212e3367,card,success,,1,39.67
PAY_4296,0edc2b3e4e8b,card,success,,1,83.49
PAY_4297,030bf7fc5fc5,card,success,,1,134.68
PAY_4298,bd314219d135,card,success,,1,210.44
PAY_4299,d1c7b4922502,card,success,,1,146.3
PAY_4300,2f20d72b54ba,card,success,,1,95.48
PAY_4301,c0c890a96afe,card,success,,1,49.55
PAY_4302,d480f05ce605,card,success,,1,38.22
PAY_4303,272bb6b217d1,card,success,,1,59.82
PAY_4304,2e21ce839771,card,success,,1,124.95
PAY_4305,c61a46b9d138,card,success,,1,117.84
PAY_4306,57ecfdd68701,card,success,,1,16.78
PAY_4307,18d78c4911a1,card,failed,otp_failed,1,48.01
PAY_4308,a02b9218a992,card,success,,1,235.95
PAY_4309,38d1c8178d01,card,success,,1,95.91
PAY_4310,baea85af74d1,card,success,,1,28.97
PAY_4311,ddf847e6e376,card,success,,1,592.68
PAY_4312,5f9259b18449,card,success,,1,87.96
PAY_4313,409eb3c51db1,card,success,,1,122.42
PAY_4314,4f04362a1aff,card,success,,1,123.92
PAY_4315,ce1ae1c92540,card,success,,1,67.08
PAY_4316,420c10c8b2f8,card,success,,1,50.3
PAY_4317,125a66d664a6,card,success,,1,491.44
PAY_4318,827032d197f2,card,success,,1,200.85
PAY_4319,0b7df0219c8e,card,success,,1,173.74
PAY_4320,86755db57ef5,card,success,,1,142.74
PAY_4321,5a245c9f8c12,card,success,,1,40.34
PAY_4322,2002b0bfdc94,card,success,,1,250.14
PAY_4323,fa791faa2f71,card,success,,1,45.86
PAY_4324,b3fbf4bf3eff,card,success,,1,112.91
PAY_4325,0f4448a20f34,card,success,,1,24.25
PAY_4326,edfaf073b111,card,success,,1,17.59
PAY_4327,dc38bc59e1e8,card,success,,1,116.12
PAY_4328,e812c2eb0d67,card,success,,1,47.12
PAY_4329,3e74195d7e8e,card,success,,1,18.33
PAY_4330,d19df5ff2795,card,success,,1,138.72
PAY_4331,f6e781541be9,card,success,,1,490.81
PAY_4332,bffd63f44af9,card,success,,1,273.59
PAY_4333,361709024301,card,success,,1,73.27
PAY_4334,aafc7019b548,card,success,,1,220.9
PAY_4335,7c64ed2510f4,card,success,,1,68.39
PAY_4336,1d6a03f11a9a,card,success,,1,92.51
PAY_4337,8d881e242022,card,success,,1,114.49
PAY_4338,56b6b94cc514,card,success,,1,140.2
PAY_4339,ee7f9a77d314,card,success,,1,80.93
PAY_4340,08ac366526f5,card,success,,1,81.77
PAY_4341,f22c412a0ec7,card,success,,1,271.47
PAY_4342,9d49e201e26f,card,success,,1,236.89
PAY_4343,e6098eb14875,card,success,,1,131.88
PAY_4344,16f572cf4ad1,card,success,,1,356.13
PAY_4345,b1da06e8d0bc,card,success,,1,66.08
PAY_4346,534e20b11288,card,success,,1,329.76
PAY_4347,848c929b640e,card,success,,1,138.94
PAY_4348,b324de729828,card,success,,1,1232.53
PAY_4349,7c8594a2c9cb,card,success,,1,34.67
PAY_4350,b821eccb2dbf,card,success,,1,51.86
PAY_4351,d6fd033e63bc,card,success,,1,125.84
PAY_4352,74273df2fcc8,card,success,,1,428.42
PAY_4353,31a89522de04,card,success,,1,52.74
PAY_4354,a4abc21fde3a,card,success,,1,185.66
PAY_4355,314739d71935,card,success,,1,228.14
PAY_4356,376dc0c81f67,card,success,,1,158.18
PAY_4357,2360106af89e,card,success,,1,41.73
PAY_4358,e1bc33612489,card,success,,1,277.61
PAY_4359,626fb8910bd5,card,success,,1,240.68
PAY_4360,92130c715369,card,success,,1,145.43
PAY_4361,66c17b2ffb53,card,success,,1,106.0
PAY_4362,d60878565fce,card,success,,1,107.87
PAY_4363,e7fbf583dfa8,card,success,,1,84.52
PAY_4364,f8c73563d8ad,card,success,,1,150.3
PAY_4365,6cd8dd436b21,card,success,,1,92.29
PAY_4366,e58b0ccafc93,card,success,,1,45.66
PAY_4367,47d1d914048f,card,success,,1,38.91
PAY_4368,a65798253ede,card,success,,1,49.32
PAY_4369,510302eede51,card,success,,1,107.52
PAY_4370,c8b43504b6cd,card,success,,1,88.1
PAY_4371,62a0d47f5bdd,card,success,,1,106.94
PAY_4372,c97be416ea82,card,success,,1,134.38
PAY_4373,7a4fe710426a,card,success,,1,54.5
PAY_4374,b1d58816f0a2,card,success,,1,290.77
PAY_4375,730ca27439fa,card,success,,1,72.66
PAY_4376,62146571f2e0,card,success,,1,63.64
PAY_4377,8ba9d6dd3d20,card,success,,1,132.41
PAY_4378,54c0153f93de,card,success,,1,20.71
PAY_4379,458a07c9f09b,card,success,,1,47.83
PAY_4380,bb7602ec82e8,card,success,,1,22.42
PAY_4381,ef9121c2fa91,card,success,,1,220.1
PAY_4382,2da639edebf2,card,success,,1,301.54
PAY_4383,ec0a0808c3d8,card,success,,1,66.98
PAY_4384,a627273562f3,card,success,,1,113.69
PAY_4385,f840b11f8fec,card,success,,1,220.36
PAY_4386,4a69a45738bf,card,success,,1,61.96
PAY_4387,cdd82506721e,card,success,,1,180.23
PAY_4388,83f3af90252f,card,success,,1,52.62
PAY_4389,e8ed069f7fea,card,success,,1,61.43
PAY_4390,3ee7ab85b43b,card,success,,1,47.49
PAY_4391,dbea94ee0077,card,success,,1,118.41
PAY_4392,42119fc3bb97,card,success,,1,227.32
PAY_4393,153d6d6cb6bb,card,success,,1,77.69
PAY_4394,d57048c90762,card,success,,1,32.56
PAY_4395,0f6d5927cdf6,card,success,,1,37.86
PAY_4396,ea02fa163728,card,success,,1,393.58
PAY_4397,14442ee697d3,card,success,,1,123.34
PAY_4398,cc8d2ec4ad7b,card,success,,1,66.05
PAY_4399,29e8dd4489e8,card,failed,timeout,1,166.16
PAY_4400,29e8dd4489e8,card,failed,bank_decline,2,166.16
PAY_4401,d299e9aa8d9c,card,success,,1,74.32
PAY_4402,406a46b65959,card,success,,1,66.51
PAY_4403,62fb7c399803,card,success,,1,41.81
PAY_4404,a3e4af621385,card,success,,1,277.76
PAY_4405,fa7eee3d405b,card,success,,1,11.81
PAY_4406,68ccc49ab7eb,card,success,,1,170.42
PAY_4407,1acc063a8696,card,success,,1,62.12
PAY_4408,7add2b69740b,card,success,,1,64.83
PAY_4409,8ffc7a43a02c,card,success,,1,348.57
PAY_4410,3907f2136a2a,card,success,,1,50.84
PAY_4411,b23506b1848b,card,success,,1,52.25
PAY_4412,a8479e814130,card,success,,1,81.1
PAY_4413,ba5e17e24580,card,success,,1,125.35
PAY_4414,a5b45868c823,card,success,,1,63.21
PAY_4415,14885aa1b004,card,success,,1,25.56
PAY_4416,cafea356639f,card,success,,1,45.04
PAY_4417,f15afed39caa,card,success,,1,250.9
PAY_4418,da92ea51bf13,card,success,,1,95.57
PAY_4419,77bfa70cc174,card,success,,1,129.14
PAY_4420,74c65fa3209c,card,success,,1,73.03
PAY_4421,423e48ebc35f,card,success,,1,53.11
PAY_4422,b1de4fd52e4d,card,success,,1,344.49
PAY_4423,90d7a71f6896,card,success,,1,77.44
PAY_4424,086410f45c26,card,success,,1,63.14
PAY_4425,9421800a0442,card,success,,1,50.51
PAY_4426,39538c32abcf,card,success,,1,55.94
PAY_4427,2722c2005818,card,success,,1,90.76
PAY_4428,6804e6f8855e,card,success,,1,90.04
PAY_4429,dc148293b2ec,card,failed,timeout,1,110.8
PAY_4430,dc148293b2ec,card,failed,bank_decline,2,110.8
PAY_4431,dc148293b2ec,card,failed,timeout,3,110.8
PAY_4432,6f746c269454,card,success,,1,479.78
PAY_4433,69f422b252f6,card,success,,1,117.8
PAY_4434,2f91bebf71c9,card,success,,1,13.43
PAY_4435,adc21b15564a,card,success,,1,116.87
PAY_4436,df98dbf8ab44,card,success,,1,92.79
PAY_4437,ec7f43225ab7,card,success,,1,93.2
PAY_4438,cc33e5eafe44,card,success,,1,109.59
PAY_4439,6bb82350ea4d,card,success,,1,87.98
PAY_4440,0af01908e3bf,card,success,,1,86.31
PAY_4441,5c558614489b,card,success,,1,147.0
PAY_4442,8b2be794d07d,card,success,,1,58.34
PAY_4443,0f1bb670e9b7,card,success,,1,42.18
PAY_4444,61b402111a7f,card,success,,1,1011.33
PAY_4445,84cd4dc14d8a,card,success,,1,50.77
PAY_4446,f37ca455e360,card,success,,1,97.53
PAY_4447,1c46ac2e921f,card,success,,1,27.21
PAY_4448,cc1ce1aa5d70,card,success,,1,98.81
PAY_4449,bf4f2351701d,card,success,,1,42.67
PAY_4450,fd254344dfc4,card,success,,1,63.18
PAY_4451,b61f5638c091,card,failed,bank_decline,1,207.69
PAY_4452,406559f970a6,card,success,,1,131.32
PAY_4453,9deac92b7364,card,success,,1,141.84
PAY_4454,00d51f496d24,card,success,,1,21.82
PAY_4455,7a597b595395,card,success,,1,391.32
PAY_4456,193a4ba097c3,card,success,,1,34.69
PAY_4457,82d0e44b5a03,card,success,,1,305.77
PAY_4458,5e8f6483e644,card,success,,1,203.82
PAY_4459,3a4c490f848f,card,success,,1,142.86
PAY_4460,2e8ab55ae715,card,success,,1,45.42
PAY_4461,ae0a8e8bebdd,card,success,,1,101.62
PAY_4462,92cb0e29b581,card,success,,1,61.76
PAY_4463,d6162d8b6ea2,card,success,,1,92.13
PAY_4464,7533310a89f2,card,success,,1,73.71
PAY_4465,9d274c31adc6,card,success,,1,220.84
PAY_4466,a58c2ec13649,card,success,,1,84.36
PAY_4467,45d00558d8f1,card,success,,1,61.08
PAY_4468,3434e75d3829,card,success,,1,119.91
PAY_4469,13ad2a80ccc6,card,success,,1,44.04
PAY_4470,b9ed01f74461,card,success,,1,14.82
PAY_4471,b0be02863b94,card,success,,1,124.67
PAY_4472,5e24b59bef11,card,success,,1,136.36
PAY_4473,236d407289d3,card,success,,1,76.73
PAY_4474,3c48d76a637f,card,success,,1,35.93
PAY_4475,463eecf48686,card,success,,1,27.89
PAY_4476,c771454df639,card,success,,1,39.58
PAY_4477,b6e8c31fd54a,card,success,,1,49.37
PAY_4478,a548674a3297,card,success,,1,176.82
PAY_4479,83484fdeadb3,card,failed,timeout,1,67.35
PAY_4480,83484fdeadb3,UPI,failed,otp_failed,2,67.35
PAY_4481,83484fdeadb3,UPI,failed,otp_failed,3,67.35
PAY_4482,832c0b58bd2d,card,success,,1,62.91
PAY_4483,1d9e12931d56,card,success,,1,429.99
PAY_4484,833360d17569,card,success,,1,119.34
PAY_4485,dc03bee5accd,card,success,,1,118.06
PAY_4486,0a789b808587,card,success,,1,66.97
PAY_4487,b9404cf481ba,card,success,,1,55.86
PAY_4488,50ab53de27b6,card,success,,1,15.66
PAY_4489,09143a39af96,card,success,,1,195.39
PAY_4490,f2fed1732161,card,success,,1,128.85
PAY_4491,ac1bb9e2a14c,card,success,,1,78.0
PAY_4492,e8371a288c7a,card,success,,1,80.66
PAY_4493,cde541b5fa0b,card,success,,1,162.21
PAY_4494,6e42c4bd436a,card,success,,1,25.95
PAY_4495,4061dac82f23,card,success,,1,56.15
PAY_4496,b4da2a2cf183,card,success,,1,371.37
PAY_4497,336f5c6ff7dd,card,success,,1,181.37
PAY_4498,4a68bae928c3,card,success,,1,15.45
PAY_4499,f8d84c7a9859,card,success,,1,26.82
PAY_4500,71dddde3375d,card,success,,1,80.97
PAY_4501,c01c54d8d633,card,success,,1,61.69
PAY_4502,79e7a9ff226c,card,success,,1,31.2
PAY_4503,d0b41030d9c1,card,success,,1,115.59
PAY_4504,4bbfac7620e1,card,success,,1,131.61
PAY_4505,3a80f3c49384,card,success,,1,51.75
PAY_4506,a741d0344cea,card,success,,1,160.42
PAY_4507,e9a2fd26c0ec,card,success,,1,66.4
PAY_4508,4f43c202e04c,card,success,,1,71.76
PAY_4509,9d84bfb1e3cb,card,success,,1,146.76
PAY_4510,d2272b57d2c8,card,failed,otp_failed,1,24.45
PAY_4511,d2272b57d2c8,card,failed,otp_failed,2,24.45
PAY_4512,d2272b57d2c8,card,failed,bank_decline,3,24.45
PAY_4513,cdb0af99f167,card,success,,1,322.99
PAY_4514,308518168ff1,card,success,,1,104.16
PAY_4515,1ee684ce48c9,card,success,,1,250.82
PAY_4516,cd83960f3a1a,card,success,,1,38.08
PAY_4517,3c01f7a8b6a7,card,success,,1,43.01
PAY_4518,c0098ad16ad4,card,success,,1,35.53
PAY_4519,3db8ba8eb4cb,card,success,,1,109.97
PAY_4520,081e9a132718,card,success,,1,94.9
PAY_4521,3b9dd665c63e,card,success,,1,62.08
PAY_4522,7e06150f184f,card,success,,1,32.68
PAY_4523,1a31317d791d,card,success,,1,86.59
PAY_4524,fbb9bbbbbd8d,card,success,,1,62.02
PAY_4525,0f03e682f381,card,success,,1,52.01
PAY_4526,8a72a5097bb4,card,success,,1,310.34
PAY_4527,e8a5e9403bac,card,success,,1,84.28
PAY_4528,fe4aed99fdc4,card,success,,1,248.65
PAY_4529,e57b90201729,card,success,,1,58.76
PAY_4530,e53805cd78ff,card,success,,1,109.49
PAY_4531,0d7549f01e9c,card,success,,1,86.11
PAY_4532,856c190bc767,card,success,,1,23.15
PAY_4533,cbf9d2bab289,card,success,,1,80.79
PAY_4534,56be1cba87ca,card,success,,1,163.55
PAY_4535,e70b94ce14ba,card,success,,1,49.32
PAY_4536,780e16f0f9b3,card,success,,1,78.9
PAY_4537,5bd2331649d8,card,success,,1,44.99
PAY_4538,74aef3d9be95,card,success,,1,241.97
PAY_4539,0a52f4ff7277,card,success,,1,115.48
PAY_4540,9daf9a1b877b,card,success,,1,120.74
PAY_4541,900c290144e7,card,success,,1,266.81
PAY_4542,f34b8318160f,card,success,,1,227.03
PAY_4543,0b601f6f7133,card,success,,1,166.05
PAY_4544,f954a8d2ca54,card,success,,1,51.6
PAY_4545,d86911e18340,card,success,,1,40.32
PAY_4546,f89b177f1c1f,card,success,,1,161.1
PAY_4547,8e02a60af737,card,success,,1,103.18
PAY_4548,615c92cd4a33,card,success,,1,29.59
PAY_4549,4ef39689b6eb,card,success,,1,77.4
PAY_4550,423a75e231a4,card,failed,timeout,1,27.24
PAY_4551,423a75e231a4,netbanking,failed,otp_failed,2,27.24
PAY_4552,423a75e231a4,netbanking,failed,otp_failed,3,27.24
PAY_4553,ee0c0dd38336,card,success,,1,86.27
PAY_4554,e9bc2730bbd4,card,success,,1,23.94
PAY_4555,6c899601fde0,card,success,,1,137.42
PAY_4556,cb99767bb621,card,success,,1,121.8
PAY_4557,dec9ec3f8fc5,card,success,,1,414.2
PAY_4558,36af0b689a54,card,success,,1,177.38
PAY_4559,d6e193a45c46,card,failed,timeout,1,64.18
PAY_4560,d6e193a45c46,card,failed,timeout,2,64.18
PAY_4561,6f2892afa9a8,card,success,,1,173.2
PAY_4562,cd69add09281,card,success,,1,29.43
PAY_4563,a1d162189ef4,card,success,,1,41.68
PAY_4564,10050c1feb3d,card,success,,1,117.51
PAY_4565,dadc6a19a604,card,success,,1,16.01
PAY_4566,e83ffae0fa41,card,success,,1,87.38
PAY_4567,0213b365f269,card,failed,timeout,1,39.8
PAY_4568,0213b365f269,card,failed,otp_failed,2,39.8
PAY_4569,0213b365f269,card,failed,timeout,3,39.8
PAY_4570,a9b3eae9c84d,card,success,,1,97.62
PAY_4571,7f1d9c31d20c,card,success,,1,38.01
PAY_4572,148ee42a5159,card,success,,1,126.39
PAY_4573,e4a4ff520560,card,success,,1,91.42
PAY_4574,f1bf1983a58f,card,success,,1,275.97
PAY_4575,76aa2366dc10,card,failed,otp_failed,1,90.5
PAY_4576,76aa2366dc10,card,failed,timeout,2,90.5
PAY_4577,9d76bc9c476c,card,success,,1,48.67
PAY_4578,2db55bcfd143,card,success,,1,73.88
PAY_4579,c15e9360c82a,card,success,,1,30.71
PAY_4580,095011ffbcb0,card,success,,1,124.58
PAY_4581,6a97181995c1,card,success,,1,648.95
PAY_4582,301e4511f217,card,success,,1,54.74
PAY_4583,63a14575fa63,card,success,,1,72.66
PAY_4584,0392146e042e,card,success,,1,56.79
PAY_4585,b0a7e3480d5a,card,success,,1,106.66
PAY_4586,4e8777bcc67a,card,success,,1,122.16
PAY_4587,2f26e28ce45b,card,success,,1,86.25
PAY_4588,35552b6d738b,card,success,,1,214.66
PAY_4589,33f764e5d4f9,card,success,,1,54.95
PAY_4590,1001976c1b59,card,success,,1,198.13
PAY_4591,3af8bad2306d,card,success,,1,138.49
PAY_4592,c5ffd4571c26,card,success,,1,89.15
PAY_4593,605595e77dff,card,success,,1,69.97
PAY_4594,53e0afe1a67e,card,success,,1,627.24
PAY_4595,3eace2bc941b,card,success,,1,46.82
PAY_4596,ab207d388428,card,success,,1,114.25
PAY_4597,a71ec495ace1,card,success,,1,49.39
PAY_4598,987cc0904d40,card,success,,1,375.59
PAY_4599,f25b8880ff26,card,success,,1,183.0
PAY_4600,fb1c86ee75e7,card,success,,1,52.32
PAY_4601,5dee88c77832,card,success,,1,110.63
PAY_4602,e97d1ef4aade,card,success,,1,59.54
PAY_4603,1c89cc16f877,card,success,,1,165.1
PAY_4604,99d72edb0c26,card,success,,1,122.91
PAY_4605,25ca9b3f6be5,card,success,,1,106.97
PAY_4606,f95c4eface52,card,success,,1,127.08
PAY_4607,4b10a214ea99,card,success,,1,108.15
PAY_4608,f35e51dd5bdd,card,success,,1,94.37
PAY_4609,387bc43f16af,card,success,,1,53.9
PAY_4610,21ed9ca9baed,card,success,,1,348.98
PAY_4611,7cc4b5a523ad,card,success,,1,38.85
PAY_4612,df666ad32eec,card,success,,1,126.74
PAY_4613,fb883d14be45,card,success,,1,69.67
PAY_4614,1d0ea7251554,card,success,,1,367.84
PAY_4615,68912f6aa551,card,success,,1,43.69
PAY_4616,ac43cddf4261,card,success,,1,49.99
PAY_4617,7ee608cc5345,card,success,,1,41.44
PAY_4618,7a612a38b030,card,success,,1,116.6
PAY_4619,5796cf57ab71,card,success,,1,30.01
PAY_4620,36bbd12dd6ce,card,success,,1,61.39
PAY_4621,48fc515020a6,card,success,,1,16.09
PAY_4622,e7dd9b52f550,card,success,,1,109.11
PAY_4623,440c03509e1f,card,success,,1,60.33
PAY_4624,bc71074640a7,card,failed,bank_decline,1,27.37
PAY_4625,bc71074640a7,card,failed,otp_failed,2,27.37
PAY_4626,bc71074640a7,card,failed,bank_decline,3,27.37
PAY_4627,f8e66e0755bc,card,success,,1,214.54
PAY_4628,05e3148bdc9c,card,success,,1,31.62
PAY_4629,8e0be2cb5e80,card,success,,1,170.3
PAY_4630,02557e829c97,card,success,,1,51.38
PAY_4631,44ca0ab6e687,card,success,,1,324.17
PAY_4632,403bf8560b9d,card,success,,1,163.96
PAY_4633,c2ad0abc8039,card,success,,1,40.19
PAY_4634,eed1454b5c85,card,success,,1,43.22
PAY_4635,c0b34e312f59,card,success,,1,146.12
PAY_4636,0dcb562c3d13,card,success,,1,72.97
PAY_4637,597293821944,card,success,,1,78.61
PAY_4638,4e7a53905a1f,card,success,,1,249.08
PAY_4639,3e33b45fc8a6,card,success,,1,49.45
PAY_4640,667555fe15a0,card,success,,1,96.84
PAY_4641,0ebf21a81ed4,card,success,,1,193.2
PAY_4642,3b571c5c630a,card,success,,1,171.97
PAY_4643,e0f41a211366,card,success,,1,79.23
PAY_4644,97515baac306,card,success,,1,71.44
PAY_4645,4febc3f8f4d5,card,failed,timeout,1,22.4
PAY_4646,4febc3f8f4d5,netbanking,failed,bank_decline,2,22.4
PAY_4647,4febc3f8f4d5,netbanking,failed,otp_failed,3,22.4
PAY_4648,4febc3f8f4d5,netbanking,failed,otp_failed,4,22.4
PAY_4649,67ad4d1fe5ed,card,success,,1,116.13
PAY_4650,5e0102f5775b,card,success,,1,80.62
PAY_4651,6fcdc7595630,card,success,,1,95.58
PAY_4652,f64519ebea50,card,success,,1,34.82
PAY_4653,dc1a105f5e44,card,success,,1,74.52
PAY_4654,ef84ab8080f9,card,success,,1,104.69
PAY_4655,e8574616a1ac,card,success,,1,51.25
PAY_4656,91bd4ad8cc06,card,success,,1,282.92
PAY_4657,649b7be41bf4,card,success,,1,186.21
PAY_4658,17c0435cca2c,card,success,,1,113.53
PAY_4659,d43bb66a00a7,card,success,,1,378.19
PAY_4660,00e08fd52bae,card,success,,1,27.14
PAY_4661,0d09e4b0d89a,card,success,,1,89.46
PAY_4662,4cabf1ec9956,card,success,,1,120.67
PAY_4663,a5dc140701fc,card,success,,1,43.31
PAY_4664,33f4e7e9c095,card,success,,1,114.5
PAY_4665,0beb8ad7305d,card,success,,1,37.14
PAY_4666,7ccb7e68e18a,card,success,,1,156.4
PAY_4667,8d56de7d4ccc,card,success,,1,209.82
PAY_4668,1e24a015ebfb,card,success,,1,111.93
PAY_4669,82043b08b1ed,card,success,,1,20.45
PAY_4670,5eddbd03bef1,card,success,,1,41.54
PAY_4671,b3024b6fca07,card,success,,1,141.42
PAY_4672,bbfe2f86d23f,card,failed,bank_decline,1,91.56
PAY_4673,bbfe2f86d23f,UPI,failed,otp_failed,2,91.56
PAY_4674,a262c06b1e0c,card,success,,1,10.43
PAY_4675,f25a6ed125b8,card,success,,1,243.29
PAY_4676,952ef07dfa1b,card,success,,1,100.42
PAY_4677,73ed6e892166,card,success,,1,46.75
PAY_4678,c7092387f29a,card,success,,1,199.53
PAY_4679,5dde8c89e9fc,card,success,,1,52.35
PAY_4680,7dfd8f6ed521,card,success,,1,51.9
PAY_4681,845a92fee3e4,card,success,,1,119.9
PAY_4682,5158b5a9d559,card,success,,1,374.22
PAY_4683,57dfdc3316df,card,success,,1,329.93
PAY_4684,83475e83483f,card,success,,1,120.03
PAY_4685,8cad0aff5088,card,success,,1,130.31
PAY_4686,a5b303fb4d6b,card,success,,1,169.56
PAY_4687,4743a1c3f932,card,success,,1,32.93
PAY_4688,45d40ee38313,card,success,,1,150.7
PAY_4689,f231d6bb320c,card,success,,1,50.04
PAY_4690,3e7c8e4d9275,card,success,,1,116.14
PAY_4691,897fa83c3792,card,success,,1,75.04
PAY_4692,77749d766ee8,card,success,,1,134.42
PAY_4693,90d26fbab3a0,card,success,,1,98.94
PAY_4694,b16cff9adf36,card,success,,1,7.7
PAY_4695,132d5bb9bee6,card,success,,1,103.87
PAY_4696,241824c302dd,card,success,,1,150.46
PAY_4697,04824d8eea65,card,success,,1,128.6
PAY_4698,1001d8b6b7a1,card,success,,1,82.92
PAY_4699,a54c8f27c906,card,success,,1,334.87
PAY_4700,78a3f84711dd,card,success,,1,115.48
PAY_4701,a65721bc5a98,card,success,,1,127.76
PAY_4702,0834a8dab58c,card,success,,1,207.6
PAY_4703,2d133b03ef2e,card,success,,1,120.31
PAY_4704,28a12f74ebc8,card,success,,1,43.89
PAY_4705,a829f4e19af6,card,success,,1,12.8
PAY_4706,7c0a24cffadf,card,success,,1,61.45
PAY_4707,7a840e8cb8fb,card,success,,1,165.46
PAY_4708,17c1d90a76c8,card,success,,1,67.87
PAY_4709,3f6b9f5205be,card,success,,1,170.88
PAY_4710,d885b78471d2,card,success,,1,101.39
PAY_4711,88db90c7f501,card,success,,1,252.26
PAY_4712,836cb5e7146b,card,success,,1,71.08
PAY_4713,a30c0c281ef9,card,success,,1,130.86
PAY_4714,f92a561c452e,card,success,,1,299.25
PAY_4715,fec35d00bfd9,card,success,,1,22.98
PAY_4716,347cf8e6235e,card,success,,1,62.38
PAY_4717,7d1e8e85707b,card,success,,1,177.47
PAY_4718,c8fc92cc9586,card,success,,1,310.04
PAY_4719,7f5e0c8ebf6b,card,success,,1,109.08
PAY_4720,3df117f38729,card,success,,1,71.22
PAY_4721,d6c3ab550e49,card,success,,1,164.96
PAY_4722,50894305b7f6,card,success,,1,180.36
PAY_4723,e2b3491215ae,card,success,,1,67.51
PAY_4724,ee30dc2c8455,card,success,,1,117.24
PAY_4725,54ea7e8f9687,card,success,,1,231.46
PAY_4726,8862a98f1814,card,success,,1,408.45
PAY_4727,8ceda3db8b34,card,success,,1,163.05
PAY_4728,d44c0c2d80e4,card,success,,1,93.25
PAY_4729,8c6e2c2073f3,card,success,,1,86.21
PAY_4730,e8734b9781f2,card,success,,1,140.6
PAY_4731,14f7fe15121a,card,failed,timeout,1,82.06
PAY_4732,14f7fe15121a,UPI,failed,bank_decline,2,82.06
PAY_4733,94abc093a959,card,success,,1,104.76
PAY_4734,c1c5fcae90b7,card,success,,1,38.62
PAY_4735,cd7d5ebe9394,card,success,,1,254.08
PAY_4736,1a57976c9cb0,card,success,,1,36.16
PAY_4737,3ed0dc75a206,card,success,,1,63.71
PAY_4738,7a4b3f2ea857,card,success,,1,97.33
PAY_4739,fd6f0354c7a2,card,success,,1,442.65
PAY_4740,a58881b8e961,card,success,,1,64.19
PAY_4741,ce5b8deae04e,card,success,,1,52.84
PAY_4742,8273186d0602,card,success,,1,57.94
PAY_4743,330f1e068d37,card,success,,1,339.38
PAY_4744,5c12c95ca9b8,card,success,,1,9.49
PAY_4745,6d7ae584118d,card,success,,1,40.36
PAY_4746,29631a69e9da,card,success,,1,800.34
PAY_4747,36b575d66082,card,success,,1,144.42
PAY_4748,f54941bb3f8a,card,success,,1,37.16
PAY_4749,0746e339b06c,card,success,,1,87.05
PAY_4750,909fc5753bb2,card,success,,1,95.01
PAY_4751,9870884def9e,card,success,,1,177.13
PAY_4752,11bcbcc35ba5,card,success,,1,392.13
PAY_4753,04ae80e0c09e,card,success,,1,122.83
PAY_4754,9cf4d00c6d10,card,success,,1,58.45
PAY_4755,9e8a62822e97,card,success,,1,168.96
PAY_4756,6bf0edd68619,card,success,,1,51.49
PAY_4757,e1e2c8abb9e0,card,success,,1,39.38
PAY_4758,20c8c4083771,card,success,,1,22.02
PAY_4759,f7d1f7176095,card,success,,1,25.74
PAY_4760,c88710cf13c4,card,success,,1,43.94
PAY_4761,98600d4530b4,card,success,,1,35.08
PAY_4762,4bd34434de59,card,success,,1,115.65
PAY_4763,a487450d82cd,card,success,,1,34.48
PAY_4764,7351b02d3e7f,card,success,,1,7.28
PAY_4765,0a5d6d123dac,card,failed,timeout,1,39.05
PAY_4766,2c5f204254fa,card,success,,1,61.71
PAY_4767,5864dc51e910,card,failed,bank_decline,1,55.46
PAY_4768,5864dc51e910,card,failed,otp_failed,2,55.46
PAY_4769,5864dc51e910,card,failed,timeout,3,55.46
PAY_4770,5864dc51e910,card,failed,otp_failed,4,55.46
PAY_4771,a7f85a77b0b6,card,success,,1,303.57
PAY_4772,4ab6a79bf26b,card,success,,1,55.1
PAY_4773,b625f1044a95,card,success,,1,182.13
PAY_4774,e52623cad2fc,card,success,,1,88.66
PAY_4775,246568bd3e85,card,success,,1,87.02
PAY_4776,6539bafe0d79,card,success,,1,46.14
PAY_4777,414e5df39355,card,success,,1,48.81
PAY_4778,5cb2d7615859,card,success,,1,103.13
PAY_4779,45e69e47d7af,card,success,,1,74.51
PAY_4780,39486418f797,card,success,,1,42.28
PAY_4781,a02d6f3c19d6,card,success,,1,199.04
PAY_4782,60109823fd5e,card,success,,1,126.66
PAY_4783,4ffd52eb46c5,card,success,,1,62.9
PAY_4784,b54923bce044,card,success,,1,101.13
PAY_4785,ea4f6b55d32c,card,success,,1,84.18
PAY_4786,cf43e70db7a1,card,success,,1,44.97
PAY_4787,f90a21c096e7,card,success,,1,95.24
PAY_4788,4a8c5776e919,card,success,,1,54.77
PAY_4789,0d8bb54e21da,card,success,,1,42.27
PAY_4790,b6e254721ca7,card,success,,1,24.58
PAY_4791,05b0f8b0dbbb,card,success,,1,67.57
PAY_4792,81a2ddbca5e2,card,success,,1,141.68
PAY_4793,af6f569f259e,card,success,,1,51.64
PAY_4794,c8eab7a771d2,card,success,,1,676.25
PAY_4795,48e09cd0f0dc,card,success,,1,255.56
PAY_4796,1d29995e0771,card,success,,1,396.35
PAY_4797,1e3bfd10e9d0,card,success,,1,47.96
PAY_4798,45f8b318011b,card,success,,1,11.6
PAY_4799,b1f789e1124e,card,success,,1,63.0
PAY_4800,d34c1b58a23f,card,success,,1,140.69
PAY_4801,1f701c9b7715,card,success,,1,101.62
PAY_4802,bdb7d1ee7337,card,success,,1,112.21
PAY_4803,2cca8fd26304,card,success,,1,258.97
PAY_4804,bf7a4e0f5d8c,card,success,,1,122.2
PAY_4805,d7f6e744ef9e,card,failed,timeout,1,170.57
PAY_4806,d7f6e744ef9e,card,failed,timeout,2,170.57
PAY_4807,d7f6e744ef9e,card,failed,bank_decline,3,170.57
PAY_4808,d7f6e744ef9e,card,failed,timeout,4,170.57
PAY_4809,7afde3c4d77c,card,success,,1,42.45
PAY_4810,cbcfea8cbd53,card,success,,1,37.48
PAY_4811,3b8c8137415b,card,success,,1,327.44
PAY_4812,a75756d49bbc,card,success,,1,97.58
PAY_4813,bea59726baf3,card,success,,1,54.68
PAY_4814,8159d947bd91,card,success,,1,54.76
PAY_4815,0dff5bd91f7f,card,success,,1,53.55
PAY_4816,97317b568aaa,card,success,,1,51.05
PAY_4817,7874dd4edff1,card,success,,1,32.25
PAY_4818,4fa56ff134e0,card,failed,bank_decline,1,27.1
PAY_4819,4fa56ff134e0,card,failed,otp_failed,2,27.1
PAY_4820,53cea6a79ecc,card,success,,1,77.01
PAY_4821,1982da666456,card,success,,1,56.02
PAY_4822,fbf03a7bbc28,card,success,,1,218.27
PAY_4823,1001d7fb4e7f,card,success,,1,113.8
PAY_4824,5d6c9e39bd0f,card,success,,1,111.3
PAY_4825,4120247a42f0,card,success,,1,49.68
PAY_4826,883e277ae88e,card,success,,1,81.71
PAY_4827,8a3bdea9548a,card,success,,1,120.16
PAY_4828,2e6ad2b6d0ec,card,success,,1,159.65
PAY_4829,c8a3cb6a19c3,card,success,,1,83.5
PAY_4830,a2238dab61be,card,success,,1,213.43
PAY_4831,9b493aacd955,card,success,,1,90.59
PAY_4832,57c9cf06cd6c,card,success,,1,169.74
PAY_4833,fbc272def9a2,card,success,,1,60.83
PAY_4834,a6506acd3036,card,failed,bank_decline,1,21.11
PAY_4835,b784e4d2af3b,card,success,,1,111.57
PAY_4836,ade2c4fc727a,card,success,,1,160.82
PAY_4837,8aa6c2164f48,card,failed,bank_decline,1,142.63
PAY_4838,8aa6c2164f48,card,failed,bank_decline,2,142.63
PAY_4839,8aa6c2164f48,card,failed,otp_failed,3,142.63
PAY_4840,9fba38674753,card,success,,1,126.19
PAY_4841,5c688fbce139,card,success,,1,68.11
PAY_4842,f314d5ef3b0f,card,success,,1,47.21
PAY_4843,00808fad756f,card,success,,1,139.96
PAY_4844,95c8270450d0,card,success,,1,126.62
PAY_4845,daef615e838d,card,success,,1,57.47
PAY_4846,91ee646c1e3f,card,success,,1,218.66
PAY_4847,396f9b1a997a,card,success,,1,44.42
PAY_4848,b2fa3baf6a59,card,success,,1,56.44
PAY_4849,1400f7ad802c,card,success,,1,333.33
PAY_4850,7d9f75666c7d,card,success,,1,180.34
PAY_4851,de3aba7aeacc,card,success,,1,113.28
PAY_4852,99d789af0ba1,card,success,,1,101.88
PAY_4853,7074a6ed9b73,card,success,,1,10.01
PAY_4854,de226cdb6eb4,card,failed,timeout,1,43.59
PAY_4855,de226cdb6eb4,card,failed,otp_failed,2,43.59
PAY_4856,88f0d64afcc2,card,success,,1,86.43
PAY_4857,a55b58c58338,card,success,,1,67.67
PAY_4858,eb4bb80c61b4,card,success,,1,109.69
PAY_4859,410c3164b1f7,card,success,,1,222.2
PAY_4860,a684a9244bcc,card,success,,1,69.6
PAY_4861,5ae87e7b37ba,card,success,,1,38.62
PAY_4862,c77b23ec81bf,card,success,,1,116.73
PAY_4863,de38b7040300,card,success,,1,69.32
PAY_4864,690512094af0,card,success,,1,79.45
PAY_4865,4d0bb5b2ea41,card,success,,1,71.28
PAY_4866,be9920de2648,card,success,,1,541.03
PAY_4867,5ce7770e6778,card,success,,1,14.99
PAY_4868,a7901f763a1a,card,success,,1,65.98
PAY_4869,2fe157fef652,card,success,,1,89.75
PAY_4870,52bfe7238c56,card,success,,1,48.19
PAY_4871,858602d02864,card,success,,1,184.91
PAY_4872,12254f2f5804,card,success,,1,172.54
PAY_4873,98e1cedbf721,card,success,,1,86.64
PAY_4874,68c2d55a72cc,card,success,,1,72.49
PAY_4875,b76e41ef71ec,card,failed,timeout,1,82.31
PAY_4876,b76e41ef71ec,netbanking,failed,bank_decline,2,82.31
PAY_4877,b76e41ef71ec,netbanking,failed,timeout,3,82.31
PAY_4878,b76e41ef71ec,netbanking,failed,otp_failed,4,82.31
PAY_4879,1a980a04d035,card,success,,1,82.78
PAY_4880,c39bcb0e1b64,card,success,,1,84.55
PAY_4881,6eff03e5749e,card,success,,1,77.45
PAY_4882,a21cf8d50c3d,card,success,,1,110.16
PAY_4883,dac21d5b1684,card,success,,1,164.44
PAY_4884,bec2a71c37ac,card,success,,1,33.64
PAY_4885,6226de44b49c,card,success,,1,38.84
PAY_4886,c2b5ca43fcf0,card,success,,1,22.22
PAY_4887,91be931ddd5d,card,success,,1,180.03
PAY_4888,47d45dcd194b,card,success,,1,109.98
PAY_4889,ce77c45f05e4,card,success,,1,134.86
PAY_4890,8123a36280d8,card,success,,1,28.69
PAY_4891,82b90bbfb2b1,card,success,,1,55.31
PAY_4892,d55a0f17b99f,card,success,,1,102.98
PAY_4893,f27b38044c27,card,failed,otp_failed,1,178.31
PAY_4894,f27b38044c27,UPI,failed,bank_decline,2,178.31
PAY_4895,f27b38044c27,UPI,failed,timeout,3,178.31
PAY_4896,f27b38044c27,UPI,failed,bank_decline,4,178.31
PAY_4897,e1489db26843,card,success,,1,40.87
PAY_4898,296aab858891,card,success,,1,58.15
PAY_4899,0e08a423a726,card,success,,1,103.89
PAY_4900,1ebcb889ed99,card,success,,1,885.35
PAY_4901,42fa2deee923,card,success,,1,114.54
PAY_4902,a146606909ab,card,success,,1,325.41
PAY_4903,106b11620193,card,success,,1,236.17
PAY_4904,58f47e32fbef,card,success,,1,120.83
PAY_4905,782cde3d79cd,card,success,,1,40.8
PAY_4906,60232dac6a3f,card,success,,1,210.15
PAY_4907,6caea727344e,card,success,,1,27.15
PAY_4908,9bdf54f9770b,card,success,,1,323.99
PAY_4909,c0dd3ed63039,card,success,,1,105.64
PAY_4910,e9f8cc72a95c,card,success,,1,10.8
PAY_4911,2ad47a4e7aac,card,success,,1,68.55
PAY_4912,6f7d1e950b3d,card,success,,1,151.89
PAY_4913,15d4f2f0d8db,card,success,,1,74.47
PAY_4914,ea894b9e1a42,card,success,,1,159.49
PAY_4915,87b21e35cf8a,card,success,,1,45.6
PAY_4916,0667549792ba,card,success,,1,31.67
PAY_4917,d51e6debbafe,card,success,,1,85.02
PAY_4918,a02d24b7b712,card,success,,1,92.32
PAY_4919,7ad4d5253ffe,card,success,,1,68.12
PAY_4920,7aa7cac4ee49,card,success,,1,240.29
PAY_4921,ca60d86f5de0,card,success,,1,45.6
PAY_4922,dd22878a7a29,card,success,,1,115.65
PAY_4923,174bc6449662,card,success,,1,95.05
PAY_4924,e20d53116b7d,card,success,,1,25.91
PAY_4925,911d8328842d,card,failed,timeout,1,31.34
PAY_4926,911d8328842d,card,failed,timeout,2,31.34
PAY_4927,911d8328842d,card,failed,bank_decline,3,31.34
PAY_4928,911d8328842d,card,failed,otp_failed,4,31.34
PAY_4929,eec15a3196a4,card,success,,1,90.88
PAY_4930,8215a6d9f987,card,success,,1,439.2
PAY_4931,56c865d6c526,card,success,,1,143.08
PAY_4932,5ab3828a1bcf,card,success,,1,22.63
PAY_4933,3bf8fe645968,card,success,,1,7.48
PAY_4934,0904b7887271,card,success,,1,161.81
PAY_4935,276ac7489281,card,success,,1,83.35
PAY_4936,365ee7c0e307,card,success,,1,224.31
PAY_4937,9b18f089fdbc,card,success,,1,44.5
PAY_4938,ff3694941628,card,success,,1,119.12
PAY_4939,86fb9a791e22,card,success,,1,177.14
PAY_4940,d614582551ae,card,success,,1,62.93
PAY_4941,30af611227b7,card,success,,1,64.02
PAY_4942,4ad878f08ed6,card,success,,1,91.85
PAY_4943,8bee2f22822c,card,success,,1,138.95
PAY_4944,c981c615d641,card,success,,1,88.99
PAY_4945,e365625117fb,card,success,,1,62.21
PAY_4946,d87bbe9c59e3,card,success,,1,31.1
PAY_4947,24047524a8d3,card,success,,1,437.72
PAY_4948,61620cd22731,card,success,,1,55.5
PAY_4949,fe45dce98343,card,failed,otp_failed,1,57.13
PAY_4950,fe45dce98343,card,failed,otp_failed,2,57.13
PAY_4951,fe45dce98343,card,failed,bank_decline,3,57.13
PAY_4952,73ce7f8f1a11,card,success,,1,85.4
PAY_4953,0d7917c1d94a,card,success,,1,94.99
PAY_4954,931722bff73f,card,success,,1,66.07
PAY_4955,4b27efea7a80,card,success,,1,88.77
PAY_4956,e2ee5ab9988b,card,success,,1,87.2
PAY_4957,81817f0b0f23,card,success,,1,103.53
PAY_4958,8d31acf83501,card,success,,1,13.65
PAY_4959,10bea3a6fa27,card,success,,1,405.33
PAY_4960,6e1f117e0a8b,card,success,,1,80.01
PAY_4961,757c64418372,card,success,,1,143.24
PAY_4962,8e73b0232bd6,card,success,,1,29.89
PAY_4963,032f247bad7b,card,success,,1,52.57
PAY_4964,410de8ea952d,card,success,,1,291.72
PAY_4965,192901fb5102,card,success,,1,56.34
PAY_4966,fb4558690708,card,success,,1,165.09
PAY_4967,9e834aff162d,card,success,,1,53.5
PAY_4968,d3267b731208,card,success,,1,62.67
PAY_4969,2af590e6b06d,card,success,,1,73.96
PAY_4970,a8b52573bf8b,card,success,,1,251.41
PAY_4971,aa2167b366ed,card,success,,1,19.85
PAY_4972,a30a684fe741,card,success,,1,31.42
PAY_4973,b7362f1e1123,card,success,,1,18.96
PAY_4974,be0b942be7c4,card,success,,1,37.71
PAY_4975,31a107332bbc,card,success,,1,47.03
PAY_4976,8462e2c69422,card,success,,1,24.74
PAY_4977,dc46ff2d923d,card,success,,1,50.03
PAY_4978,c0d2a2d29009,card,success,,1,17.96
PAY_4979,ceed82671c16,card,success,,1,39.87
PAY_4980,fbac428d87a0,card,success,,1,235.18
PAY_4981,e9e87eb3bcc3,card,success,,1,124.32
PAY_4982,3a2944326830,card,success,,1,104.58
PAY_4983,eb4993c09beb,card,success,,1,40.36
PAY_4984,a2425b91a851,card,success,,1,26.34
PAY_4985,afc7e8bbe44a,card,success,,1,36.19
PAY_4986,16b899da1683,card,success,,1,86.96
PAY_4987,6d9581a22fbe,card,success,,1,180.29
PAY_4988,8825ab229da9,card,failed,timeout,1,185.28
PAY_4989,ea69d2a3b28b,card,success,,1,149.08
PAY_4990,d41a4d4e6d85,card,success,,1,91.8
PAY_4991,5fcc8680e10d,card,success,,1,69.61
PAY_4992,5e792711f7fe,card,success,,1,76.63
PAY_4993,3b416ac4d569,card,success,,1,459.3
PAY_4994,08d868272b46,card,success,,1,21.99
PAY_4995,cbe4f7ea2a66,card,success,,1,74.61
PAY_4996,43142a96a43e,card,success,,1,237.32
PAY_4997,919bce5b5d6a,card,success,,1,27.86
PAY_4998,803f8589715b,card,success,,1,53.79
PAY_4999,b8b8c2a954a6,card,success,,1,58.95
PAY_5000,216f4c279365,card,success,,1,75.29
PAY_5001,f4a36850f1c0,card,success,,1,25.11
PAY_5002,40f985a62d93,card,success,,1,144.93
PAY_5003,233b19224e75,card,success,,1,153.4
PAY_5004,bf762f8e0a75,card,success,,1,135.19
PAY_5005,32b81d7600b7,card,success,,1,44.87
PAY_5006,790a404d8b09,card,success,,1,96.47
PAY_5007,6f21a545fcbb,card,success,,1,43.84
PAY_5008,e3c4caeafb61,card,failed,timeout,1,68.99
PAY_5009,e3c4caeafb61,netbanking,failed,timeout,2,68.99
PAY_5010,e3c4caeafb61,netbanking,failed,bank_decline,3,68.99
PAY_5011,d8ab553a0b1c,card,success,,1,504.1
PAY_5012,1ec8506463b6,card,success,,1,97.18
PAY_5013,d51856de24b2,card,success,,1,34.81
PAY_5014,a29edd204e94,card,success,,1,103.99
PAY_5015,1f4c4d70c158,card,success,,1,30.53
PAY_5016,d7980f071408,card,success,,1,34.49
PAY_5017,5f6eb3379016,card,success,,1,39.14
PAY_5018,dcbbae02c556,card,success,,1,63.09
PAY_5019,26e1a2f212f5,card,success,,1,190.49
PAY_5020,ab6106a4c505,card,success,,1,142.98
PAY_5021,051a8211c769,card,success,,1,136.78
PAY_5022,b1698a90c185,card,success,,1,37.37
PAY_5023,77746de1fee6,card,success,,1,58.38
PAY_5024,00fc89925990,card,success,,1,111.9
PAY_5025,94c41a6ad90c,card,success,,1,54.45
PAY_5026,ceaf9a55dbe1,card,success,,1,72.05
PAY_5027,1dddbfa0fc39,card,success,,1,128.14
PAY_5028,54e6967281a5,card,success,,1,68.1
PAY_5029,b59d0e70a82e,card,success,,1,107.86
PAY_5030,742f945fe714,card,success,,1,321.88
PAY_5031,ccf29d73b7e3,card,success,,1,78.45
PAY_5032,6f98444a90bb,card,success,,1,231.24
PAY_5033,add0082f4541,card,success,,1,140.82
PAY_5034,1cf90f6f977d,card,success,,1,27.83
PAY_5035,498dd24e47ae,card,success,,1,37.27
PAY_5036,53456dfc4991,card,success,,1,46.21
PAY_5037,9dc21d0a62a0,card,success,,1,45.43
PAY_5038,21cf0b93ebe4,card,success,,1,83.74
PAY_5039,cafb4d71d009,card,success,,1,147.19
PAY_5040,79d684e7493c,card,success,,1,245.7
PAY_5041,ad4f070eba39,card,success,,1,115.19
PAY_5042,2e285f1c0924,card,success,,1,63.02
PAY_5043,77bb18d2417c,card,success,,1,17.02
PAY_5044,a8e7a75167f4,card,failed,bank_decline,1,95.25
PAY_5045,a8e7a75167f4,UPI,failed,otp_failed,2,95.25
PAY_5046,a8e7a75167f4,UPI,failed,bank_decline,3,95.25
PAY_5047,b8dbd2bdd107,card,success,,1,91.89
PAY_5048,8f776b4f8f7b,card,success,,1,104.2
PAY_5049,9fddf3e01c1b,card,success,,1,485.41
PAY_5050,5e1286de29c9,card,failed,timeout,1,242.86
PAY_5051,5e1286de29c9,netbanking,failed,otp_failed,2,242.86
PAY_5052,14cec54180a9,card,success,,1,168.69
PAY_5053,58f258bdabca,card,success,,1,41.69
PAY_5054,13f1f28c9100,card,success,,1,59.72
PAY_5055,67bfb2b33b4d,card,failed,otp_failed,1,83.44
PAY_5056,67bfb2b33b4d,card,failed,otp_failed,2,83.44
PAY_5057,67bfb2b33b4d,card,failed,timeout,3,83.44
PAY_5058,d01fb024da39,card,success,,1,48.41
PAY_5059,09408a509f78,card,success,,1,134.34
PAY_5060,d668d54f0111,card,success,,1,119.76
PAY_5061,881b4cd0d38a,card,success,,1,37.69
PAY_5062,21a46e811062,card,success,,1,234.5
PAY_5063,4e09e1db77fc,card,success,,1,97.69
PAY_5064,0da093a6a6cf,card,success,,1,22.57
PAY_5065,6583d68c5865,card,success,,1,86.39
PAY_5066,3b824f001500,card,success,,1,112.73
PAY_5067,1e54521fd7bf,card,success,,1,196.02
PAY_5068,74dba9f02b36,card,success,,1,68.72
PAY_5069,91a80003a046,card,success,,1,174.57
PAY_5070,ba4f2fafdd93,card,success,,1,104.56
PAY_5071,856af4bb19e8,card,success,,1,31.44
PAY_5072,edf87f03b517,card,failed,timeout,1,29.02
PAY_5073,edf87f03b517,UPI,failed,bank_decline,2,29.02
PAY_5074,e8231d28064e,card,success,,1,220.97
PAY_5075,8ed251fc166e,card,success,,1,234.34
PAY_5076,8d24bd9c0d6b,card,success,,1,116.55
PAY_5077,3311f6bbb203,card,success,,1,297.84
PAY_5078,9e082a6c692b,card,success,,1,209.62
PAY_5079,b0c68ab8c7b8,card,success,,1,155.54
PAY_5080,28f7f4670a42,card,success,,1,43.42
PAY_5081,5ae5c2c29982,card,success,,1,359.65
PAY_5082,32f445d3ef9f,card,success,,1,138.25
PAY_5083,5dc5e0f41b95,card,success,,1,66.11
PAY_5084,697997386ab0,card,success,,1,52.74
PAY_5085,e717e9741fe9,card,success,,1,110.55
PAY_5086,3a20cc621653,card,success,,1,23.65
PAY_5087,bb46d0881d60,card,success,,1,157.55
PAY_5088,9baa0765ef76,card,success,,1,41.98
PAY_5089,86f74809dc5e,card,success,,1,121.08
PAY_5090,478c181d99e3,card,success,,1,59.31
PAY_5091,eaed293ec980,card,success,,1,72.85
PAY_5092,bb90a288f7e8,card,success,,1,49.13
PAY_5093,68a3d6abe9ee,card,success,,1,79.12
PAY_5094,c64e3c5c8e93,card,success,,1,408.1
PAY_5095,83729eafca62,card,success,,1,272.61
PAY_5096,de6e7f0e7881,card,success,,1,119.53
PAY_5097,40001e025339,card,success,,1,88.21
PAY_5098,c91bd9739731,card,success,,1,176.86
PAY_5099,ba15bd945bde,card,success,,1,222.29
PAY_5100,7b5ccf5c4ebd,card,success,,1,84.61
PAY_5101,d2871c7ee5e7,card,success,,1,20.96
PAY_5102,1451540537e2,card,success,,1,221.07
PAY_5103,859e6f99269b,card,success,,1,469.66
PAY_5104,a8af982c866b,card,success,,1,95.97
PAY_5105,0a4ada5e112c,card,success,,1,16.44
PAY_5106,a9cbed6b4106,card,success,,1,146.51
PAY_5107,65585fe82cba,card,success,,1,43.67
PAY_5108,ea724d812e22,card,success,,1,52.95
PAY_5109,cf553538d9dc,card,success,,1,148.6
PAY_5110,34f249e9a2f6,card,success,,1,110.35
PAY_5111,90f2d163fc66,card,success,,1,60.92
PAY_5112,00eac95f3246,card,success,,1,53.53
PAY_5113,a559f55dc41f,card,success,,1,99.55
PAY_5114,e69bb9b8e7a8,card,failed,otp_failed,1,64.87
PAY_5115,e69bb9b8e7a8,card,failed,timeout,2,64.87
PAY_5116,749d65704fd4,card,success,,1,37.06
PAY_5117,7438a2d1541c,card,success,,1,68.99
PAY_5118,b39aad04b446,card,success,,1,118.12
PAY_5119,c6401b7a0380,card,success,,1,78.06
PAY_5120,90afa4f354f1,card,success,,1,29.06
PAY_5121,7014baf4c657,card,success,,1,198.59
PAY_5122,6ec8ac2941ab,card,success,,1,10.06
PAY_5123,167adda111d0,card,success,,1,62.99
PAY_5124,4f1a87c6c4a0,card,success,,1,54.81
PAY_5125,88a5538cf0ac,card,success,,1,101.35
PAY_5126,f79079f78548,card,success,,1,141.08
PAY_5127,06db51c08f2c,card,success,,1,221.72
PAY_5128,49e5a87141fc,card,success,,1,50.91
PAY_5129,43229026a333,card,success,,1,143.92
PAY_5130,a52b7ad52597,card,success,,1,105.28
PAY_5131,e85898ed5c7c,card,success,,1,22.89
PAY_5132,144f27d4f36b,card,success,,1,411.76
PAY_5133,66aabc053ace,card,success,,1,28.47
PAY_5134,04b5e5e905c6,card,success,,1,125.91
PAY_5135,f406f36baa53,card,success,,1,122.97
PAY_5136,1366ef4bcca6,card,success,,1,112.23
PAY_5137,d87549f48835,card,success,,1,60.6
PAY_5138,2d96f9f12938,card,success,,1,174.48
PAY_5139,7761a925eb66,card,success,,1,25.83
PAY_5140,a88e96763a7a,card,success,,1,85.4
PAY_5141,49e41edb122a,card,success,,1,57.33
PAY_5142,6ff63ef31d5f,card,failed,bank_decline,1,52.36
PAY_5143,6ff63ef31d5f,UPI,failed,timeout,2,52.36
PAY_5144,6ff63ef31d5f,UPI,failed,otp_failed,3,52.36
PAY_5145,c747448a0989,card,success,,1,126.85
PAY_5146,cc94c6a9353a,card,success,,1,213.15
PAY_5147,b88a0f44e869,card,success,,1,68.4
PAY_5148,c10b9bac1786,card,success,,1,93.67
PAY_5149,20f68bb543d4,card,success,,1,44.07
PAY_5150,2f795ccfc233,card,success,,1,73.23
PAY_5151,ed0e8d4aede2,card,success,,1,70.84
PAY_5152,336677bcb57a,card,success,,1,51.56
PAY_5153,faa6551c66df,card,success,,1,126.82
PAY_5154,a4e6fa96ef05,card,success,,1,108.6
PAY_5155,74dcf960bb2c,card,success,,1,25.22
PAY_5156,eb58724bea26,card,success,,1,24.02
PAY_5157,e7dc08686197,card,success,,1,126.44
PAY_5158,324ab26ca3db,card,success,,1,46.89
PAY_5159,dfb460e70054,card,success,,1,114.62
PAY_5160,b15570b7bc76,card,success,,1,168.13
PAY_5161,abd1e1d2516e,card,success,,1,32.56
PAY_5162,ee63a48fd695,card,success,,1,29.1
PAY_5163,2ee59024629c,card,success,,1,343.62
PAY_5164,875a135bc623,card,success,,1,119.25
PAY_5165,26782b11374a,card,success,,1,64.37
PAY_5166,dd3ae1726c98,card,success,,1,42.64
PAY_5167,0ba3d3c9a6ef,card,success,,1,59.84
PAY_5168,f61e05e85d20,card,success,,1,34.73
PAY_5169,c31733c0bebb,card,success,,1,182.5
PAY_5170,e50989a27654,card,success,,1,48.36
PAY_5171,9a209fb530d9,card,success,,1,215.9
PAY_5172,42c72506f165,card,success,,1,65.33
PAY_5173,fd2c9625c990,card,success,,1,39.07
PAY_5174,31770fe5da8f,card,success,,1,64.0
PAY_5175,51f73c92b8c9,card,success,,1,11.03
PAY_5176,b50dfd948151,card,success,,1,81.73
PAY_5177,4f1170a1d00f,card,success,,1,78.56
PAY_5178,2970fa08fbf0,card,success,,1,174.13
PAY_5179,1d320b084d8d,card,success,,1,19.9
PAY_5180,80300bcfea34,card,success,,1,228.03
PAY_5181,402422174629,card,success,,1,173.55
PAY_5182,b57db37f4b62,card,failed,otp_failed,1,245.09
PAY_5183,b57db37f4b62,card,failed,otp_failed,2,245.09
PAY_5184,b57db37f4b62,card,failed,otp_failed,3,245.09
PAY_5185,b57db37f4b62,card,failed,timeout,4,245.09
PAY_5186,07bd58a05963,card,success,,1,86.3
PAY_5187,af34b3c84499,card,success,,1,202.58
PAY_5188,f8637ed3e58a,card,success,,1,27.74
PAY_5189,9d71608943ec,card,failed,bank_decline,1,159.24
PAY_5190,9d71608943ec,UPI,failed,otp_failed,2,159.24
PAY_5191,b279b479c0c0,card,success,,1,48.57
PAY_5192,4740945a798c,card,success,,1,24.02
PAY_5193,b4fa7115becf,card,success,,1,36.62
PAY_5194,9931f139d03d,card,success,,1,90.42
PAY_5195,ce28b875f281,card,success,,1,46.55
PAY_5196,d6813cec1f99,card,success,,1,121.61
PAY_5197,c114152f9ce2,card,success,,1,21.19
PAY_5198,64c6a58518a8,card,success,,1,16.42
PAY_5199,d63bf82a9e59,card,success,,1,269.86
PAY_5200,75cd8f57cdd0,card,failed,timeout,1,185.5
PAY_5201,5d6a5a91898e,card,success,,1,38.88
PAY_5202,4a390e8ca82f,card,success,,1,89.8
PAY_5203,198cdf0d8d76,card,failed,timeout,1,203.49
PAY_5204,31db079daac0,card,success,,1,125.88
PAY_5205,a7475f07cca0,card,success,,1,101.35
PAY_5206,b249f56c41e6,card,success,,1,216.18
PAY_5207,9a1561499f32,card,success,,1,50.17
PAY_5208,4dca31e35d30,card,success,,1,92.29
PAY_5209,b21cf3dcb7b9,card,success,,1,88.74
PAY_5210,43cb450a53e8,card,success,,1,72.37
PAY_5211,80c86fa81f4d,card,success,,1,65.9
PAY_5212,414183f570ff,card,success,,1,95.42
PAY_5213,455f61eb9675,card,success,,1,92.53
PAY_5214,63e9089a1d30,card,success,,1,38.91
PAY_5215,55dc551d013c,card,success,,1,170.96
PAY_5216,bdac5c74c60f,card,success,,1,41.22
PAY_5217,555a57c745a3,card,success,,1,75.6
PAY_5218,a1a0acd04d49,card,success,,1,71.08
PAY_5219,88acb3b86870,card,success,,1,119.88
PAY_5220,fc1be76ee5d6,card,success,,1,16.52
PAY_5221,50449408c257,card,success,,1,183.59
PAY_5222,2a4f5e4460da,card,success,,1,52.37
PAY_5223,4ad5c16f2b1c,card,success,,1,238.88
PAY_5224,16a86c92cb9a,card,success,,1,61.4
PAY_5225,109a3e96ce61,card,success,,1,86.57
PAY_5226,6076c87d60e3,card,success,,1,416.14
PAY_5227,4d727dcb1753,card,success,,1,72.11
PAY_5228,fc2095dcc1f6,card,success,,1,242.52
PAY_5229,382db19be168,card,success,,1,92.87
PAY_5230,d11097bc290f,card,success,,1,95.2
PAY_5231,7821e8a8941b,card,success,,1,177.38
PAY_5232,e88b40ebec61,card,success,,1,52.02
PAY_5233,a82de3229579,card,success,,1,40.97
PAY_5234,ecf28e3130f5,card,success,,1,54.01
PAY_5235,642f6b3cbaf7,card,success,,1,97.49
PAY_5236,79390cd6dfad,card,success,,1,75.44
PAY_5237,308e4969214c,card,success,,1,158.89
PAY_5238,f65d0fb1fe17,card,success,,1,255.64
PAY_5239,f27bed192725,card,failed,timeout,1,41.24
PAY_5240,bcbe17142b02,card,success,,1,50.04
PAY_5241,eccea47cc5ba,card,success,,1,28.53
PAY_5242,4d5f09825bc9,card,success,,1,456.82
PAY_5243,391a554aa9bc,card,success,,1,114.86
PAY_5244,6e4b74c88a3a,card,success,,1,132.14
PAY_5245,c4d5667c961c,card,success,,1,30.81
PAY_5246,d50034cffa7c,card,success,,1,89.93
PAY_5247,913d6898762a,card,success,,1,135.29
PAY_5248,961741abfd59,card,success,,1,73.54
PAY_5249,5e8554fa95c2,card,success,,1,212.85
PAY_5250,23d29f8d37e2,card,success,,1,572.19
PAY_5251,0097d2973fc5,card,success,,1,42.2
PAY_5252,c2b8d8256b6d,card,success,,1,39.74
PAY_5253,dea9504a82c9,card,success,,1,44.6
PAY_5254,b0fb666fd500,card,success,,1,325.37
PAY_5255,6fab373aadbf,card,success,,1,207.24
PAY_5256,16cabbb2ed9b,card,success,,1,80.77
PAY_5257,611e81444942,card,success,,1,92.69
PAY_5258,fc784de7d6af,card,success,,1,46.84
PAY_5259,b03f291946cd,card,success,,1,183.46
PAY_5260,164445c47f71,card,failed,bank_decline,1,66.43
PAY_5261,164445c47f71,card,failed,timeout,2,66.43
PAY_5262,164445c47f71,card,failed,bank_decline,3,66.43
PAY_5263,164445c47f71,card,failed,bank_decline,4,66.43
PAY_5264,7b5431826087,card,success,,1,73.11
PAY_5265,ebb6ea2cd544,card,success,,1,146.5
PAY_5266,98ca8dfbeda8,card,success,,1,77.45
PAY_5267,59feb3f5c9fb,card,success,,1,74.59
PAY_5268,705c54f2026c,card,success,,1,90.78
PAY_5269,65976953a432,card,success,,1,170.08
PAY_5270,108f2d563b0a,card,success,,1,336.03
PAY_5271,db43330826b2,card,success,,1,143.8
PAY_5272,0baf3a5351bd,card,success,,1,171.17
PAY_5273,410dc33e8167,card,success,,1,51.1
PAY_5274,ff83c9c9c778,card,success,,1,151.89
PAY_5275,0c7ca7509982,card,success,,1,103.23
PAY_5276,7a481b44261e,card,success,,1,28.84
PAY_5277,8c484ca60af6,card,success,,1,69.24
PAY_5278,25601ba151ed,card,success,,1,84.24
PAY_5279,2a3dbfb15ded,card,success,,1,59.84
PAY_5280,d5a8a2511164,card,success,,1,294.53
PAY_5281,61b563375953,card,success,,1,132.14
PAY_5282,2d57e79695a1,card,success,,1,111.13
PAY_5283,cfa640632700,card,success,,1,96.07
PAY_5284,e13f1c88874c,card,success,,1,42.55
PAY_5285,d913da5a619c,card,success,,1,90.88
PAY_5286,2462c379868c,card,success,,1,90.96
PAY_5287,b0c4bb9816cf,card,success,,1,30.15
PAY_5288,df46658ca253,card,success,,1,58.46
PAY_5289,c0a3b10dfa64,card,success,,1,69.5
PAY_5290,60440b3ad130,card,success,,1,125.31
PAY_5291,4a6b97e91de1,card,success,,1,130.2
PAY_5292,ec22e2e3a8c4,card,failed,otp_failed,1,56.54
PAY_5293,ec22e2e3a8c4,UPI,failed,timeout,2,56.54
PAY_5294,c73006b03a52,card,success,,1,130.99
PAY_5295,eded42688274,card,success,,1,77.82
PAY_5296,883e4fffdfef,card,success,,1,9.06
PAY_5297,b064ab1fdb77,card,success,,1,61.08
PAY_5298,4732a94abc72,card,success,,1,213.4
PAY_5299,6435247f6e60,card,success,,1,23.44
PAY_5300,ca569d0f020e,card,failed,otp_failed,1,98.51
PAY_5301,9875bb6fc743,card,success,,1,319.96
PAY_5302,57dc7fb035a3,card,success,,1,48.98
PAY_5303,5d40e3434aab,card,success,,1,90.17
PAY_5304,811b8af7e239,card,success,,1,31.71
PAY_5305,1757cf418d04,card,success,,1,330.89
PAY_5306,86d17936ad90,card,success,,1,84.21
PAY_5307,54d52e6d95f8,card,success,,1,93.44
PAY_5308,d40a54be43b7,card,success,,1,265.99
PAY_5309,d001e55c5692,card,success,,1,152.81
PAY_5310,743f01219597,card,success,,1,44.68
PAY_5311,5193d4f6dcd1,card,success,,1,53.63
PAY_5312,bee975b2ba76,card,success,,1,133.75
PAY_5313,42d23350f1e1,card,success,,1,54.64
PAY_5314,859fc36bb9ee,card,success,,1,16.55
PAY_5315,03f0f139e6c3,card,success,,1,86.26
PAY_5316,5b934d6b6f88,card,success,,1,27.55
PAY_5317,67ecb0b290b1,card,success,,1,328.0
PAY_5318,28e392c36b30,card,success,,1,103.69
PAY_5319,b2d31f5d17be,card,success,,1,43.64
PAY_5320,34ea267c5098,card,success,,1,51.47
PAY_5321,0322cf3ca2d5,card,success,,1,37.35
PAY_5322,e99225949dde,card,success,,1,202.97
PAY_5323,dfded84db3e4,card,success,,1,536.69
PAY_5324,0f36ca4fe23f,card,success,,1,160.95
PAY_5325,a287a1fd5e37,card,success,,1,83.63
PAY_5326,ea96fed1815c,card,success,,1,63.72
PAY_5327,19400b76c5e5,card,success,,1,41.88
PAY_5328,009d48bc045f,card,success,,1,467.69
PAY_5329,d03ca154c306,card,success,,1,77.4
PAY_5330,5cbde0f42a87,card,success,,1,489.07
PAY_5331,0bfdbbb15053,card,success,,1,274.46
PAY_5332,fe8504ffa34b,card,success,,1,22.36
PAY_5333,5293836ac98c,card,success,,1,52.84
PAY_5334,f8f0f84b39bf,card,success,,1,52.71
PAY_5335,2dcc10491102,card,success,,1,84.45
PAY_5336,5ba446848389,card,success,,1,85.78
PAY_5337,fd3489d38332,card,failed,timeout,1,989.29
PAY_5338,fd3489d38332,netbanking,failed,timeout,2,989.29
PAY_5339,321719b5dc90,card,success,,1,38.02
PAY_5340,61a041439a93,card,success,,1,147.41
PAY_5341,326466600762,card,success,,1,89.9
PAY_5342,b7d46ee8cd99,card,success,,1,98.31
PAY_5343,3fb0ad3c081d,card,success,,1,39.02
PAY_5344,b447930f5c0b,card,success,,1,98.02
PAY_5345,a282a9e9e177,card,success,,1,135.52
PAY_5346,3abffa870766,card,success,,1,116.99
PAY_5347,ccc164fa1408,card,success,,1,142.05
PAY_5348,895cf17337ca,card,success,,1,278.69
PAY_5349,95434f749fb6,card,success,,1,190.48
PAY_5350,6c252b10f362,card,success,,1,35.25
PAY_5351,b372b677615e,card,success,,1,55.7
PAY_5352,ec234a836a4f,card,success,,1,75.51
PAY_5353,84a0ad099abd,card,success,,1,110.15
PAY_5354,96f745aba6ac,card,success,,1,61.4
PAY_5355,12431f79e254,card,success,,1,42.58
PAY_5356,db996c53ab95,card,success,,1,34.79
PAY_5357,8f6153d6a4a5,card,success,,1,24.02
PAY_5358,6347916f0b86,card,success,,1,74.59
PAY_5359,bc4fbafb17b2,card,success,,1,27.78
PAY_5360,1c0c3d643f36,card,success,,1,40.43
PAY_5361,e68ca344d627,card,success,,1,65.69
PAY_5362,108b05414540,card,success,,1,30.92
PAY_5363,dc02b44f0976,card,success,,1,121.97
PAY_5364,2b639bcd7226,card,success,,1,162.74
PAY_5365,216327afebef,card,success,,1,58.0
PAY_5366,9f1c58155750,card,failed,bank_decline,1,63.46
PAY_5367,9f1c58155750,card,failed,timeout,2,63.46
PAY_5368,9f1c58155750,card,failed,otp_failed,3,63.46
PAY_5369,e4aa29eae55d,card,success,,1,138.37
PAY_5370,8a00983bf765,card,success,,1,50.85
PAY_5371,d3e43e62570f,card,success,,1,48.13
PAY_5372,f6c24a7e6351,card,success,,1,234.44
PAY_5373,00e8d8d2d476,card,success,,1,182.61
PAY_5374,d86c75f34e73,card,success,,1,145.65
PAY_5375,9bb217ba4167,card,success,,1,188.77
PAY_5376,c1acb5b456bc,card,success,,1,18.51
PAY_5377,c11640a01493,card,success,,1,123.18
PAY_5378,5fda82fd29ba,card,success,,1,202.07
PAY_5379,f096bc55e95c,card,success,,1,93.61
PAY_5380,2b73f43d44f3,card,success,,1,72.22
PAY_5381,76ffbb39131e,card,success,,1,120.75
PAY_5382,689f220dca70,card,success,,1,25.3
PAY_5383,197031331e12,card,success,,1,58.37
PAY_5384,e3fa8df91f8d,card,success,,1,462.14
PAY_5385,8516fe05845c,card,success,,1,54.55
PAY_5386,cf0c86f04ce8,card,success,,1,74.37
PAY_5387,88705fdf513d,card,success,,1,44.43
PAY_5388,fc69156a68fd,card,success,,1,117.76
PAY_5389,59a641ad9135,card,success,,1,49.95
PAY_5390,9d2b92f5d6e0,card,success,,1,77.6
PAY_5391,834cd834db39,card,success,,1,177.52
PAY_5392,11455b59a59d,card,success,,1,51.47
PAY_5393,6ad2dc01fd10,card,success,,1,169.17
PAY_5394,ef8a08f2c35c,card,failed,timeout,1,173.78
PAY_5395,ef8a08f2c35c,netbanking,failed,otp_failed,2,173.78
PAY_5396,ef8a08f2c35c,netbanking,failed,otp_failed,3,173.78
PAY_5397,ef8a08f2c35c,netbanking,failed,timeout,4,173.78
PAY_5398,14ec4a36163b,card,success,,1,209.34
PAY_5399,65d07b97db01,card,success,,1,100.73
PAY_5400,fe0c2a06bc4a,card,success,,1,1203.52
PAY_5401,928970aeb6a2,card,success,,1,209.27
PAY_5402,738fe41df0aa,card,success,,1,116.73
PAY_5403,07d7ef3ddf0b,card,success,,1,44.67
PAY_5404,f2286b3b13ae,card,success,,1,83.29
PAY_5405,15a7d1e8ab92,card,success,,1,281.76
PAY_5406,efeac90ffb74,card,success,,1,353.41
PAY_5407,6e007d84e8fd,card,failed,timeout,1,293.73
PAY_5408,6e007d84e8fd,netbanking,failed,timeout,2,293.73
PAY_5409,73bf54c1e804,card,success,,1,168.71
PAY_5410,2528b891b6c8,card,success,,1,32.97
PAY_5411,81c723f833e4,card,success,,1,132.92
PAY_5412,e0468232ee46,card,failed,timeout,1,33.34
PAY_5413,e0468232ee46,card,failed,otp_failed,2,33.34
PAY_5414,e0468232ee46,card,failed,timeout,3,33.34
PAY_5415,076b2e195c9b,card,success,,1,27.39
PAY_5416,6c4433b489ba,card,success,,1,109.0
PAY_5417,665adbd79901,card,success,,1,136.81
PAY_5418,31ed81d49c1f,card,success,,1,185.43
PAY_5419,bbd24ff8b031,card,success,,1,133.98
PAY_5420,e776f88f3a07,card,failed,otp_failed,1,137.73
PAY_5421,e776f88f3a07,card,failed,timeout,2,137.73
PAY_5422,932f65f17b0c,card,success,,1,40.95
PAY_5423,4aad0d3855c1,card,success,,1,82.77
PAY_5424,f3ee27bf39c5,card,success,,1,26.96
PAY_5425,a2f489c36a37,card,success,,1,18.13
PAY_5426,b8f439171cab,card,success,,1,162.8
PAY_5427,d39c645f1577,card,success,,1,49.28
PAY_5428,4489305a715a,card,success,,1,180.91
PAY_5429,65d36affdc48,card,success,,1,218.48
PAY_5430,660f5b485e02,card,success,,1,54.85
PAY_5431,5bca48217871,card,success,,1,144.35
PAY_5432,5bbf33caebcc,card,success,,1,53.04
PAY_5433,0579ebfcf9bd,card,success,,1,20.56
PAY_5434,878b645076f7,card,success,,1,99.35
PAY_5435,54e3cce03b1a,card,success,,1,61.76
PAY_5436,a0fa26e30c15,card,success,,1,63.3
PAY_5437,70e949cbeb8d,card,success,,1,437.15
PAY_5438,efe8b89bb4fd,card,success,,1,26.56
PAY_5439,9dd1bb177fcc,card,success,,1,122.28
PAY_5440,2b3dfd5abf69,card,success,,1,40.62
PAY_5441,a18d7cbf6d61,card,success,,1,186.16
PAY_5442,f9c7a3a506e9,card,success,,1,114.29
PAY_5443,65215f07eca4,card,success,,1,121.93
PAY_5444,b13ad50f208c,card,success,,1,42.27
PAY_5445,adb3c45af9a2,card,success,,1,48.79
PAY_5446,4c0b39b89f09,card,success,,1,189.01
PAY_5447,bb63c4fd51e0,card,success,,1,371.16
PAY_5448,9d65acea8fb9,card,failed,otp_failed,1,132.19
PAY_5449,9d65acea8fb9,netbanking,failed,otp_failed,2,132.19
PAY_5450,9d65acea8fb9,netbanking,failed,bank_decline,3,132.19
PAY_5451,c5f6530e47cc,card,success,,1,43.91
PAY_5452,33b87a35dc42,card,success,,1,97.7
PAY_5453,fda753070ca0,card,success,,1,289.88
PAY_5454,3dfcdb5e0253,card,success,,1,49.79
PAY_5455,d6a137f591ea,card,success,,1,87.04
PAY_5456,3286adb2d644,card,success,,1,147.77
PAY_5457,ae892fda4330,card,success,,1,123.7
PAY_5458,05e55c4abeae,card,success,,1,48.76
PAY_5459,65b434669562,card,success,,1,47.11
PAY_5460,0cd9abbd5d22,card,success,,1,198.47
PAY_5461,c5ec736be510,card,success,,1,233.51
PAY_5462,f5aea8795ff3,card,success,,1,301.79
PAY_5463,c9d1b6ac0fb6,card,success,,1,381.13
PAY_5464,2ee79766b974,card,success,,1,100.25
PAY_5465,65f2dd51d275,card,success,,1,70.18
PAY_5466,23923f7dd025,card,success,,1,265.28
PAY_5467,f06f178a5e81,card,success,,1,159.25
PAY_5468,8f641c0538b6,card,success,,1,41.02
PAY_5469,9b86970e45a3,card,success,,1,39.37
PAY_5470,c8932652f72f,card,success,,1,133.43
PAY_5471,eb3b89016380,card,success,,1,78.11
PAY_5472,ff7fceaa5880,card,success,,1,88.13
PAY_5473,0be43e4d297c,card,success,,1,212.31
PAY_5474,dae6520cbefb,card,success,,1,165.21
PAY_5475,56ffc2b8995b,card,success,,1,260.84
PAY_5476,6795fded11fb,card,success,,1,19.2
PAY_5477,f664e1593104,card,success,,1,110.25
PAY_5478,6b47388770a7,card,success,,1,156.92
PAY_5479,ea43d895eb76,card,success,,1,26.54
PAY_5480,6ebf1974af37,card,success,,1,53.31
PAY_5481,d88d504605e5,card,success,,1,91.59
PAY_5482,c453087547ab,card,success,,1,331.05
PAY_5483,6db591c00bf4,card,success,,1,453.99
PAY_5484,0eb8883f20a3,card,success,,1,46.93
PAY_5485,9a638b287b91,card,success,,1,137.17
PAY_5486,3a38230ed2c9,card,success,,1,140.76
PAY_5487,3d186bb66b70,card,success,,1,122.74
PAY_5488,f26b6e9badcf,card,success,,1,123.86
PAY_5489,8c881d19efd2,card,success,,1,114.78
PAY_5490,80c7508e5908,card,success,,1,347.25
PAY_5491,846afedf4399,card,success,,1,217.45
PAY_5492,6f68eb716559,card,success,,1,38.55
PAY_5493,ace17c579413,card,success,,1,170.13
PAY_5494,5fb684e71f32,card,success,,1,183.81
PAY_5495,bec27393d8e7,card,success,,1,115.81
PAY_5496,64d37279dbb0,card,success,,1,222.55
PAY_5497,aed7a7df4258,card,success,,1,104.63
PAY_5498,049833396885,card,failed,timeout,1,105.68
PAY_5499,049833396885,card,failed,bank_decline,2,105.68
PAY_5500,049833396885,card,failed,timeout,3,105.68
PAY_5501,33c87574679f,card,success,,1,99.19
PAY_5502,f7332ae236f8,card,success,,1,17.91
PAY_5503,37e477403478,card,success,,1,84.41
PAY_5504,d758df16c247,card,success,,1,52.74
PAY_5505,c0c987af521a,card,success,,1,34.84
PAY_5506,f9dad82047f2,card,success,,1,283.5
PAY_5507,bb53ba0836ac,card,success,,1,134.74
PAY_5508,205fc3829b22,card,success,,1,87.89
PAY_5509,848f8f388b3e,card,success,,1,57.29
PAY_5510,961dd0223996,card,success,,1,114.08
PAY_5511,c978104f37b6,card,success,,1,198.97
PAY_5512,f5168d78cbb7,card,success,,1,89.67
PAY_5513,5630c41d3a59,card,success,,1,180.27
PAY_5514,dfa5e4d93ec1,card,success,,1,19.13
PAY_5515,86c1b7907454,card,success,,1,85.97
PAY_5516,9e896d37e626,card,success,,1,63.85
PAY_5517,4728f21a0c0e,card,success,,1,80.88
PAY_5518,86d6daa7b7de,card,success,,1,60.26
PAY_5519,12d8fb3d4afe,card,success,,1,100.49
PAY_5520,a63204e8c488,card,success,,1,419.43
PAY_5521,6bbbaeebf8c3,card,success,,1,69.47
PAY_5522,e4df732fe7e4,card,success,,1,113.68
PAY_5523,9f0978680b5c,card,success,,1,443.99
PAY_5524,9a6992227e4f,card,success,,1,57.97
PAY_5525,4099036d6369,card,success,,1,384.42
PAY_5526,1642cb464734,card,success,,1,90.4
PAY_5527,9f3903523998,card,success,,1,374.47
PAY_5528,c7ad6fe4a8ce,card,success,,1,164.05
PAY_5529,5269a398e9da,card,failed,timeout,1,115.09
PAY_5530,5269a398e9da,netbanking,failed,timeout,2,115.09
PAY_5531,3a6851603407,card,success,,1,85.41
PAY_5532,538861b3c721,card,failed,bank_decline,1,54.64
PAY_5533,538861b3c721,card,failed,timeout,2,54.64
PAY_5534,e5e62c065377,card,success,,1,95.64
PAY_5535,4e5f797b712e,card,success,,1,184.54
PAY_5536,a85dde735b32,card,success,,1,89.08
PAY_5537,aca52220c408,card,success,,1,69.87
PAY_5538,e40ac5d8e578,card,success,,1,73.65
PAY_5539,9473754a49bc,card,success,,1,199.13
PAY_5540,881524394a50,card,success,,1,239.88
PAY_5541,c2e85179eb7b,card,success,,1,52.79
PAY_5542,0772ed127360,card,success,,1,52.73
PAY_5543,d58d0b062510,card,success,,1,121.93
PAY_5544,c0e9c3dd72b8,card,success,,1,305.52
PAY_5545,11e1cc583dde,card,success,,1,225.16
PAY_5546,5791e6a40f98,card,success,,1,33.07
PAY_5547,4bd4ea5df348,card,success,,1,72.87
PAY_5548,4ef428f15e94,card,success,,1,42.76
PAY_5549,9ba9130d6479,card,success,,1,72.67
PAY_5550,f13ed0f833d6,card,success,,1,28.84
PAY_5551,d15d346c89be,card,success,,1,24.65
PAY_5552,f6dce7fb7d84,card,success,,1,46.39
PAY_5553,85dae1fd6c2a,card,success,,1,147.91
PAY_5554,b19cd3175414,card,success,,1,127.74
PAY_5555,d54a0036400b,card,success,,1,21.97
PAY_5556,76cbfdf8e130,card,success,,1,232.91
PAY_5557,d8f80fd95330,card,success,,1,70.13
PAY_5558,647c4d248248,card,success,,1,161.61
PAY_5559,1455239d72dc,card,failed,otp_failed,1,31.23
PAY_5560,1455239d72dc,card,failed,otp_failed,2,31.23
PAY_5561,1455239d72dc,card,failed,timeout,3,31.23
PAY_5562,1455239d72dc,card,failed,otp_failed,4,31.23
PAY_5563,b260e4a2844d,card,success,,1,90.37
PAY_5564,330227d8f24b,card,success,,1,108.75
PAY_5565,266bc83e2b89,card,success,,1,226.92
PAY_5566,243833eec4eb,card,success,,1,25.33
PAY_5567,a2156299d9ab,card,success,,1,92.26
PAY_5568,b5a03b37c3d8,card,success,,1,37.78
PAY_5569,56740e681690,card,success,,1,134.88
PAY_5570,1d84ec354a17,card,failed,timeout,1,167.63
PAY_5571,5d71ca458ced,card,failed,otp_failed,1,252.08
PAY_5572,31aa39f0ef94,card,success,,1,58.67
PAY_5573,69690eda8553,card,failed,bank_decline,1,189.01
PAY_5574,69690eda8553,card,failed,timeout,2,189.01
PAY_5575,69690eda8553,card,failed,timeout,3,189.01
PAY_5576,69690eda8553,card,failed,bank_decline,4,189.01
PAY_5577,c4ee89200a96,card,success,,1,267.39
PAY_5578,3b14c30fd3e9,card,success,,1,24.18
PAY_5579,b8af2ebb5dd5,card,failed,bank_decline,1,146.92
PAY_5580,b8af2ebb5dd5,card,failed,timeout,2,146.92
PAY_5581,727b4fb53073,card,success,,1,193.8
PAY_5582,f17882692ded,card,success,,1,73.19
PAY_5583,3aec715fc665,card,success,,1,34.17
PAY_5584,53e393eeee28,card,success,,1,191.4
PAY_5585,468c83a6459a,card,success,,1,34.48
PAY_5586,7a01efe350c0,card,success,,1,78.05
PAY_5587,17c02d216912,card,success,,1,87.17
PAY_5588,a904feafdeb5,card,success,,1,159.56
PAY_5589,fbee85995abc,card,success,,1,54.53
PAY_5590,ec5ebffcf397,card,success,,1,97.43
PAY_5591,37132d9cd065,card,success,,1,201.36
PAY_5592,078b6f58db57,card,success,,1,561.13
PAY_5593,c3b606cba75c,card,success,,1,26.95
PAY_5594,048202a58ef6,card,failed,otp_failed,1,115.85
PAY_5595,1d9314427d2e,card,success,,1,37.74
PAY_5596,f7c53f7d5cdc,card,success,,1,42.49
PAY_5597,617224c200ef,card,success,,1,52.47
PAY_5598,e1a0e4ec4d67,card,success,,1,56.18
PAY_5599,84de5b441435,card,success,,1,84.69
PAY_5600,baf771f95144,card,success,,1,116.58
PAY_5601,476c6eb3f00e,card,success,,1,132.55
PAY_5602,e271028542d9,card,success,,1,89.6
PAY_5603,b5f32be776b9,card,success,,1,31.07
PAY_5604,62d67330872f,card,success,,1,161.13
PAY_5605,3201b5b65a02,card,failed,otp_failed,1,86.28
PAY_5606,3201b5b65a02,UPI,failed,timeout,2,86.28
PAY_5607,3201b5b65a02,UPI,failed,otp_failed,3,86.28
PAY_5608,3201b5b65a02,UPI,failed,otp_failed,4,86.28
PAY_5609,dd00bf3ba0fc,card,success,,1,228.01
PAY_5610,8c47d0851fcf,card,success,,1,51.1
PAY_5611,2859f6f789b0,card,success,,1,24.98
PAY_5612,29ddc5a65002,card,success,,1,87.6
PAY_5613,579a8f227b2e,card,success,,1,253.85
PAY_5614,167daef33d7c,card,success,,1,102.39
PAY_5615,aca78c411d0c,card,success,,1,76.73
PAY_5616,187d8e285180,card,success,,1,44.87
PAY_5617,d200d255c15a,card,success,,1,367.31
PAY_5618,a64360fa824a,card,success,,1,50.38
PAY_5619,5d9b02c4a0cf,card,success,,1,142.03
PAY_5620,f59625fd3e6f,card,success,,1,20.39
PAY_5621,d35cf4749d16,card,success,,1,249.55
PAY_5622,316ec19e89ef,card,success,,1,148.32
PAY_5623,6ead9d11a5e9,card,success,,1,184.82
PAY_5624,4dbf9cfbd447,card,success,,1,140.68
PAY_5625,e222aa10d4e2,card,success,,1,38.45
PAY_5626,df3fe6758ed6,card,success,,1,80.47
PAY_5627,97ca28b6a273,card,success,,1,41.26
PAY_5628,af32f5a93baa,card,success,,1,132.81
PAY_5629,5d05c8f7a211,card,success,,1,171.64
PAY_5630,63de846d3a9c,card,success,,1,293.37
PAY_5631,e6dd300df157,card,success,,1,121.2
PAY_5632,c44e38206656,card,success,,1,188.61
PAY_5633,f0ff5795d512,card,success,,1,70.97
PAY_5634,c51997181f15,card,success,,1,61.4
PAY_5635,4d34ac69a8c4,card,success,,1,131.49
PAY_5636,6d89698cf783,card,success,,1,66.08
PAY_5637,36b88c1d3097,card,success,,1,111.65
PAY_5638,51cfac13b87d,card,success,,1,38.51
PAY_5639,c6a26fe227e8,card,success,,1,44.46
PAY_5640,a96af2444ce6,card,success,,1,149.65
PAY_5641,97d416c4d2e8,card,success,,1,182.98
PAY_5642,8df26e56d428,card,success,,1,40.91
PAY_5643,111f2e8a0eb4,card,success,,1,153.93
PAY_5644,7829ce407454,card,success,,1,58.78
PAY_5645,3d2ec8b2807f,card,success,,1,91.21
PAY_5646,db3f0aefa447,card,success,,1,279.65
PAY_5647,8430e07986bf,card,success,,1,171.74
PAY_5648,65ac7bbc6ff7,card,success,,1,170.15
PAY_5649,e65f721e5e05,card,success,,1,414.48
PAY_5650,53f1c96da705,card,success,,1,51.26
PAY_5651,8ab6adfed934,card,success,,1,40.91
PAY_5652,8ce40543ad7b,card,success,,1,50.52
PAY_5653,92174e13e3c0,card,success,,1,73.43
PAY_5654,7443763daf80,card,success,,1,13.69
PAY_5655,582a8efb8b06,card,success,,1,76.25
PAY_5656,61c06e26d2fd,card,success,,1,58.23
PAY_5657,6df48673cbcf,card,success,,1,168.51
PAY_5658,62517e8475f1,card,success,,1,55.67
PAY_5659,e6d276b81126,card,success,,1,144.31
PAY_5660,d44416d16a17,card,success,,1,160.55
PAY_5661,3736dbc02e83,card,success,,1,48.67
PAY_5662,30cb8112ba15,card,success,,1,60.68
PAY_5663,acbe1868e011,card,success,,1,15.18
PAY_5664,71c479c4b84e,card,success,,1,37.62
PAY_5665,d1144d902b28,card,success,,1,49.7
PAY_5666,cdecb96ba309,card,success,,1,95.52
PAY_5667,0796ef501a4e,card,success,,1,42.25
PAY_5668,248b38a097af,card,success,,1,59.69
PAY_5669,4dbb53e5b2c3,card,success,,1,33.78
PAY_5670,fb7ac38f1e0f,card,success,,1,126.54
PAY_5671,69887d2ce46c,card,success,,1,124.2
PAY_5672,b2a29765993a,card,success,,1,90.91
PAY_5673,6411914f483e,card,success,,1,26.24
PAY_5674,d0e3b17349e2,card,success,,1,54.82
PAY_5675,8f1770fded9d,card,success,,1,64.98
PAY_5676,c32c5fdd480e,card,success,,1,65.19
PAY_5677,dffe7a0d5313,card,success,,1,95.58
PAY_5678,2462846de814,card,success,,1,281.58
PAY_5679,b118a8dac242,card,success,,1,172.38
PAY_5680,c87e3ca048ec,card,success,,1,40.85
PAY_5681,976bf018cf12,card,success,,1,154.89
PAY_5682,6381c98bd030,card,success,,1,150.24
PAY_5683,86dda65d0fc4,card,success,,1,47.24
PAY_5684,94f028344144,card,success,,1,177.52
PAY_5685,904942696487,card,success,,1,79.18
PAY_5686,2d77423334f6,card,success,,1,29.14
PAY_5687,e22686aa5ea0,card,success,,1,129.56
PAY_5688,536efe02cbed,card,success,,1,107.08
PAY_5689,ddeddeaf6cac,card,success,,1,75.03
PAY_5690,0c1a43be048b,card,success,,1,87.36
PAY_5691,3df57db951a0,card,success,,1,50.64
PAY_5692,ce3e84c06586,card,success,,1,146.66
PAY_5693,fb16c66ef488,card,success,,1,86.94
PAY_5694,2606f481b62d,card,success,,1,102.84
PAY_5695,3593570e1aba,card,success,,1,119.79
PAY_5696,a2e546013781,card,success,,1,35.74
PAY_5697,b0d77fa88201,card,success,,1,44.02
PAY_5698,2decc36994cd,card,success,,1,15.36
PAY_5699,46bd672c3c46,card,success,,1,141.43
PAY_5700,c57ee46e69d1,card,success,,1,34.13
PAY_5701,33b349f51f1e,card,success,,1,100.09
PAY_5702,3b266b41c8a1,card,success,,1,121.12
PAY_5703,bf85b41f8e62,card,success,,1,145.75
PAY_5704,f8a534c89c1c,card,success,,1,34.36
PAY_5705,f87c6f5051d7,card,success,,1,85.44
PAY_5706,cf81d63ac480,card,success,,1,342.48
PAY_5707,fcaa07be8c2c,card,success,,1,354.76
PAY_5708,62eb6770a790,card,success,,1,198.32
PAY_5709,956fe10b1086,card,success,,1,117.92
PAY_5710,15a177d7f433,card,success,,1,40.28
PAY_5711,1d633f64a80a,card,success,,1,159.96
PAY_5712,42c3c7d66eb0,card,success,,1,79.33
PAY_5713,754d15617349,card,success,,1,140.95
PAY_5714,d352e15f2114,card,success,,1,54.26
PAY_5715,7787704f5f2a,card,success,,1,78.39
PAY_5716,7b1ec9d2fdfb,card,success,,1,102.65
PAY_5717,d068f3f98310,card,success,,1,109.62
PAY_5718,3197994a9379,card,success,,1,133.62
PAY_5719,8abbab050c06,card,success,,1,56.64
PAY_5720,fdb746756fa1,card,success,,1,30.73
PAY_5721,80fb73cff9c7,card,success,,1,330.24
PAY_5722,d192f0fb90bb,card,success,,1,659.45
PAY_5723,cd171e32c6f6,card,success,,1,128.76
PAY_5724,7a8a21bb887f,card,failed,bank_decline,1,31.21
PAY_5725,7a8a21bb887f,card,failed,bank_decline,2,31.21
PAY_5726,7a8a21bb887f,card,failed,bank_decline,3,31.21
PAY_5727,7a8a21bb887f,card,failed,otp_failed,4,31.21
PAY_5728,7f0b2e6a4b59,card,success,,1,48.49
PAY_5729,5777e0c60947,card,success,,1,135.27
PAY_5730,653d692884a8,card,success,,1,263.19
PAY_5731,0ed677d8cbe8,card,success,,1,34.11
PAY_5732,fed6ad22a3fe,card,success,,1,81.49
PAY_5733,ab66c9a45ce7,card,success,,1,105.29
PAY_5734,c9c191eefe87,card,success,,1,179.77
PAY_5735,30fadce35b29,card,success,,1,68.38
PAY_5736,673073e5d1d2,card,success,,1,25.76
PAY_5737,9bae7759667e,card,success,,1,147.96
PAY_5738,cf4b97b0821e,card,success,,1,84.26
PAY_5739,ab66d705f078,card,success,,1,124.49
PAY_5740,98eb1bec7036,card,success,,1,45.76
PAY_5741,cf767797b86d,card,success,,1,204.62
PAY_5742,1d5fde229ffe,card,success,,1,122.73
PAY_5743,8e80d68cf67c,card,success,,1,133.26
PAY_5744,500bde54153f,card,success,,1,299.37
PAY_5745,d30de1f588b5,card,success,,1,38.71
PAY_5746,f56fddc79ab3,card,success,,1,57.88
PAY_5747,3bc1ca13a803,card,success,,1,102.14
PAY_5748,1f91e779dfcd,card,success,,1,57.31
PAY_5749,43aa1f464fdf,card,success,,1,168.43
PAY_5750,00ca2a1fd7af,card,success,,1,77.48
PAY_5751,fa2877b50258,card,success,,1,40.69
PAY_5752,7457b2d7c8c2,card,success,,1,94.88
PAY_5753,8ea2f125722b,card,success,,1,103.16
PAY_5754,1f904216e53e,card,success,,1,190.14
PAY_5755,efc76a06232b,card,success,,1,123.29
PAY_5756,25917f999584,card,success,,1,130.18
PAY_5757,ebdaa512d8e3,card,success,,1,116.31
PAY_5758,d10bfabd9390,card,success,,1,77.43
PAY_5759,4cffbc92b8f5,card,success,,1,50.76
PAY_5760,cf973104578a,card,success,,1,113.42
PAY_5761,677d34cc29b3,card,success,,1,68.96
PAY_5762,d5c160271a1f,card,success,,1,347.88
PAY_5763,15f1a67e11de,card,failed,otp_failed,1,263.42
PAY_5764,575852cfd72e,card,success,,1,149.35
PAY_5765,b842c6ec57d6,card,success,,1,121.85
PAY_5766,65657671a8ab,card,success,,1,83.9
PAY_5767,9bda98a83867,card,success,,1,32.82
PAY_5768,01c0ab2e7391,card,success,,1,75.72
PAY_5769,c697a3df9323,card,success,,1,97.62
PAY_5770,7638cbe7fd70,card,success,,1,108.15
PAY_5771,259aa458e3e9,card,success,,1,188.12
PAY_5772,d9cef4678955,card,success,,1,51.74
PAY_5773,8410199b5b6f,card,success,,1,52.12
PAY_5774,9093bdbce88c,card,failed,otp_failed,1,287.35
PAY_5775,9093bdbce88c,netbanking,failed,bank_decline,2,287.35
PAY_5776,9093bdbce88c,netbanking,failed,timeout,3,287.35
PAY_5777,75a87ab9c8f7,card,success,,1,166.8
PAY_5778,ed71490c29df,card,success,,1,65.85
PAY_5779,4079bf9e94e4,card,success,,1,82.62
PAY_5780,594b2e6f6809,card,success,,1,82.92
PAY_5781,5e2a47087d0b,card,success,,1,92.32
PAY_5782,988b4851783d,card,success,,1,131.39
PAY_5783,3ec46fd2e761,card,success,,1,684.02
PAY_5784,4cf6d3abaa2d,card,success,,1,104.77
PAY_5785,397238753d4f,card,success,,1,152.95
PAY_5786,be2f7b80f764,card,success,,1,23.36
PAY_5787,c19cb49beb12,card,success,,1,61.07
PAY_5788,6eaa0b6d36c0,card,success,,1,240.58
PAY_5789,0c9e24c1e230,card,success,,1,124.19
PAY_5790,11c4f5ff174f,card,success,,1,2.69
PAY_5791,b4d494583478,card,success,,1,154.35
PAY_5792,3912c556d930,card,success,,1,417.6
PAY_5793,c5ad791b833c,card,success,,1,18.23
PAY_5794,7cb9e300aec2,card,success,,1,303.54
PAY_5795,da29cbdaec0e,card,success,,1,9.8
PAY_5796,e568934e8bb1,card,success,,1,89.4
PAY_5797,81eb02cb08bd,card,success,,1,13.74
PAY_5798,8ebf418a3975,card,success,,1,128.63
PAY_5799,2b68da7895a5,card,success,,1,226.03
PAY_5800,ff73fa826020,card,success,,1,120.43
PAY_5801,5d506bfe57e0,card,success,,1,143.72
PAY_5802,ad4b683bfcbf,card,success,,1,64.76
PAY_5803,1fafb9706123,card,success,,1,20.31
PAY_5804,ec5d62645805,card,success,,1,156.57
PAY_5805,c77df5ccd5ad,card,success,,1,364.97
PAY_5806,bdd42512445e,card,success,,1,222.22
PAY_5807,980078cc3f3d,card,success,,1,18.35
PAY_5808,ff3c47604665,card,success,,1,26.79
PAY_5809,f77f3d3416ab,card,success,,1,45.75
PAY_5810,27062f2f595b,card,success,,1,25.17
PAY_5811,9ed41988ea28,card,failed,otp_failed,1,93.26
PAY_5812,9ed41988ea28,card,failed,timeout,2,93.26
PAY_5813,9ed41988ea28,card,failed,otp_failed,3,93.26
PAY_5814,100aa7f21f0f,card,success,,1,28.67
PAY_5815,00265a0348e0,card,success,,1,167.62
PAY_5816,18a7ee33f758,card,success,,1,145.6
PAY_5817,7b898fba7147,card,success,,1,78.41
PAY_5818,cf3822df05a9,card,success,,1,18.92
PAY_5819,75a163fc858a,card,success,,1,69.01
PAY_5820,a94cd1c47094,card,success,,1,90.55
PAY_5821,85fd706eadc9,card,success,,1,103.03
PAY_5822,f9368f88ab4e,card,success,,1,121.89
PAY_5823,199eb49d7b5b,card,success,,1,109.44
PAY_5824,54f34297fe5b,card,failed,otp_failed,1,72.86
PAY_5825,1363343ceacf,card,success,,1,113.18
PAY_5826,3aceab5e5368,card,success,,1,200.66
PAY_5827,eae2cb4d53b7,card,success,,1,83.4
PAY_5828,ffc2b8c43240,card,success,,1,116.06
PAY_5829,7d96109803c5,card,success,,1,77.56
PAY_5830,fb70fdbd4cf8,card,success,,1,53.66
PAY_5831,8d679f55c6d9,card,success,,1,136.77
PAY_5832,d39d08aa52ba,card,success,,1,57.73
PAY_5833,d2686c28c291,card,success,,1,122.6
PAY_5834,15e2ce3b3aca,card,success,,1,92.08
PAY_5835,0f6c1e1e816e,card,failed,otp_failed,1,70.59
PAY_5836,0f6c1e1e816e,UPI,failed,timeout,2,70.59
PAY_5837,1121436dd75b,card,success,,1,59.95
PAY_5838,1f3372b8cdd0,card,success,,1,24.13
PAY_5839,8041d8109949,card,success,,1,122.28
PAY_5840,fabfd73e5fd8,card,success,,1,108.34
PAY_5841,e05c434d1456,card,success,,1,177.64
PAY_5842,61ef13577a66,card,success,,1,58.84
PAY_5843,f18748755154,card,success,,1,410.06
PAY_5844,ff98c1576b6f,card,success,,1,66.43
PAY_5845,ce9867354158,card,success,,1,44.7
PAY_5846,694419561304,card,success,,1,40.65
PAY_5847,1020d42439d6,card,success,,1,22.49
PAY_5848,49b9fa94de8e,card,success,,1,306.77
PAY_5849,10f65467bd7c,card,success,,1,269.58
PAY_5850,b1359ee42016,card,success,,1,145.56
PAY_5851,193821fac880,card,success,,1,43.95
PAY_5852,295922a75846,card,success,,1,383.38
PAY_5853,6cc76808dcc9,card,success,,1,67.94
PAY_5854,173cc355ea36,card,success,,1,72.59
PAY_5855,d27728a8ef12,card,success,,1,284.24
PAY_5856,0b85e431538f,card,success,,1,152.49
PAY_5857,e22c215c44a5,card,success,,1,523.68
PAY_5858,dcb19f866a97,card,success,,1,65.52
PAY_5859,86c06e833fe8,card,success,,1,55.18
PAY_5860,3a0d48cfb1d7,card,success,,1,20.54
PAY_5861,e2350631c7b7,card,success,,1,72.03
PAY_5862,d968dfc857aa,card,success,,1,224.9
PAY_5863,07ddd9f5b6bd,card,success,,1,145.34
PAY_5864,41968bcd8290,card,success,,1,91.49
PAY_5865,1acdc2b63176,card,success,,1,40.61
PAY_5866,0d357b130af0,card,success,,1,202.4
PAY_5867,29bb7574e067,card,success,,1,127.05
PAY_5868,040d2bfd8c4c,card,success,,1,102.86
PAY_5869,c701d5023b39,card,success,,1,47.58
PAY_5870,0175506856ea,card,success,,1,180.14
PAY_5871,6c8be6746ab7,card,success,,1,7.35
PAY_5872,68b420a670b1,card,success,,1,122.28
PAY_5873,6066723b8c21,card,success,,1,703.63
PAY_5874,76221bbbf46b,card,success,,1,26.93
PAY_5875,71036f9f4baf,card,success,,1,74.21
PAY_5876,563c1e56c1cd,card,success,,1,89.45
PAY_5877,1af87f19e6f4,card,success,,1,62.17
PAY_5878,70ad608a72b2,card,success,,1,206.25
PAY_5879,14a095c464c7,card,success,,1,131.36
PAY_5880,ff61470b84c6,card,success,,1,101.68
PAY_5881,1cb86d98ffc3,card,success,,1,170.34
PAY_5882,4f5a85dda00e,card,success,,1,91.23
PAY_5883,7917e590432f,card,success,,1,1145.84
PAY_5884,fa7387755355,card,success,,1,101.6
PAY_5885,8cb52ce5c0f8,card,success,,1,105.24
PAY_5886,bbc9a2f375df,card,success,,1,22.91
PAY_5887,7db82eb8ae52,card,success,,1,225.41
PAY_5888,278a3303fe34,card,success,,1,30.93
PAY_5889,1bf55ded8be5,card,success,,1,16.02
PAY_5890,0f0e169d6806,card,success,,1,92.37
PAY_5891,46ff90397281,card,success,,1,269.51
PAY_5892,b019bd54ef0e,card,failed,bank_decline,1,93.12
PAY_5893,b019bd54ef0e,netbanking,failed,otp_failed,2,93.12
PAY_5894,1434d939a617,card,success,,1,68.79
PAY_5895,34a23b389a48,card,failed,bank_decline,1,20.35
PAY_5896,34bc3ff6298f,card,success,,1,152.78
PAY_5897,852e6d6fb5c7,card,success,,1,21.64
PAY_5898,0b43ad60ff69,card,success,,1,223.1
PAY_5899,1ec3af0c92d4,card,success,,1,166.09
PAY_5900,30587149ec7c,card,success,,1,222.71
PAY_5901,a699e6eaf9e7,card,success,,1,143.57
PAY_5902,cb9a76ec6863,card,success,,1,151.86
PAY_5903,a79ce1bb7903,card,success,,1,136.53
PAY_5904,af89c6f36627,card,success,,1,180.33
PAY_5905,0f60851bea84,card,success,,1,21.01
PAY_5906,9e47e952b5f0,card,success,,1,27.09
PAY_5907,0045027090b8,card,success,,1,49.96
PAY_5908,1acd7fa02b13,card,success,,1,81.14
PAY_5909,f6074ac6812e,card,failed,otp_failed,1,122.79
PAY_5910,f6074ac6812e,card,failed,timeout,2,122.79
PAY_5911,f6074ac6812e,card,failed,timeout,3,122.79
PAY_5912,b48a9804657f,card,success,,1,116.72
PAY_5913,6bd75db88914,card,success,,1,220.01
PAY_5914,67009fec03b7,card,success,,1,225.61
PAY_5915,959fbb546f0b,card,success,,1,44.79
PAY_5916,b4766daad496,card,success,,1,108.95
PAY_5917,526ada884488,card,success,,1,77.43
PAY_5918,5a55e2b08ebd,card,success,,1,116.45
PAY_5919,e84f5898567a,card,success,,1,5.89
PAY_5920,838b48c7ae70,card,failed,timeout,1,619.55
PAY_5921,838b48c7ae70,UPI,failed,bank_decline,2,619.55
PAY_5922,838b48c7ae70,UPI,failed,timeout,3,619.55
PAY_5923,838b48c7ae70,UPI,failed,otp_failed,4,619.55
PAY_5924,79cdebaf580a,card,success,,1,141.62
PAY_5925,f2688de8e672,card,success,,1,55.89
PAY_5926,f01a669bf828,card,success,,1,420.69
PAY_5927,3fc4340b0f62,card,success,,1,68.17
PAY_5928,fcc9cd04499a,card,success,,1,100.08
PAY_5929,90b186a86d77,card,success,,1,60.97
PAY_5930,35d6d5bb1a4f,card,success,,1,337.51
PAY_5931,4518dcb81964,card,success,,1,82.77
PAY_5932,2c2748061138,card,success,,1,101.45
PAY_5933,9e3c18988a6b,card,success,,1,235.81
PAY_5934,5dd2b9d13473,card,success,,1,86.19
PAY_5935,926cc472567f,card,success,,1,218.83
PAY_5936,fa30daafc4c3,card,success,,1,685.94
PAY_5937,fe89052d8731,card,success,,1,116.04
PAY_5938,8c9989f30692,card,success,,1,98.83
PAY_5939,4f1e9b609d74,card,success,,1,103.18
PAY_5940,18888dee8fa4,card,success,,1,256.81
PAY_5941,1a8f3f0559e7,card,success,,1,55.74
PAY_5942,38beb6651752,card,success,,1,72.05
PAY_5943,47780c3dd661,card,success,,1,34.91
PAY_5944,a8a9f29f23cb,card,success,,1,59.49
PAY_5945,22cdbda9c0c5,card,success,,1,86.08
PAY_5946,5e0b02ae4b7e,card,success,,1,370.65
PAY_5947,26dd5bd84448,card,success,,1,138.21
PAY_5948,a07da41627ec,card,success,,1,43.39
PAY_5949,312a387974d9,card,success,,1,50.28
PAY_5950,201776d7fb84,card,success,,1,270.37
PAY_5951,c5e68c88d8fd,card,success,,1,221.69
PAY_5952,60875cfb43a4,card,success,,1,92.07
PAY_5953,5bc8d02fcf63,card,success,,1,63.18
PAY_5954,3b61acb6b8c6,card,success,,1,221.39
PAY_5955,ef23833ebcde,card,success,,1,40.66
PAY_5956,ea1d301516fe,card,success,,1,123.18
PAY_5957,c68da1e4c3f7,card,success,,1,554.53
PAY_5958,b109b862ee40,card,success,,1,106.09
PAY_5959,fe28c0a96460,card,success,,1,48.4
PAY_5960,d2f2dfd49465,card,success,,1,125.0
PAY_5961,9cb7d95a7f5b,card,success,,1,61.81
PAY_5962,428d2d2fe271,card,success,,1,29.51
PAY_5963,9bfbe1076434,card,success,,1,157.72
PAY_5964,19746627b9f1,card,success,,1,220.14
PAY_5965,2a84958d662e,card,success,,1,70.19
PAY_5966,487ec177bdb5,card,success,,1,66.57
PAY_5967,c4a21ed11a3c,card,success,,1,41.71
PAY_5968,ca5e09b235b9,card,success,,1,79.84
PAY_5969,4062380ad2e7,card,success,,1,57.4
PAY_5970,19037d42431e,card,success,,1,40.09
PAY_5971,7a9a35d27994,card,success,,1,409.01
PAY_5972,53e3c1454bb0,card,success,,1,130.74
PAY_5973,123ecc28de9e,card,success,,1,142.3
PAY_5974,c32ac1b6ed8c,card,success,,1,182.49
PAY_5975,95149eba44d5,card,success,,1,64.68
PAY_5976,ae51f60f0ca2,card,success,,1,111.95
PAY_5977,afe78e9f4fac,card,success,,1,72.59
PAY_5978,26f24126da49,card,success,,1,127.84
PAY_5979,f6cf9f016e9e,card,success,,1,118.32
PAY_5980,73e431d41776,card,success,,1,66.28
PAY_5981,b4389a68513c,card,success,,1,31.08
PAY_5982,616f1fc34737,card,success,,1,101.19
PAY_5983,1582f59ec434,card,success,,1,76.45
PAY_5984,132ddf2d9864,card,success,,1,19.84
PAY_5985,3af94ef82efe,card,success,,1,135.12
PAY_5986,ade9879f1c48,card,success,,1,194.86
PAY_5987,11d76ea4c970,card,success,,1,680.4
PAY_5988,45f3e96a4eb2,card,success,,1,65.83
PAY_5989,cf416b8005bf,card,success,,1,37.06
PAY_5990,a00a0f358a6a,card,success,,1,106.37
PAY_5991,acff1d21db3a,card,success,,1,105.83
PAY_5992,e41408cff420,card,success,,1,47.04
PAY_5993,a3bb0823a7cd,card,success,,1,78.26
PAY_5994,6eddc74ad21a,card,success,,1,18.49
PAY_5995,7f46e32210d5,card,success,,1,188.88
PAY_5996,8bbd751958dd,card,success,,1,48.59
PAY_5997,b7e0da79c2da,card,success,,1,87.56
PAY_5998,7469dfc87558,card,success,,1,28.75
PAY_5999,d7e5de6bea12,card,success,,1,56.49
PAY_6000,35217bb5dc06,card,success,,1,71.98
PAY_6001,d026b149fcf1,card,success,,1,89.21
PAY_6002,a19069260764,card,success,,1,132.13
PAY_6003,a0d7a2efa263,card,success,,1,284.65
PAY_6004,61a759a4bcc2,card,success,,1,161.77
PAY_6005,5a325b383967,card,success,,1,194.36
PAY_6006,5b49dc0a1a07,card,success,,1,286.26
PAY_6007,5994dc76418f,card,success,,1,141.99
PAY_6008,fa57f9f0618f,card,success,,1,87.41
PAY_6009,38c9d689301c,card,success,,1,201.8
PAY_6010,19825988bff1,card,success,,1,212.39
PAY_6011,e8ef9883f24b,card,success,,1,151.24
PAY_6012,72372dcad5ff,card,success,,1,28.11
PAY_6013,5287592205eb,card,success,,1,45.92
PAY_6014,05ed21847f97,card,success,,1,72.25
PAY_6015,4a47cd5eab98,card,success,,1,167.96
PAY_6016,39bbaf6a1e0c,card,success,,1,88.49
PAY_6017,4b2eb8a26e16,card,success,,1,223.52
PAY_6018,475e155e227d,card,success,,1,257.8
PAY_6019,ba424b7552df,card,success,,1,234.94
PAY_6020,9e59b1165509,card,success,,1,236.14
PAY_6021,5ed14ec60c80,card,success,,1,39.27
PAY_6022,cce423a06774,card,success,,1,132.44
PAY_6023,93bca18fe82f,card,success,,1,55.37
PAY_6024,e58549db2d1c,card,success,,1,24.06
PAY_6025,ffbe6dbae87e,card,failed,bank_decline,1,71.52
PAY_6026,ffbe6dbae87e,card,failed,otp_failed,2,71.52
PAY_6027,0f859fa1b4f9,card,success,,1,259.77
PAY_6028,dc6af447fcc8,card,success,,1,130.14
PAY_6029,ccd65cf16bce,card,success,,1,452.26
PAY_6030,2bc619b2ecfe,card,success,,1,103.73
PAY_6031,4ba6603b7b3c,card,success,,1,637.94
PAY_6032,a4b7770cfab5,card,success,,1,103.75
PAY_6033,14c1887674b5,card,success,,1,91.65
PAY_6034,48450b6370f4,card,success,,1,32.35
PAY_6035,821c06ce17e3,card,success,,1,218.86
PAY_6036,790d6b742728,card,success,,1,60.24
PAY_6037,797d572c10ce,card,success,,1,53.64
PAY_6038,1a4c16565cd8,card,success,,1,250.88
PAY_6039,a27c9c011ef3,card,success,,1,227.37
PAY_6040,bf83d1c24e65,card,success,,1,222.66
PAY_6041,48e1229719eb,card,success,,1,67.37
PAY_6042,bc1675d72093,card,success,,1,86.42
PAY_6043,33a6e87ff384,card,success,,1,85.81
PAY_6044,6fd3ead6c2eb,card,success,,1,168.34
PAY_6045,b13cbd5a33d1,card,success,,1,311.95
PAY_6046,f99e19ade4b8,card,success,,1,120.85
PAY_6047,af6a976790d4,card,success,,1,436.99
PAY_6048,03840b15ffb7,card,success,,1,184.52
PAY_6049,082f6facb0a3,card,success,,1,174.68
PAY_6050,50d37dd8636f,card,failed,otp_failed,1,352.39
PAY_6051,7578a844773c,card,success,,1,445.25
PAY_6052,a927adce86e5,card,success,,1,232.64
PAY_6053,75508a0640d9,card,success,,1,91.89
PAY_6054,5cdeab423b74,card,success,,1,75.69
PAY_6055,b2bdab510633,card,success,,1,142.72
PAY_6056,817fb63a5694,card,success,,1,343.5
PAY_6057,a76a070a3e7a,card,success,,1,127.36
PAY_6058,9a5aecb7ba3e,card,success,,1,129.49
PAY_6059,cabf7f17a207,card,success,,1,93.8
PAY_6060,3b43af3912ea,card,success,,1,69.25
PAY_6061,9f0b757178a5,card,success,,1,79.07
PAY_6062,4aea4b81df36,card,success,,1,100.32
PAY_6063,5db4f77a1f06,card,success,,1,355.84
PAY_6064,8be385c11624,card,success,,1,74.31
PAY_6065,350f406eecfd,card,failed,timeout,1,93.89
PAY_6066,350f406eecfd,netbanking,failed,bank_decline,2,93.89
PAY_6067,350f406eecfd,netbanking,failed,timeout,3,93.89
PAY_6068,178e1328f08f,card,success,,1,45.05
PAY_6069,5eede6cb7b62,card,success,,1,159.7
PAY_6070,a34f9675fa4d,card,success,,1,268.63
PAY_6071,d6218c3794d5,card,success,,1,330.17
PAY_6072,37f83057d7f5,card,success,,1,105.92
PAY_6073,3c34ee97f935,card,success,,1,142.52
PAY_6074,53a7e2ca7451,card,success,,1,79.61
PAY_6075,86450f2d4cb8,card,success,,1,137.33
PAY_6076,324996d0721a,card,success,,1,115.72
PAY_6077,4d02612e4bbe,card,success,,1,94.31
PAY_6078,c481cacc29ba,card,success,,1,100.5
PAY_6079,ae9351f2641a,card,success,,1,129.22
PAY_6080,b0f9bfe1a537,card,success,,1,71.14
PAY_6081,d3f824a09fe0,card,success,,1,74.14
PAY_6082,2d08d79bcbf1,card,success,,1,352.8
PAY_6083,b8aad4444e16,card,success,,1,787.16
PAY_6084,748454f0089e,card,success,,1,34.35
PAY_6085,88f02e36b4e8,card,success,,1,32.87
PAY_6086,8bb8feaa9c2e,card,success,,1,41.86
PAY_6087,19b5fd8a8dc1,card,success,,1,82.88
PAY_6088,db87ad3d5fa8,card,failed,timeout,1,184.31
PAY_6089,db87ad3d5fa8,card,failed,timeout,2,184.31
PAY_6090,f1c641138a23,card,success,,1,144.46
PAY_6091,ca2dd5011c96,card,success,,1,103.3
PAY_6092,e482ce76ea5c,card,success,,1,137.43
PAY_6093,90e179b9c190,card,success,,1,74.05
PAY_6094,3ccbd891dc4f,card,success,,1,88.58
PAY_6095,d03e8bfc0ea4,card,success,,1,25.35
PAY_6096,17c560296c1d,card,success,,1,35.55
PAY_6097,5eea8546ce16,card,success,,1,36.7
PAY_6098,6812e4a22d87,card,success,,1,165.88
PAY_6099,8658298379be,card,success,,1,109.54
PAY_6100,b6cf79e1d9c0,card,success,,1,146.77
PAY_6101,fda7887de7f2,card,success,,1,20.66
PAY_6102,db78bd3cda9c,card,success,,1,153.02
PAY_6103,83c303806772,card,success,,1,9.75
PAY_6104,7f352b32f322,card,success,,1,239.78
PAY_6105,8c6ddad54ccc,card,success,,1,20.93
PAY_6106,d1a1f25467a4,card,success,,1,44.22
PAY_6107,d65825254ff0,card,failed,bank_decline,1,208.33
PAY_6108,d65825254ff0,UPI,failed,otp_failed,2,208.33
PAY_6109,d65825254ff0,UPI,failed,bank_decline,3,208.33
PAY_6110,28aadf6416dc,card,success,,1,1172.07
PAY_6111,a6b3c42b5eec,card,success,,1,14.61
PAY_6112,7c93ae96804e,card,success,,1,157.01
PAY_6113,92afc7d97ad1,card,success,,1,21.19
PAY_6114,4a76506dd974,card,success,,1,126.65
PAY_6115,85398eb1c502,card,success,,1,76.29
PAY_6116,f50d86d8d52d,card,success,,1,99.87
PAY_6117,7879d15d1588,card,success,,1,43.41
PAY_6118,f593b91bdd06,card,success,,1,168.08
PAY_6119,2261ba96c218,card,success,,1,28.26
PAY_6120,51d10bd7f284,card,success,,1,64.88
PAY_6121,ee751ec670c4,card,success,,1,29.31
PAY_6122,088abd290dd0,card,success,,1,322.45
PAY_6123,ebdacf344df4,card,success,,1,85.3
PAY_6124,8cf8654db8cb,card,success,,1,414.1
PAY_6125,2286bdf23f94,card,success,,1,239.15
PAY_6126,5327b9697b5b,card,success,,1,47.54
PAY_6127,c049c3fb9595,card,success,,1,84.1
PAY_6128,b9ab9742577f,card,success,,1,305.22
PAY_6129,1433aa9c9539,card,success,,1,127.74
PAY_6130,78a18dedead8,card,success,,1,103.65
PAY_6131,71b111c5e94a,card,success,,1,76.71
PAY_6132,563f942062d8,card,success,,1,86.45
PAY_6133,243371a693f9,card,success,,1,255.62
PAY_6134,ac52bdbf211e,card,success,,1,90.28
PAY_6135,9cdc8b5b6e8d,card,success,,1,65.63
PAY_6136,171441007507,card,success,,1,57.31
PAY_6137,1f37ee0cf4b1,card,success,,1,57.8
PAY_6138,29a00169913f,card,failed,timeout,1,29.32
PAY_6139,29a00169913f,card,failed,bank_decline,2,29.32
PAY_6140,29a00169913f,card,failed,otp_failed,3,29.32
PAY_6141,29a00169913f,card,failed,timeout,4,29.32
PAY_6142,3a8e61d1d26d,card,success,,1,49.39
PAY_6143,6c65338fe0a2,card,success,,1,298.49
PAY_6144,bdfa373b30ed,card,success,,1,76.3
PAY_6145,c27cbf7ba33f,card,success,,1,158.15
PAY_6146,534241a5e18e,card,success,,1,12.39
PAY_6147,9ef297bc0bee,card,success,,1,141.83
PAY_6148,ca5935fb1c25,card,success,,1,79.12
PAY_6149,c85b52eae4e1,card,success,,1,61.24
PAY_6150,b82a18a283b9,card,success,,1,104.04
PAY_6151,9b946862933a,card,success,,1,60.54
PAY_6152,f9a8e5c603c0,card,success,,1,16.46
PAY_6153,8cafdc9690bc,card,success,,1,188.26
PAY_6154,48b05e03fabc,card,success,,1,109.33
PAY_6155,0f37c3310c2a,card,success,,1,70.02
PAY_6156,22bda7cf0010,card,success,,1,41.56
PAY_6157,4d20a0d4aeb2,card,success,,1,27.77
PAY_6158,70f74137c1a8,card,success,,1,107.67
PAY_6159,39e41fdcbb5f,card,success,,1,327.26
PAY_6160,3200d7b761a4,card,success,,1,105.9
PAY_6161,0491d94aa757,card,success,,1,29.78
PAY_6162,2f95591b1c7e,card,success,,1,107.78
PAY_6163,13041a4d75e0,card,success,,1,86.26
PAY_6164,4d2ab47070c6,card,success,,1,179.69
PAY_6165,5762563cd8d9,card,success,,1,146.26
PAY_6166,1d68e9424386,card,success,,1,8.26
PAY_6167,2d8912fcc780,card,success,,1,139.24
PAY_6168,9b2264b4d221,card,success,,1,40.33
PAY_6169,dc0cb8f312d1,card,success,,1,28.86
PAY_6170,8eb027243cfe,card,success,,1,77.42
PAY_6171,b1427daa2771,card,success,,1,125.06
PAY_6172,0bfd623ff512,card,success,,1,24.23
PAY_6173,3eb0a54184c4,card,success,,1,158.17
PAY_6174,5b1d192b0da3,card,success,,1,165.78
PAY_6175,103798e8f511,card,success,,1,93.46
PAY_6176,510ce9fa123f,card,success,,1,44.97
PAY_6177,5b66f85ec21f,card,success,,1,41.12
PAY_6178,7044e12c936a,card,success,,1,204.54
PAY_6179,f6a81355068c,card,failed,timeout,1,26.87
PAY_6180,b843ff241800,card,success,,1,210.94
PAY_6181,038d51c78117,card,success,,1,78.87
PAY_6182,24f117075d12,card,success,,1,83.37
PAY_6183,89f9b4df0ddb,card,success,,1,22.95
PAY_6184,58e4700e459d,card,failed,timeout,1,80.05
PAY_6185,66a7adf1f1a9,card,success,,1,147.06
PAY_6186,a8653610bd30,card,success,,1,30.9
PAY_6187,eb069ad9ffab,card,success,,1,134.14
PAY_6188,7bdfd0c0ddd3,card,success,,1,96.66
PAY_6189,7905508c69a1,card,success,,1,53.79
PAY_6190,626c70a0430a,card,success,,1,178.35
PAY_6191,6aae3b9d312e,card,success,,1,15.46
PAY_6192,2c8ba773f407,card,success,,1,118.79
PAY_6193,b4fe71095dfd,card,success,,1,328.83
PAY_6194,fd233a273155,card,success,,1,284.85
PAY_6195,77c3f2ec30d3,card,success,,1,122.96
PAY_6196,9116e748b73a,card,success,,1,70.71
PAY_6197,2545305ff97f,card,success,,1,54.13
PAY_6198,e5b753b69711,card,success,,1,70.64
PAY_6199,34c873c906ba,card,success,,1,139.08
PAY_6200,7b5d136906a5,card,success,,1,47.19
PAY_6201,9497ec2c4a96,card,success,,1,165.0
PAY_6202,76bf21552461,card,success,,1,495.98
PAY_6203,1052df7b8c86,card,success,,1,85.67
PAY_6204,0eff559e6f45,card,success,,1,30.71
PAY_6205,caaa6c2b04ff,card,success,,1,30.7
PAY_6206,8ec12af765bb,card,success,,1,167.55
PAY_6207,235e7f8e047f,card,success,,1,85.82
PAY_6208,dcf7fb5610d0,card,success,,1,181.54
PAY_6209,4a7373eacf88,card,success,,1,58.74
PAY_6210,208588c07895,card,success,,1,174.95
PAY_6211,a5bef7cf4ce6,card,success,,1,79.31
PAY_6212,ea327ac95f15,card,success,,1,50.1
PAY_6213,66b73b628d22,card,success,,1,34.55
PAY_6214,c8bb73150913,card,success,,1,83.34
PAY_6215,c154c08c87c1,card,success,,1,150.75
PAY_6216,a01ff81d3032,card,success,,1,58.59
PAY_6217,6507f5e47a78,card,success,,1,38.8
PAY_6218,563a9788f114,card,success,,1,74.66
PAY_6219,1f44a6f0318f,card,success,,1,217.23
PAY_6220,300b139d5f50,card,success,,1,59.35
PAY_6221,c94d4f285ad9,card,success,,1,44.86
PAY_6222,c99647bfe51e,card,success,,1,101.94
PAY_6223,843792d1607b,card,success,,1,134.18
PAY_6224,036626b466ad,card,success,,1,335.05
PAY_6225,9ab5cd6ec59b,card,success,,1,119.46
PAY_6226,eedcf244d0a6,card,success,,1,150.69
PAY_6227,e32c6f6114f8,card,success,,1,160.04
PAY_6228,e4507776d2bc,card,success,,1,35.79
PAY_6229,e0f5a667d59c,card,success,,1,41.65
PAY_6230,39eba4f49dc0,card,success,,1,37.82
PAY_6231,f3a3a338f3c1,card,success,,1,31.01
PAY_6232,48e10d5d9f15,card,success,,1,170.1
PAY_6233,b104211278ad,card,success,,1,113.53
PAY_6234,f2e27fcd037a,card,success,,1,95.93
PAY_6235,423eeb1b3aca,card,success,,1,11.31
PAY_6236,8db62eb3a071,card,success,,1,466.09
PAY_6237,5857ef84dd4a,card,success,,1,44.02
PAY_6238,3ad05aa583be,card,success,,1,464.73
PAY_6239,996cd5b3fe33,card,failed,bank_decline,1,28.24
PAY_6240,7bd8de93e3ce,card,success,,1,47.0
PAY_6241,96692c9a0fcb,card,failed,otp_failed,1,120.27
PAY_6242,96692c9a0fcb,UPI,failed,timeout,2,120.27
PAY_6243,96692c9a0fcb,UPI,failed,timeout,3,120.27
PAY_6244,6895ca98f3e7,card,success,,1,37.3
PAY_6245,e902245a9e56,card,success,,1,38.15
PAY_6246,601cb580e052,card,success,,1,30.02
PAY_6247,f7d321d463c6,card,failed,timeout,1,167.65
PAY_6248,8e13b21bc045,card,success,,1,159.04
PAY_6249,d49baa4d423a,card,success,,1,383.61
PAY_6250,1c035f20e444,card,success,,1,52.01
PAY_6251,b2d7df868bc3,card,success,,1,107.24
PAY_6252,b9f6b443db3d,card,success,,1,32.09
PAY_6253,44a46b266ada,card,success,,1,68.85
PAY_6254,71f433c1d173,card,success,,1,59.44
PAY_6255,6e422b7fb7a3,card,success,,1,130.52
PAY_6256,bbcd2adf8d90,card,failed,timeout,1,203.08
PAY_6257,bbcd2adf8d90,card,failed,bank_decline,2,203.08
PAY_6258,bbcd2adf8d90,card,failed,bank_decline,3,203.08
PAY_6259,865f470acd90,card,success,,1,198.91
PAY_6260,ca5a6aa3898a,card,success,,1,45.87
PAY_6261,9dfb2fca28af,card,success,,1,86.9
PAY_6262,c43e2f245df5,card,success,,1,69.43
PAY_6263,bf301ed28397,card,success,,1,51.07
PAY_6264,e39ee4499434,card,success,,1,57.52
PAY_6265,30da15c31b0b,card,success,,1,362.8
PAY_6266,f840160aab13,card,success,,1,115.11
PAY_6267,12950fc18357,card,success,,1,103.51
PAY_6268,eeea0d81eee3,card,success,,1,72.98
PAY_6269,c7a23a1a3e5d,card,success,,1,637.01
PAY_6270,efe59555f028,card,success,,1,255.7
PAY_6271,bd7ffb97e06a,card,success,,1,50.56
PAY_6272,39d71d95de74,card,success,,1,72.32
PAY_6273,f7ce2fa54964,card,success,,1,75.84
PAY_6274,eb4bb4811ccd,card,success,,1,101.16
PAY_6275,91843bbf33ea,card,success,,1,51.37
PAY_6276,13a9414a5cf6,card,success,,1,287.63
PAY_6277,347bb8440146,card,success,,1,31.47
PAY_6278,e5602632f1b7,card,success,,1,36.51
PAY_6279,85207ef6fbe3,card,success,,1,61.16
PAY_6280,598c216d4884,card,success,,1,63.47
PAY_6281,1786024bcf8b,card,success,,1,445.31
PAY_6282,74e844884107,card,success,,1,200.61
PAY_6283,7e12d533ce12,card,success,,1,191.61
PAY_6284,b85363311991,card,success,,1,72.86
PAY_6285,c06014611402,card,success,,1,71.59
PAY_6286,2126bf7873fa,card,success,,1,28.18
PAY_6287,a7da27bb79bf,card,success,,1,168.24
PAY_6288,1959bfd66161,card,success,,1,133.33
PAY_6289,c2257d46318d,card,success,,1,251.84
PAY_6290,f956b856d38e,card,success,,1,76.05
PAY_6291,f8845afea0ac,card,success,,1,80.36
PAY_6292,3bf666ae87df,card,success,,1,103.13
PAY_6293,32bcb2dce87f,card,success,,1,183.74
PAY_6294,0013ab261c3e,card,success,,1,27.77
PAY_6295,725c1682d11a,card,success,,1,162.2
PAY_6296,56d24ccaec6b,card,success,,1,88.55
PAY_6297,f47fa559d5e4,card,success,,1,38.59
PAY_6298,e7a109e4a801,card,success,,1,16.98
PAY_6299,d37d8059d7a5,card,success,,1,80.71
PAY_6300,f3902a993cba,card,success,,1,286.62
PAY_6301,54c1e836166f,card,success,,1,343.69
PAY_6302,58d980483938,card,success,,1,119.62
PAY_6303,f65b3af86975,card,success,,1,432.51
PAY_6304,5ed1272c540a,card,success,,1,86.98
PAY_6305,8aead5dd3e46,card,success,,1,192.99
PAY_6306,ae23b741fe9b,card,success,,1,62.74
PAY_6307,fc87301ed15a,card,success,,1,59.64
PAY_6308,052e47a6b2f4,card,success,,1,52.35
PAY_6309,26c8449d3164,card,success,,1,17.32
PAY_6310,2c17563cac68,card,success,,1,252.06
PAY_6311,b0b3a333fb83,card,success,,1,53.88
PAY_6312,284b0906cb1c,card,success,,1,47.41
PAY_6313,8774b823c825,card,success,,1,35.02
PAY_6314,2dcc58a740c7,card,success,,1,76.44
PAY_6315,10980cbc6039,card,success,,1,369.0
PAY_6316,6bb874cef335,card,success,,1,480.59
PAY_6317,a3cae182b72d,card,success,,1,23.84
PAY_6318,e4848956afd3,card,success,,1,67.79
PAY_6319,c6a81b9e6f5c,card,success,,1,39.35
PAY_6320,64cce59bfb2b,card,success,,1,198.48
PAY_6321,355b861ced0a,card,success,,1,113.21
PAY_6322,35f337f0de14,card,success,,1,54.1
PAY_6323,2bbd9e30d1c8,card,success,,1,95.4
PAY_6324,f1536259341b,card,success,,1,61.44
PAY_6325,606a89d45d35,card,success,,1,327.47
PAY_6326,1a582d2fe639,card,success,,1,139.43
PAY_6327,a7d448743d26,card,success,,1,153.83
PAY_6328,7a9103e6c7fd,card,success,,1,10.66
PAY_6329,baad5cfe7247,card,success,,1,85.33
PAY_6330,f64bdcf87d50,card,success,,1,476.55
PAY_6331,e43076193cb8,card,success,,1,260.06
PAY_6332,487784dee55e,card,success,,1,70.05
PAY_6333,f478f81061a7,card,success,,1,34.43
PAY_6334,80463cc02aa7,card,success,,1,109.45
PAY_6335,4f44b822124b,card,success,,1,48.7
PAY_6336,f89c26a3cd64,card,success,,1,92.51
PAY_6337,488fa74e7286,card,success,,1,11.18
PAY_6338,b5ff969f6aa4,card,success,,1,37.79
PAY_6339,efb75fc00d66,card,success,,1,92.68
PAY_6340,f4ba8a94f977,card,success,,1,177.07
PAY_6341,97f9a76befa0,card,success,,1,19.05
PAY_6342,1476a746b3a3,card,success,,1,66.36
PAY_6343,77bdd0d65aa9,card,success,,1,201.9
PAY_6344,075c7f89408c,card,success,,1,28.19
PAY_6345,2d4919049ee1,card,success,,1,108.13
PAY_6346,f0fd20b086ac,card,success,,1,94.9
PAY_6347,bb85a245bdc2,card,success,,1,354.78
PAY_6348,ae648fe66c07,card,success,,1,74.88
PAY_6349,7723d90d6dbe,card,success,,1,78.47
PAY_6350,bf84582c40ca,card,success,,1,178.39
PAY_6351,4312bc6e1d30,card,success,,1,31.15
PAY_6352,831d9aa57e0a,card,success,,1,75.44
PAY_6353,e20abc49fba4,card,success,,1,62.52
PAY_6354,2b901e6ff8b4,card,success,,1,80.55
PAY_6355,063697040a53,card,success,,1,177.46
PAY_6356,947502ba060e,card,success,,1,140.24
PAY_6357,e3fa6d7c9a0d,card,success,,1,49.45
PAY_6358,6b6b90e84844,card,success,,1,100.42
PAY_6359,71b889b281b2,card,success,,1,296.59
PAY_6360,3b51a38f563a,card,success,,1,46.29
PAY_6361,b7160469c1d1,card,success,,1,101.1
PAY_6362,933173b4daee,card,success,,1,77.13
PAY_6363,e9e8d7ee8215,card,success,,1,85.59
PAY_6364,0dc57805deb5,card,failed,timeout,1,24.42
PAY_6365,0dc57805deb5,card,failed,timeout,2,24.42
PAY_6366,0dc57805deb5,card,failed,timeout,3,24.42
PAY_6367,bbbaaa6b5c26,card,success,,1,278.28
PAY_6368,60ae67e62eed,card,success,,1,48.45
PAY_6369,98fa86591781,card,failed,otp_failed,1,204.56
PAY_6370,98fa86591781,card,failed,bank_decline,2,204.56
PAY_6371,98fa86591781,card,failed,bank_decline,3,204.56
PAY_6372,98fa86591781,card,failed,timeout,4,204.56
PAY_6373,55cb2515d911,card,success,,1,54.76
PAY_6374,a5abb6ea4fc3,card,success,,1,54.58
PAY_6375,99c06eb49d97,card,success,,1,237.58
PAY_6376,5b83052478fc,card,success,,1,199.36
PAY_6377,6958d6704b1d,card,success,,1,106.37
PAY_6378,8a61f6d92663,card,success,,1,165.49
PAY_6379,55433e6f2c15,card,success,,1,185.54
PAY_6380,caac5e3d5e9d,card,success,,1,51.69
PAY_6381,04f86b10d5da,card,success,,1,295.34
PAY_6382,c9028c894909,card,success,,1,69.92
PAY_6383,a612ce81b9b8,card,success,,1,91.51
PAY_6384,f31a3f1fc2c3,card,success,,1,165.17
PAY_6385,e0849eeb26b5,card,success,,1,91.75
PAY_6386,0f3ad20f08af,card,success,,1,70.93
PAY_6387,523c92efcf49,card,success,,1,87.88
PAY_6388,a32b46169c12,card,success,,1,184.02
PAY_6389,838e881030a3,card,success,,1,52.97
PAY_6390,71ab91467797,card,success,,1,81.37
PAY_6391,afe812974218,card,success,,1,90.76
PAY_6392,8944b0fa282e,card,success,,1,179.77
PAY_6393,c604d4e398f7,card,success,,1,83.11
PAY_6394,e97cf088523b,card,success,,1,382.47
PAY_6395,b48049854ec2,card,success,,1,79.42
PAY_6396,e90f188d72c1,card,success,,1,74.43
PAY_6397,a5fa62b61188,card,success,,1,31.4
PAY_6398,2db90c6085ef,card,success,,1,39.28
PAY_6399,0534ab71a5ea,card,success,,1,58.88
PAY_6400,01841d8cc544,card,success,,1,223.33
PAY_6401,afe573364bd3,card,success,,1,87.66
PAY_6402,2f003fde29a4,card,success,,1,61.09
PAY_6403,57290fe2277a,card,success,,1,240.14
PAY_6404,2dc6157fa43c,card,success,,1,311.36
PAY_6405,6d2a4d5d3a71,card,success,,1,245.75
PAY_6406,77b189901ac2,card,success,,1,45.49
PAY_6407,3e0b5dc0ac13,card,success,,1,60.57
PAY_6408,c9ef7f182ac6,card,success,,1,384.13
PAY_6409,a42adf1534cc,card,success,,1,109.17
PAY_6410,e5acd84675ce,card,success,,1,159.92
PAY_6411,4afb682f90c1,card,success,,1,201.51
PAY_6412,43228ae7a5dd,card,success,,1,56.99
PAY_6413,ee69c746ff21,card,success,,1,107.29
PAY_6414,3b1d197460d6,card,success,,1,188.91
PAY_6415,01fb74df2c72,card,success,,1,35.58
PAY_6416,d776dd2af7ba,card,success,,1,90.91
PAY_6417,809b6c325c08,card,success,,1,36.91
PAY_6418,bdbefb3311f0,card,success,,1,40.98
PAY_6419,f20d059a59fd,card,success,,1,57.37
PAY_6420,5b3519b20217,card,success,,1,131.85
PAY_6421,5c4c0046d93e,card,success,,1,69.57
PAY_6422,4736021692b1,card,success,,1,53.58
PAY_6423,3e474a31a8c4,card,success,,1,93.81
PAY_6424,72d84ddc391e,card,success,,1,35.96
PAY_6425,a9b66a6a545c,card,success,,1,126.85
PAY_6426,1d9fbf5918d7,card,success,,1,222.54
PAY_6427,6a22470075cc,card,success,,1,84.49
PAY_6428,42cce604502e,card,success,,1,76.55
PAY_6429,54264337a353,card,success,,1,121.36
PAY_6430,d6051f7223ca,card,success,,1,17.76
PAY_6431,38889fc9f047,card,success,,1,138.3
PAY_6432,6d9a992ed2f8,card,success,,1,1076.54
PAY_6433,bc3885e1ffed,card,failed,bank_decline,1,81.6
PAY_6434,bc3885e1ffed,card,failed,otp_failed,2,81.6
PAY_6435,fc187e9e58c7,card,success,,1,81.83
PAY_6436,0d7a4dcf27f9,card,success,,1,163.19
PAY_6437,700ec3415518,card,success,,1,335.72
PAY_6438,e053015d2ee5,card,success,,1,196.36
PAY_6439,fdc7e30eda8c,card,success,,1,16.05
PAY_6440,4c3ef5eaeed6,card,success,,1,141.28
PAY_6441,d21a7a4da425,card,failed,bank_decline,1,704.54
PAY_6442,db0630af4c2f,card,success,,1,148.11
PAY_6443,271854851e71,card,success,,1,35.74
PAY_6444,650232d8b42a,card,success,,1,112.78
PAY_6445,adbd58626c6b,card,success,,1,32.31
PAY_6446,40996b6b7baa,card,success,,1,241.35
PAY_6447,13e0264eff14,card,success,,1,41.9
PAY_6448,8c8c04438b25,card,success,,1,95.53
PAY_6449,752319c1d716,card,success,,1,45.32
PAY_6450,52b03e6008aa,card,success,,1,58.14
PAY_6451,9238e9536eb0,card,success,,1,97.78
PAY_6452,688d18f0f29b,card,success,,1,36.01
PAY_6453,6dcec15aff52,card,success,,1,20.14
PAY_6454,7c61d1a9de7b,card,success,,1,33.08
PAY_6455,0ec6802355c3,card,failed,bank_decline,1,98.45
PAY_6456,0ec6802355c3,netbanking,failed,otp_failed,2,98.45
PAY_6457,0ec6802355c3,netbanking,failed,bank_decline,3,98.45
PAY_6458,1b4195e4ddb6,card,success,,1,197.19
PAY_6459,8cafed4cad07,card,success,,1,57.5
PAY_6460,b3d316422670,card,success,,1,316.22
PAY_6461,4be942ece984,card,success,,1,50.7
PAY_6462,1345cdd74b44,card,success,,1,74.41
PAY_6463,76fd7dd628e6,card,success,,1,37.95
PAY_6464,899462832c04,card,success,,1,198.86
PAY_6465,e996fccf7f8f,card,success,,1,482.03
PAY_6466,460dda33931c,card,success,,1,21.99
PAY_6467,1d486c933754,card,success,,1,68.24
PAY_6468,1e63ae68ee8c,card,success,,1,247.6
PAY_6469,86dea18fc5e4,card,success,,1,28.29
PAY_6470,2ffa89e9d74d,card,failed,bank_decline,1,141.65
PAY_6471,2ffa89e9d74d,card,failed,bank_decline,2,141.65
PAY_6472,7f4cbd792a91,card,failed,timeout,1,239.17
PAY_6473,7f4cbd792a91,card,failed,otp_failed,2,239.17
PAY_6474,5c0f44b20472,card,success,,1,95.83
PAY_6475,3e45ee9a0c0d,card,success,,1,139.8
PAY_6476,15e3166a3120,card,success,,1,368.24
PAY_6477,3be9f1e6f0b2,card,success,,1,427.84
PAY_6478,9d56498f453d,card,success,,1,85.66
PAY_6479,e46163cd1964,card,success,,1,58.8
PAY_6480,6e1173322e68,card,success,,1,43.12
PAY_6481,bc06ab064eab,card,success,,1,196.68
PAY_6482,1351105d969b,card,success,,1,30.04
PAY_6483,e90e603a120c,card,success,,1,73.55
PAY_6484,7118b6d91a49,card,success,,1,97.72
PAY_6485,3db9f0e42c54,card,success,,1,60.2
PAY_6486,2a01b6af88bb,card,failed,bank_decline,1,112.6
PAY_6487,2a01b6af88bb,UPI,failed,bank_decline,2,112.6
PAY_6488,2a01b6af88bb,UPI,failed,otp_failed,3,112.6
PAY_6489,2a01b6af88bb,UPI,failed,timeout,4,112.6
PAY_6490,357bc0576dca,card,success,,1,700.37
PAY_6491,1e0f78f7212f,card,success,,1,81.67
PAY_6492,8d7066cd3e8e,card,success,,1,63.54
PAY_6493,194e980b8930,card,success,,1,202.81
PAY_6494,a663ae451d0c,card,success,,1,109.03
PAY_6495,889e51988771,card,success,,1,284.71
PAY_6496,a08a9b444f8c,card,success,,1,102.69
PAY_6497,72ca539708a2,card,success,,1,73.79
PAY_6498,a1f19730e0dd,card,success,,1,21.61
PAY_6499,9a5fc3e08408,card,success,,1,24.64
PAY_6500,eb93ae939fb8,card,success,,1,20.73
PAY_6501,8c0e5afc424c,card,success,,1,121.93
PAY_6502,81fd59c24c87,card,success,,1,30.27
PAY_6503,c75ad3b01d3c,card,success,,1,245.79
PAY_6504,2ef1be83fbba,card,success,,1,92.22
PAY_6505,771efff3b9a1,card,success,,1,74.04
PAY_6506,dcb33a9557fe,card,success,,1,45.83
PAY_6507,fdeff8c0e639,card,success,,1,148.09
PAY_6508,79e9614b31e7,card,success,,1,47.29
PAY_6509,79b45e4e252b,card,success,,1,40.92
PAY_6510,3a9f7bad09fb,card,success,,1,232.92
PAY_6511,7853d6e7333a,card,success,,1,119.55
PAY_6512,19947413a2f1,card,success,,1,74.59
PAY_6513,1fa94a6c1174,card,success,,1,150.38
PAY_6514,fc386d23b604,card,success,,1,90.66
PAY_6515,c603c9df4728,card,success,,1,122.29
PAY_6516,f63fdd710707,card,success,,1,46.83
PAY_6517,666f237fea65,card,success,,1,471.69
PAY_6518,0b3b2a08b740,card,success,,1,56.62
PAY_6519,499226a2463e,card,success,,1,312.57
PAY_6520,ac6f52d99eec,card,success,,1,77.39
PAY_6521,2de24e53481f,card,success,,1,171.69
PAY_6522,4bb9198d1977,card,success,,1,161.96
PAY_6523,400e1420e05d,card,success,,1,225.31
PAY_6524,15f04f409281,card,success,,1,45.95
PAY_6525,7cd28d6b8168,card,success,,1,212.83
PAY_6526,2d6025f72b76,card,success,,1,394.32
PAY_6527,6840e0e4fb0f,card,success,,1,73.19
PAY_6528,29101351b4e9,card,success,,1,92.55
PAY_6529,52b3ed019f0a,card,success,,1,59.22
PAY_6530,436bf6dad1b1,card,success,,1,68.23
PAY_6531,9e24bd19cef0,card,success,,1,353.94
PAY_6532,aa6c737338de,card,success,,1,40.31
PAY_6533,0b21bad6b978,card,success,,1,42.36
PAY_6534,529baff160a4,card,success,,1,326.59
PAY_6535,f7110fe1cbcd,card,failed,bank_decline,1,148.36
PAY_6536,f7110fe1cbcd,card,failed,otp_failed,2,148.36
PAY_6537,f7110fe1cbcd,card,failed,otp_failed,3,148.36
PAY_6538,f7110fe1cbcd,card,failed,timeout,4,148.36
PAY_6539,9b930cac6788,card,success,,1,62.78
PAY_6540,90c94888a728,card,success,,1,99.59
PAY_6541,0fbfae2137a3,card,success,,1,53.06
PAY_6542,d381d82d6150,card,success,,1,100.95
PAY_6543,d5ee62f94511,card,failed,otp_failed,1,21.77
PAY_6544,d5ee62f94511,UPI,failed,otp_failed,2,21.77
PAY_6545,d5ee62f94511,UPI,failed,bank_decline,3,21.77
PAY_6546,3a82a23db1e8,card,success,,1,155.71
PAY_6547,f55dd92dfdc6,card,success,,1,116.6
PAY_6548,5a14c95b838f,card,success,,1,85.97
PAY_6549,ccf6f1448fc5,card,success,,1,65.87
PAY_6550,9a1d0a5e516b,card,success,,1,44.0
PAY_6551,8dd627d48f3c,card,success,,1,161.12
PAY_6552,c972338dfc9d,card,success,,1,35.27
PAY_6553,26caee65556c,card,success,,1,135.57
PAY_6554,32c1aa62147d,card,success,,1,473.22
PAY_6555,ddbabd9a4519,card,success,,1,295.43
PAY_6556,c9a69ada27b3,card,success,,1,27.0
PAY_6557,15a7f11becd0,card,success,,1,58.59
PAY_6558,7b76e6a4dd41,card,success,,1,126.11
PAY_6559,567c17ef6fdc,card,success,,1,29.38
PAY_6560,30c3b1b180f5,card,success,,1,122.52
PAY_6561,95c114caa8ad,card,success,,1,89.3
PAY_6562,823c93f3aee8,card,success,,1,416.32
PAY_6563,50dd1f439a66,card,success,,1,73.51
PAY_6564,69107b82b589,card,success,,1,229.16
PAY_6565,959f8abb0841,card,success,,1,32.67
PAY_6566,9ea9a9072597,card,success,,1,39.55
PAY_6567,4b83aa3d9576,card,success,,1,160.35
PAY_6568,10c900dac3a3,card,success,,1,214.22
PAY_6569,96147ed06292,card,success,,1,41.85
PAY_6570,3659dde72656,card,success,,1,91.77
PAY_6571,fb7fadf99d7e,card,success,,1,29.81
PAY_6572,562fb02e60c5,card,success,,1,77.87
PAY_6573,7d6c103cb5a1,card,success,,1,63.56
PAY_6574,1d484369444d,card,success,,1,36.46
PAY_6575,3c3f87cc8655,card,success,,1,53.59
PAY_6576,bf2bdbaab113,card,success,,1,367.41
PAY_6577,0538ee458578,card,success,,1,95.42
PAY_6578,5e0bbe847e9f,card,success,,1,40.37
PAY_6579,1e1bfa7b4375,card,success,,1,69.98
PAY_6580,0ccdc7c87e88,card,success,,1,25.08
PAY_6581,ed90a502b32a,card,success,,1,39.99
PAY_6582,d4b7606d95f7,card,success,,1,267.27
PAY_6583,cf74f9af2e13,card,success,,1,80.32
PAY_6584,e2649a080dd8,card,success,,1,408.54
PAY_6585,c417e46cf7c6,card,success,,1,83.41
PAY_6586,994e935692f8,card,success,,1,87.46
PAY_6587,1d9ca737c10c,card,success,,1,150.31
PAY_6588,89c75c894408,card,success,,1,10.61
PAY_6589,5c7fbed789eb,card,success,,1,106.05
PAY_6590,4419aa7664c7,card,success,,1,86.56
PAY_6591,a79bbb020779,card,success,,1,295.55
PAY_6592,4a3a567f15f6,card,success,,1,194.76
PAY_6593,3cec6699d1d1,card,failed,timeout,1,36.34
PAY_6594,3cec6699d1d1,card,failed,timeout,2,36.34
PAY_6595,6916377b6a4e,card,success,,1,243.16
PAY_6596,798ea56a4d23,card,success,,1,72.98
PAY_6597,01f6d2a6d00c,card,success,,1,43.66
PAY_6598,192c41dba78a,card,success,,1,105.39
PAY_6599,7932aa0ed34b,card,success,,1,76.54
PAY_6600,13057828796a,card,success,,1,308.21
PAY_6601,b846929deea6,card,success,,1,118.21
PAY_6602,bf72a261fa33,card,success,,1,106.12
PAY_6603,5eb92aa11eed,card,success,,1,185.03
PAY_6604,ce500b30a034,card,success,,1,215.79
PAY_6605,05a3b4743c61,card,success,,1,280.22
PAY_6606,7c7496e27473,card,success,,1,146.49
PAY_6607,4e7a04349efc,card,success,,1,102.94
PAY_6608,0b0590b55be8,card,success,,1,83.7
PAY_6609,1e89903a04b9,card,success,,1,92.44
PAY_6610,cf38da9c6369,card,success,,1,356.83
PAY_6611,a7bd72ead1ec,card,success,,1,329.49
PAY_6612,62a973591024,card,success,,1,89.43
PAY_6613,70f01b4a5ad5,card,failed,otp_failed,1,62.62
PAY_6614,70f01b4a5ad5,card,failed,otp_failed,2,62.62
PAY_6615,d5c662340cc4,card,success,,1,290.19
PAY_6616,b1b30697262d,card,success,,1,170.77
PAY_6617,b29617696e73,card,success,,1,115.87
PAY_6618,aa3ea79804dc,card,success,,1,69.58
PAY_6619,5127d31d71f2,card,success,,1,117.37
PAY_6620,75ba9e264478,card,success,,1,88.47
PAY_6621,bf4ed9439e85,card,success,,1,52.91
PAY_6622,72152cd48bc5,card,success,,1,99.81
PAY_6623,28305a082e3b,card,success,,1,111.31
PAY_6624,e41c14e0535b,card,success,,1,66.67
PAY_6625,52fca120283f,card,success,,1,185.5
PAY_6626,e7ee0c5fe29d,card,success,,1,252.41
PAY_6627,251253895a89,card,success,,1,195.57
PAY_6628,cd0c01b3f579,card,success,,1,72.17
PAY_6629,66cab0d04dd3,card,success,,1,164.79
PAY_6630,4caab6e08eed,card,success,,1,95.81
PAY_6631,5d2095545b6e,card,success,,1,33.5
PAY_6632,fb846f04428d,card,success,,1,154.19
PAY_6633,39edf77271a3,card,success,,1,101.18
PAY_6634,2defaba9f52f,card,failed,bank_decline,1,716.83
PAY_6635,2defaba9f52f,card,failed,bank_decline,2,716.83
PAY_6636,4e4bc36d1e48,card,success,,1,288.82
PAY_6637,81001eafcb45,card,success,,1,159.0
PAY_6638,5f5b526bf042,card,success,,1,109.87
PAY_6639,f39b5a6055e5,card,success,,1,102.61
PAY_6640,0f82341945fe,card,success,,1,40.33
PAY_6641,49438c09f7c1,card,failed,bank_decline,1,22.39
PAY_6642,49438c09f7c1,card,failed,timeout,2,22.39
PAY_6643,1c21be3d5372,card,success,,1,44.79
PAY_6644,c0be841d98ea,card,success,,1,86.65
PAY_6645,f07842f7e5ad,card,success,,1,16.7
PAY_6646,e325e6e9336d,card,failed,otp_failed,1,58.24
PAY_6647,19496887fc1f,card,success,,1,73.84
PAY_6648,83f653f496bf,card,success,,1,75.77
PAY_6649,37b216e7fb6f,card,success,,1,68.5
PAY_6650,ff75682be53e,card,success,,1,357.49
PAY_6651,dddd92fe2677,card,success,,1,152.89
PAY_6652,9351bfc54897,card,success,,1,57.5
PAY_6653,9ceea98fb793,card,success,,1,85.23
PAY_6654,886826cec9e2,card,success,,1,88.0
PAY_6655,fdf2582c87a5,card,failed,timeout,1,48.7
PAY_6656,fdf2582c87a5,card,failed,otp_failed,2,48.7
PAY_6657,c2f6926f7ae8,card,success,,1,48.65
PAY_6658,73928d7f1013,card,success,,1,202.03
PAY_6659,ae9c03f8e99c,card,success,,1,64.34
PAY_6660,45f69f3b719e,card,success,,1,37.5
PAY_6661,06d38bce8b19,card,success,,1,86.96
PAY_6662,abea8df7f490,card,success,,1,98.93
PAY_6663,4367a29010c7,card,success,,1,18.58
PAY_6664,bfb43dd89f25,card,success,,1,87.13
PAY_6665,0d50acc4782b,card,success,,1,180.26
PAY_6666,5034093b9134,card,success,,1,129.15
PAY_6667,7d889fc4d3cc,card,success,,1,535.84
PAY_6668,27061e616377,card,success,,1,244.91
PAY_6669,19e656af3a31,card,success,,1,286.9
PAY_6670,d1446347431c,card,success,,1,845.62
PAY_6671,883a84202a55,card,success,,1,165.1
PAY_6672,39d60b9bf403,card,success,,1,102.56
PAY_6673,9d898edcaec4,card,success,,1,196.17
PAY_6674,416acebda5f1,card,success,,1,57.55
PAY_6675,59e9d42fcbef,card,success,,1,98.12
PAY_6676,c9a5d5296acf,card,success,,1,53.61
PAY_6677,022f959ca68d,card,success,,1,123.77
PAY_6678,3561c2ce3595,card,success,,1,53.44
PAY_6679,d87277ae2608,card,success,,1,51.96
PAY_6680,09acf5b6305f,card,success,,1,125.31
PAY_6681,0a6fec5b0baf,card,success,,1,80.63
PAY_6682,41a13f500de1,card,failed,otp_failed,1,19.26
PAY_6683,41a13f500de1,card,failed,otp_failed,2,19.26
PAY_6684,5699b47279ed,card,success,,1,28.09
PAY_6685,889fcb8780bc,card,success,,1,35.95
PAY_6686,e7f124a69f04,card,success,,1,44.42
PAY_6687,3a80e6b3b36d,card,success,,1,125.4
PAY_6688,f3828c8a1ec5,card,success,,1,107.25
PAY_6689,498c51e227db,card,success,,1,211.08
PAY_6690,99b7dce96ab8,card,success,,1,164.39
PAY_6691,a02f6c5dd96d,card,success,,1,212.2
PAY_6692,5dca98d63573,card,success,,1,146.45
PAY_6693,d94d67df7222,card,success,,1,106.46
PAY_6694,429bcdb1e3e5,card,success,,1,216.91
PAY_6695,2322b4ade38d,card,success,,1,187.83
PAY_6696,9c6ed00db64e,card,failed,otp_failed,1,121.62
PAY_6697,9c6ed00db64e,card,failed,timeout,2,121.62
PAY_6698,9c6ed00db64e,card,failed,timeout,3,121.62
PAY_6699,aab018a572ad,card,success,,1,248.85
PAY_6700,c13b85c2e535,card,success,,1,13.78
PAY_6701,f6f544e138a8,card,success,,1,71.35
PAY_6702,f27c1210b60f,card,success,,1,226.36
PAY_6703,96be67b29f30,card,failed,bank_decline,1,316.43
PAY_6704,96be67b29f30,netbanking,failed,otp_failed,2,316.43
PAY_6705,a0a1a01e9740,card,success,,1,28.22
PAY_6706,28a1284277cf,card,success,,1,278.37
PAY_6707,325b85e9884e,card,success,,1,35.26
PAY_6708,c470cb921823,card,success,,1,36.13
PAY_6709,80c58e8f4f23,card,failed,otp_failed,1,74.63
PAY_6710,93ca55326506,card,success,,1,69.79
PAY_6711,52663c8f5579,card,success,,1,25.87
PAY_6712,8fb7b1f64931,card,success,,1,151.4
PAY_6713,0dc216bf9e19,card,success,,1,155.02
PAY_6714,ee9f9d263bad,card,success,,1,209.19
PAY_6715,5fc3e62fe5f6,card,success,,1,63.64
PAY_6716,a1872784e23d,card,success,,1,87.21
PAY_6717,52e70e1f27ac,card,success,,1,87.85
PAY_6718,aac7c857ff9e,card,success,,1,347.37
PAY_6719,ecae4222d347,card,success,,1,9.32
PAY_6720,8add438bbc75,card,success,,1,41.86
PAY_6721,abf380b4cc5f,card,success,,1,90.42
PAY_6722,b4162af0ac65,card,success,,1,37.77
PAY_6723,961a826f966d,card,success,,1,73.21
PAY_6724,ae277562d8d2,card,success,,1,81.38
PAY_6725,ff29ca6b2174,card,success,,1,53.19
PAY_6726,1e4653964a24,card,success,,1,94.78
PAY_6727,964486aa137b,card,success,,1,148.79
PAY_6728,8467ed2a4928,card,success,,1,74.51
PAY_6729,f002397dbba2,card,success,,1,62.64
PAY_6730,bffa279aca2b,card,success,,1,78.84
PAY_6731,d53f541096e9,card,success,,1,89.48
PAY_6732,4a599cd4df17,card,success,,1,22.37
PAY_6733,31903aad5004,card,success,,1,130.22
PAY_6734,8e547c722f01,card,success,,1,62.75
PAY_6735,9e9a9473b3a2,card,success,,1,246.96
PAY_6736,0da315dc4ff4,card,success,,1,144.44
PAY_6737,04357af5ecae,card,success,,1,229.53
PAY_6738,e151e8db5f83,card,success,,1,40.09
PAY_6739,393aa9c2151e,card,success,,1,66.88
PAY_6740,5cf23bab9d12,card,success,,1,33.32
PAY_6741,6da27693091b,card,failed,bank_decline,1,51.21
PAY_6742,6da27693091b,UPI,failed,bank_decline,2,51.21
PAY_6743,6da27693091b,UPI,failed,timeout,3,51.21
PAY_6744,6da27693091b,UPI,failed,otp_failed,4,51.21
PAY_6745,4165b5daaa12,card,success,,1,245.1
PAY_6746,74c72ac0e0a3,card,failed,timeout,1,295.89
PAY_6747,74c72ac0e0a3,card,failed,timeout,2,295.89
PAY_6748,efd76ea6c29a,card,success,,1,35.93
PAY_6749,2b34d8e76af5,card,success,,1,62.39
PAY_6750,219c44082349,card,success,,1,84.69
PAY_6751,0e52c60fc1e5,card,success,,1,143.81
PAY_6752,24934e2c0940,card,success,,1,22.02
PAY_6753,8d6b5a6f6235,card,success,,1,24.97
PAY_6754,04e0caed8437,card,success,,1,133.18
PAY_6755,a9816f6c811e,card,success,,1,18.93
PAY_6756,ff22ec06f9e9,card,success,,1,62.96
PAY_6757,30b6f18b521e,card,success,,1,102.48
PAY_6758,faa5e042c97c,card,success,,1,125.53
PAY_6759,bbd317065cfd,card,success,,1,80.37
PAY_6760,7aaeaa4bd088,card,success,,1,67.18
PAY_6761,48eda37dd456,card,success,,1,176.91
PAY_6762,5bbac1f50944,card,success,,1,113.09
PAY_6763,2fa8165c08bf,card,success,,1,53.64
PAY_6764,2262ea379da4,card,success,,1,92.78
PAY_6765,4f5476740f0b,card,success,,1,122.31
PAY_6766,8083c07cafb4,card,success,,1,355.88
PAY_6767,8bb36c5c5528,card,success,,1,168.86
PAY_6768,d7e0a69e8175,card,success,,1,237.85
PAY_6769,987e5541b437,card,success,,1,55.23
PAY_6770,6c2ff8b4aa6b,card,success,,1,59.18
PAY_6771,6107b1b78035,card,failed,timeout,1,74.57
PAY_6772,6107b1b78035,netbanking,failed,otp_failed,2,74.57
PAY_6773,6107b1b78035,netbanking,failed,timeout,3,74.57
PAY_6774,6f2ef17048bd,card,success,,1,80.25
PAY_6775,2a24f10edce9,card,success,,1,40.19
PAY_6776,4a13e22a5065,card,success,,1,247.83
PAY_6777,569edfb62747,card,success,,1,182.49
PAY_6778,5186c49d3b04,card,success,,1,70.49
PAY_6779,6c6cfc8fad14,card,success,,1,150.41
PAY_6780,eb04c3b6d1cd,card,success,,1,107.59
PAY_6781,456f1b5852cf,card,success,,1,160.11
PAY_6782,03ce96e8f1b6,card,success,,1,30.71
PAY_6783,afc35180c9b8,card,success,,1,85.93
PAY_6784,d0cb43aa4063,card,success,,1,148.25
PAY_6785,faaee389a2c4,card,success,,1,54.45
PAY_6786,45200e1ae04a,card,success,,1,37.89
PAY_6787,3c7e0217368b,card,success,,1,85.73
PAY_6788,5d568b2f458b,card,success,,1,94.74
PAY_6789,8ca44550f714,card,success,,1,346.19
PAY_6790,c290440c5353,card,success,,1,143.48
PAY_6791,105f03f132db,card,success,,1,96.08
PAY_6792,8240dbe27fdd,card,success,,1,87.71
PAY_6793,ec5fc3e2ff6f,card,success,,1,217.75
PAY_6794,af89e2020880,card,success,,1,56.14
PAY_6795,6067da4e9ebd,card,success,,1,80.46
PAY_6796,cd9e4d929b50,card,success,,1,37.66
PAY_6797,abcacef1e150,card,success,,1,280.09
PAY_6798,659746a366a9,card,success,,1,123.22
PAY_6799,405fafe080f1,card,success,,1,51.11
PAY_6800,edcd8f813207,card,success,,1,82.14
PAY_6801,4d058808b6ec,card,success,,1,135.33
PAY_6802,60a19d01c2c1,card,success,,1,58.7
PAY_6803,a8a520cecfac,card,success,,1,53.33
PAY_6804,16f1997b2cd2,card,success,,1,118.06
PAY_6805,91af46cc2df9,card,success,,1,67.6
PAY_6806,d32c2ae8fd6c,card,success,,1,62.61
PAY_6807,7150140331f8,card,success,,1,30.91
PAY_6808,7c0e42edd789,card,success,,1,95.79
PAY_6809,f0c7cf9bb4e5,card,success,,1,77.87
PAY_6810,ff7095e7e101,card,success,,1,69.59
PAY_6811,4465c7ba0868,card,success,,1,105.53
PAY_6812,f9ced095ea8a,card,success,,1,163.76
PAY_6813,3e0b57e2feb0,card,success,,1,157.79
PAY_6814,1e754f1b66d9,card,success,,1,140.08
PAY_6815,8c565368da1d,card,success,,1,74.25
PAY_6816,8ea1102af45e,card,success,,1,57.19
PAY_6817,233bf791450d,card,success,,1,39.05
PAY_6818,abb1009b7223,card,success,,1,56.01
PAY_6819,48c58e8d70f4,card,success,,1,91.44
PAY_6820,5650c9e1e8d3,card,success,,1,47.99
PAY_6821,fe93742b8df0,card,success,,1,97.21
PAY_6822,d6a3f580db07,card,success,,1,23.84
PAY_6823,b35f49cab0c1,card,success,,1,173.39
PAY_6824,23e2d80eba06,card,success,,1,61.59
PAY_6825,dbe6b1bd7cb1,card,success,,1,46.08
PAY_6826,4540940359d1,card,failed,bank_decline,1,126.27
PAY_6827,4540940359d1,netbanking,failed,timeout,2,126.27
PAY_6828,8d198b602698,card,success,,1,270.41
PAY_6829,3ac0730a4eb3,card,success,,1,65.21
PAY_6830,7d7f19d0e520,card,success,,1,75.76
PAY_6831,15b1c1d1d087,card,success,,1,212.15
PAY_6832,5a7e2a0c2b22,card,success,,1,21.15
PAY_6833,f63adb018839,card,success,,1,434.2
PAY_6834,c43de8e64fe0,card,success,,1,10.33
PAY_6835,365333e050be,card,success,,1,83.26
PAY_6836,ad55e22e85b3,card,success,,1,50.65
PAY_6837,17c492bea4b9,card,success,,1,72.83
PAY_6838,36c22eb6374e,card,success,,1,64.41
PAY_6839,b82bf4539ab3,card,success,,1,172.33
PAY_6840,ccb0dcb467f1,card,success,,1,82.26
PAY_6841,9e4747077a09,card,success,,1,43.44
PAY_6842,00e733ed23a2,card,success,,1,78.43
PAY_6843,aa8b404be49c,card,success,,1,135.89
PAY_6844,e31ffda472f0,card,success,,1,34.92
PAY_6845,baa1cb021a25,card,success,,1,24.12
PAY_6846,09e23b4728cf,card,success,,1,443.28
PAY_6847,f3886eacbd87,card,failed,bank_decline,1,80.65
PAY_6848,f3886eacbd87,UPI,failed,bank_decline,2,80.65
PAY_6849,f3886eacbd87,UPI,failed,timeout,3,80.65
PAY_6850,7128f9153fa5,card,success,,1,65.48
PAY_6851,23d07b6b0cc0,card,success,,1,139.56
PAY_6852,7e9be18fde8b,card,success,,1,371.75
PAY_6853,f5ba5703d19c,card,success,,1,143.16
PAY_6854,a57ca88b1b31,card,failed,otp_failed,1,26.72
PAY_6855,a57ca88b1b31,card,failed,otp_failed,2,26.72
PAY_6856,bf52ab908fd6,card,success,,1,29.75
PAY_6857,47cf58e41c1f,card,success,,1,65.42
PAY_6858,73475f175011,card,success,,1,72.63
PAY_6859,cb8e7336fe8b,card,success,,1,22.7
PAY_6860,19ebf446323e,card,success,,1,173.38
PAY_6861,159935bf9671,card,success,,1,37.75
PAY_6862,2eb4b17930ad,card,success,,1,297.27
PAY_6863,3fe1d05bef54,card,success,,1,386.26
PAY_6864,910c613d4a13,card,success,,1,73.8
PAY_6865,74f7bbb347b2,card,success,,1,127.89
PAY_6866,27a42c6940f5,card,success,,1,148.26
PAY_6867,2c76c417a5f3,card,failed,timeout,1,60.43
PAY_6868,2c76c417a5f3,netbanking,failed,bank_decline,2,60.43
PAY_6869,f5582e03ae68,card,success,,1,37.72
PAY_6870,341c37c2a211,card,success,,1,71.42
PAY_6871,76708674220d,card,success,,1,62.02
PAY_6872,f85d915f81df,card,success,,1,69.4
PAY_6873,2cfa690af1d2,card,success,,1,192.43
PAY_6874,31d7744a2d0e,card,success,,1,48.03
PAY_6875,978aa673197f,card,success,,1,360.69
PAY_6876,4ba20c5da3dc,card,success,,1,31.19
PAY_6877,52b366adff30,card,success,,1,327.78
PAY_6878,ea799543764c,card,success,,1,39.92
PAY_6879,f0c51be4e644,card,success,,1,89.94
PAY_6880,c2adf0983299,card,success,,1,60.82
PAY_6881,06e17cb366f1,card,success,,1,68.38
PAY_6882,15f3f22970d5,card,success,,1,170.9
PAY_6883,c2d7bb4e87e8,card,success,,1,298.83
PAY_6884,396bbab8b70c,card,success,,1,233.32
PAY_6885,d0270e6f9c7b,card,success,,1,65.11
PAY_6886,e9278c322094,card,success,,1,104.31
PAY_6887,c699dcf1b01f,card,success,,1,48.15
PAY_6888,b14264693105,card,success,,1,40.72
PAY_6889,e948a37b1577,card,success,,1,35.98
PAY_6890,488638d85f24,card,success,,1,63.43
PAY_6891,01647cabe843,card,success,,1,109.91
PAY_6892,bcf59581e7dd,card,success,,1,19.5
PAY_6893,701222327007,card,success,,1,86.74
PAY_6894,7a0411bf4bdf,card,success,,1,302.72
PAY_6895,0060f7fd197d,card,success,,1,220.86
PAY_6896,997ca66ca105,card,success,,1,29.44
PAY_6897,24c1e6c48790,card,success,,1,130.04
PAY_6898,ea35b541789c,card,success,,1,14.1
PAY_6899,8787fedd5c71,card,success,,1,218.79
PAY_6900,90a714134905,card,success,,1,75.88
PAY_6901,f6d233d9a6cf,card,success,,1,389.57
PAY_6902,e2303896cf7e,card,success,,1,22.61
PAY_6903,66fadc6299a2,card,success,,1,187.64
PAY_6904,fad0e8139ffa,card,success,,1,83.06
PAY_6905,3a57305ae8d2,card,success,,1,69.07
PAY_6906,0a2447b07e3b,card,success,,1,30.09
PAY_6907,f2a46e2ff6ff,card,success,,1,144.98
PAY_6908,28cf3dfc78f6,card,success,,1,154.61
PAY_6909,338cd5b63160,card,success,,1,375.44
PAY_6910,b69276ec2fee,card,success,,1,201.63
PAY_6911,1b683ee2bc9f,card,success,,1,55.97
PAY_6912,4f7f4303a095,card,failed,otp_failed,1,40.32
PAY_6913,e742af5fb4f3,card,success,,1,30.12
PAY_6914,41198964ef26,card,success,,1,292.53
PAY_6915,6ab3dae0c467,card,success,,1,48.3
PAY_6916,ae54a8bc86a1,card,success,,1,294.18
PAY_6917,a36d871f36e9,card,success,,1,137.01
PAY_6918,9ff9c059ff85,card,success,,1,117.2
PAY_6919,db5ce28b027c,card,success,,1,70.42
PAY_6920,2fca8567070d,card,success,,1,152.71
PAY_6921,b06d2ddf13f7,card,success,,1,88.91
PAY_6922,b24c9e830147,card,success,,1,67.0
PAY_6923,b9573db7344c,card,success,,1,157.09
PAY_6924,f221688b8506,card,success,,1,80.22
PAY_6925,06a3e8447fd6,card,success,,1,47.53
PAY_6926,61f96c2a6d1a,card,success,,1,145.45
PAY_6927,9e3264992bb3,card,success,,1,133.1
PAY_6928,5d40d7a8bf9e,card,success,,1,62.61
PAY_6929,d2a67101a34e,card,success,,1,34.22
PAY_6930,c651de96e0ba,card,success,,1,310.22
PAY_6931,71353c4a8ee8,card,success,,1,182.55
PAY_6932,1f994747b4ca,card,success,,1,66.01
PAY_6933,c0752945f184,card,success,,1,70.79
PAY_6934,f7111237bbd0,card,failed,otp_failed,1,272.02
PAY_6935,f7111237bbd0,card,failed,timeout,2,272.02
PAY_6936,f7111237bbd0,card,failed,bank_decline,3,272.02
PAY_6937,6a23079b77ad,card,success,,1,67.83
PAY_6938,50821120f770,card,success,,1,54.27
PAY_6939,ccf66bab1b1e,card,success,,1,402.54
PAY_6940,66844ef38500,card,success,,1,86.65
PAY_6941,757e77efb6cd,card,success,,1,370.46
PAY_6942,2b2c36b1f32e,card,success,,1,29.41
PAY_6943,32e3dc036643,card,success,,1,136.26
PAY_6944,908bbcc566f0,card,success,,1,471.95
PAY_6945,001e70227895,card,success,,1,92.19
PAY_6946,f1efed611c0e,card,success,,1,72.88
PAY_6947,761a4fd3cd87,card,success,,1,35.37
PAY_6948,67e4a22250d6,card,success,,1,213.98
PAY_6949,94bf0c75e4c6,card,success,,1,48.61
PAY_6950,7c52998b908f,card,success,,1,83.44
PAY_6951,a5f6fc5a3dea,card,success,,1,33.53
PAY_6952,7f7ab8ae4581,card,success,,1,312.78
PAY_6953,1adbd20a331e,card,success,,1,226.76
PAY_6954,d2b62f46ba57,card,success,,1,87.77
PAY_6955,d70a5f98e4bb,card,success,,1,35.75
PAY_6956,26016103b833,card,success,,1,307.58
PAY_6957,34664e93b9c2,card,success,,1,67.17
PAY_6958,bfde13aa8d61,card,success,,1,37.18
PAY_6959,18d5ae387972,card,success,,1,21.98
PAY_6960,d1111acc7c37,card,success,,1,53.69
PAY_6961,bdbeb26ee749,card,success,,1,28.11
PAY_6962,e8ef1c6d1e29,card,failed,timeout,1,163.29
PAY_6963,e8ef1c6d1e29,card,failed,timeout,2,163.29
PAY_6964,e8ef1c6d1e29,card,failed,otp_failed,3,163.29
PAY_6965,e8ef1c6d1e29,card,failed,bank_decline,4,163.29
PAY_6966,f5358338efc2,card,success,,1,66.66
PAY_6967,0c4f59012f89,card,success,,1,119.65
PAY_6968,af60dfae7085,card,success,,1,50.47
PAY_6969,56b716134e8c,card,success,,1,94.83
PAY_6970,11eb0f6b70f8,card,failed,bank_decline,1,418.52
PAY_6971,11eb0f6b70f8,netbanking,failed,timeout,2,418.52
PAY_6972,11eb0f6b70f8,netbanking,failed,otp_failed,3,418.52
PAY_6973,11eb0f6b70f8,netbanking,failed,timeout,4,418.52
PAY_6974,2417ff154507,card,success,,1,68.12
PAY_6975,84cf3b623704,card,success,,1,122.43
PAY_6976,f0d4aa9f20eb,card,success,,1,25.73
PAY_6977,97603d459434,card,success,,1,303.71
PAY_6978,0dae7c5d0334,card,success,,1,61.45
PAY_6979,f4d8bbab8882,card,success,,1,208.6
PAY_6980,aa157f2f2d46,card,success,,1,81.57
PAY_6981,6399ad0b42ae,card,success,,1,146.83
PAY_6982,7a39ab70eadd,card,success,,1,153.98
PAY_6983,a78b0d3debfe,card,success,,1,62.68
PAY_6984,54850e84f8f3,card,success,,1,215.62
PAY_6985,a7fd6105c91f,card,success,,1,49.05
PAY_6986,1d0ee761b549,card,success,,1,167.73
PAY_6987,cf49fcb90df4,card,success,,1,65.88
PAY_6988,85f694d8e6e6,card,success,,1,119.06
PAY_6989,f41fe454bb37,card,success,,1,62.2
PAY_6990,acd4c2f79b9d,card,success,,1,93.69
PAY_6991,664c4fb59491,card,success,,1,38.1
PAY_6992,53f195933a6d,card,success,,1,109.73
PAY_6993,7110b95dc53a,card,failed,bank_decline,1,93.26
PAY_6994,7110b95dc53a,card,failed,timeout,2,93.26
PAY_6995,7110b95dc53a,card,failed,otp_failed,3,93.26
PAY_6996,7110b95dc53a,card,failed,otp_failed,4,93.26
PAY_6997,58fe5489ec8b,card,success,,1,58.43
PAY_6998,1a06af1ab4d3,card,success,,1,86.14
PAY_6999,df17c15bf606,card,success,,1,100.2
PAY_7000,f9d6bd3f0a10,card,success,,1,54.98
PAY_7001,50c98fac8501,card,success,,1,81.21
PAY_7002,121d345be6b9,card,success,,1,40.27
PAY_7003,155792749bf2,card,success,,1,587.92
PAY_7004,a99496243fc8,card,success,,1,210.04
PAY_7005,7523e0804b80,card,success,,1,112.0
PAY_7006,34ab0504e85b,card,success,,1,229.91
PAY_7007,370d5f7d8067,card,success,,1,18.48
PAY_7008,88888e3e2d3c,card,success,,1,11.63
PAY_7009,0c5d2102506a,card,success,,1,65.4
PAY_7010,e4ee4dc2e84b,card,success,,1,29.88
PAY_7011,c4d19c2657fb,card,success,,1,74.49
PAY_7012,bbf4404d84b3,card,success,,1,106.12
PAY_7013,dc3c60b3a2a7,card,success,,1,187.98
PAY_7014,b9c3b22b8615,card,success,,1,36.21
PAY_7015,7e4fe6ae8e24,card,success,,1,123.93
PAY_7016,a3a6d12c1563,card,success,,1,91.06
PAY_7017,eddeb7aa3739,card,success,,1,118.87
PAY_7018,729db616aa34,card,success,,1,59.39
PAY_7019,7aef515e13e6,card,success,,1,272.19
PAY_7020,20e0f9e02055,card,success,,1,82.86
PAY_7021,e9f087f2c87a,card,success,,1,372.17
PAY_7022,c79e8240e28e,card,success,,1,47.83
PAY_7023,eda06883f2f5,card,success,,1,163.08
PAY_7024,160829754d52,card,success,,1,85.82
PAY_7025,21e4d6e4ddc5,card,success,,1,69.26
PAY_7026,949b4fe45cd2,card,success,,1,149.28
PAY_7027,16033615292b,card,success,,1,70.86
PAY_7028,b9785383d8ad,card,success,,1,10.7
PAY_7029,60b01480571c,card,success,,1,7.77
PAY_7030,7535e5e50112,card,success,,1,249.12
PAY_7031,288cb70d66af,card,success,,1,240.86
PAY_7032,257a43f6f71e,card,success,,1,407.43
PAY_7033,bd438156abb2,card,success,,1,88.76
PAY_7034,a08129454665,card,success,,1,32.01
PAY_7035,8bf64bd3f876,card,success,,1,90.84
PAY_7036,02e66ad2039b,card,success,,1,40.22
PAY_7037,965f8a1b24cc,card,success,,1,336.59
PAY_7038,652f33e1d2a2,card,success,,1,540.02
PAY_7039,812f1b8f05aa,card,success,,1,131.98
PAY_7040,2b3bc7776dc8,card,success,,1,89.24
PAY_7041,518a36111ad8,card,success,,1,31.95
PAY_7042,1a776b082ae5,card,success,,1,310.18
PAY_7043,2a6b4624234a,card,success,,1,95.68
PAY_7044,ce8dc3f452e7,card,success,,1,71.43
PAY_7045,0d525f7fccbe,card,success,,1,132.28
PAY_7046,bd09da41f67c,card,success,,1,56.34
PAY_7047,9ec49d6ddde8,card,success,,1,101.24
PAY_7048,8f5c98d13239,card,success,,1,28.39
PAY_7049,65402d8e4c15,card,success,,1,214.79
PAY_7050,de3fad994194,card,success,,1,82.8
PAY_7051,54ede642a5bf,card,success,,1,227.48
PAY_7052,22ea92aa86cf,card,success,,1,76.64
PAY_7053,4f7ef95192bb,card,success,,1,80.72
PAY_7054,146244f30cb6,card,success,,1,34.13
PAY_7055,5c3ec8a46c37,card,success,,1,165.31
PAY_7056,f190c6336153,card,success,,1,44.67
PAY_7057,9cf4d052eeb6,card,success,,1,61.0
PAY_7058,0de393340066,card,success,,1,90.09
PAY_7059,6057ff306fef,card,success,,1,99.18
PAY_7060,55f8944b9936,card,success,,1,22.99
PAY_7061,901f0025fcbf,card,success,,1,74.84
PAY_7062,d340f2624ad6,card,success,,1,170.07
PAY_7063,09c2ed7dbcf7,card,success,,1,66.51
PAY_7064,2d0c781476ae,card,success,,1,75.2
PAY_7065,2ce7a8c848b1,card,success,,1,102.51
PAY_7066,bc4b9949f4a3,card,success,,1,81.39
PAY_7067,54ce728302b4,card,success,,1,39.47
PAY_7068,b5cd2ee7d1e1,card,success,,1,87.44
PAY_7069,8981d6c2d86f,card,success,,1,199.39
PAY_7070,4716a76ee21c,card,success,,1,38.82
PAY_7071,22b72eee796b,card,success,,1,66.71
PAY_7072,67704c8a12ec,card,success,,1,29.81
PAY_7073,eeae1ae72eb1,card,success,,1,191.16
PAY_7074,5bb7628e4dda,card,success,,1,83.61
PAY_7075,08f7d4b51705,card,success,,1,45.6
PAY_7076,aa3224cf5b4c,card,success,,1,96.91
PAY_7077,ded6e00dfe63,card,failed,timeout,1,34.37
PAY_7078,ded6e00dfe63,card,failed,timeout,2,34.37
PAY_7079,ded6e00dfe63,card,failed,timeout,3,34.37
PAY_7080,bdceddc388a8,card,success,,1,39.38
PAY_7081,73163ec80708,card,success,,1,27.99
PAY_7082,4f37e06d8dd6,card,success,,1,38.34
PAY_7083,1a0b86fd8177,card,success,,1,266.63
PAY_7084,b0cb50feaef3,card,success,,1,50.07
PAY_7085,ad818159fd95,card,success,,1,130.71
PAY_7086,cd4b6236201d,card,success,,1,46.11
PAY_7087,eca5b81b9bcb,card,success,,1,165.28
PAY_7088,399aae26f935,card,success,,1,39.61
PAY_7089,f890d5b66d00,card,success,,1,92.89
PAY_7090,ace1519aa7d8,card,success,,1,93.9
PAY_7091,3d04a0ff6518,card,success,,1,579.55
PAY_7092,b4c5e8516a0a,card,success,,1,149.06
PAY_7093,be00af949c58,card,success,,1,56.02
PAY_7094,9837f456c075,card,success,,1,155.72
PAY_7095,448d9edf4b91,card,success,,1,497.97
PAY_7096,4878402f4133,card,success,,1,24.44
PAY_7097,1ff7db18bbf4,card,success,,1,45.88
PAY_7098,2695e5bf38bc,card,success,,1,74.48
PAY_7099,8621a599f472,card,success,,1,64.48
PAY_7100,4ebb6b8b8e3f,card,failed,bank_decline,1,68.98
PAY_7101,4ebb6b8b8e3f,card,failed,otp_failed,2,68.98
PAY_7102,4ebb6b8b8e3f,card,failed,timeout,3,68.98
PAY_7103,4ebb6b8b8e3f,card,failed,otp_failed,4,68.98
PAY_7104,a87d2da2c5c1,card,success,,1,31.71
PAY_7105,2e79ba165ed8,card,success,,1,276.76
PAY_7106,f68f7d7250ad,card,success,,1,28.84
PAY_7107,ea5705d56a5a,card,failed,otp_failed,1,76.69
PAY_7108,ea5705d56a5a,UPI,failed,timeout,2,76.69
PAY_7109,364211f15eac,card,success,,1,207.82
PAY_7110,f9a70d733d71,card,success,,1,87.87
PAY_7111,6a636f1edd79,card,success,,1,41.12
PAY_7112,09f883244c3b,card,success,,1,30.6
PAY_7113,7319230aee82,card,success,,1,74.89
PAY_7114,2e287aa7d532,card,success,,1,49.13
PAY_7115,cf526838be5c,card,success,,1,106.08
PAY_7116,0a7bf36d773b,card,success,,1,29.34
PAY_7117,a9587f8fb415,card,success,,1,172.51
PAY_7118,238229a99ad9,card,success,,1,98.74
PAY_7119,b1f1d6a2a994,card,success,,1,104.78
PAY_7120,0f54b0a39146,card,success,,1,285.11
PAY_7121,acd355ebc47a,card,success,,1,63.42
PAY_7122,0f4bc1482fdb,card,success,,1,50.37
PAY_7123,6d31dd21583b,card,success,,1,58.08
PAY_7124,1395c1f72c2a,card,success,,1,77.17
PAY_7125,9aba8610b541,card,success,,1,83.7
PAY_7126,0484dadc38da,card,success,,1,46.31
PAY_7127,cad8e3e78ab8,card,success,,1,17.84
PAY_7128,b9cc300511e1,card,success,,1,57.47
PAY_7129,b540c7c1fc71,card,success,,1,120.04
PAY_7130,b161b861ddbc,card,success,,1,100.38
PAY_7131,3f11d2d9f198,card,failed,otp_failed,1,235.01
PAY_7132,938dc3a71613,card,success,,1,430.26
PAY_7133,14ce32ebf96a,card,success,,1,165.25
PAY_7134,60382d3e1180,card,success,,1,272.06
PAY_7135,4031e135a77d,card,success,,1,166.24
PAY_7136,0efba5394c54,card,success,,1,353.51
PAY_7137,dfc2507da0c0,card,success,,1,395.71
PAY_7138,e3d872311d79,card,success,,1,192.66
PAY_7139,736e875de4a1,card,success,,1,158.4
PAY_7140,6e1c69aadf44,card,success,,1,76.39
PAY_7141,805555bc093b,card,success,,1,87.09
PAY_7142,984a95feb82b,card,success,,1,68.7
PAY_7143,93df1863781f,card,success,,1,147.97
PAY_7144,14134d3c6574,card,success,,1,50.59
PAY_7145,8750d1503d9e,card,success,,1,77.26
PAY_7146,b76898eeefc6,card,success,,1,13.68
PAY_7147,3176cedaa740,card,success,,1,357.26
PAY_7148,898cb39559a7,card,success,,1,75.46
PAY_7149,16614dc62f2d,card,success,,1,129.6
PAY_7150,82fa1f0fb44b,card,success,,1,288.94
PAY_7151,b68a86e7eba5,card,failed,timeout,1,114.46
PAY_7152,b68a86e7eba5,card,failed,timeout,2,114.46
PAY_7153,b68a86e7eba5,card,failed,bank_decline,3,114.46
PAY_7154,b68a86e7eba5,card,failed,bank_decline,4,114.46
PAY_7155,733956dcb057,card,success,,1,285.85
PAY_7156,545194b68e0e,card,success,,1,33.34
PAY_7157,1599cb57a432,card,success,,1,612.72
PAY_7158,d345056c290b,card,success,,1,214.8
PAY_7159,890044f77e3d,card,success,,1,106.42
PAY_7160,87882333dcf7,card,success,,1,281.48
PAY_7161,509a731e822b,card,success,,1,35.34
PAY_7162,0eaf48832da1,card,success,,1,71.46
PAY_7163,8ae0e30bb220,card,success,,1,285.83
PAY_7164,4ed7e31b08f8,card,failed,timeout,1,20.21
PAY_7165,4ed7e31b08f8,card,failed,otp_failed,2,20.21
PAY_7166,4ed7e31b08f8,card,failed,bank_decline,3,20.21
PAY_7167,82701028832b,card,success,,1,140.94
PAY_7168,b4c696536ba6,card,success,,1,137.79
PAY_7169,b0783455b7bf,card,success,,1,435.02
PAY_7170,d84808a730ef,card,success,,1,25.37
PAY_7171,58c7ec794e20,card,success,,1,326.26
PAY_7172,e868f0c678b8,card,success,,1,57.54
PAY_7173,0d8ed503bcfb,card,success,,1,62.95
PAY_7174,7a16bea08e77,card,success,,1,33.87
PAY_7175,69224ba2c09e,card,success,,1,37.7
PAY_7176,f267ed0dfc1e,card,success,,1,124.31
PAY_7177,cfa375421aba,card,success,,1,36.97
PAY_7178,9e268efb8160,card,success,,1,162.75
PAY_7179,74c02b9da2b6,card,success,,1,52.96
PAY_7180,a58b92a92d6e,card,success,,1,34.11
PAY_7181,ef17d41ff837,card,success,,1,59.01
PAY_7182,5ba4f8bcbb3c,card,success,,1,117.84
PAY_7183,75c9a4258143,card,success,,1,72.1
PAY_7184,e34f4d7cfb46,card,success,,1,92.51
PAY_7185,444bebec0e66,card,success,,1,157.11
PAY_7186,22d2adaa68db,card,success,,1,213.99
PAY_7187,45d9df32705d,card,success,,1,70.24
PAY_7188,6fd9e7f7a482,card,success,,1,39.04
PAY_7189,3b78de2ed48d,card,success,,1,95.67
PAY_7190,521c0a9ddf6b,card,success,,1,131.17
PAY_7191,54e409973cf4,card,success,,1,27.98
PAY_7192,15cc90ea27a0,card,success,,1,44.15
PAY_7193,eae3b12fd09f,card,success,,1,50.64
PAY_7194,2987b201d86e,card,success,,1,76.23
PAY_7195,68e848ad8ed9,card,success,,1,48.97
PAY_7196,532eadb59416,card,success,,1,158.48
PAY_7197,6beaa1ee7116,card,success,,1,24.93
PAY_7198,6f323654d2ab,card,success,,1,25.44
PAY_7199,b739a015aa08,card,success,,1,68.92
PAY_7200,3ee74a8c1660,card,success,,1,78.22
PAY_7201,73c38f0af5fc,card,success,,1,28.11
PAY_7202,0cf4e7d80c82,card,success,,1,55.4
PAY_7203,c5da358d31a0,card,success,,1,65.31
PAY_7204,5770af82911b,card,success,,1,65.72
PAY_7205,5110e034c5d3,card,success,,1,101.65
PAY_7206,6943c00c7033,card,success,,1,53.02
PAY_7207,aceeb431e6f6,card,success,,1,293.61
PAY_7208,b8a38ae6030f,card,success,,1,133.03
PAY_7209,fc318d309b2d,card,success,,1,47.2
PAY_7210,b119fe0e8ebe,card,success,,1,97.09
PAY_7211,bf11702c4f8e,card,success,,1,99.41
PAY_7212,809b02fcf9ed,card,success,,1,237.88
PAY_7213,83f9d11f6cb7,card,success,,1,55.68
PAY_7214,1ccd04bbfc11,card,success,,1,166.31
PAY_7215,4575e309c92a,card,success,,1,93.08
PAY_7216,5ee67bc6f3bb,card,success,,1,296.86
PAY_7217,12503fda8480,card,success,,1,252.83
PAY_7218,37f80375dc94,card,success,,1,105.38
PAY_7219,a4b32af29d59,card,success,,1,72.98
PAY_7220,a5e754bcd40a,card,success,,1,135.0
PAY_7221,2b18631ee6eb,card,success,,1,95.85
PAY_7222,d64dad9674bf,card,failed,bank_decline,1,65.07
PAY_7223,dc1e50fc3599,card,success,,1,62.32
PAY_7224,695ce02f72e2,card,success,,1,34.11
PAY_7225,7a834597ee8d,card,success,,1,140.51
PAY_7226,09c93b8f78d2,card,success,,1,46.71
PAY_7227,59294bcb4963,card,success,,1,216.7
PAY_7228,18aac9d5e72f,card,failed,otp_failed,1,32.0
PAY_7229,18aac9d5e72f,UPI,failed,timeout,2,32.0
PAY_7230,8a0341c962e1,card,success,,1,99.66
PAY_7231,46f3b88b3a54,card,success,,1,225.92
PAY_7232,408061c9534a,card,success,,1,16.09
PAY_7233,1bb021979403,card,success,,1,452.42
PAY_7234,d34c66401d7b,card,success,,1,64.06
PAY_7235,4a6b73e53049,card,success,,1,100.77
PAY_7236,f22f6dfa32fc,card,success,,1,142.19
PAY_7237,e9678c997bbf,card,success,,1,160.92
PAY_7238,324d94073fc8,card,success,,1,112.07
PAY_7239,82e12470f52c,card,success,,1,199.92
PAY_7240,5b076106852d,card,success,,1,136.35
PAY_7241,9c9d1b15b57b,card,success,,1,368.23
PAY_7242,c166f5077bc6,card,success,,1,433.42
PAY_7243,21bb181fd62c,card,success,,1,185.09
PAY_7244,3ab242e71968,card,success,,1,726.97
PAY_7245,20f9925fb036,card,success,,1,297.8
PAY_7246,1f59d45d9445,card,success,,1,91.97
PAY_7247,e10c5ba97ae7,card,success,,1,210.37
PAY_7248,c8d7d0d5d96e,card,success,,1,51.89
PAY_7249,c1bcdc0dfeb2,card,success,,1,148.5
PAY_7250,81ea9e530d6a,card,success,,1,73.51
PAY_7251,16160305cda2,card,success,,1,318.37
PAY_7252,680e8050f340,card,failed,otp_failed,1,127.86
PAY_7253,680e8050f340,card,failed,otp_failed,2,127.86
PAY_7254,7d43f5a3d46b,card,success,,1,190.33
PAY_7255,9e2db2d450e8,card,success,,1,84.06
PAY_7256,e946597fda8e,card,success,,1,125.02
PAY_7257,c61e2997b8dc,card,success,,1,107.65
PAY_7258,a669b8f1828f,card,success,,1,194.21
PAY_7259,ad44cbaf896d,card,success,,1,67.17
PAY_7260,ee9a41c8bd34,card,success,,1,93.6
PAY_7261,3cfc1cd2e822,card,success,,1,231.59
PAY_7262,8621012b9cd3,card,success,,1,14.54
PAY_7263,c357b59cdbd1,card,success,,1,144.24
PAY_7264,7690910bfe4d,card,success,,1,68.92
PAY_7265,9fb4ab965e59,card,success,,1,43.39
PAY_7266,672bd1a37a72,card,success,,1,117.83
PAY_7267,0fb3fdfedb8a,card,failed,otp_failed,1,240.32
PAY_7268,0fb3fdfedb8a,card,failed,bank_decline,2,240.32
PAY_7269,0fb3fdfedb8a,card,failed,bank_decline,3,240.32
PAY_7270,df717eccb6bd,card,success,,1,206.71
PAY_7271,767ff8c36e65,card,success,,1,80.79
PAY_7272,066db2975b6a,card,success,,1,181.38
PAY_7273,2347697d503b,card,success,,1,180.27
PAY_7274,6aa549c5ab46,card,success,,1,83.94
PAY_7275,462ba9ffc6c4,card,success,,1,51.7
PAY_7276,168134564f64,card,success,,1,54.15
PAY_7277,3625286f71fa,card,success,,1,175.96
PAY_7278,4d372f08212e,card,success,,1,87.03
PAY_7279,aa644e39e6b1,card,success,,1,38.98
PAY_7280,e0b7854420e9,card,success,,1,23.39
PAY_7281,f7bde4123d7f,card,success,,1,175.12
PAY_7282,1a9d6d0c418e,card,failed,otp_failed,1,58.12
PAY_7283,1a9d6d0c418e,netbanking,failed,bank_decline,2,58.12
PAY_7284,1a9d6d0c418e,netbanking,failed,otp_failed,3,58.12
PAY_7285,4e1c9c193cb8,card,success,,1,117.25
PAY_7286,0cae06440d19,card,success,,1,242.69
PAY_7287,704e630c5e1b,card,success,,1,31.59
PAY_7288,25fa9e44a6c1,card,success,,1,86.82
PAY_7289,e523a951c8e4,card,success,,1,78.53
PAY_7290,647022e1df0d,card,success,,1,121.97
PAY_7291,636690e02615,card,success,,1,242.58
PAY_7292,58b33d9b0500,card,success,,1,31.08
PAY_7293,84998cc583f3,card,success,,1,142.0
PAY_7294,6e8951526082,card,success,,1,205.45
PAY_7295,6dced2eedd01,card,success,,1,77.55
PAY_7296,4ad11f2cd836,card,success,,1,80.64
PAY_7297,43a94833fd3b,card,success,,1,125.81
PAY_7298,913ba2e127d9,card,success,,1,118.61
PAY_7299,c1ad58174a8c,card,success,,1,143.44
PAY_7300,94f6380994c5,card,success,,1,141.04
PAY_7301,28b3a8bb6850,card,success,,1,41.03
PAY_7302,b9ed2df2e03d,card,success,,1,198.78
PAY_7303,2b3374cd3041,card,success,,1,228.93
PAY_7304,57f2f53e41ef,card,success,,1,104.47
PAY_7305,eac2f4d1f8c8,card,success,,1,27.24
PAY_7306,90d92da23127,card,success,,1,82.12
PAY_7307,73935f6fb6b7,card,success,,1,105.16
PAY_7308,1f514a8bcbf5,card,success,,1,36.03
PAY_7309,27bbff9cea35,card,success,,1,67.48
PAY_7310,18f9dd1b1a70,card,success,,1,29.15
PAY_7311,167e8c8bdab0,card,success,,1,146.33
PAY_7312,f543e802b8a6,card,success,,1,102.8
PAY_7313,085fb3bcbf0a,card,success,,1,24.13
PAY_7314,99d7b5f07f8a,card,success,,1,119.24
PAY_7315,08632d399e0f,card,success,,1,86.04
PAY_7316,0cfcaaf28a02,card,success,,1,136.06
PAY_7317,8d53418c8436,card,success,,1,65.81
PAY_7318,f76705b266e5,card,success,,1,47.41
PAY_7319,041a334ff689,card,success,,1,48.59
PAY_7320,f78917a164a3,card,failed,otp_failed,1,58.53
PAY_7321,f78917a164a3,card,failed,timeout,2,58.53
PAY_7322,12ce6d4bbd13,card,success,,1,91.38
PAY_7323,c1bb6cd8b033,card,success,,1,101.33
PAY_7324,2a414ba48af7,card,success,,1,77.28
PAY_7325,3ea941548a75,card,success,,1,67.96
PAY_7326,39bd2fdb3e33,card,success,,1,669.26
PAY_7327,c29353ba96fe,card,success,,1,48.59
PAY_7328,7c228ed668bc,card,success,,1,57.61
PAY_7329,0e6d86c6f248,card,success,,1,1255.24
PAY_7330,bc18161057f7,card,success,,1,126.07
PAY_7331,fe220af5d4a2,card,success,,1,29.84
PAY_7332,b5778af0730b,card,success,,1,176.65
PAY_7333,51b5f51488f5,card,success,,1,43.47
PAY_7334,9d95f7400756,card,success,,1,76.04
PAY_7335,04747f9c9333,card,success,,1,63.32
PAY_7336,7f9bc82b2fd2,card,success,,1,326.14
PAY_7337,f527d14b3143,card,success,,1,141.62
PAY_7338,725a3d18493f,card,success,,1,196.05
PAY_7339,64016b0aaa7b,card,success,,1,127.48
PAY_7340,1db518724e83,card,success,,1,63.08
PAY_7341,ecb4006c50f0,card,success,,1,146.8
PAY_7342,d45e5bec3012,card,success,,1,236.84
PAY_7343,594d99a9868e,card,success,,1,100.26
PAY_7344,27e498a19a68,card,success,,1,380.43
PAY_7345,2d2771eeac3c,card,success,,1,177.75
PAY_7346,d6f4f13f1156,card,success,,1,106.65
PAY_7347,95ab9fedbad4,card,success,,1,110.08
PAY_7348,0f9ac5794664,card,success,,1,100.46
PAY_7349,54335a8e7d63,card,failed,otp_failed,1,33.08
PAY_7350,54335a8e7d63,card,failed,timeout,2,33.08
PAY_7351,54335a8e7d63,card,failed,bank_decline,3,33.08
PAY_7352,54335a8e7d63,card,failed,timeout,4,33.08
PAY_7353,66c09acc38a3,card,success,,1,83.76
PAY_7354,8ec78b2183bd,card,failed,bank_decline,1,107.44
PAY_7355,f3354143d683,card,success,,1,64.53
PAY_7356,693c7f4bfe06,card,success,,1,117.94
PAY_7357,94b141215480,card,success,,1,91.56
PAY_7358,2f4ebfa39f5a,card,success,,1,167.16
PAY_7359,fe83241aab62,card,success,,1,153.01
PAY_7360,29e75b1e8817,card,success,,1,102.9
PAY_7361,05507aaa5213,card,success,,1,30.15
PAY_7362,850d7007a2bb,card,success,,1,80.36
PAY_7363,d73a9fbb4a7b,card,success,,1,84.38
PAY_7364,1399ba8be0b7,card,success,,1,68.44
PAY_7365,22d27a8d875e,card,success,,1,60.9
PAY_7366,ea6975aefc35,card,success,,1,309.59
PAY_7367,1601cc7e2eff,card,success,,1,272.83
PAY_7368,b747ec5ca216,card,success,,1,128.45
PAY_7369,ef24193b24e5,card,success,,1,82.6
PAY_7370,ae7abdb22c9f,card,success,,1,147.72
PAY_7371,6ae1041f9f1d,card,success,,1,95.49
PAY_7372,8c971935b555,card,success,,1,77.31
PAY_7373,be83caef10c4,card,success,,1,117.98
PAY_7374,50fb9e1d4859,card,success,,1,63.25
PAY_7375,1801cb318ede,card,success,,1,110.15
PAY_7376,3a9c20790535,card,success,,1,105.99
PAY_7377,e21e8b69a7e9,card,success,,1,54.85
PAY_7378,40293b5b86ee,card,success,,1,158.87
PAY_7379,7014163703d1,card,success,,1,43.6
PAY_7380,8e4800b56c43,card,success,,1,56.94
PAY_7381,0639da979d4f,card,success,,1,58.96
PAY_7382,2d0f5b43c9d4,card,success,,1,38.18
PAY_7383,211ec8a05bd8,card,success,,1,202.86
PAY_7384,216751972eb2,card,success,,1,41.46
PAY_7385,34ca73270c63,card,success,,1,51.46
PAY_7386,0a4033c3c590,card,success,,1,245.75
PAY_7387,9e0ebcf8cd80,card,success,,1,57.03
PAY_7388,76e3f34d56a8,card,success,,1,77.44
PAY_7389,69af57d53fe2,card,success,,1,40.06
PAY_7390,d05090ad2186,card,success,,1,175.28
PAY_7391,21d85a1b1e3e,card,success,,1,177.22
PAY_7392,0574e7549e20,card,success,,1,162.58
PAY_7393,30d780e7de0a,card,success,,1,138.38
PAY_7394,0afbd21a023f,card,success,,1,95.48
PAY_7395,146daf20d580,card,success,,1,59.17
PAY_7396,70139d9ce0f8,card,success,,1,46.9
PAY_7397,808a10714385,card,success,,1,252.63
PAY_7398,32e0a7961fa8,card,success,,1,165.98
PAY_7399,46ce27e8f8f8,card,success,,1,51.69
PAY_7400,49cbdacbc98d,card,success,,1,92.93
PAY_7401,06785baa24d2,card,failed,timeout,1,70.8
PAY_7402,92dcb123e8a4,card,success,,1,36.5
PAY_7403,849290fc62ce,card,success,,1,103.76
PAY_7404,41c4087bb09d,card,success,,1,64.56
PAY_7405,a220dfd49ad4,card,success,,1,42.01
PAY_7406,5dacd909fc50,card,success,,1,27.57
PAY_7407,8c63b31e5266,card,success,,1,25.76
PAY_7408,a8a28d5543ca,card,success,,1,66.88
PAY_7409,70fc04a4e23e,card,failed,timeout,1,84.09
PAY_7410,70fc04a4e23e,card,failed,bank_decline,2,84.09
PAY_7411,70fc04a4e23e,card,failed,timeout,3,84.09
PAY_7412,2eaaa8701d3f,card,success,,1,44.69
PAY_7413,51be7473cd49,card,success,,1,151.5
PAY_7414,c3c6c91f09ee,card,success,,1,85.42
PAY_7415,4ef2a2db72d3,card,success,,1,142.81
PAY_7416,30ac8ca3d80c,card,success,,1,77.76
PAY_7417,e4cc67533031,card,success,,1,47.96
PAY_7418,e28c673e5ca6,card,success,,1,98.62
PAY_7419,fbd595d88feb,card,success,,1,32.78
PAY_7420,c7df9e793e48,card,success,,1,138.59
PAY_7421,f614fd688d93,card,success,,1,42.53
PAY_7422,6989a819f55a,card,success,,1,187.65
PAY_7423,c3b8498dbdd1,card,success,,1,68.66
PAY_7424,430e8d760448,card,success,,1,210.61
PAY_7425,6419ffa1b7ec,card,success,,1,36.67
PAY_7426,977660c1443d,card,success,,1,52.34
PAY_7427,8c71e72f3af7,card,success,,1,229.61
PAY_7428,3ee593fabd1c,card,success,,1,341.48
PAY_7429,a7d8d51eb886,card,success,,1,93.05
PAY_7430,31b5941cf223,card,success,,1,391.58
PAY_7431,68e5ee6217f9,card,success,,1,71.4
PAY_7432,1038155b92ee,card,success,,1,216.81
PAY_7433,f3018e19333f,card,success,,1,42.36
PAY_7434,b268d21f5e51,card,success,,1,13.83
PAY_7435,9d0d92473067,card,success,,1,36.7
PAY_7436,c2c774ded181,card,success,,1,130.76
PAY_7437,974285086578,card,success,,1,31.5
PAY_7438,1e7975206171,card,success,,1,126.67
PAY_7439,063c37f64132,card,success,,1,185.89
PAY_7440,9e138e18bdb7,card,success,,1,60.28
PAY_7441,e3ac6f3b4d68,card,success,,1,41.46
PAY_7442,cc5aef92730a,card,success,,1,61.6
PAY_7443,8c91dd224c66,card,success,,1,41.57
PAY_7444,0e920de3d2f8,card,success,,1,83.02
PAY_7445,e8de9f90e295,card,success,,1,97.68
PAY_7446,5cdb2259b522,card,success,,1,70.47
PAY_7447,d4d5f897c833,card,success,,1,343.6
PAY_7448,39a5c91ee667,card,success,,1,50.63
PAY_7449,834c7d663dc7,card,success,,1,274.01
PAY_7450,05cc17b1d787,card,success,,1,39.13
PAY_7451,7b1996f3e57a,card,success,,1,95.41
PAY_7452,fe09f59f0e2c,card,success,,1,231.94
PAY_7453,0dec45c055f4,card,success,,1,222.54
PAY_7454,6778459250ca,card,success,,1,140.34
PAY_7455,9f251898d995,card,success,,1,126.08
PAY_7456,e05ab0429ed6,card,success,,1,58.44
PAY_7457,1360a54cbd5c,card,success,,1,147.34
PAY_7458,628e6cd25939,card,success,,1,399.41
PAY_7459,0ae1bf01f3b3,card,failed,timeout,1,131.28
PAY_7460,0ae1bf01f3b3,card,failed,timeout,2,131.28
PAY_7461,0ae1bf01f3b3,card,failed,timeout,3,131.28
PAY_7462,d84865cc7e71,card,success,,1,141.61
PAY_7463,3137c6c91785,card,success,,1,154.12
PAY_7464,2f2705c461e1,card,success,,1,27.97
PAY_7465,2c80fb58aab6,card,success,,1,130.08
PAY_7466,5ef2c44a3fc0,card,success,,1,39.91
PAY_7467,fdbb0789ab0e,card,success,,1,56.15
PAY_7468,b457586104ae,card,success,,1,507.53
PAY_7469,e70fddbd39a7,card,success,,1,73.51
PAY_7470,902f33ecd665,card,success,,1,49.79
PAY_7471,3300314c080e,card,success,,1,226.35
PAY_7472,6093f344c7e7,card,success,,1,42.18
PAY_7473,95694668f4e0,card,success,,1,62.93
PAY_7474,95ae74e4fe51,card,failed,bank_decline,1,244.51
PAY_7475,95ae74e4fe51,card,failed,otp_failed,2,244.51
PAY_7476,8055b3becbe4,card,success,,1,93.15
PAY_7477,0d3988af8833,card,success,,1,25.81
PAY_7478,775e0d5a98d9,card,success,,1,139.1
PAY_7479,5355fe9440d4,card,success,,1,65.55
PAY_7480,8e4e83097646,card,success,,1,308.55
PAY_7481,3588ae569237,card,success,,1,55.43
PAY_7482,cfee147a144d,card,success,,1,208.72
PAY_7483,24fba5206b9a,card,success,,1,372.62
PAY_7484,9f65da49be96,card,success,,1,45.57
PAY_7485,adc26aec50bd,card,success,,1,77.13
PAY_7486,f1b8121fa38e,card,success,,1,122.84
PAY_7487,c815932e91e7,card,success,,1,45.34
PAY_7488,a718e028a203,card,success,,1,111.75
PAY_7489,f0d2320ec900,card,success,,1,75.19
PAY_7490,f0813a38c92e,card,success,,1,73.99
PAY_7491,8cefb51c4bc6,card,success,,1,93.61
PAY_7492,3af5ff2895df,card,success,,1,95.3
PAY_7493,12f7ca2fcc65,card,success,,1,102.63
PAY_7494,82169704b834,card,success,,1,55.75
PAY_7495,e5392a7b440e,card,success,,1,57.73
PAY_7496,8b28359ba914,card,success,,1,81.87
PAY_7497,978fa2d8d143,card,success,,1,86.85
PAY_7498,2140d2b01bc8,card,success,,1,63.37
PAY_7499,9ba5467ca64b,card,success,,1,116.65
PAY_7500,b61c9dd177e5,card,success,,1,21.08
PAY_7501,dd5c27ff868a,card,success,,1,50.18
PAY_7502,84a5b0b15d4f,card,success,,1,71.96
PAY_7503,60c229a275ef,card,success,,1,45.38
PAY_7504,81100c023dd1,card,success,,1,331.41
PAY_7505,66839377ce16,card,success,,1,91.39
PAY_7506,5bda5aaa4a7f,card,success,,1,103.69
PAY_7507,a9782650fc13,card,success,,1,61.16
PAY_7508,5b98e72a027c,card,success,,1,88.89
PAY_7509,4253719d4ee8,card,success,,1,34.05
PAY_7510,bf6f9bb4dda3,card,success,,1,78.58
PAY_7511,756fa96ea598,card,failed,otp_failed,1,42.54
PAY_7512,756fa96ea598,card,failed,timeout,2,42.54
PAY_7513,756fa96ea598,card,failed,timeout,3,42.54
PAY_7514,756fa96ea598,card,failed,otp_failed,4,42.54
PAY_7515,bb723765002e,card,success,,1,72.1
PAY_7516,034a4e310481,card,success,,1,11.61
PAY_7517,47e0c78ccab5,card,success,,1,36.51
PAY_7518,ad3c5f5a0a63,card,success,,1,290.37
PAY_7519,70af7c2423d4,card,success,,1,174.92
PAY_7520,e8df6c6d166f,card,success,,1,258.59
PAY_7521,66422aa00d15,card,success,,1,273.19
PAY_7522,8b7057cd6ce5,card,success,,1,154.22
PAY_7523,9602d17eb2b7,card,success,,1,39.26
PAY_7524,8a4b3facfc6c,card,success,,1,225.29
PAY_7525,98b43c5b811d,card,success,,1,94.79
PAY_7526,89deb202f392,card,success,,1,661.97
PAY_7527,030174e77956,card,success,,1,67.22
PAY_7528,8b59556fdd56,card,success,,1,436.29
PAY_7529,603bc22816ce,card,success,,1,79.41
PAY_7530,6dad63c419d7,card,success,,1,262.13
PAY_7531,03c28b98395c,card,success,,1,349.8
PAY_7532,4c341ff7c07d,card,success,,1,39.71
PAY_7533,5d36870a2785,card,success,,1,61.07
PAY_7534,e8dafec3e900,card,success,,1,39.39
PAY_7535,6828a030166d,card,success,,1,33.65
PAY_7536,1c23c97da5ff,card,success,,1,153.49
PAY_7537,f2406b337ca6,card,success,,1,76.91
PAY_7538,54673eab1437,card,success,,1,93.87
PAY_7539,3bfefe560057,card,success,,1,140.47
PAY_7540,5979779ff5ee,card,failed,otp_failed,1,20.37
PAY_7541,5979779ff5ee,card,failed,timeout,2,20.37
PAY_7542,5979779ff5ee,card,failed,timeout,3,20.37
PAY_7543,56e062a2f80b,card,success,,1,252.0
PAY_7544,1d89e953a39b,card,success,,1,68.08
PAY_7545,dd5c5d9f7891,card,success,,1,137.82
PAY_7546,e3f601ab5155,card,failed,otp_failed,1,147.91
PAY_7547,e3f601ab5155,card,failed,timeout,2,147.91
PAY_7548,e3f601ab5155,card,failed,otp_failed,3,147.91
PAY_7549,e3f601ab5155,card,failed,bank_decline,4,147.91
PAY_7550,44ae074eece0,card,success,,1,269.52
PAY_7551,501e7af82af8,card,success,,1,82.77
PAY_7552,e921dca90ee0,card,success,,1,16.46
PAY_7553,d2a6e0a9d56e,card,failed,otp_failed,1,94.23
PAY_7554,d2a6e0a9d56e,UPI,failed,otp_failed,2,94.23
PAY_7555,9d9070855675,card,success,,1,105.7
PAY_7556,b1e0748f9e1e,card,success,,1,39.35
PAY_7557,dfe507626ba1,card,success,,1,101.29
PAY_7558,ca26cc277c79,card,success,,1,67.44
PAY_7559,fea13447bc0a,card,success,,1,30.75
PAY_7560,dc6c4009afa5,card,success,,1,154.04
PAY_7561,1ecc37438e78,card,failed,timeout,1,57.34
PAY_7562,1ecc37438e78,card,failed,otp_failed,2,57.34
PAY_7563,cf89d6a9f557,card,success,,1,65.03
PAY_7564,318c7ab9110b,card,success,,1,62.17
PAY_7565,a3a4e67e2139,card,success,,1,241.87
PAY_7566,2adf7cf70389,card,success,,1,87.12
PAY_7567,5d8fa9406106,card,success,,1,95.9
PAY_7568,d2ad07803b3f,card,success,,1,63.28
PAY_7569,917cc4252f7c,card,success,,1,130.36
PAY_7570,db20e3d242d7,card,success,,1,264.93
PAY_7571,6f3dff6e2bf8,card,success,,1,151.15
PAY_7572,9bf2eff675be,card,success,,1,155.94
PAY_7573,98978532c492,card,success,,1,146.2
PAY_7574,15336998d4b9,card,success,,1,29.84
PAY_7575,1f3b65bfb12f,card,success,,1,44.66
PAY_7576,9d0fe1282457,card,success,,1,76.4
PAY_7577,808eb9465ff7,card,success,,1,50.37
PAY_7578,d23370b448ef,card,success,,1,20.13
PAY_7579,b189fee52423,card,success,,1,30.65
PAY_7580,cd2ee43b5a12,card,success,,1,85.15
PAY_7581,f14fdda1d449,card,success,,1,47.73
PAY_7582,9203c0821c45,card,success,,1,95.88
PAY_7583,a869727f9562,card,success,,1,63.62
PAY_7584,ac00e9f8b824,card,success,,1,215.39
PAY_7585,59a51574969b,card,success,,1,79.1
PAY_7586,a888e51f036d,card,success,,1,157.13
PAY_7587,92be24f5b9a4,card,success,,1,105.91
PAY_7588,7ddf4be52a60,card,success,,1,29.32
PAY_7589,d87f8cd456a7,card,success,,1,83.72
PAY_7590,85419a199115,card,success,,1,33.5
PAY_7591,5a1e7ef6c679,card,success,,1,82.56
PAY_7592,fbda4e8669f7,card,success,,1,49.6
PAY_7593,e21f700f8b53,card,success,,1,122.19
PAY_7594,54c3c1e7ed0e,card,success,,1,91.08
PAY_7595,ba357137488d,card,success,,1,142.3
PAY_7596,f372cefcb7be,card,success,,1,186.06
PAY_7597,663785048c99,card,success,,1,48.85
PAY_7598,56782c13109d,card,success,,1,91.3
PAY_7599,3ab7f3175331,card,success,,1,104.3
PAY_7600,efabe225537b,card,success,,1,310.35
PAY_7601,558d7a2e3827,card,success,,1,27.52
PAY_7602,78d4c96d3c50,card,success,,1,43.43
PAY_7603,aecc6c32d652,card,success,,1,848.58
PAY_7604,d14ebc44620b,card,success,,1,72.35
PAY_7605,0fd4822aca6b,card,success,,1,19.83
PAY_7606,65d2a7f92d27,card,success,,1,56.48
PAY_7607,269caa50baff,card,success,,1,9.82
PAY_7608,58a8ccb3f1a2,card,success,,1,109.15
PAY_7609,86d99750ebf2,card,success,,1,172.06
PAY_7610,49d9d3bf74da,card,success,,1,43.41
PAY_7611,9258bb650479,card,success,,1,61.77
PAY_7612,9d6db5b9f77e,card,success,,1,188.47
PAY_7613,e95ab8cc49f3,card,success,,1,22.19
PAY_7614,0786c3ad8468,card,success,,1,31.27
PAY_7615,246c98261b16,card,success,,1,75.0
PAY_7616,d5595321b38a,card,success,,1,49.31
PAY_7617,cadf8df4712d,card,success,,1,71.16
PAY_7618,1864f98b79bc,card,success,,1,32.75
PAY_7619,6b48c7a5db09,card,success,,1,106.85
PAY_7620,9b4f7db1f577,card,success,,1,79.89
PAY_7621,4b22f06e64a2,card,success,,1,139.68
PAY_7622,2e87905e8cf8,card,success,,1,105.67
PAY_7623,c13d53f5a766,card,success,,1,106.2
PAY_7624,79f1ab206ff5,card,success,,1,133.5
PAY_7625,2c1517fd9721,card,success,,1,69.08
PAY_7626,60e500b72501,card,success,,1,78.78
PAY_7627,179d506e8972,card,success,,1,208.22
PAY_7628,b35e827c6adb,card,success,,1,50.63
PAY_7629,725d10e783e1,card,success,,1,265.32
PAY_7630,eb7be234c995,card,success,,1,285.88
PAY_7631,18ef0f3257d3,card,success,,1,164.39
PAY_7632,4c129e6905b4,card,success,,1,41.08
PAY_7633,73a4d82791ca,card,success,,1,15.66
PAY_7634,6373b8e75cbf,card,success,,1,213.38
PAY_7635,ad2472c9b467,card,success,,1,49.59
PAY_7636,2de7516dad29,card,success,,1,230.18
PAY_7637,e98014e42ab0,card,failed,timeout,1,45.18
PAY_7638,e98014e42ab0,card,failed,timeout,2,45.18
PAY_7639,e98014e42ab0,card,failed,bank_decline,3,45.18
PAY_7640,170d6cd41c8a,card,success,,1,64.11
PAY_7641,eab5ff63591b,card,success,,1,136.99
PAY_7642,76cb507313bd,card,success,,1,36.93
PAY_7643,c7b215f04cbf,card,success,,1,82.47
PAY_7644,ebc0eedb676c,card,success,,1,215.14
PAY_7645,780bc9c3ca0f,card,success,,1,106.58
PAY_7646,a4f6680d5c1f,card,success,,1,244.19
PAY_7647,e611ed4794c5,card,success,,1,222.94
PAY_7648,2c6e41c9cd77,card,success,,1,90.58
PAY_7649,f87330cbd3ae,card,success,,1,13.88
PAY_7650,d6d21c1cd9ae,card,success,,1,37.17
PAY_7651,dd8022234ba9,card,success,,1,165.78
PAY_7652,240802d5dc41,card,success,,1,26.04
PAY_7653,f4b911f4a6d6,card,success,,1,69.31
PAY_7654,211347accaa1,card,success,,1,118.01
PAY_7655,6c3726e6adf4,card,success,,1,291.68
PAY_7656,ea1c51e1dd19,card,success,,1,56.83
PAY_7657,857b43620c79,card,success,,1,53.8
PAY_7658,26caba42416c,card,success,,1,86.32
PAY_7659,b965389a99de,card,success,,1,119.19
PAY_7660,6cb09d2ee5d7,card,success,,1,79.57
PAY_7661,e5e6b11fae1a,card,success,,1,208.39
PAY_7662,2590662787bf,card,success,,1,47.5
PAY_7663,b77b5692bad3,card,success,,1,99.1
PAY_7664,9093eb93b9ef,card,success,,1,128.53
PAY_7665,4d75b9482285,card,success,,1,65.35
PAY_7666,cc444df2ef42,card,success,,1,101.41
PAY_7667,ae73a6da3e75,card,success,,1,169.2
PAY_7668,8e1bf3a600db,card,success,,1,105.14
PAY_7669,31141256ae86,card,success,,1,121.65
PAY_7670,6e5c500ed7a2,card,success,,1,54.28
PAY_7671,c741834819b2,card,success,,1,54.35
PAY_7672,8c370c047d66,card,success,,1,239.73
PAY_7673,8d60cc87e86e,card,success,,1,149.67
PAY_7674,d7141b80680c,card,success,,1,39.71
PAY_7675,a80e91b47313,card,success,,1,104.03
PAY_7676,679861f90a30,card,success,,1,13.48
PAY_7677,d8655c59c50f,card,success,,1,56.87
PAY_7678,89cb032c3469,card,success,,1,194.19
PAY_7679,fb2890d783c5,card,success,,1,81.44
PAY_7680,5df5fd594625,card,failed,otp_failed,1,98.92
PAY_7681,5df5fd594625,card,failed,timeout,2,98.92
PAY_7682,5df5fd594625,card,failed,otp_failed,3,98.92
PAY_7683,290c039ec419,card,success,,1,8.06
PAY_7684,bd2e56860d30,card,success,,1,65.77
PAY_7685,77ac185275b1,card,success,,1,117.99
PAY_7686,efb2b97e2154,card,success,,1,130.61
PAY_7687,39bc6e8c87d5,card,success,,1,194.39
PAY_7688,654f4f5637b2,card,success,,1,76.08
PAY_7689,c304bdf7e47a,card,success,,1,78.84
PAY_7690,70675643abdb,card,success,,1,31.01
PAY_7691,a28eae0feca3,card,success,,1,32.81
PAY_7692,f4a8f972eca3,card,success,,1,20.53
PAY_7693,c782584506f9,card,success,,1,37.78
PAY_7694,c2945a8c71ad,card,success,,1,300.95
PAY_7695,a364d2316e19,card,failed,bank_decline,1,72.5
PAY_7696,a364d2316e19,card,failed,timeout,2,72.5
PAY_7697,31cbd30707ef,card,success,,1,107.33
PAY_7698,d91e5cda0c33,card,success,,1,59.69
PAY_7699,a0f4a30ca1c1,card,success,,1,21.49
PAY_7700,71a7ed95fe70,card,success,,1,190.35
PAY_7701,14712d547d69,card,success,,1,15.84
PAY_7702,9ca93b5b8b5e,card,success,,1,57.75
PAY_7703,340da96395d1,card,success,,1,86.17
PAY_7704,a5ec42dae9e6,card,success,,1,108.24
PAY_7705,22793910e602,card,success,,1,50.34
PAY_7706,66a2aaa6749d,card,success,,1,20.69
PAY_7707,3f8ee1a928e1,card,success,,1,47.42
PAY_7708,17a0e4aa7ce7,card,success,,1,49.45
PAY_7709,73fd54df464d,card,success,,1,48.5
PAY_7710,45497b222375,card,success,,1,195.6
PAY_7711,bade16b48719,card,success,,1,34.09
PAY_7712,b3ce7c25f267,card,success,,1,114.52
PAY_7713,148c0aab2a44,card,success,,1,102.17
PAY_7714,dfb158368db8,card,success,,1,194.1
PAY_7715,cdfd4d848dff,card,success,,1,80.92
PAY_7716,ae7b1aa95ecf,card,success,,1,169.51
PAY_7717,4fa1348aad37,card,success,,1,78.43
PAY_7718,4e375f486489,card,success,,1,127.42
PAY_7719,d29707b357bc,card,success,,1,27.05
PAY_7720,466573a42ba1,card,success,,1,10.91
PAY_7721,b626a9dcb0ad,card,success,,1,121.76
PAY_7722,ac248299ea56,card,success,,1,127.1
PAY_7723,fd566a3522aa,card,success,,1,131.68
PAY_7724,2c179994a709,card,success,,1,296.42
PAY_7725,b6670c83fbd3,card,success,,1,62.31
PAY_7726,a22191c88950,card,success,,1,126.05
PAY_7727,e7b91a95a652,card,failed,bank_decline,1,144.85
PAY_7728,e7b91a95a652,card,failed,timeout,2,144.85
PAY_7729,5edf7f6dfd31,card,success,,1,356.02
PAY_7730,074795a0ebe7,card,success,,1,69.85
PAY_7731,46aa674376e0,card,success,,1,53.38
PAY_7732,8604e42de824,card,success,,1,27.15
PAY_7733,fc4ada15b776,card,failed,timeout,1,311.65
PAY_7734,fc4ada15b776,card,failed,otp_failed,2,311.65
PAY_7735,a285bc5ee8f0,card,success,,1,129.34
PAY_7736,4f9af0cfadbb,card,success,,1,1089.38
PAY_7737,d1cb94fcc971,card,success,,1,116.75
PAY_7738,f5008615eafa,card,failed,timeout,1,31.76
PAY_7739,f5008615eafa,card,failed,timeout,2,31.76
PAY_7740,f5008615eafa,card,failed,otp_failed,3,31.76
PAY_7741,80e105cc7ecc,card,success,,1,76.96
PAY_7742,8d9694bba38f,card,success,,1,41.27
PAY_7743,7944539dc687,card,success,,1,65.58
PAY_7744,75c06178913e,card,success,,1,65.23
PAY_7745,68b1dd020fd0,card,success,,1,56.28
PAY_7746,0f6537d6d326,card,success,,1,29.53
PAY_7747,ad10c95cde03,card,success,,1,321.82
PAY_7748,9eb2d051ca80,card,success,,1,114.33
PAY_7749,ce5a2e5c4fa9,card,success,,1,75.16
PAY_7750,40bee8f61aec,card,success,,1,165.03
PAY_7751,f4ff7b389cb4,card,success,,1,131.22
PAY_7752,4202f8fc0451,card,success,,1,112.23
PAY_7753,695672e58555,card,success,,1,155.71
PAY_7754,2eb339abec6e,card,success,,1,100.2
PAY_7755,cda7d0f7d396,card,success,,1,153.88
PAY_7756,7d7b7d7b3529,card,success,,1,164.43
PAY_7757,3bd910da8937,card,success,,1,102.53
PAY_7758,b6d686e19505,card,success,,1,75.47
PAY_7759,7b1e0155cc3f,card,success,,1,306.22
PAY_7760,cd807d9a7340,card,success,,1,61.42
PAY_7761,00c7eb48e467,card,success,,1,123.11
PAY_7762,418304a91fb0,card,failed,timeout,1,125.35
PAY_7763,418304a91fb0,UPI,failed,bank_decline,2,125.35
PAY_7764,418304a91fb0,UPI,failed,bank_decline,3,125.35
PAY_7765,418304a91fb0,UPI,failed,otp_failed,4,125.35
PAY_7766,b2e437c33452,card,success,,1,55.28
PAY_7767,f521078fe282,card,success,,1,47.17
PAY_7768,948c0f3b52d3,card,success,,1,67.82
PAY_7769,bfaace98f361,card,success,,1,60.72
PAY_7770,ef4a57e4be68,card,success,,1,28.04
PAY_7771,fbda203fc511,card,success,,1,53.45
PAY_7772,1fc02459022c,card,success,,1,111.38
PAY_7773,1b898e4d75ec,card,success,,1,247.83
PAY_7774,48ca78335848,card,success,,1,140.26
PAY_7775,133ce00ae8ce,card,success,,1,11.25
PAY_7776,dd1aa147bf24,card,success,,1,150.36
PAY_7777,33edc706e977,card,success,,1,57.6
PAY_7778,44ecb0733e29,card,success,,1,129.34
PAY_7779,14b909d12125,card,success,,1,89.0
PAY_7780,ba00d9456790,card,success,,1,77.16
PAY_7781,e53fcda43d0f,card,success,,1,88.42
PAY_7782,2ebefa74569d,card,success,,1,263.89
PAY_7783,a5628286765d,card,success,,1,88.61
PAY_7784,223607faa1e6,card,success,,1,214.53
PAY_7785,ba6e3ca1054a,card,success,,1,190.93
PAY_7786,a9144ba98d4c,card,success,,1,21.56
PAY_7787,1d9156aa2477,card,failed,otp_failed,1,219.93
PAY_7788,1d9156aa2477,card,failed,bank_decline,2,219.93
PAY_7789,1d9156aa2477,card,failed,bank_decline,3,219.93
PAY_7790,7a6534342f48,card,success,,1,62.41
PAY_7791,9d0205f04c72,card,success,,1,159.59
PAY_7792,ef0a6e5d9606,card,success,,1,41.35
PAY_7793,9d15ebd9882f,card,success,,1,34.88
PAY_7794,efa23e99b35b,card,success,,1,41.86
PAY_7795,ed09e819b1be,card,success,,1,225.18
PAY_7796,7850fdc6a3c3,card,success,,1,98.96
PAY_7797,c26ece11c05b,card,failed,bank_decline,1,64.32
PAY_7798,c26ece11c05b,card,failed,otp_failed,2,64.32
PAY_7799,c26ece11c05b,card,failed,bank_decline,3,64.32
PAY_7800,c26ece11c05b,card,failed,otp_failed,4,64.32
PAY_7801,72b267ed08d6,card,success,,1,86.85
PAY_7802,e6ec6c7bed12,card,success,,1,31.79
PAY_7803,ea113d48895d,card,success,,1,89.03
PAY_7804,5eaaaa40dbfb,card,success,,1,37.86
PAY_7805,e43b898a57a9,card,success,,1,65.6
PAY_7806,033e55fdb2e7,card,success,,1,188.72
PAY_7807,daa2473ee5ad,card,success,,1,110.32
PAY_7808,5ed7e6110ee4,card,failed,otp_failed,1,27.5
PAY_7809,1791bea04a8b,card,success,,1,177.89
PAY_7810,77c2bd515db9,card,success,,1,89.51
PAY_7811,bbc79f9a4293,card,success,,1,58.34
PAY_7812,5b296fc3ae63,card,success,,1,163.59
PAY_7813,44e11527cc65,card,success,,1,78.75
PAY_7814,444f1c6e04fb,card,success,,1,35.43
PAY_7815,07d255d1c9e4,card,success,,1,394.75
PAY_7816,c110fc47b302,card,success,,1,88.78
PAY_7817,b90c51b6245c,card,success,,1,84.34
PAY_7818,45400353f239,card,success,,1,65.1
PAY_7819,d6d967c6a8c8,card,success,,1,231.36
PAY_7820,d7dc7814e43c,card,failed,bank_decline,1,59.15
PAY_7821,ab5816b6cdfe,card,failed,timeout,1,26.15
PAY_7822,856a64a090f5,card,success,,1,52.3
PAY_7823,a95e8bd29294,card,success,,1,260.19
PAY_7824,5d0ba7d9acaa,card,success,,1,175.16
PAY_7825,c765ac5bb45c,card,success,,1,73.4
PAY_7826,12521d103e30,card,success,,1,270.05
PAY_7827,b31130b93bb2,card,success,,1,163.75
PAY_7828,9745131a40b7,card,failed,otp_failed,1,72.73
PAY_7829,9745131a40b7,card,failed,otp_failed,2,72.73
PAY_7830,9745131a40b7,card,failed,otp_failed,3,72.73
PAY_7831,9745131a40b7,card,failed,bank_decline,4,72.73
PAY_7832,3331a4343c4c,card,success,,1,78.83
PAY_7833,7075e8eba534,card,success,,1,117.15
PAY_7834,293c00212473,card,success,,1,46.27
PAY_7835,c96a7f2a55ca,card,success,,1,90.34
PAY_7836,4e03b68ea799,card,success,,1,23.35
PAY_7837,ae991c7d4d69,card,success,,1,77.37
PAY_7838,3c4dfff46f09,card,success,,1,70.64
PAY_7839,38e20a8a1e0d,card,success,,1,204.89
PAY_7840,93917d0cd149,card,success,,1,20.58
PAY_7841,2b34ce966a9b,card,success,,1,66.34
PAY_7842,7406a42d9e09,card,success,,1,61.23
PAY_7843,580e5117c680,card,success,,1,194.04
PAY_7844,67fc30b3f74f,card,success,,1,86.94
PAY_7845,fe9737b01d65,card,success,,1,378.75
PAY_7846,cd49b355ac81,card,failed,otp_failed,1,152.9
PAY_7847,a487ff3511b8,card,success,,1,64.83
PAY_7848,1cf9525c1278,card,success,,1,109.04
PAY_7849,8c8eac605c8e,card,success,,1,67.81
PAY_7850,eecdc6d8c946,card,success,,1,179.02
PAY_7851,e916ef69c55f,card,success,,1,31.01
PAY_7852,670d134b5cee,card,success,,1,46.57
PAY_7853,3ab9ff672eef,card,success,,1,129.61
PAY_7854,e757e68b9fe7,card,success,,1,239.99
PAY_7855,2939150e9788,card,success,,1,15.46
PAY_7856,4278dc39cd68,card,success,,1,270.31
PAY_7857,96eb2edd6552,card,success,,1,80.47
PAY_7858,221ed717db46,card,success,,1,19.94
PAY_7859,f4a292e3cff7,card,success,,1,8.15
PAY_7860,ef9435ddf289,card,success,,1,26.48
PAY_7861,8956ed4f2204,card,success,,1,88.61
PAY_7862,45efe1cc5aa5,card,success,,1,85.39
PAY_7863,aadfdbbb2fb3,card,success,,1,149.39
PAY_7864,dca5735fd77a,card,success,,1,58.0
PAY_7865,427a894c9c85,card,success,,1,37.1
PAY_7866,5094232f2454,card,success,,1,64.69
PAY_7867,99e83acf8e8d,card,success,,1,108.27
PAY_7868,34c378524cfd,card,success,,1,47.88
PAY_7869,23a05558b5db,card,success,,1,185.15
PAY_7870,3e92a03b7d4b,card,success,,1,54.76
PAY_7871,768c0782a804,card,success,,1,44.89
PAY_7872,6580fded6172,card,success,,1,58.33
PAY_7873,14ba5a3b78bc,card,success,,1,212.7
PAY_7874,a641874d5362,card,success,,1,80.94
PAY_7875,97f1651fa473,card,success,,1,51.64
PAY_7876,978eb70b7038,card,success,,1,188.84
PAY_7877,f328deaf1c5b,card,success,,1,499.8
PAY_7878,ee5dfa0fa00c,card,success,,1,106.46
PAY_7879,42698cfde821,card,success,,1,241.55
PAY_7880,0a1515ca18f6,card,success,,1,206.2
PAY_7881,9890da65f206,card,success,,1,55.45
PAY_7882,eff9a807ce59,card,success,,1,91.96
PAY_7883,01c1c644d321,card,success,,1,32.26
PAY_7884,8ba4a0a77ca7,card,success,,1,76.4
PAY_7885,993a6afc8936,card,success,,1,54.55
PAY_7886,d687cfed1091,card,success,,1,65.22
PAY_7887,61a604ddcfd0,card,success,,1,71.54
PAY_7888,b157d9404b19,card,success,,1,137.8
PAY_7889,1efdbdb8ec4a,card,success,,1,81.81
PAY_7890,152adfe2558b,card,success,,1,20.26
PAY_7891,96a2830ef6d8,card,success,,1,49.56
PAY_7892,03dab28be306,card,success,,1,26.7
PAY_7893,2ec086015926,card,success,,1,109.43
PAY_7894,b1704544b78e,card,success,,1,110.52
PAY_7895,aa0c0805f623,card,success,,1,47.95
PAY_7896,b23301c20c2e,card,success,,1,109.67
PAY_7897,658f8c232d75,card,success,,1,61.8
PAY_7898,62bbda168f74,card,failed,timeout,1,36.21
PAY_7899,04bb789b88f8,card,success,,1,162.97
PAY_7900,9673441fabde,card,success,,1,173.2
PAY_7901,3a55ff956953,card,success,,1,192.31
PAY_7902,58b5d57b09e8,card,success,,1,55.33
PAY_7903,6d914d696e9d,card,success,,1,231.25
PAY_7904,0e02c980a96d,card,success,,1,60.65
PAY_7905,a12871b24ec0,card,success,,1,151.84
PAY_7906,760ca06592d8,card,success,,1,59.82
PAY_7907,236a2466b128,card,success,,1,75.25
PAY_7908,1f75ce4e972e,card,success,,1,12.98
PAY_7909,2dd39d546090,card,success,,1,70.7
PAY_7910,7a11da8ac5ee,card,success,,1,96.82
PAY_7911,50c1df20686d,card,success,,1,366.85
PAY_7912,02c0a0e42d81,card,success,,1,35.52
PAY_7913,6184a12d7485,card,success,,1,43.65
PAY_7914,ef6c3f62f7db,card,success,,1,205.44
PAY_7915,bbd7a8967576,card,success,,1,293.66
PAY_7916,ebae6c4d6f9f,card,success,,1,51.39
PAY_7917,08e9028e83ce,card,success,,1,50.48
PAY_7918,ac7401228361,card,failed,bank_decline,1,35.67
PAY_7919,ac7401228361,card,failed,otp_failed,2,35.67
PAY_7920,ac7401228361,card,failed,timeout,3,35.67
PAY_7921,ac7401228361,card,failed,bank_decline,4,35.67
PAY_7922,e66233a50734,card,success,,1,255.96
PAY_7923,28803ddb8938,card,success,,1,220.7
PAY_7924,2b5ca9608857,card,success,,1,82.7
PAY_7925,e1bc224c5c7f,card,success,,1,29.46
PAY_7926,2b2e97edb5c4,card,success,,1,31.65
PAY_7927,7c3ffd58f88b,card,failed,bank_decline,1,103.18
PAY_7928,7c3ffd58f88b,card,failed,timeout,2,103.18
PAY_7929,7c3ffd58f88b,card,failed,otp_failed,3,103.18
PAY_7930,b33304b78e2f,card,success,,1,139.7
PAY_7931,069ae9038abd,card,success,,1,17.24
PAY_7932,1d6b313f3e58,card,success,,1,69.61
PAY_7933,702b5d0976c8,card,success,,1,328.53
PAY_7934,7b5706e7c2dc,card,failed,bank_decline,1,75.64
PAY_7935,ba8f2ef74e94,card,success,,1,296.4
PAY_7936,e995cf591a92,card,success,,1,151.3
PAY_7937,89ab66c6ed58,card,success,,1,37.81
PAY_7938,6eed902fd6d7,card,failed,bank_decline,1,71.23
PAY_7939,abc0407dfbd1,card,success,,1,81.21
PAY_7940,f83cf4fcecfd,card,success,,1,42.01
PAY_7941,fe5982fce5b3,card,failed,timeout,1,41.43
PAY_7942,ee48f7cf373c,card,success,,1,300.49
PAY_7943,433ce2805056,card,success,,1,41.19
PAY_7944,7300ca3c1379,card,success,,1,213.31
PAY_7945,11f4d7360562,card,success,,1,63.49
PAY_7946,a54293001aa8,card,success,,1,88.19
PAY_7947,579b16dce085,card,success,,1,141.1
PAY_7948,7576aab215ca,card,success,,1,55.77
PAY_7949,c3948c86b277,card,success,,1,141.79
PAY_7950,bfe9e386c0fa,card,success,,1,17.51
PAY_7951,19eed4fc3234,card,success,,1,127.97
PAY_7952,0773ff4e1d8e,card,success,,1,12.49
PAY_7953,c02a21edf5b2,card,success,,1,75.08
PAY_7954,4cfecee9d545,card,success,,1,178.29
PAY_7955,457c3780f32b,card,success,,1,148.09
PAY_7956,6721608eb62e,card,success,,1,31.86
PAY_7957,3f6f22ef3518,card,success,,1,35.31
PAY_7958,b995ebbd3c31,card,success,,1,51.89
PAY_7959,d2d42876721b,card,success,,1,104.48
PAY_7960,5aa7d3fbecf5,card,success,,1,17.72
PAY_7961,f46b49fb7951,card,success,,1,89.07
PAY_7962,724b90dc691a,card,success,,1,115.49
PAY_7963,36bfe3127adf,card,success,,1,71.78
PAY_7964,e4d7882581c4,card,success,,1,137.04
PAY_7965,39c48cb707e5,card,success,,1,107.66
PAY_7966,e10c64d9cbb7,card,success,,1,58.36
PAY_7967,2366003f5d85,card,success,,1,19.13
PAY_7968,1229c50243cf,card,success,,1,100.16
PAY_7969,7965bf23bd37,card,success,,1,41.99
PAY_7970,45f0f39a2083,card,success,,1,56.67
PAY_7971,2bbb2bcc03a7,card,failed,timeout,1,132.07
PAY_7972,3e5a52722d63,card,failed,otp_failed,1,279.74
PAY_7973,9c0d200a4cf8,card,success,,1,87.32
PAY_7974,81edcef3a76f,card,success,,1,140.23
PAY_7975,e8c166a3e875,card,success,,1,28.34
PAY_7976,4911f9b3e77f,card,success,,1,109.55
PAY_7977,2571420ceda2,card,failed,otp_failed,1,85.8
PAY_7978,2571420ceda2,card,failed,otp_failed,2,85.8
PAY_7979,2571420ceda2,card,failed,bank_decline,3,85.8
PAY_7980,2571420ceda2,card,failed,bank_decline,4,85.8
PAY_7981,4d4335fcc2c7,card,success,,1,240.66
PAY_7982,f453733319c8,card,failed,timeout,1,58.42
PAY_7983,f453733319c8,UPI,failed,bank_decline,2,58.42
PAY_7984,f453733319c8,UPI,failed,timeout,3,58.42
PAY_7985,ba71bbdc7646,card,success,,1,74.19
PAY_7986,e41afad92c77,card,success,,1,209.99
PAY_7987,93019644af8f,card,success,,1,83.63
PAY_7988,623b83e3deb8,card,success,,1,37.07
PAY_7989,9f2706cd8827,card,success,,1,693.19
PAY_7990,cdc67cf23583,card,success,,1,37.98
PAY_7991,ef8b8d73c62d,card,success,,1,85.48
PAY_7992,7759f981c4ad,card,success,,1,118.79
PAY_7993,c5a13f0f6fec,card,success,,1,111.51
PAY_7994,7cacc14f9ebe,card,success,,1,77.34
PAY_7995,93419dea61fc,card,success,,1,77.65
PAY_7996,fccd58462fe5,card,success,,1,74.59
PAY_7997,a70de6b00b0e,card,success,,1,502.79
PAY_7998,e3e88accb393,card,success,,1,75.49
PAY_7999,7272c1ac4c0d,card,success,,1,145.12
PAY_8000,bd978cff6d25,card,success,,1,68.87
PAY_8001,6aaef71cd7d6,card,success,,1,67.77
PAY_8002,30121da4e3ff,card,success,,1,62.53
PAY_8003,bf0034e57f66,card,success,,1,26.05
PAY_8004,a63975ada76b,card,success,,1,79.16
PAY_8005,fb800b132dc5,card,success,,1,65.0
PAY_8006,3803eef9403f,card,success,,1,229.8
PAY_8007,466adc074d77,card,success,,1,34.56
PAY_8008,273362a365fb,card,success,,1,56.73
PAY_8009,0595703a2ec7,card,success,,1,285.44
PAY_8010,ff457cc89186,card,success,,1,44.9
PAY_8011,f814a6c6d16a,card,success,,1,141.15
PAY_8012,e33f9bf587ed,card,success,,1,195.61
PAY_8013,9e22ea417531,card,success,,1,80.09
PAY_8014,d59f26692542,card,success,,1,29.92
PAY_8015,357f20e77908,card,success,,1,30.23
PAY_8016,0d4a32bd2275,card,success,,1,179.08
PAY_8017,f813da3a977b,card,success,,1,32.84
PAY_8018,de113c353174,card,success,,1,123.18
PAY_8019,f496420e5daa,card,success,,1,98.64
PAY_8020,7acbfd59ab7d,card,success,,1,121.72
PAY_8021,39242a07ad66,card,success,,1,131.27
PAY_8022,4fa8b2df4b10,card,success,,1,41.25
PAY_8023,c834017c6ba9,card,success,,1,159.48
PAY_8024,3515a39c3d04,card,success,,1,54.41
PAY_8025,03f6f50c4e41,card,success,,1,9.97
PAY_8026,10a571bb800d,card,success,,1,151.26
PAY_8027,978243e7e4bd,card,success,,1,39.29
PAY_8028,5be1674eba99,card,success,,1,130.81
PAY_8029,e6588872560b,card,success,,1,274.31
PAY_8030,d0531b1f9269,card,success,,1,91.23
PAY_8031,6f011daf68ca,card,failed,otp_failed,1,199.66
PAY_8032,6f011daf68ca,card,failed,otp_failed,2,199.66
PAY_8033,8e22886cf1de,card,success,,1,101.8
PAY_8034,27cce6c675ba,card,success,,1,38.49
PAY_8035,a12596aebbab,card,success,,1,89.43
PAY_8036,28919affd96f,card,success,,1,154.24
PAY_8037,e11566620586,card,success,,1,77.3
PAY_8038,be0689318964,card,success,,1,226.28
PAY_8039,42166767970a,card,success,,1,63.71
PAY_8040,895507db96c7,card,success,,1,471.3
PAY_8041,2fac1d4f1012,card,success,,1,491.65
PAY_8042,7fa1c7fcc132,card,success,,1,112.8
PAY_8043,505b37f31f68,card,success,,1,140.06
PAY_8044,f342100a73b9,card,success,,1,233.54
PAY_8045,563dacc45949,card,success,,1,34.82
PAY_8046,103fdfa363ac,card,success,,1,31.51
PAY_8047,4292801e57a9,card,success,,1,245.95
PAY_8048,ea1109926e80,card,success,,1,112.08
PAY_8049,2a8180acb135,card,success,,1,75.1
PAY_8050,89ae1107d7e5,card,success,,1,90.82
PAY_8051,89f1f5c5995b,card,success,,1,13.35
PAY_8052,7c7c94f728fb,card,success,,1,77.29
PAY_8053,4480e08cb4ae,card,success,,1,49.28
PAY_8054,f4b2d013cd64,card,success,,1,187.63
PAY_8055,17a4e558666a,card,success,,1,199.54
PAY_8056,6abea9766fd5,card,success,,1,142.79
PAY_8057,be99b424dc2e,card,success,,1,123.52
PAY_8058,63065740b3df,card,success,,1,27.17
PAY_8059,5d0303c121c9,card,success,,1,144.39
PAY_8060,3fde70ea23e2,card,success,,1,148.94
PAY_8061,4d6e41ba6c7f,card,success,,1,243.75
PAY_8062,f77b4e5d5f91,card,success,,1,490.08
PAY_8063,0e2f164a2f4f,card,failed,bank_decline,1,23.24
PAY_8064,681471a53cd5,card,success,,1,65.97
PAY_8065,61ba85d8fa5e,card,success,,1,49.71
PAY_8066,61f32ec0fa57,card,success,,1,103.34
PAY_8067,d740ce2324ef,card,success,,1,90.99
PAY_8068,14fb7e4f676c,card,success,,1,74.64
PAY_8069,73056c9d794a,card,success,,1,204.81
PAY_8070,3cfbe7fe373f,card,failed,bank_decline,1,37.3
PAY_8071,3cfbe7fe373f,card,failed,timeout,2,37.3
PAY_8072,3cfbe7fe373f,card,failed,bank_decline,3,37.3
PAY_8073,3cfbe7fe373f,card,failed,bank_decline,4,37.3
PAY_8074,cd88a3d30aae,card,success,,1,39.14
PAY_8075,09a0422c9021,card,success,,1,39.67
PAY_8076,f1e42dff1d6e,card,success,,1,67.47
PAY_8077,b64ff0dabdcf,card,success,,1,33.69
PAY_8078,bfc54bfee5b9,card,success,,1,86.59
PAY_8079,7565d94a5c54,card,success,,1,78.85
PAY_8080,1190221ddb8a,card,success,,1,47.98
PAY_8081,7925aa32e1c5,card,success,,1,85.83
PAY_8082,6589afa17b10,card,success,,1,210.63
PAY_8083,cd1f505b05ea,card,success,,1,77.01
PAY_8084,e9fd2ed93d77,card,success,,1,88.29
PAY_8085,21b812ce738c,card,success,,1,57.38
PAY_8086,7ec2afc8000c,card,success,,1,89.51
PAY_8087,224611deca6c,card,success,,1,159.14
PAY_8088,6a9061d44215,card,success,,1,64.78
PAY_8089,25de97dbe40a,card,success,,1,136.28
PAY_8090,5373d0c23abc,card,success,,1,46.98
PAY_8091,53dbce5d5798,card,success,,1,165.21
PAY_8092,21dfb9c0ae50,card,success,,1,56.6
PAY_8093,242bca48af61,card,success,,1,177.92
PAY_8094,17f523b7374a,card,success,,1,94.52
PAY_8095,ccce056f2afd,card,success,,1,303.92
PAY_8096,994968ed31e3,card,success,,1,35.76
PAY_8097,70376b953fa0,card,success,,1,27.63
PAY_8098,ee700a8a66f4,card,success,,1,54.98
PAY_8099,f6a6e7dcfc97,card,success,,1,29.73
PAY_8100,bec2b871a3b8,card,success,,1,29.78
PAY_8101,0e6431431c1e,card,success,,1,148.0
PAY_8102,eb97a575a60f,card,success,,1,61.33
PAY_8103,3e5f62ec2c1c,card,success,,1,66.05
PAY_8104,f0ee6960fb21,card,success,,1,55.82
PAY_8105,066ce848f489,card,success,,1,337.07
PAY_8106,5413610310d3,card,success,,1,49.98
PAY_8107,41b5668a7fe1,card,success,,1,31.26
PAY_8108,ecead1bbe056,card,success,,1,170.18
PAY_8109,6d72bc7f74c5,card,failed,timeout,1,75.75
PAY_8110,b2bcd3921ceb,card,success,,1,459.9
PAY_8111,2e86f287540c,card,success,,1,59.09
PAY_8112,7dc562310f7e,card,success,,1,177.11
PAY_8113,1e4c8163dd05,card,success,,1,213.95
PAY_8114,d22caff1d5ea,card,success,,1,59.32
PAY_8115,fd3b94c70da4,card,success,,1,49.68
PAY_8116,6173567fcd80,card,success,,1,162.89
PAY_8117,a02a23e7c7c6,card,success,,1,142.58
PAY_8118,9e9990e2d379,card,success,,1,29.12
PAY_8119,f4d33839521b,card,success,,1,36.5
PAY_8120,41463747970a,card,success,,1,11.83
PAY_8121,a26519ec55af,card,success,,1,144.94
PAY_8122,56bf58b106f8,card,success,,1,73.01
PAY_8123,d8a0fbb48386,card,success,,1,79.07
PAY_8124,5116d6328855,card,success,,1,23.26
PAY_8125,49033ba674e9,card,success,,1,37.39
PAY_8126,c0966ac236bf,card,success,,1,61.41
PAY_8127,4a870950a79f,card,success,,1,52.57
PAY_8128,77eee8754f24,card,success,,1,98.92
PAY_8129,52e642f66794,card,success,,1,143.56
PAY_8130,a0e6252109c9,card,success,,1,553.18
PAY_8131,ef2632fd1c4f,card,success,,1,88.59
PAY_8132,c7d549bb514e,card,success,,1,219.71
PAY_8133,2a93ba78fc14,card,success,,1,46.34
PAY_8134,71ff1378c889,card,success,,1,23.57
PAY_8135,5c13e9d417e8,card,success,,1,67.91
PAY_8136,4e4272a85483,card,success,,1,25.07
PAY_8137,54e72ee913ae,card,success,,1,91.08
PAY_8138,e037593f20c0,card,success,,1,48.21
PAY_8139,ccee0dd766da,card,success,,1,18.85
PAY_8140,cadb02cea499,card,success,,1,360.98
PAY_8141,9b0d2c1b6645,card,success,,1,58.55
PAY_8142,b63f3bca462c,card,success,,1,24.29
PAY_8143,5389bdd86543,card,success,,1,184.66
PAY_8144,db079246f49b,card,success,,1,50.25
PAY_8145,c09209437eab,card,success,,1,215.32
PAY_8146,aad484335189,card,success,,1,50.06
PAY_8147,ccf604ea7113,card,success,,1,58.4
PAY_8148,9c08f7211ad3,card,success,,1,118.61
PAY_8149,7f99492cc6ec,card,success,,1,166.47
PAY_8150,912f97c187a7,card,success,,1,83.78
PAY_8151,bae9086d8618,card,success,,1,137.4
PAY_8152,89ccf63ba077,card,failed,otp_failed,1,163.45
PAY_8153,89ccf63ba077,card,failed,bank_decline,2,163.45
PAY_8154,89ccf63ba077,card,failed,bank_decline,3,163.45
PAY_8155,75542cd0b047,card,success,,1,105.68
PAY_8156,c280dc7e98e7,card,failed,bank_decline,1,80.31
PAY_8157,c280dc7e98e7,card,failed,bank_decline,2,80.31
PAY_8158,c280dc7e98e7,card,failed,timeout,3,80.31
PAY_8159,c280dc7e98e7,card,failed,otp_failed,4,80.31
PAY_8160,e85a43ce9e1a,card,success,,1,28.33
PAY_8161,dd1ebaa9e1e7,card,success,,1,145.38
PAY_8162,5b55b577c3ac,card,success,,1,93.11
PAY_8163,6ceaf8dc7f12,card,success,,1,64.66
PAY_8164,074f691cb865,card,success,,1,250.19
PAY_8165,a517dd2b2b0e,card,success,,1,28.72
PAY_8166,c4078329e94d,card,success,,1,335.37
PAY_8167,b5453e7b3b2f,card,success,,1,88.43
PAY_8168,f5da07bfba99,card,success,,1,116.05
PAY_8169,2e779e9a5920,card,success,,1,65.63
PAY_8170,2367e98bc937,card,success,,1,23.72
PAY_8171,6bd60fcdd586,card,success,,1,80.5
PAY_8172,748966bddb4d,card,success,,1,117.66
PAY_8173,c2eb63b2473b,card,success,,1,154.62
PAY_8174,69952b75f57e,card,success,,1,76.83
PAY_8175,d2482b8c1c85,card,success,,1,15.58
PAY_8176,c1dad82b9553,card,success,,1,26.22
PAY_8177,ca825d59fe52,card,success,,1,464.8
PAY_8178,15b4bac9d63c,card,success,,1,37.56
PAY_8179,a7baab07fdcd,card,success,,1,281.92
PAY_8180,0a2ab3a14e4a,card,success,,1,42.64
PAY_8181,2799cd5f13ee,card,success,,1,77.79
PAY_8182,f6f0b0fd22de,card,success,,1,148.44
PAY_8183,ba32bd3104b9,card,success,,1,46.7
PAY_8184,cba9c13775f7,card,success,,1,321.75
PAY_8185,2945fa259904,card,success,,1,95.64
PAY_8186,8ed0da776283,card,success,,1,130.15
PAY_8187,48683d9079d1,card,success,,1,72.67
PAY_8188,eda82d265cd2,card,success,,1,152.47
PAY_8189,0af435edacb1,card,success,,1,318.31
PAY_8190,af9ee5413523,card,success,,1,81.04
PAY_8191,917cb5dbd52b,card,success,,1,359.16
PAY_8192,26c76cc78657,card,success,,1,55.19
PAY_8193,35d865694798,card,success,,1,165.88
PAY_8194,c33547f144c4,card,success,,1,133.13
PAY_8195,213e6b04b9df,card,success,,1,38.29
PAY_8196,8723c6855891,card,success,,1,106.81
PAY_8197,0a4e1277d79f,card,success,,1,90.55
PAY_8198,59600aaf51cf,card,success,,1,45.49
PAY_8199,849227afe917,card,success,,1,119.87
PAY_8200,fff5547f3414,card,success,,1,101.19
PAY_8201,2d4505a53296,card,success,,1,84.94
PAY_8202,0188dc2edd39,card,success,,1,85.21
PAY_8203,0f6a9b4236b4,card,failed,bank_decline,1,83.76
PAY_8204,0f6a9b4236b4,card,failed,bank_decline,2,83.76
PAY_8205,87d05bd8945b,card,success,,1,67.08
PAY_8206,fb0ff51b2120,card,success,,1,100.67
PAY_8207,c3b069834f7e,card,success,,1,53.78
PAY_8208,02798909d78c,card,success,,1,754.04
PAY_8209,ce632e55e4a3,card,success,,1,29.15
PAY_8210,7c0c6320fa72,card,success,,1,56.39
PAY_8211,fd03a444c3db,card,success,,1,60.06
PAY_8212,5baab83b2f54,card,success,,1,460.54
PAY_8213,c872354ff878,card,success,,1,31.31
PAY_8214,4fb23faf2df1,card,success,,1,126.56
PAY_8215,82a97f8407f6,card,success,,1,109.81
PAY_8216,12dc116b650f,card,success,,1,117.55
PAY_8217,d27eaff770d3,card,failed,timeout,1,242.03
PAY_8218,d27eaff770d3,netbanking,failed,timeout,2,242.03
PAY_8219,d27eaff770d3,netbanking,failed,otp_failed,3,242.03
PAY_8220,8f82c9479b98,card,success,,1,238.09
PAY_8221,2e7a81cadb7e,card,success,,1,62.75
PAY_8222,6a097c4991fc,card,success,,1,105.13
PAY_8223,17d3e3949f8d,card,success,,1,20.26
PAY_8224,f72011707908,card,success,,1,97.44
PAY_8225,3de10ce560e5,card,success,,1,47.69
PAY_8226,69705b6c4e02,card,failed,otp_failed,1,77.55
PAY_8227,69705b6c4e02,card,failed,otp_failed,2,77.55
PAY_8228,374eb13a1ae0,card,success,,1,23.38
PAY_8229,07116eade089,card,success,,1,124.45
PAY_8230,66d0c0ad9a06,card,success,,1,23.17
PAY_8231,685298822bf5,card,success,,1,101.35
PAY_8232,a838f4682065,card,success,,1,33.74
PAY_8233,d7bc15f2ab4c,card,success,,1,45.62
PAY_8234,5d72cd057b63,card,success,,1,226.74
PAY_8235,d33c71232a44,card,success,,1,144.08
PAY_8236,24f2e656fa25,card,success,,1,225.74
PAY_8237,b14a4e74024a,card,success,,1,313.49
PAY_8238,8821e0b69ba8,card,success,,1,48.51
PAY_8239,93391b93b9c6,card,success,,1,298.62
PAY_8240,9f902876d9f3,card,success,,1,27.87
PAY_8241,c653488f5518,card,success,,1,163.51
PAY_8242,77f2b3214f4b,card,success,,1,60.66
PAY_8243,b6a221da9995,card,success,,1,42.77
PAY_8244,bd4273bfedb9,card,success,,1,147.17
PAY_8245,c6570b5895b0,card,success,,1,191.71
PAY_8246,bff505d153c8,card,success,,1,187.21
PAY_8247,25e65d746975,card,success,,1,106.9
PAY_8248,f75d4908ff6c,card,success,,1,100.04
PAY_8249,bba50055324c,card,success,,1,137.21
PAY_8250,c555ab1f2f2b,card,success,,1,114.78
PAY_8251,1c22a9bdbe29,card,success,,1,138.81
PAY_8252,b2b239c0ebb8,card,success,,1,105.97
PAY_8253,b51b133c50bb,card,success,,1,176.66
PAY_8254,1bd24131d0f5,card,success,,1,24.49
PAY_8255,2fc96c36368e,card,success,,1,81.04
PAY_8256,41641ff209b3,card,success,,1,29.75
PAY_8257,6807abfc5a73,card,success,,1,112.32
PAY_8258,e145133bca5d,card,success,,1,334.8
PAY_8259,534fc80bb682,card,success,,1,61.6
PAY_8260,6184005a1c3e,card,success,,1,99.66
PAY_8261,808ce73a3711,card,success,,1,164.88
PAY_8262,62c72bffde46,card,success,,1,17.22
PAY_8263,db917c73a33b,card,success,,1,59.28
PAY_8264,d8e34f9437f9,card,success,,1,120.5
PAY_8265,832d1be7e9d4,card,success,,1,8.87
PAY_8266,95483e75f052,card,success,,1,41.2
PAY_8267,bbf7aecbd2db,card,success,,1,217.17
PAY_8268,35132a195448,card,success,,1,200.82
PAY_8269,6bd9cc1f8d62,card,success,,1,121.44
PAY_8270,367c04e4041d,card,success,,1,182.32
PAY_8271,feeee3321d75,card,success,,1,106.92
PAY_8272,3c7bcf4a9680,card,success,,1,140.37
PAY_8273,7e5e6e411bd4,card,success,,1,69.93
PAY_8274,8dfe004f7095,card,success,,1,98.76
PAY_8275,cee38f448fac,card,success,,1,54.28
PAY_8276,1bdb79b8299f,card,success,,1,247.35
PAY_8277,e5c718db512d,card,success,,1,304.07
PAY_8278,ebf51eb03285,card,success,,1,271.49
PAY_8279,15a165fcaf50,card,success,,1,64.94
PAY_8280,df18dadf2da6,card,success,,1,41.97
PAY_8281,9b95bf08a348,card,success,,1,250.03
PAY_8282,20e089a6844a,card,success,,1,139.09
PAY_8283,2963b0c8ad77,card,success,,1,117.08
PAY_8284,56ee13f86c5d,card,success,,1,54.22
PAY_8285,673e3c051cf9,card,success,,1,126.54
PAY_8286,cdefd7f4345a,card,success,,1,37.78
PAY_8287,f661812440ab,card,success,,1,149.49
PAY_8288,0e69edfecd2e,card,success,,1,271.27
PAY_8289,f6eea0818176,card,success,,1,331.9
PAY_8290,74d519fdaba7,card,success,,1,158.67
PAY_8291,8fb21925854c,card,success,,1,29.8
PAY_8292,a907e34d5c86,card,success,,1,105.41
PAY_8293,d95054bb390c,card,success,,1,498.57
PAY_8294,9b4b5498e6b0,card,success,,1,44.93
PAY_8295,27600c47ab3d,card,success,,1,85.85
PAY_8296,2969acdd4fff,card,success,,1,278.89
PAY_8297,bb962e26f267,card,success,,1,147.48
PAY_8298,b3d644f338d2,card,success,,1,654.67
PAY_8299,882e0bbd2eb8,card,success,,1,50.08
PAY_8300,0f54df50a7e5,card,success,,1,40.78
PAY_8301,7cdf8f11e951,card,success,,1,239.68
PAY_8302,b864bbcc7ec4,card,success,,1,34.58
PAY_8303,278e0a34eb50,card,success,,1,76.91
PAY_8304,b98f06dfc0bf,card,success,,1,85.41
PAY_8305,f837dd2a859e,card,success,,1,206.19
PAY_8306,b65c29362657,card,success,,1,147.14
PAY_8307,b413e50c7d0c,card,success,,1,129.76
PAY_8308,a74955280c0a,card,success,,1,65.24
PAY_8309,b5309ca9051b,card,success,,1,237.94
PAY_8310,608fa005fcea,card,success,,1,2254.45
PAY_8311,a084076be47a,card,success,,1,156.5
PAY_8312,90d256e123a4,card,success,,1,97.49
PAY_8313,014d37224a09,card,success,,1,31.87
PAY_8314,1fffe56f4dd9,card,success,,1,75.87
PAY_8315,fa6acf71b33f,card,success,,1,58.69
PAY_8316,dab822ec4bb8,card,success,,1,88.87
PAY_8317,45b78dc1df19,card,success,,1,373.31
PAY_8318,6bba31c329b4,card,success,,1,244.14
PAY_8319,4610779282a3,card,success,,1,79.28
PAY_8320,ed2324b92497,card,success,,1,34.24
PAY_8321,6c7c20c4a6be,card,success,,1,262.41
PAY_8322,e281fe19ad52,card,success,,1,86.55
PAY_8323,1922c67d7cab,card,success,,1,22.62
PAY_8324,2294d6f602d5,card,success,,1,159.17
PAY_8325,ad431e55a8ac,card,success,,1,204.5
PAY_8326,dda58c17ce42,card,success,,1,12.93
PAY_8327,d7b3628b2a62,card,success,,1,46.54
PAY_8328,24558429ec09,card,success,,1,82.4
PAY_8329,f422c7d30c88,card,success,,1,162.0
PAY_8330,e9d2243e2d54,card,success,,1,59.58
PAY_8331,96d12fcc1deb,card,success,,1,46.26
PAY_8332,38fbf0319ef9,card,success,,1,161.05
PAY_8333,949694601784,card,success,,1,61.89
PAY_8334,db8d4e6078b8,card,success,,1,138.88
PAY_8335,152a972ca16e,card,success,,1,37.0
PAY_8336,7c8e13b6d008,card,success,,1,30.51
PAY_8337,61d380e2b6a3,card,success,,1,164.71
PAY_8338,2783fe077c3c,card,success,,1,110.17
PAY_8339,99ebddbf5f6a,card,success,,1,188.29
PAY_8340,f8e0055c2676,card,success,,1,58.79
PAY_8341,5e99d5934929,card,failed,bank_decline,1,47.65
PAY_8342,5e99d5934929,card,failed,bank_decline,2,47.65
PAY_8343,5e99d5934929,card,failed,otp_failed,3,47.65
PAY_8344,5e99d5934929,card,failed,bank_decline,4,47.65
PAY_8345,17fa8149c901,card,success,,1,267.35
PAY_8346,4a94ea51c1fa,card,success,,1,26.62
PAY_8347,27bd1493ea39,card,success,,1,244.98
PAY_8348,8cef54e64f68,card,success,,1,258.89
PAY_8349,54e200c8c64e,card,success,,1,179.12
PAY_8350,5e64e9ba4072,card,success,,1,51.92
PAY_8351,3d4812a263cb,card,success,,1,46.84
PAY_8352,3852cc09588c,card,success,,1,76.09
PAY_8353,4aa2b2e6f518,card,success,,1,31.94
PAY_8354,b7f2eb13af3e,card,success,,1,41.71
PAY_8355,d73e0fe37093,card,success,,1,150.77
PAY_8356,5fb33ede287a,card,success,,1,151.33
PAY_8357,c66f06f70071,card,success,,1,38.87
PAY_8358,07d93e8e8ecc,card,success,,1,154.61
PAY_8359,03e9e5d3412f,card,success,,1,129.47
PAY_8360,96a3124a4e2f,card,success,,1,301.24
PAY_8361,8103f69314d7,card,success,,1,141.93
PAY_8362,177045baf01c,card,success,,1,209.95
PAY_8363,9ca4976fd1cb,card,success,,1,197.15
PAY_8364,105332014081,card,success,,1,32.15
PAY_8365,cce48d874a29,card,success,,1,81.66
PAY_8366,15fde85580b9,card,success,,1,87.25
PAY_8367,80fcb68bac01,card,success,,1,74.07
PAY_8368,0ba998086bcd,card,success,,1,149.53
PAY_8369,d854a485a970,card,success,,1,123.2
PAY_8370,ce3fe43470f3,card,success,,1,78.14
PAY_8371,2aa9f44bb726,card,success,,1,49.97
PAY_8372,6d814b07a5b8,card,success,,1,216.53
PAY_8373,ceffddcde09f,card,success,,1,119.08
PAY_8374,b098c892a26f,card,success,,1,39.85
PAY_8375,b6efb079623c,card,success,,1,77.1
PAY_8376,b2f3aa12ca6b,card,success,,1,22.32
PAY_8377,9197c26ece73,card,failed,otp_failed,1,92.6
PAY_8378,9197c26ece73,UPI,failed,timeout,2,92.6
PAY_8379,9197c26ece73,UPI,failed,otp_failed,3,92.6
PAY_8380,a1222229527b,card,success,,1,76.81
PAY_8381,a38b6bd5fd09,card,success,,1,56.85
PAY_8382,346bdae285f9,card,success,,1,319.79
PAY_8383,b32d3d490f8f,card,success,,1,35.7
PAY_8384,66888ef03d8f,card,success,,1,158.4
PAY_8385,a173f77bcdc9,card,success,,1,517.68
PAY_8386,d70147375452,card,success,,1,213.11
PAY_8387,64a306e84824,card,success,,1,87.77
PAY_8388,fa2e782e6988,card,success,,1,36.33
PAY_8389,98222adab99d,card,success,,1,30.28
PAY_8390,4de478f20414,card,success,,1,64.76
PAY_8391,e5ff0ff6e86a,card,success,,1,51.96
PAY_8392,a6a8e88c6fe9,card,success,,1,50.62
PAY_8393,6e0553790c3b,card,success,,1,69.33
PAY_8394,8b245142df97,card,success,,1,82.95
PAY_8395,87f9e061b3a6,card,success,,1,132.71
PAY_8396,02cecddd0174,card,success,,1,33.44
PAY_8397,ade5a16c869e,card,success,,1,52.15
PAY_8398,a8a84790685b,card,success,,1,79.22
PAY_8399,72e2b09f7b81,card,success,,1,76.99
PAY_8400,d3fc0d1245b1,card,success,,1,391.17
PAY_8401,3f9048260484,card,success,,1,108.4
PAY_8402,e989ba2f4eed,card,success,,1,24.76
PAY_8403,a4bcf7fe6f78,card,success,,1,125.78
PAY_8404,c5b61e1fe45e,card,success,,1,139.29
PAY_8405,1f4dcf0f8a80,card,success,,1,81.44
PAY_8406,fde4ad46fd30,card,failed,bank_decline,1,34.1
PAY_8407,fde4ad46fd30,netbanking,failed,timeout,2,34.1
PAY_8408,fde4ad46fd30,netbanking,failed,bank_decline,3,34.1
PAY_8409,fde4ad46fd30,netbanking,failed,otp_failed,4,34.1
PAY_8410,f935f29d5558,card,success,,1,367.4
PAY_8411,2f468240e848,card,success,,1,152.72
PAY_8412,d95eb3e799e7,card,success,,1,105.64
PAY_8413,771c42e30dee,card,success,,1,145.57
PAY_8414,0ef6cbe43848,card,failed,otp_failed,1,352.65
PAY_8415,7d8e112b0652,card,success,,1,57.57
PAY_8416,ac77348f1d49,card,success,,1,218.07
PAY_8417,581379858461,card,failed,timeout,1,54.33
PAY_8418,581379858461,card,failed,bank_decline,2,54.33
PAY_8419,581379858461,card,failed,otp_failed,3,54.33
PAY_8420,581379858461,card,failed,otp_failed,4,54.33
PAY_8421,e13c3884af1a,card,success,,1,102.6
PAY_8422,fff4160e99a8,card,success,,1,31.99
PAY_8423,83dd522a1edf,card,success,,1,39.38
PAY_8424,e83c49a1030b,card,success,,1,93.79
PAY_8425,bbd5eb5d0f55,card,success,,1,120.84
PAY_8426,1e0a61f1c23d,card,success,,1,23.06
PAY_8427,ffe7525f5703,card,success,,1,46.73
PAY_8428,2f46ca52fe91,card,success,,1,250.57
PAY_8429,a6a2cdaf572a,card,success,,1,67.93
PAY_8430,3561e06c7294,card,success,,1,36.64
PAY_8431,c1ba7b3a2bdc,card,success,,1,95.65
PAY_8432,3170439e4202,card,success,,1,43.25
PAY_8433,f2920ccc9163,card,success,,1,248.43
PAY_8434,a60c1456d4db,card,success,,1,79.73
PAY_8435,cbe73cde4cf8,card,success,,1,144.52
PAY_8436,5a8820a236a0,card,success,,1,40.29
PAY_8437,5b60a1644d85,card,success,,1,32.09
PAY_8438,220e34345c8d,card,success,,1,124.8
PAY_8439,21486359a85c,card,success,,1,37.35
PAY_8440,12d3191dcab7,card,success,,1,37.34
PAY_8441,0f58da499c63,card,success,,1,175.81
PAY_8442,5560c124a14a,card,success,,1,137.01
PAY_8443,50b540193feb,card,success,,1,33.01
PAY_8444,b4d3702d6a4c,card,success,,1,54.85
PAY_8445,499cb457cbbe,card,success,,1,43.69
PAY_8446,40f447c9f978,card,success,,1,372.8
PAY_8447,07d4b9d9f26c,card,success,,1,185.83
PAY_8448,0c060bf95e7d,card,success,,1,64.28
PAY_8449,4c55e114e032,card,success,,1,142.73
PAY_8450,28d59ab84137,card,failed,timeout,1,30.42
PAY_8451,596d15e7da29,card,success,,1,52.56
PAY_8452,cc5b07af354e,card,success,,1,97.89
PAY_8453,428368462fd7,card,success,,1,129.25
PAY_8454,632476d68708,card,failed,bank_decline,1,83.27
PAY_8455,c97109a0645e,card,success,,1,109.77
PAY_8456,3c6b85f0eefc,card,success,,1,95.84
PAY_8457,83bafd56e1ad,card,success,,1,78.98
PAY_8458,9e5047dffbd8,card,success,,1,71.03
PAY_8459,b4ea569b8080,card,success,,1,64.01
PAY_8460,02aac4fb805f,card,success,,1,108.37
PAY_8461,c09e79c90fc1,card,success,,1,105.5
PAY_8462,e251a3e8750c,card,success,,1,35.06
PAY_8463,b0137cdbbfd5,card,success,,1,40.48
PAY_8464,8af4a7bd7213,card,success,,1,123.85
PAY_8465,c971483c42f3,card,success,,1,292.17
PAY_8466,7c65fb1b7628,card,success,,1,64.76
PAY_8467,7656b5695f06,card,success,,1,107.71
PAY_8468,1844fbc7ce89,card,success,,1,36.25
PAY_8469,be2ba28cbe58,card,success,,1,256.51
PAY_8470,b0225a9a840a,card,success,,1,104.51
PAY_8471,b3091b31db9e,card,success,,1,52.69
PAY_8472,012ea0c5432d,card,failed,timeout,1,78.77
PAY_8473,ffffab549382,card,success,,1,59.05
PAY_8474,ac13a52d0e9e,card,success,,1,257.07
PAY_8475,d821e0b64417,card,success,,1,76.57
PAY_8476,3c00d33d4a6b,card,success,,1,101.93
PAY_8477,25ecc5b25a7b,card,success,,1,142.45
PAY_8478,02dcc66d102a,card,success,,1,105.11
PAY_8479,a861ffd18753,card,success,,1,112.12
PAY_8480,372f24c1b824,card,success,,1,25.96
PAY_8481,a38397008163,card,success,,1,86.78
PAY_8482,b767161b84e5,card,failed,bank_decline,1,99.88
PAY_8483,fe2061f9f708,card,success,,1,92.62
PAY_8484,b478f07d3193,card,success,,1,110.76
PAY_8485,fab79b45839b,card,success,,1,262.4
PAY_8486,6778db5039af,card,success,,1,35.04
PAY_8487,ccfe41558f8d,card,success,,1,68.46
PAY_8488,68d10980657e,card,success,,1,153.44
PAY_8489,dce4dbba02bc,card,success,,1,132.26
PAY_8490,addf1f41b829,card,success,,1,130.0
PAY_8491,4a70dbb7f0af,card,failed,timeout,1,814.73
PAY_8492,d7b705468845,card,success,,1,147.13
PAY_8493,b5934867726a,card,success,,1,222.46
PAY_8494,a6f15f49df9f,card,success,,1,70.41
PAY_8495,8e7f7d9b55c0,card,success,,1,40.68
PAY_8496,0970ff92ab26,card,success,,1,70.0
PAY_8497,2513954f14cc,card,success,,1,159.11
PAY_8498,2739fa1890fb,card,success,,1,124.64
PAY_8499,2bfcd4d87994,card,success,,1,124.29
PAY_8500,11a14e058dd1,card,success,,1,75.83
PAY_8501,23715c948c83,card,success,,1,77.95
PAY_8502,f7515be7c279,card,success,,1,160.71
PAY_8503,b9d5a3292714,card,success,,1,176.37
PAY_8504,99b53d399f61,card,success,,1,40.25
PAY_8505,71aab148c6a1,card,success,,1,165.65
PAY_8506,3035f39b1c7a,card,success,,1,130.99
PAY_8507,bc6634a505e2,card,success,,1,77.2
PAY_8508,86585ae9d874,card,success,,1,315.02
PAY_8509,595feb0e337a,card,success,,1,64.43
PAY_8510,b75bc3d27bdc,card,success,,1,103.84
PAY_8511,e848d0b32239,card,success,,1,146.24
PAY_8512,00656a802480,card,success,,1,44.74
PAY_8513,b6f045319934,card,success,,1,84.92
PAY_8514,ac9030ddfe7d,card,success,,1,72.73
PAY_8515,9fb6440adeba,card,success,,1,59.68
PAY_8516,8596461ffd5d,card,success,,1,63.32
PAY_8517,b89eaeb1b3b2,card,success,,1,219.12
PAY_8518,cdffee52bf90,card,success,,1,55.77
PAY_8519,9da19607e884,card,success,,1,141.62
PAY_8520,739e87456ecc,card,success,,1,115.78
PAY_8521,fe484fd158e9,card,success,,1,29.44
PAY_8522,154c4b274428,card,success,,1,136.37
PAY_8523,e3ce75cacfb7,card,success,,1,29.05
PAY_8524,103714b3a9d3,card,success,,1,148.78
PAY_8525,858fd0398013,card,success,,1,59.99
PAY_8526,4783fd30d340,card,success,,1,90.62
PAY_8527,b4e84e2efbf3,card,success,,1,31.96
PAY_8528,5253c1d8776e,card,success,,1,99.28
PAY_8529,062c67d9d386,card,success,,1,188.96
PAY_8530,7fa7e250e62f,card,success,,1,47.2
PAY_8531,7e66f36cdbe0,card,success,,1,55.38
PAY_8532,e4871dbdafb1,card,success,,1,129.5
PAY_8533,060b4654b6a4,card,success,,1,132.12
PAY_8534,02fcc2b095a8,card,success,,1,12.84
PAY_8535,b463c3d2512a,card,success,,1,451.39
PAY_8536,afe4a59795fa,card,success,,1,137.39
PAY_8537,fbb2bbafd7e2,card,success,,1,157.2
PAY_8538,b885b461a743,card,success,,1,80.25
PAY_8539,42ac65a1e614,card,success,,1,20.4
PAY_8540,1819ba0c2d62,card,success,,1,154.44
PAY_8541,0c45e3205ae4,card,success,,1,57.27
PAY_8542,76a6bca95f14,card,success,,1,139.09
PAY_8543,d4ebd9c1129d,card,success,,1,75.56
PAY_8544,9343b8b65d65,card,success,,1,108.9
PAY_8545,0c34377bf0d2,card,failed,otp_failed,1,48.42
PAY_8546,0c34377bf0d2,card,failed,bank_decline,2,48.42
PAY_8547,0c34377bf0d2,card,failed,timeout,3,48.42
PAY_8548,4ea2fb1eabb4,card,success,,1,179.74
PAY_8549,461f9fa2b51b,card,failed,timeout,1,34.79
PAY_8550,461f9fa2b51b,card,failed,otp_failed,2,34.79
PAY_8551,5522e7610e3d,card,success,,1,542.65
PAY_8552,cfae51e12b4f,card,success,,1,539.35
PAY_8553,10462da24ee6,card,success,,1,332.34
PAY_8554,cda0f5d6f290,card,success,,1,249.73
PAY_8555,3f43c4553a54,card,failed,bank_decline,1,228.89
PAY_8556,58de9325b6b0,card,success,,1,83.35
PAY_8557,3e162991312a,card,success,,1,25.98
PAY_8558,e965292bbfd7,card,success,,1,299.63
PAY_8559,733e8a150e33,card,success,,1,222.08
PAY_8560,e1388555d4f1,card,success,,1,87.79
PAY_8561,2f7ac91470c1,card,success,,1,33.78
PAY_8562,d2bcd02e104d,card,success,,1,56.32
PAY_8563,fb52cd1a0c70,card,success,,1,20.97
PAY_8564,cf19ee888fcd,card,success,,1,191.73
PAY_8565,25d6c56b92c8,card,success,,1,24.96
PAY_8566,a7e7ac91c680,card,success,,1,113.23
PAY_8567,985e7c0a660e,card,success,,1,45.83
PAY_8568,59a83a000975,card,success,,1,28.75
PAY_8569,e323aae8be98,card,success,,1,108.93
PAY_8570,d3aa975af64c,card,success,,1,68.92
PAY_8571,9ca8c37c0bfe,card,success,,1,176.01
PAY_8572,f59bfb64a96c,card,success,,1,32.65
PAY_8573,f245cc55b78b,card,success,,1,13.33
PAY_8574,0d965ab930a9,card,success,,1,15.68
PAY_8575,58496f173766,card,success,,1,379.39
PAY_8576,d5b825bcaa6c,card,success,,1,476.7
PAY_8577,8e942234c450,card,success,,1,96.95
PAY_8578,f9416fe5b78c,card,success,,1,46.57
PAY_8579,6f9e13c1a858,card,success,,1,70.9
PAY_8580,448979b31b11,card,success,,1,59.65
PAY_8581,5082f350742a,card,success,,1,108.86
PAY_8582,6f71307bddcd,card,success,,1,89.1
PAY_8583,14c115573dd4,card,success,,1,57.11
PAY_8584,4c8994b22ace,card,success,,1,113.82
PAY_8585,fba5ed942bf3,card,success,,1,41.2
PAY_8586,79a2cac2b82c,card,success,,1,61.73
PAY_8587,eec456479c81,card,success,,1,99.67
PAY_8588,4c904a1e4b4c,card,success,,1,272.37
PAY_8589,b5ce4e3ad0a6,card,success,,1,78.68
PAY_8590,4c1216354f9c,card,success,,1,187.89
PAY_8591,7f59d9d7e05c,card,success,,1,21.46
PAY_8592,b7761329d7ee,card,success,,1,61.79
PAY_8593,b11b57439263,card,success,,1,92.03
PAY_8594,02dfbd599e3d,card,failed,bank_decline,1,419.33
PAY_8595,0f829d9198be,card,success,,1,18.77
PAY_8596,832afc436590,card,success,,1,288.69
PAY_8597,a50498f2a5ff,card,success,,1,48.04
PAY_8598,1e62abf20483,card,failed,otp_failed,1,75.92
PAY_8599,1e62abf20483,card,failed,bank_decline,2,75.92
PAY_8600,1e62abf20483,card,failed,timeout,3,75.92
PAY_8601,8250e39cb0b3,card,success,,1,104.33
PAY_8602,f46067e0d7aa,card,success,,1,315.01
PAY_8603,af4753d8222e,card,success,,1,128.87
PAY_8604,2b3e10e3ad3f,card,success,,1,260.4
PAY_8605,0030e1053e88,card,success,,1,67.49
PAY_8606,093e1b9ce4bf,card,success,,1,75.15
PAY_8607,a23707e05a64,card,success,,1,35.61
PAY_8608,87289472ccd0,card,success,,1,132.53
PAY_8609,cb678bba593f,card,success,,1,66.11
PAY_8610,55e0eb5bf240,card,success,,1,52.59
PAY_8611,9dbc7b931bb1,card,success,,1,134.15
PAY_8612,adb0f17373f1,card,success,,1,36.05
PAY_8613,20988b823244,card,success,,1,166.73
PAY_8614,3ecd7e8f4967,card,success,,1,61.4
PAY_8615,a049cd5808e6,card,success,,1,227.53
PAY_8616,174aaa1f759b,card,success,,1,65.75
PAY_8617,8a3e9574362f,card,success,,1,149.24
PAY_8618,0ba7f9edc8d6,card,success,,1,103.92
PAY_8619,d49c25586e8e,card,success,,1,163.22
PAY_8620,38730a188b37,card,success,,1,98.29
PAY_8621,83ef57ccfff8,card,success,,1,23.79
PAY_8622,37d5d81f32a9,card,success,,1,201.75
PAY_8623,d10c7eb15c59,card,success,,1,83.92
PAY_8624,690cbafec6fb,card,success,,1,169.29
PAY_8625,c63254903883,card,success,,1,156.37
PAY_8626,1ba5ecf96f54,card,success,,1,48.49
PAY_8627,78a66d42fa3c,card,success,,1,43.3
PAY_8628,1d1cc43043fe,card,success,,1,152.06
PAY_8629,0c0c5c04f481,card,success,,1,70.63
PAY_8630,c1ab5485574b,card,success,,1,190.4
PAY_8631,94f15a85f2d1,card,success,,1,78.06
PAY_8632,31a507e6bbb8,card,success,,1,204.12
PAY_8633,c4250e965dc7,card,failed,timeout,1,126.3
PAY_8634,c4250e965dc7,card,failed,timeout,2,126.3
PAY_8635,c4250e965dc7,card,failed,bank_decline,3,126.3
PAY_8636,c4250e965dc7,card,failed,otp_failed,4,126.3
PAY_8637,5eec8530669e,card,success,,1,113.34
PAY_8638,26e415cc4d41,card,success,,1,66.74
PAY_8639,080913fd8bb8,card,success,,1,108.41
PAY_8640,54e40b2406d8,card,success,,1,233.76
PAY_8641,61c13af8d73b,card,success,,1,86.2
PAY_8642,09b4f614a5b9,card,success,,1,137.68
PAY_8643,bd32abcb8900,card,success,,1,93.42
PAY_8644,f78949a37ab9,card,success,,1,99.45
PAY_8645,e243f669a3ea,card,success,,1,357.35
PAY_8646,212310c59700,card,success,,1,235.42
PAY_8647,5a0cc2de0b4d,card,success,,1,95.92
PAY_8648,f3e07905945e,card,success,,1,106.86
PAY_8649,f027f88f7dcc,card,success,,1,51.34
PAY_8650,e659a85f02d1,card,success,,1,78.38
PAY_8651,f80411d15d42,card,success,,1,115.3
PAY_8652,5448d7191e42,card,success,,1,163.92
PAY_8653,f6dda8d115b4,card,success,,1,37.06
PAY_8654,6266e008b232,card,success,,1,196.68
PAY_8655,2ca143690ef8,card,success,,1,83.85
PAY_8656,39e6ade89134,card,success,,1,40.87
PAY_8657,14380f7e502d,card,success,,1,262.2
PAY_8658,56bdad4780c9,card,success,,1,111.16
PAY_8659,4fc4bbcedb21,card,success,,1,158.7
PAY_8660,8a28c47a82c2,card,success,,1,166.33
PAY_8661,c2e4f3fa6580,card,success,,1,274.96
PAY_8662,16a4c6736c5a,card,success,,1,161.17
PAY_8663,53458f3fc36a,card,success,,1,31.12
PAY_8664,4e408bbe6c27,card,success,,1,449.37
PAY_8665,547025085d10,card,success,,1,59.88
PAY_8666,5526614ecddc,card,failed,otp_failed,1,39.5
PAY_8667,5526614ecddc,card,failed,timeout,2,39.5
PAY_8668,5526614ecddc,card,failed,timeout,3,39.5
PAY_8669,f76869243cf3,card,success,,1,134.81
PAY_8670,e66e16bc9a7e,card,failed,timeout,1,72.05
PAY_8671,e66e16bc9a7e,card,failed,bank_decline,2,72.05
PAY_8672,e66e16bc9a7e,card,failed,timeout,3,72.05
PAY_8673,e66e16bc9a7e,card,failed,otp_failed,4,72.05
PAY_8674,6f86d4c8ccfc,card,success,,1,117.21
PAY_8675,46f5aa0ec4e4,card,failed,bank_decline,1,163.16
PAY_8676,46f5aa0ec4e4,netbanking,failed,bank_decline,2,163.16
PAY_8677,46f5aa0ec4e4,netbanking,failed,otp_failed,3,163.16
PAY_8678,e213c4ed875b,card,success,,1,57.22
PAY_8679,23768b98e79f,card,success,,1,36.86
PAY_8680,6cae3899e8cf,card,success,,1,122.57
PAY_8681,3e1f287f6e33,card,success,,1,58.75
PAY_8682,8528442fe7f6,card,success,,1,101.18
PAY_8683,94c40e022e64,card,success,,1,30.73
PAY_8684,ef976ca0afa6,card,success,,1,73.57
PAY_8685,ff78f5cec5ce,card,success,,1,159.49
PAY_8686,a9e8e440077d,card,success,,1,146.17
PAY_8687,c2519e61eb8e,card,success,,1,47.91
PAY_8688,6713fa8f07d2,card,success,,1,35.35
PAY_8689,ec9c643df7ed,card,success,,1,91.16
PAY_8690,97731279d865,card,failed,timeout,1,141.01
PAY_8691,89a0b812316b,card,success,,1,124.48
PAY_8692,4757ab8faf7c,card,success,,1,59.76
PAY_8693,72b51cab672a,card,success,,1,114.24
PAY_8694,76fbe23e3303,card,success,,1,299.43
PAY_8695,860b076e8efa,card,success,,1,106.07
PAY_8696,8c8e466171a0,card,success,,1,24.37
PAY_8697,eac768cce4ba,card,success,,1,105.91
PAY_8698,7fab58c6422c,card,success,,1,461.82
PAY_8699,0ff08d53f208,card,success,,1,32.14
PAY_8700,337aa262f8d0,card,success,,1,92.18
PAY_8701,3c61d4f55de6,card,success,,1,75.11
PAY_8702,e89caaa3e74a,card,success,,1,97.19
PAY_8703,71025cc94832,card,success,,1,105.15
PAY_8704,c1d76be4372f,card,success,,1,224.07
PAY_8705,7a64fc054cc8,card,failed,otp_failed,1,96.33
PAY_8706,7a64fc054cc8,card,failed,timeout,2,96.33
PAY_8707,7a64fc054cc8,card,failed,bank_decline,3,96.33
PAY_8708,7a64fc054cc8,card,failed,otp_failed,4,96.33
PAY_8709,214a4d3a6b00,card,success,,1,250.09
PAY_8710,405961c2fc56,card,success,,1,81.93
PAY_8711,0de0432e34ef,card,success,,1,68.03
PAY_8712,13a553bb5764,card,success,,1,52.7
PAY_8713,a0a74b836dab,card,success,,1,21.04
PAY_8714,5830ce407e01,card,success,,1,112.24
PAY_8715,a56d1271f8b0,card,success,,1,129.88
PAY_8716,7ce78d0d5bf3,card,success,,1,155.93
PAY_8717,17925c85873a,card,success,,1,64.69
PAY_8718,e09304c5e67b,card,success,,1,74.03
PAY_8719,9446d5671fb3,card,success,,1,197.89
PAY_8720,cc777a11d567,card,success,,1,448.97
PAY_8721,b2188b7a1087,card,success,,1,296.0
PAY_8722,d475fd29fd93,card,success,,1,171.43
PAY_8723,9524e2326fff,card,success,,1,92.58
PAY_8724,42467aefbb86,card,success,,1,106.46
PAY_8725,2d0b93c9df90,card,success,,1,49.26
PAY_8726,4415702e0467,card,success,,1,28.26
PAY_8727,4d6c1e0a82ab,card,success,,1,36.55
PAY_8728,cd380f6358bf,card,success,,1,71.27
PAY_8729,cfda04cea81f,card,success,,1,27.78
PAY_8730,ff7a6c302c34,card,success,,1,87.37
PAY_8731,018483caf99a,card,success,,1,69.77
PAY_8732,03335ef42587,card,success,,1,35.22
PAY_8733,87474e9cba5c,card,success,,1,66.94
PAY_8734,2ee7d553ec37,card,failed,bank_decline,1,69.63
PAY_8735,2ee7d553ec37,card,failed,bank_decline,2,69.63
PAY_8736,8725403699a6,card,success,,1,54.96
PAY_8737,818900930117,card,success,,1,188.92
PAY_8738,577a521c8d05,card,success,,1,19.64
PAY_8739,f032e4ec3925,card,success,,1,18.38
PAY_8740,298ed3f10b87,card,success,,1,90.25
PAY_8741,a747cb972737,card,success,,1,97.21
PAY_8742,cecd7ada9287,card,failed,bank_decline,1,124.38
PAY_8743,cecd7ada9287,card,failed,otp_failed,2,124.38
PAY_8744,cecd7ada9287,card,failed,otp_failed,3,124.38
PAY_8745,a9682db46c1d,card,success,,1,58.49
PAY_8746,1fccae167667,card,success,,1,43.19
PAY_8747,17014bd066f3,card,success,,1,89.49
PAY_8748,6e95b44b5501,card,success,,1,63.23
PAY_8749,734663cd295e,card,success,,1,311.33
PAY_8750,899df7d7e7ea,card,success,,1,69.45
PAY_8751,7c7a8bdd59e8,card,failed,otp_failed,1,86.27
PAY_8752,7c7a8bdd59e8,card,failed,otp_failed,2,86.27
PAY_8753,7c7a8bdd59e8,card,failed,bank_decline,3,86.27
PAY_8754,7c7a8bdd59e8,card,failed,bank_decline,4,86.27
PAY_8755,d50a2abdc5fd,card,success,,1,652.19
PAY_8756,205b41a868f5,card,success,,1,77.03
PAY_8757,7d02eabf0848,card,success,,1,140.46
PAY_8758,b373288a3ca1,card,success,,1,150.96
PAY_8759,d3c73d25060f,card,success,,1,161.6
PAY_8760,845f3edd2e54,card,success,,1,113.48
PAY_8761,50faf8b3ff08,card,success,,1,105.12
PAY_8762,f71dd314086b,card,success,,1,97.54
PAY_8763,40adf75d5ea1,card,success,,1,56.78
PAY_8764,1d4703fd5a5f,card,success,,1,116.79
PAY_8765,c90aff26d360,card,success,,1,456.19
PAY_8766,4111913e8634,card,success,,1,237.12
PAY_8767,ad578b219825,card,success,,1,114.79
PAY_8768,a17bb186b2c0,card,success,,1,178.51
PAY_8769,7a6290630aef,card,success,,1,44.91
PAY_8770,bbaa33b0fcbb,card,success,,1,73.08
PAY_8771,51df9fd94e5a,card,success,,1,192.15
PAY_8772,1baafa952a57,card,success,,1,295.81
PAY_8773,617f6fbd1944,card,success,,1,48.58
PAY_8774,c17ca72e11da,card,success,,1,61.14
PAY_8775,42bf70d7f298,card,success,,1,515.48
PAY_8776,6834f244db8e,card,success,,1,97.22
PAY_8777,38159c0b1911,card,success,,1,387.1
PAY_8778,a20e47c46724,card,failed,timeout,1,106.22
PAY_8779,a20e47c46724,UPI,failed,otp_failed,2,106.22
PAY_8780,a20e47c46724,UPI,failed,timeout,3,106.22
PAY_8781,a20e47c46724,UPI,failed,timeout,4,106.22
PAY_8782,2c0be5b01f83,card,success,,1,109.61
PAY_8783,4edc01114c53,card,success,,1,266.73
PAY_8784,d4f9fbe1f81d,card,success,,1,39.33
PAY_8785,c433fef55e12,card,success,,1,67.9
PAY_8786,20cf5d3d80a4,card,success,,1,187.18
PAY_8787,3341bd832603,card,failed,bank_decline,1,81.16
PAY_8788,3341bd832603,card,failed,bank_decline,2,81.16
PAY_8789,3341bd832603,card,failed,timeout,3,81.16
PAY_8790,317bced2c2ca,card,success,,1,60.66
PAY_8791,ea10be5b720d,card,success,,1,201.87
PAY_8792,921ca5bf2d41,card,success,,1,217.62
PAY_8793,add174dede9b,card,success,,1,62.82
PAY_8794,0f16a86260b7,card,success,,1,106.69
PAY_8795,aa8b7647c74d,card,success,,1,34.23
PAY_8796,fbfd3656bda8,card,success,,1,43.97
PAY_8797,2d11e22b51b9,card,success,,1,99.42
PAY_8798,0700c866c0a0,card,success,,1,92.31
PAY_8799,94d58deb60dd,card,success,,1,41.53
PAY_8800,f852375a281d,card,success,,1,50.77
PAY_8801,fe6afb3c7ded,card,success,,1,38.4
PAY_8802,e804471f57b9,card,success,,1,129.55
PAY_8803,8c7157558026,card,success,,1,18.65
PAY_8804,002db13c7d85,card,success,,1,40.07
PAY_8805,1fde7098860e,card,success,,1,21.28
PAY_8806,b5530b8ba391,card,success,,1,92.33
PAY_8807,f42049a6b033,card,success,,1,334.16
PAY_8808,de8d28171b3a,card,success,,1,343.35
PAY_8809,475adb5d9677,card,success,,1,21.23
PAY_8810,7d19aea75f5a,card,success,,1,114.29
PAY_8811,2fb1e8b62547,card,success,,1,40.81
PAY_8812,093d5abc4620,card,success,,1,34.66
PAY_8813,c61dec252876,card,success,,1,82.21
PAY_8814,87144c9b8e22,card,success,,1,240.48
PAY_8815,4f9e5df01c49,card,success,,1,50.8
PAY_8816,74285973be2e,card,success,,1,158.23
PAY_8817,19a5fa883d92,card,success,,1,14.95
PAY_8818,95277f874acc,card,success,,1,49.29
PAY_8819,e9ceea1acd5b,card,success,,1,46.57
PAY_8820,8531425d5835,card,success,,1,95.84
PAY_8821,39523fc65ba0,card,success,,1,76.53
PAY_8822,fd5d04d80f5b,card,success,,1,80.38
PAY_8823,2dee070821db,card,success,,1,78.27
PAY_8824,cda1efe413c9,card,success,,1,91.65
PAY_8825,212e3d9537b3,card,success,,1,138.67
PAY_8826,22a39b56994e,card,failed,otp_failed,1,101.44
PAY_8827,22a39b56994e,card,failed,timeout,2,101.44
PAY_8828,fb9434aa1d46,card,success,,1,71.7
PAY_8829,c64513593679,card,success,,1,124.14
PAY_8830,949cedd37024,card,success,,1,174.32
PAY_8831,b281ec7ddec1,card,success,,1,57.7
PAY_8832,27726d8dd01a,card,failed,timeout,1,228.04
PAY_8833,24a48859f6f6,card,success,,1,37.26
PAY_8834,a378e65e2a4b,card,success,,1,381.37
PAY_8835,84b23cba9242,card,success,,1,30.84
PAY_8836,50b02b1af6cf,card,success,,1,68.29
PAY_8837,5c61e354b380,card,success,,1,42.09
PAY_8838,163822c0ad04,card,success,,1,518.19
PAY_8839,eaedc82a6395,card,success,,1,60.18
PAY_8840,b5baff2bd06f,card,failed,bank_decline,1,60.3
PAY_8841,d72fbaf2b981,card,success,,1,66.91
PAY_8842,3a3eda961af9,card,success,,1,97.17
PAY_8843,a07bd8f61642,card,success,,1,69.22
PAY_8844,6cd613931aa3,card,success,,1,80.94
PAY_8845,813d66b44818,card,success,,1,5.35
PAY_8846,95bc901df77b,card,success,,1,94.23
PAY_8847,cc836557723c,card,success,,1,91.31
PAY_8848,2aacd7c90b5f,card,success,,1,206.61
PAY_8849,0fa2514408bd,card,success,,1,77.47
PAY_8850,7d8e2563950a,card,success,,1,172.95
PAY_8851,f445ecaa537d,card,success,,1,37.29
PAY_8852,e972fe53e28b,card,success,,1,166.31
PAY_8853,8f9e0658b781,card,success,,1,56.94
PAY_8854,f76b2da1f61e,card,success,,1,34.89
PAY_8855,04b213aac596,card,success,,1,77.6
PAY_8856,e98feb7b1663,card,success,,1,275.99
PAY_8857,dd8df823522c,card,success,,1,104.04
PAY_8858,c2635289ca5e,card,success,,1,298.03
PAY_8859,d42b7db174b0,card,success,,1,49.45
PAY_8860,f4899a1e875a,card,success,,1,208.15
PAY_8861,0b86f0938efe,card,success,,1,53.42
PAY_8862,3d103bbc2301,card,success,,1,107.8
PAY_8863,6cf55a36ac0c,card,success,,1,107.06
PAY_8864,69f3a6c2b717,card,success,,1,152.81
PAY_8865,a4a2599fc949,card,success,,1,110.01
PAY_8866,2f78b659ac98,card,success,,1,49.83
PAY_8867,8a806609407b,card,success,,1,182.04
PAY_8868,659edadbad01,card,success,,1,359.72
PAY_8869,515dc77b7cac,card,success,,1,56.43
PAY_8870,54f1c427a06d,card,success,,1,20.73
PAY_8871,269415563fa2,card,success,,1,134.22
PAY_8872,3a7dfd59e8d2,card,success,,1,62.48
PAY_8873,f09d6c3938ce,card,success,,1,72.6
PAY_8874,1ec692de7a4d,card,success,,1,83.09
PAY_8875,d1c90d7393a7,card,success,,1,291.72
PAY_8876,e690f74951e9,card,success,,1,92.21
PAY_8877,33a68f0de78e,card,success,,1,33.5
PAY_8878,8c3cc256c15d,card,success,,1,34.58
PAY_8879,b4bd9ddda631,card,success,,1,100.62
PAY_8880,fc2d8829c6b1,card,success,,1,36.47
PAY_8881,fed5e77f3eab,card,success,,1,149.67
PAY_8882,709fdd70bc2d,card,success,,1,155.65
PAY_8883,131e2e45cd5b,card,success,,1,67.05
PAY_8884,39e88b8d1420,card,success,,1,113.86
PAY_8885,e852745d5ebd,card,success,,1,104.64
PAY_8886,77abcbee58f0,card,success,,1,145.76
PAY_8887,a1c07fad7744,card,success,,1,146.03
PAY_8888,01bec66d552e,card,failed,bank_decline,1,11.19
PAY_8889,01bec66d552e,card,failed,otp_failed,2,11.19
PAY_8890,febe8546ed1a,card,success,,1,74.26
PAY_8891,eb85f2df7a3b,card,success,,1,136.23
PAY_8892,b970fc865dff,card,success,,1,64.82
PAY_8893,c61d5634999c,card,success,,1,92.66
PAY_8894,48452b4ebd6c,card,success,,1,164.11
PAY_8895,22bba86eaf92,card,success,,1,96.04
PAY_8896,f8d22cd8b5e3,card,success,,1,300.77
PAY_8897,dde02e7f93ae,card,success,,1,221.76
PAY_8898,73b4ff4ef334,card,success,,1,81.87
PAY_8899,b418534aa704,card,success,,1,76.83
PAY_8900,77a454da4058,card,failed,bank_decline,1,9.2
PAY_8901,77a454da4058,card,failed,otp_failed,2,9.2
PAY_8902,00d344728223,card,success,,1,69.32
PAY_8903,c385d95edec7,card,success,,1,30.49
PAY_8904,11d56b50b2c9,card,success,,1,107.45
PAY_8905,c0575a01b3bd,card,success,,1,101.73
PAY_8906,38e612790b81,card,success,,1,157.07
PAY_8907,dbc0214ba93e,card,success,,1,275.16
PAY_8908,5e36bf3664f0,card,success,,1,88.15
PAY_8909,ff29aeeb8b04,card,success,,1,108.41
PAY_8910,a6d48102ac3a,card,success,,1,31.56
PAY_8911,f877e7a2be10,card,success,,1,57.42
PAY_8912,97ff2c371eb6,card,success,,1,66.81
PAY_8913,9079c59f235e,card,success,,1,144.56
PAY_8914,d176ea1c8149,card,success,,1,42.19
PAY_8915,c6517deb01c8,card,success,,1,70.92
PAY_8916,b66a93cb5e13,card,success,,1,79.14
PAY_8917,60da4312c5c9,card,success,,1,62.9
PAY_8918,a4f08280bc48,card,success,,1,172.28
PAY_8919,47a3cd6080cd,card,success,,1,228.89
PAY_8920,58a6af3bc5e9,card,success,,1,69.07
PAY_8921,a6fb8bcbdcb8,card,success,,1,235.57
PAY_8922,5e3844c9c788,card,success,,1,30.23
PAY_8923,190976917d88,card,success,,1,29.64
PAY_8924,57fa0481b11a,card,success,,1,34.09
PAY_8925,77840c30b9b5,card,success,,1,90.68
PAY_8926,02efc1d51f27,card,success,,1,235.55
PAY_8927,c462a0f5197e,card,success,,1,55.61
PAY_8928,26b17d2f4053,card,success,,1,61.48
PAY_8929,41e417a52748,card,success,,1,75.73
PAY_8930,7dec4148bacb,card,success,,1,142.35
PAY_8931,9b7d86beaeae,card,success,,1,61.43
PAY_8932,5c57ae39696b,card,success,,1,30.68
PAY_8933,64962171ba53,card,success,,1,56.98
PAY_8934,2961de40bab9,card,success,,1,230.9
PAY_8935,bf8d14acdf9a,card,success,,1,96.81
PAY_8936,530c5d87a789,card,success,,1,49.81
PAY_8937,d934bb955223,card,success,,1,241.99
PAY_8938,75a34a19ce5b,card,success,,1,56.36
PAY_8939,30962ae6c860,card,success,,1,280.33
PAY_8940,fc41a32b95bc,card,success,,1,276.69
PAY_8941,2a18d238f3f0,card,success,,1,94.14
PAY_8942,ed4f27f74b80,card,success,,1,27.14
PAY_8943,338cfc216585,card,success,,1,562.06
PAY_8944,58888c93a55d,card,success,,1,122.71
PAY_8945,92d92417e21c,card,success,,1,69.47
PAY_8946,a6a28077df4b,card,success,,1,193.43
PAY_8947,c6bc12644382,card,success,,1,157.88
PAY_8948,6ce958d966e5,card,success,,1,256.92
PAY_8949,1124d11798de,card,success,,1,52.99
PAY_8950,4eb1cb50b294,card,success,,1,116.14
PAY_8951,9f235ea4b458,card,success,,1,34.86
PAY_8952,fb85752d80e4,card,success,,1,153.4
PAY_8953,d96c53a76c56,card,success,,1,112.71
PAY_8954,5d022278ae8d,card,success,,1,80.07
PAY_8955,3a38dfc8310e,card,success,,1,73.64
PAY_8956,45e34d924eab,card,success,,1,44.94
PAY_8957,aa9e3f855e0b,card,success,,1,169.41
PAY_8958,60448bef8576,card,success,,1,296.42
PAY_8959,27645c08732f,card,success,,1,57.67
PAY_8960,d7fb679e8ab6,card,success,,1,140.17
PAY_8961,bc15a1ad2887,card,success,,1,127.2
PAY_8962,e91ac11837f5,card,success,,1,90.6
PAY_8963,90aea6f05f90,card,success,,1,26.54
PAY_8964,bdd580eacebb,card,failed,bank_decline,1,31.78
PAY_8965,bdd580eacebb,card,failed,timeout,2,31.78
PAY_8966,92d775f9d9d9,card,success,,1,48.19
PAY_8967,a6f82e9f8a62,card,success,,1,16.26
PAY_8968,5b5854d435c7,card,success,,1,277.67
PAY_8969,c81d8c4f2de0,card,success,,1,120.8
PAY_8970,ee85aab10b75,card,failed,otp_failed,1,87.89
PAY_8971,ee85aab10b75,card,failed,bank_decline,2,87.89
PAY_8972,ee85aab10b75,card,failed,otp_failed,3,87.89
PAY_8973,ee85aab10b75,card,failed,bank_decline,4,87.89
PAY_8974,af82e34d12f0,card,success,,1,15.61
PAY_8975,d1a9151c875a,card,success,,1,20.92
PAY_8976,45e348cce59e,card,failed,otp_failed,1,89.85
PAY_8977,45e348cce59e,netbanking,failed,otp_failed,2,89.85
PAY_8978,11de6bed03f7,card,success,,1,435.46
PAY_8979,ef9984069f38,card,success,,1,51.47
PAY_8980,25bf6f7d948e,card,success,,1,179.66
PAY_8981,0e66632d0e01,card,success,,1,61.32
PAY_8982,f00adf7e5bee,card,success,,1,94.08
PAY_8983,42561eec6968,card,success,,1,237.88
PAY_8984,fe4c9ab71cc8,card,success,,1,68.25
PAY_8985,7f8557a45338,card,success,,1,51.83
PAY_8986,693e0aaf32c4,card,success,,1,279.91
PAY_8987,3e265520d8e7,card,success,,1,93.36
PAY_8988,7e627b3bbcef,card,success,,1,215.5
PAY_8989,52fb0e73c837,card,success,,1,52.03
PAY_8990,47ec6ca05846,card,success,,1,277.37
PAY_8991,63aa7f1b521c,card,success,,1,112.05
PAY_8992,a41702041f68,card,success,,1,127.46
PAY_8993,13b512621bfe,card,success,,1,100.01
PAY_8994,028ed958cc00,card,success,,1,89.9
PAY_8995,0131942a7c84,card,success,,1,63.18
PAY_8996,4548bc3e1924,card,success,,1,193.96
PAY_8997,82e854c6e543,card,success,,1,76.52
PAY_8998,a38e85c89563,card,success,,1,27.19
PAY_8999,08a4f5fb1b41,card,success,,1,23.49
PAY_9000,d5cc281f1590,card,success,,1,22.62
PAY_9001,7b8218f63cb6,card,success,,1,147.58
PAY_9002,d05881f78f63,card,success,,1,35.83
PAY_9003,5494009f4f48,card,success,,1,114.44
PAY_9004,72117782bd8e,card,success,,1,100.41
PAY_9005,bd68658f0d68,card,success,,1,85.48
PAY_9006,e1cee4ff8910,card,success,,1,127.83
PAY_9007,8e148b1c1803,card,success,,1,102.17
PAY_9008,7bc3b155d710,card,success,,1,10.3
PAY_9009,9265999aba8c,card,success,,1,69.48
PAY_9010,e103b77fbc2e,card,success,,1,126.48
PAY_9011,ad5433702b06,card,success,,1,334.36
PAY_9012,6cebd4a49e24,card,failed,otp_failed,1,346.94
PAY_9013,6cebd4a49e24,card,failed,otp_failed,2,346.94
PAY_9014,6cebd4a49e24,card,failed,timeout,3,346.94
PAY_9015,236668de8914,card,success,,1,30.25
PAY_9016,4db9e0242ab3,card,success,,1,68.05
PAY_9017,d0836a34d4c1,card,success,,1,25.72
PAY_9018,cc5c1d1fdc9c,card,success,,1,303.66
PAY_9019,b23f6e6c867e,card,success,,1,202.41
PAY_9020,e9a850288614,card,success,,1,119.16
PAY_9021,f28d1a406c74,card,success,,1,102.81
PAY_9022,a835894b6da9,card,success,,1,271.65
PAY_9023,303279c33c4c,card,success,,1,237.24
PAY_9024,ff97e6935221,card,success,,1,227.34
PAY_9025,f41a015bd47a,card,success,,1,129.72
PAY_9026,be77932c4272,card,success,,1,68.08
PAY_9027,d3bf100a495b,card,success,,1,172.92
PAY_9028,b72eb473605a,card,success,,1,77.28
PAY_9029,5a81732eeacf,card,success,,1,67.97
PAY_9030,50ff426e74c0,card,success,,1,222.88
PAY_9031,3d7f9ed6e1ac,card,success,,1,340.8
PAY_9032,849fee986dd7,card,success,,1,49.43
PAY_9033,6b2d8ec70500,card,success,,1,72.92
PAY_9034,6d4066ca1e83,card,success,,1,119.19
PAY_9035,b3ae891ca168,card,failed,otp_failed,1,132.86
PAY_9036,2587d00cd6e8,card,success,,1,59.27
PAY_9037,d45fa81a5fa3,card,success,,1,406.19
PAY_9038,04a743009c7f,card,success,,1,126.18
PAY_9039,3ba4ec2a320a,card,success,,1,137.7
PAY_9040,d17ac65fc786,card,success,,1,367.64
PAY_9041,79b1e9ca6cfa,card,success,,1,62.85
PAY_9042,e7f7c042b9ad,card,success,,1,83.87
PAY_9043,5ca9862e4874,card,success,,1,33.03
PAY_9044,8dd2da2b3530,card,success,,1,78.42
PAY_9045,fa307b6e4cb4,card,success,,1,27.35
PAY_9046,3e5f955a0679,card,success,,1,163.74
PAY_9047,705647fa2fcf,card,success,,1,125.96
PAY_9048,44e7c4d242dd,card,success,,1,72.12
PAY_9049,33238bd24961,card,success,,1,83.07
PAY_9050,bc258abcd80a,card,success,,1,165.53
PAY_9051,51ffb7e7960f,card,success,,1,36.28
PAY_9052,fdecc4c801a9,card,success,,1,105.99
PAY_9053,835260127e7b,card,success,,1,157.53
PAY_9054,ddcb4bb2e7de,card,success,,1,21.63
PAY_9055,1a87e829d122,card,success,,1,155.7
PAY_9056,6bf3a8c302ab,card,success,,1,23.59
PAY_9057,b259531b1c1b,card,failed,timeout,1,81.93
PAY_9058,b259531b1c1b,UPI,failed,otp_failed,2,81.93
PAY_9059,b259531b1c1b,UPI,failed,timeout,3,81.93
PAY_9060,1f342ad25630,card,success,,1,35.49
PAY_9061,79eff7eae4ca,card,success,,1,282.87
PAY_9062,41d41a2bbc8d,card,success,,1,35.67
PAY_9063,cefd970f70ed,card,success,,1,24.04
PAY_9064,87b87d14a50a,card,success,,1,100.15
PAY_9065,009489a7354b,card,failed,timeout,1,64.65
PAY_9066,009489a7354b,card,failed,bank_decline,2,64.65
PAY_9067,009489a7354b,card,failed,timeout,3,64.65
PAY_9068,2402ffd57c42,card,success,,1,27.01
PAY_9069,3f5edb946f7c,card,success,,1,137.09
PAY_9070,1b971ce5ced1,card,failed,otp_failed,1,18.3
PAY_9071,1b971ce5ced1,card,failed,otp_failed,2,18.3
PAY_9072,1b971ce5ced1,card,failed,timeout,3,18.3
PAY_9073,ee0775ff684c,card,success,,1,39.29
PAY_9074,42ea9dff3938,card,success,,1,56.82
PAY_9075,d28967d4e9a0,card,success,,1,171.02
PAY_9076,9fb67f348051,card,success,,1,217.51
PAY_9077,4a5e0d6c4673,card,success,,1,79.63
PAY_9078,d326dea49420,card,success,,1,12.91
PAY_9079,56c2dc70382a,card,success,,1,123.06
PAY_9080,d652a4136843,card,success,,1,291.91
PAY_9081,e78906e29e5c,card,success,,1,241.54
PAY_9082,a64fb037b975,card,success,,1,130.37
PAY_9083,47d481ea44e0,card,success,,1,34.76
PAY_9084,f95824c0ed75,card,success,,1,59.13
PAY_9085,caceeef1f88e,card,success,,1,422.86
PAY_9086,631af9736778,card,success,,1,28.98
PAY_9087,fa56bb557245,card,success,,1,35.94
PAY_9088,b1064cf14265,card,success,,1,191.34
PAY_9089,50849166603c,card,success,,1,63.76
PAY_9090,fcb792805978,card,success,,1,34.97
PAY_9091,76a36004d3e2,card,success,,1,305.63
PAY_9092,6f3c8857a162,card,success,,1,130.17
PAY_9093,e4abf1dc71df,card,success,,1,66.32
PAY_9094,fc5c4210e697,card,success,,1,36.0
PAY_9095,b752d09bfa89,card,success,,1,463.09
PAY_9096,2edfb7e1943b,card,success,,1,275.3
PAY_9097,8bff87d2bd99,card,success,,1,183.99
PAY_9098,cbba87cb5cce,card,success,,1,59.34
PAY_9099,2f23d0bd1791,card,success,,1,59.72
PAY_9100,e54b5735faa2,card,success,,1,286.3
PAY_9101,471ee5032399,card,success,,1,290.04
PAY_9102,526893caa4b5,card,success,,1,20.05
PAY_9103,bfec626e7ee4,card,success,,1,139.75
PAY_9104,c31a5995ac2e,card,success,,1,81.7
PAY_9105,711e81465005,card,success,,1,39.38
PAY_9106,12614e93136d,card,success,,1,110.99
PAY_9107,a8191873fe81,card,success,,1,30.58
PAY_9108,ec501773ee56,card,success,,1,61.98
PAY_9109,393be6064f22,card,success,,1,47.52
PAY_9110,f09d7d93b3de,card,success,,1,60.35
PAY_9111,af356f5c83ef,card,success,,1,85.01
PAY_9112,09a3cd3bf99a,card,success,,1,133.57
PAY_9113,0830110bd251,card,success,,1,378.29
PAY_9114,fd5b9159a5bd,card,success,,1,79.2
PAY_9115,6ad539bf0b94,card,success,,1,58.03
PAY_9116,292c505177a6,card,success,,1,367.5
PAY_9117,f1c154a69631,card,success,,1,56.69
PAY_9118,5621fae2d76a,card,success,,1,78.05
PAY_9119,0da926d1d3c8,card,success,,1,160.14
PAY_9120,dc0d3958a9b7,card,success,,1,33.44
PAY_9121,d805bddb42af,card,failed,otp_failed,1,143.55
PAY_9122,d805bddb42af,card,failed,timeout,2,143.55
PAY_9123,d805bddb42af,card,failed,timeout,3,143.55
PAY_9124,d805bddb42af,card,failed,bank_decline,4,143.55
PAY_9125,5bfa696a0cea,card,success,,1,248.5
PAY_9126,c31dfece4f80,card,success,,1,183.47
PAY_9127,4dd1ba6869f8,card,failed,bank_decline,1,254.67
PAY_9128,4dd1ba6869f8,UPI,failed,bank_decline,2,254.67
PAY_9129,4dd1ba6869f8,UPI,failed,timeout,3,254.67
PAY_9130,6e4b7c7329c8,card,success,,1,82.41
PAY_9131,8e42c20a1341,card,success,,1,486.87
PAY_9132,4382d66bda32,card,success,,1,26.54
PAY_9133,08385326e745,card,success,,1,28.75
PAY_9134,65c7ce657edd,card,failed,timeout,1,141.47
PAY_9135,65c7ce657edd,UPI,failed,otp_failed,2,141.47
PAY_9136,5d97bee5aaa0,card,success,,1,330.3
PAY_9137,5e0a153ae2b2,card,success,,1,104.76
PAY_9138,9250c423ce0e,card,success,,1,200.23
PAY_9139,88215cb3bf9a,card,success,,1,18.24
PAY_9140,01f444dc80bc,card,success,,1,60.36
PAY_9141,b1afc6d2ade1,card,success,,1,20.1
PAY_9142,db80d61b89ab,card,success,,1,168.06
PAY_9143,f0e2e92828d2,card,success,,1,26.11
PAY_9144,36be0127d6ff,card,success,,1,32.39
PAY_9145,c513e1df47f7,card,success,,1,135.81
PAY_9146,b272db97bc61,card,success,,1,210.49
PAY_9147,4f5ea847264f,card,success,,1,79.27
PAY_9148,4ae7be55e6af,card,success,,1,142.04
PAY_9149,a68acf4285aa,card,success,,1,138.41
PAY_9150,be8326ac1cff,card,success,,1,75.77
PAY_9151,7a023322ad29,card,success,,1,37.5
PAY_9152,fc8dc47f897c,card,success,,1,141.45
PAY_9153,933f5f6f0125,card,success,,1,147.01
PAY_9154,2470b2b94c2c,card,success,,1,184.05
PAY_9155,99ae954d3ef2,card,success,,1,115.54
PAY_9156,1d99249f5a62,card,success,,1,35.35
PAY_9157,d382b16b6c4f,card,success,,1,156.38
PAY_9158,3125d7eb8924,card,success,,1,89.92
PAY_9159,686e4a000036,card,success,,1,61.18
PAY_9160,6b8d1761ae27,card,success,,1,71.11
PAY_9161,eb8aad0e23b5,card,success,,1,51.82
PAY_9162,0bdf181badc1,card,success,,1,183.29
PAY_9163,ca05f0757042,card,success,,1,28.95
PAY_9164,1ea0ef0c5b5b,card,success,,1,40.66
PAY_9165,2ca3b7f29230,card,success,,1,69.2
PAY_9166,4da811039f5e,card,success,,1,327.34
PAY_9167,7c91888b901d,card,success,,1,209.23
PAY_9168,f6d46513a372,card,success,,1,24.22
PAY_9169,4fd2eddc1484,card,success,,1,265.36
PAY_9170,b3d4b7b3d959,card,success,,1,264.95
PAY_9171,f154a319f8d2,card,success,,1,35.19
PAY_9172,2e50a4d3277b,card,success,,1,11.98
PAY_9173,6cfe9e9aad59,card,success,,1,84.96
PAY_9174,1d562d3ef90b,card,success,,1,220.95
PAY_9175,dc3d5c834823,card,success,,1,44.85
PAY_9176,01d0db8a18c3,card,success,,1,365.62
PAY_9177,1ecae844a46e,card,success,,1,15.14
PAY_9178,0776bbf9cc16,card,success,,1,67.06
PAY_9179,04c7c219a31a,card,success,,1,226.3
PAY_9180,cf98134b6a98,card,success,,1,254.33
PAY_9181,7c0d760447d5,card,success,,1,193.13
PAY_9182,a53687e32770,card,success,,1,179.49
PAY_9183,dfb2a9151c48,card,success,,1,135.26
PAY_9184,6b86f519ae46,card,success,,1,23.64
PAY_9185,332e16e96c93,card,success,,1,17.23
PAY_9186,3feae512e8c0,card,success,,1,206.52
PAY_9187,b7aabf831789,card,success,,1,77.94
PAY_9188,52a9ba8a16f7,card,success,,1,32.2
PAY_9189,6dc9348d058f,card,success,,1,76.21
PAY_9190,18195db5f574,card,success,,1,120.45
PAY_9191,06e3b8d86eb7,card,success,,1,84.24
PAY_9192,6dd5b8902041,card,success,,1,26.01
PAY_9193,14dcb982787c,card,success,,1,406.85
PAY_9194,72355691ed67,card,success,,1,201.01
PAY_9195,96f45f429928,card,success,,1,68.83
PAY_9196,273cf28ebc94,card,success,,1,71.09
PAY_9197,a7b0d190b1ea,card,success,,1,120.01
PAY_9198,0387d450b5d4,card,success,,1,116.53
PAY_9199,34916790a5ab,card,success,,1,31.04
PAY_9200,4f86616e8696,card,success,,1,85.08
PAY_9201,4cbb785d60d9,card,success,,1,35.34
PAY_9202,056b32fcd3c5,card,success,,1,36.8
PAY_9203,14a720003f8d,card,success,,1,335.82
PAY_9204,d34602e63380,card,success,,1,94.38
PAY_9205,bf72d2336a1f,card,success,,1,106.26
PAY_9206,6dba8f8f5b0d,card,success,,1,18.01
PAY_9207,4c6660919eef,card,success,,1,55.83
PAY_9208,2b17052f929f,card,success,,1,130.19
PAY_9209,5fab5ec4f86f,card,success,,1,105.14
PAY_9210,defdcd87a197,card,success,,1,16.07
PAY_9211,52f2ed582b4c,card,success,,1,106.24
PAY_9212,e86bf9d4db98,card,success,,1,120.69
PAY_9213,6c0d5244594d,card,success,,1,251.39
PAY_9214,7810ad4e27ad,card,success,,1,53.29
PAY_9215,b979a2ea988c,card,success,,1,14.97
PAY_9216,8cb541226b63,card,success,,1,40.55
PAY_9217,12862f7ba8d9,card,success,,1,37.43
PAY_9218,acfa7189dbd1,card,success,,1,162.29
PAY_9219,64ce0bc59970,card,success,,1,10.24
PAY_9220,95b999a0beec,card,success,,1,62.89
PAY_9221,c001e0a429dd,card,success,,1,281.64
PAY_9222,5d7ebf6e61b3,card,success,,1,90.54
PAY_9223,d24b5c568496,card,success,,1,184.39
PAY_9224,bf1d41f4c238,card,success,,1,24.21
PAY_9225,79f79f2b9313,card,success,,1,24.99
PAY_9226,f3ac5496fac8,card,success,,1,284.23
PAY_9227,24a1ccb94f57,card,success,,1,97.61
PAY_9228,d89c06fdc890,card,success,,1,97.77
PAY_9229,0e8a062144a2,card,success,,1,36.8
PAY_9230,91106ca0f996,card,success,,1,97.58
PAY_9231,bea86c932246,card,failed,timeout,1,35.99
PAY_9232,14b3d26f419a,card,success,,1,232.64
PAY_9233,7fbc07008d74,card,failed,bank_decline,1,798.12
PAY_9234,7fbc07008d74,UPI,failed,otp_failed,2,798.12
PAY_9235,7fbc07008d74,UPI,failed,otp_failed,3,798.12
PAY_9236,7fbc07008d74,UPI,failed,bank_decline,4,798.12
PAY_9237,3e7b5cba283e,card,success,,1,54.17
PAY_9238,504af6fb3573,card,success,,1,11.86
PAY_9239,8039786e88ed,card,success,,1,23.39
PAY_9240,ac2c124cde3a,card,success,,1,312.28
PAY_9241,4eee10e0c129,card,success,,1,39.51
PAY_9242,e60a5627d15f,card,success,,1,152.06
PAY_9243,f7b6315da352,card,success,,1,294.66
PAY_9244,f6bdf34cb057,card,success,,1,76.73
PAY_9245,0e943f8d4541,card,success,,1,65.12
PAY_9246,8c37896d2e6c,card,success,,1,95.33
PAY_9247,7fbd323b8435,card,success,,1,54.48
PAY_9248,12c778b2d79c,card,success,,1,56.88
PAY_9249,866ee645497a,card,success,,1,125.15
PAY_9250,1e3bb424481f,card,success,,1,104.4
PAY_9251,63a7278ad804,card,success,,1,495.36
PAY_9252,c9c27d5bd988,card,success,,1,127.88
PAY_9253,734a33c55ba8,card,success,,1,38.21
PAY_9254,b7122bc028c7,card,success,,1,137.02
PAY_9255,1344a544823e,card,success,,1,50.48
PAY_9256,590f6634661f,card,failed,bank_decline,1,123.52
PAY_9257,590f6634661f,netbanking,failed,otp_failed,2,123.52
PAY_9258,590f6634661f,netbanking,failed,bank_decline,3,123.52
PAY_9259,590f6634661f,netbanking,failed,otp_failed,4,123.52
PAY_9260,d52b00be2da5,card,success,,1,156.15
PAY_9261,13354e307e2c,card,success,,1,93.68
PAY_9262,866afa0de94f,card,success,,1,617.61
PAY_9263,0719295825a3,card,success,,1,282.13
PAY_9264,057d0e43c1d2,card,success,,1,230.86
PAY_9265,792a83e404c0,card,success,,1,165.91
PAY_9266,9dd4fd6e61d9,card,success,,1,368.96
PAY_9267,1c0719836b73,card,success,,1,28.51
PAY_9268,75e4d50936c9,card,success,,1,269.41
PAY_9269,a32900b542e0,card,success,,1,57.31
PAY_9270,2a6d0e658318,card,success,,1,141.05
PAY_9271,36c9cfde1518,card,success,,1,241.43
PAY_9272,283d0f511b36,card,success,,1,35.77
PAY_9273,ff10a51d5d7f,card,success,,1,59.74
PAY_9274,5497673f4e7f,card,success,,1,97.32
PAY_9275,6e0d520326b4,card,success,,1,77.55
PAY_9276,e2e137550112,card,success,,1,178.26
PAY_9277,1c1ed473936f,card,success,,1,1406.33
PAY_9278,beeddd5e12e5,card,success,,1,125.9
PAY_9279,80052e876e16,card,success,,1,49.99
PAY_9280,8d79925e07a7,card,success,,1,31.91
PAY_9281,dcfa195e114a,card,success,,1,69.39
PAY_9282,5fbd2c9c5991,card,success,,1,42.43
PAY_9283,51800999d6d7,card,success,,1,130.85
PAY_9284,e715c991736b,card,success,,1,129.23
PAY_9285,2bb0d2de1222,card,success,,1,62.14
PAY_9286,4170dc4e90f3,card,success,,1,440.52
PAY_9287,7ea7a9368a05,card,success,,1,49.98
PAY_9288,0eb4c307caad,card,failed,otp_failed,1,81.81
PAY_9289,0eb4c307caad,card,failed,timeout,2,81.81
PAY_9290,2d010807225c,card,success,,1,150.1
PAY_9291,364a86fe98f9,card,success,,1,183.76
PAY_9292,c26a5cde085f,card,failed,timeout,1,250.15
PAY_9293,c26a5cde085f,card,failed,timeout,2,250.15
PAY_9294,c26a5cde085f,card,failed,bank_decline,3,250.15
PAY_9295,08e5f86aea3a,card,success,,1,126.82
PAY_9296,6938ed38d8f7,card,success,,1,208.67
PAY_9297,e4c29afcf192,card,success,,1,52.87
PAY_9298,3284e867d79d,card,success,,1,187.63
PAY_9299,62bb75debac0,card,success,,1,185.64
PAY_9300,fd875e3c21af,card,success,,1,301.96
PAY_9301,e9e107627e94,card,success,,1,23.69
PAY_9302,362872663a44,card,success,,1,43.56
PAY_9303,8d0ad3ee6bf0,card,success,,1,173.91
PAY_9304,1f4aa59b805e,card,success,,1,10.79
PAY_9305,e7f65234bd6d,card,success,,1,133.43
PAY_9306,3eba93093170,card,success,,1,210.15
PAY_9307,df2e6045527f,card,failed,otp_failed,1,56.76
PAY_9308,df2e6045527f,card,failed,bank_decline,2,56.76
PAY_9309,df2e6045527f,card,failed,timeout,3,56.76
PAY_9310,e3b7f5385b41,card,success,,1,63.81
PAY_9311,a44f5cac9fd4,card,success,,1,59.31
PAY_9312,989d6bda0509,card,success,,1,60.7
PAY_9313,21d42da868c2,card,success,,1,52.13
PAY_9314,0d7235773be7,card,success,,1,49.89
PAY_9315,2717e86e130e,card,success,,1,72.47
PAY_9316,785e1f5b9ab1,card,success,,1,71.77
PAY_9317,289305a26fe9,card,success,,1,403.15
PAY_9318,8b1878112b6c,card,success,,1,118.55
PAY_9319,efef4f733d1f,card,success,,1,56.74
PAY_9320,f854cf98f554,card,success,,1,56.17
PAY_9321,d25e1d1a4852,card,success,,1,23.02
PAY_9322,a4a33c3dfa3b,card,success,,1,25.61
PAY_9323,b375192d1c5b,card,success,,1,34.27
PAY_9324,5b16cfc06047,card,success,,1,104.27
PAY_9325,7653d17c8763,card,success,,1,212.92
PAY_9326,8254ca30f46b,card,success,,1,21.56
PAY_9327,2eea6ac2aec1,card,success,,1,58.02
PAY_9328,1933be1d4745,card,success,,1,30.16
PAY_9329,f016b99caae8,card,success,,1,72.86
PAY_9330,6f70cc70f35d,card,success,,1,62.96
PAY_9331,3a2568141194,card,success,,1,86.66
PAY_9332,0c83e4b409d4,card,success,,1,288.35
PAY_9333,e01ed6f375ef,card,success,,1,129.84
PAY_9334,309257807fb4,card,success,,1,49.01
PAY_9335,8828afc09637,card,success,,1,102.22
PAY_9336,0ae9500bcc4f,card,success,,1,46.43
PAY_9337,f1520d8dd59c,card,success,,1,126.01
PAY_9338,f0add6adbc67,card,success,,1,135.95
PAY_9339,d15efab8aada,card,success,,1,30.15
PAY_9340,43fa9d813067,card,success,,1,103.56
PAY_9341,18cf3b978ca1,card,success,,1,81.94
PAY_9342,f0a8e357b7bf,card,success,,1,139.18
PAY_9343,bbb0d4505b61,card,success,,1,175.05
PAY_9344,3df8f5b99427,card,success,,1,131.89
PAY_9345,5605590daeac,card,success,,1,70.63
PAY_9346,12f7633ca0ea,card,success,,1,189.93
PAY_9347,e1d5d3dbb7a5,card,failed,bank_decline,1,44.77
PAY_9348,e1d5d3dbb7a5,card,failed,bank_decline,2,44.77
PAY_9349,e1d5d3dbb7a5,card,failed,otp_failed,3,44.77
PAY_9350,a93d90158c60,card,success,,1,31.3
PAY_9351,9cf7eec03079,card,success,,1,6.99
PAY_9352,a99edc750e92,card,success,,1,85.11
PAY_9353,45a0bef47b59,card,success,,1,46.65
PAY_9354,f7d10035b0de,card,success,,1,123.74
PAY_9355,4d59276ec0b5,card,failed,otp_failed,1,18.6
PAY_9356,4d59276ec0b5,card,failed,otp_failed,2,18.6
PAY_9357,4d59276ec0b5,card,failed,timeout,3,18.6
PAY_9358,1cae50f843e4,card,success,,1,53.64
PAY_9359,741d83205e00,card,success,,1,131.13
PAY_9360,a47d3255bfbf,card,success,,1,39.49
PAY_9361,dbb101dd45c8,card,success,,1,57.65
PAY_9362,99600789e9aa,card,success,,1,87.69
PAY_9363,0c77ab94dbde,card,success,,1,144.91
PAY_9364,006d6c55c637,card,success,,1,192.91
PAY_9365,4abcacd7b21e,card,success,,1,96.93
PAY_9366,730cd6ea3e33,card,success,,1,46.94
PAY_9367,4a79c71f99b1,card,success,,1,62.4
PAY_9368,636e39d03f3f,card,failed,otp_failed,1,149.84
PAY_9369,7caac3e8c74d,card,success,,1,39.77
PAY_9370,25cc9f5c3bc3,card,success,,1,78.07
PAY_9371,4ef7c1861829,card,success,,1,66.11
PAY_9372,f4d246053b56,card,success,,1,82.87
PAY_9373,d0c09cfded24,card,success,,1,40.15
PAY_9374,8e29f37fc8eb,card,success,,1,20.46
PAY_9375,951def2b566c,card,success,,1,136.54
PAY_9376,a5a0d7ab3628,card,success,,1,194.67
PAY_9377,f8a57625f89d,card,success,,1,21.46
PAY_9378,6c3d159b1d64,card,success,,1,120.92
PAY_9379,49da67d2d4fa,card,success,,1,214.12
PAY_9380,a57a041f6ffd,card,success,,1,145.0
PAY_9381,d322d2669cd3,card,success,,1,64.5
PAY_9382,e1ece7a5f399,card,success,,1,42.32
PAY_9383,8225bba73c06,card,success,,1,96.04
PAY_9384,e0d86c4b008d,card,success,,1,109.75
PAY_9385,473720280153,card,success,,1,97.19
PAY_9386,96b400161c5e,card,success,,1,37.86
PAY_9387,9efcb6a9acfe,card,success,,1,126.24
PAY_9388,df0cacc0057d,card,success,,1,131.19
PAY_9389,dbbf995f4b98,card,success,,1,105.71
PAY_9390,469fef979cd0,card,success,,1,98.38
PAY_9391,3ecd856b2bcb,card,success,,1,344.95
PAY_9392,2dc5cd506a77,card,success,,1,54.63
PAY_9393,10302a7380ec,card,success,,1,250.92
PAY_9394,d512f1e93b06,card,success,,1,50.04
PAY_9395,da985ebe6201,card,success,,1,218.58
PAY_9396,fffc8026c2b1,card,success,,1,241.46
PAY_9397,f2dc8209f334,card,success,,1,71.2
PAY_9398,0c55bdbd7e6d,card,success,,1,339.94
PAY_9399,4af7c779b091,card,success,,1,131.0
PAY_9400,e0462569b0b9,card,success,,1,44.62
PAY_9401,0115327f3840,card,success,,1,66.73
PAY_9402,bbc2efa887a9,card,success,,1,222.79
PAY_9403,9a6c23975b62,card,success,,1,188.38
PAY_9404,66955bfbceff,card,success,,1,38.61
PAY_9405,6925eb41ace9,card,success,,1,80.53
PAY_9406,aab26fc0be29,card,success,,1,105.93
PAY_9407,d3666827cc98,card,success,,1,59.97
PAY_9408,512d1f752bf7,card,success,,1,593.62
PAY_9409,92fed51d7a2f,card,success,,1,108.52
PAY_9410,1750b4cdb5f2,card,success,,1,85.67
PAY_9411,9d28234d5dc5,card,success,,1,233.38
PAY_9412,180276b800d9,card,success,,1,67.21
PAY_9413,eae02d446c77,card,success,,1,201.53
PAY_9414,1d7f380d9a9e,card,success,,1,23.71
PAY_9415,e5766f7469a6,card,success,,1,62.62
PAY_9416,e55ffff6fbf7,card,success,,1,208.36
PAY_9417,52982ec3ec96,card,success,,1,316.13
PAY_9418,6ad07b21fd57,card,success,,1,48.49
PAY_9419,bd9848dc2737,card,success,,1,44.17
PAY_9420,40baa7de3e1e,card,success,,1,141.73
PAY_9421,6e06a07a96b3,card,success,,1,54.68
PAY_9422,ed9114aad620,card,success,,1,72.61
PAY_9423,6996492d88e7,card,success,,1,181.48
PAY_9424,ac3cc6384ac3,card,success,,1,58.25
PAY_9425,1b16076ea8c5,card,success,,1,18.68
PAY_9426,80ed68171130,card,success,,1,31.79
PAY_9427,e7c945ac0a95,card,success,,1,90.74
PAY_9428,5b5f90a578ea,card,success,,1,20.27
PAY_9429,ed7bb3dbd5ad,card,success,,1,70.97
PAY_9430,1f19f139b4c4,card,success,,1,29.56
PAY_9431,deebbd5ccce1,card,success,,1,334.27
PAY_9432,41aefbc40d17,card,success,,1,508.83
PAY_9433,afe110acfe11,card,success,,1,38.61
PAY_9434,67f6558f3bd4,card,success,,1,110.54
PAY_9435,ee3c3a94fb0e,card,success,,1,41.75
PAY_9436,7d5b062c0a6f,card,success,,1,380.99
PAY_9437,a742d2dd90f3,card,success,,1,71.61
PAY_9438,826773d5f145,card,success,,1,42.35
PAY_9439,958868a95624,card,success,,1,225.19
PAY_9440,8066de01d8e7,card,success,,1,6.62
PAY_9441,0ce88750b2c5,card,success,,1,63.17
PAY_9442,a83f73b06cb9,card,success,,1,86.77
PAY_9443,ff9092fa0d87,card,success,,1,53.04
PAY_9444,b5b81802a8d8,card,success,,1,179.62
PAY_9445,4476db7d058e,card,success,,1,235.48
PAY_9446,4599cb67a76f,card,failed,timeout,1,29.09
PAY_9447,4599cb67a76f,card,failed,timeout,2,29.09
PAY_9448,4599cb67a76f,card,failed,otp_failed,3,29.09
PAY_9449,4599cb67a76f,card,failed,timeout,4,29.09
PAY_9450,dcc27a2cbce0,card,success,,1,480.48
PAY_9451,51a9b101ad3a,card,success,,1,28.83
PAY_9452,918c3bf3f655,card,success,,1,252.37
PAY_9453,1670832f9016,card,success,,1,101.48
PAY_9454,a21e640887f5,card,success,,1,60.16
PAY_9455,bc7f2d16bd93,card,success,,1,64.88
PAY_9456,1f9d0d49d10a,card,success,,1,87.64
PAY_9457,38d907e3bbc3,card,success,,1,43.12
PAY_9458,7e75b14a550a,card,success,,1,74.65
PAY_9459,f26df89fec23,card,success,,1,48.59
PAY_9460,6e0755f2394c,card,success,,1,34.05
PAY_9461,79ac90ae3d3a,card,success,,1,46.81
PAY_9462,bd3500bd7d76,card,success,,1,35.87
PAY_9463,ac2f3100c480,card,success,,1,64.32
PAY_9464,5a676ed8aef5,card,success,,1,127.23
PAY_9465,04f81a656919,card,success,,1,99.14
PAY_9466,2b9ac582578b,card,success,,1,436.8
PAY_9467,e1ac7579823a,card,success,,1,15.36
PAY_9468,4a86b5bd7b92,card,success,,1,131.04
PAY_9469,954ce3366b40,card,success,,1,90.48
PAY_9470,d951d43ac9b6,card,success,,1,172.87
PAY_9471,eff7004424ed,card,success,,1,159.68
PAY_9472,2b9f768889b9,card,success,,1,78.89
PAY_9473,295057d7cb57,card,success,,1,103.35
PAY_9474,f6defaf689b1,card,success,,1,49.64
PAY_9475,f6f17dd33f1d,card,success,,1,147.08
PAY_9476,233592961123,card,success,,1,20.02
PAY_9477,93e13ed38257,card,success,,1,167.58
PAY_9478,b866bd0f1bb1,card,success,,1,88.36
PAY_9479,37c4e8ce8a44,card,success,,1,60.97
PAY_9480,deff6ce82676,card,success,,1,74.74
PAY_9481,d7e8f7a2795c,card,success,,1,79.25
PAY_9482,bd638ee18255,card,success,,1,254.13
PAY_9483,e3006020ec8f,card,success,,1,1196.07
PAY_9484,9a668c66c762,card,success,,1,238.86
PAY_9485,49ca88f9d67c,card,failed,otp_failed,1,57.27
PAY_9486,49ca88f9d67c,card,failed,bank_decline,2,57.27
PAY_9487,c719251b48e6,card,success,,1,148.98
PAY_9488,32ec636a0bff,card,success,,1,154.26
PAY_9489,669c9930957b,card,success,,1,42.94
PAY_9490,cd00c36eda09,card,success,,1,32.83
PAY_9491,562579d76dab,card,success,,1,85.57
PAY_9492,be99d4e98656,card,success,,1,171.77
PAY_9493,7c0842cbedf8,card,success,,1,24.79
PAY_9494,239045cbe10c,card,success,,1,50.57
PAY_9495,2e50c71f95ba,card,success,,1,142.33
PAY_9496,b2cdb5cbd0cb,card,success,,1,93.07
PAY_9497,4d8d36ceacbb,card,success,,1,29.1
PAY_9498,7c8f5c8c9c15,card,success,,1,590.95
PAY_9499,f4e1b12ceb07,card,success,,1,26.3
PAY_9500,6a033816eff1,card,success,,1,17.76
PAY_9501,ee173b95b61f,card,success,,1,85.87
PAY_9502,d719aaacdbe2,card,success,,1,36.32
PAY_9503,99298d320655,card,success,,1,87.27
PAY_9504,4a426569a3b5,card,success,,1,76.97
PAY_9505,a8fdbde6880a,card,success,,1,45.88
PAY_9506,55a33010aa72,card,success,,1,127.25
PAY_9507,5333ed430457,card,success,,1,69.83
PAY_9508,33ea780ace29,card,success,,1,217.66
PAY_9509,5cfc2bdc4f41,card,success,,1,77.92
PAY_9510,677a4960963e,card,failed,timeout,1,41.61
PAY_9511,677a4960963e,netbanking,failed,bank_decline,2,41.61
PAY_9512,677a4960963e,netbanking,failed,otp_failed,3,41.61
PAY_9513,677a4960963e,netbanking,failed,timeout,4,41.61
PAY_9514,a2c5bee18712,card,success,,1,23.33
PAY_9515,491084dcbe71,card,failed,timeout,1,78.44
PAY_9516,491084dcbe71,card,failed,bank_decline,2,78.44
PAY_9517,491084dcbe71,card,failed,otp_failed,3,78.44
PAY_9518,9dbdd6f6f872,card,success,,1,32.61
PAY_9519,b47ec1d5a1b2,card,success,,1,30.57
PAY_9520,bd7ec78a5317,card,success,,1,137.27
PAY_9521,981c39c5ca4d,card,success,,1,278.59
PAY_9522,a9f79e000882,card,success,,1,102.29
PAY_9523,1a9e2c46d06e,card,success,,1,86.91
PAY_9524,9c3a1ab55758,card,success,,1,39.34
PAY_9525,f3ff009b4cbf,card,success,,1,165.92
PAY_9526,866f5f8a3de4,card,success,,1,89.81
PAY_9527,48cec72846d3,card,success,,1,51.99
PAY_9528,d0f176771164,card,success,,1,105.62
PAY_9529,e6d5f2ca17a5,card,success,,1,23.42
PAY_9530,2e1a805cb2a4,card,success,,1,24.33
PAY_9531,81b022ea0f5e,card,success,,1,36.74
PAY_9532,cfe03ea11080,card,success,,1,119.06
PAY_9533,daec1ef214b6,card,success,,1,89.78
PAY_9534,7fca61876035,card,success,,1,208.34
PAY_9535,efc586874bbd,card,success,,1,43.12
PAY_9536,953d95e6d995,card,success,,1,82.18
PAY_9537,6f6e570f3c29,card,failed,otp_failed,1,42.33
PAY_9538,6f6e570f3c29,card,failed,otp_failed,2,42.33
PAY_9539,205c3a3855a6,card,success,,1,122.52
PAY_9540,ef90c7059f9e,card,success,,1,85.39
PAY_9541,df5a757fcde8,card,success,,1,54.42
PAY_9542,f09a86500c75,card,success,,1,93.09
PAY_9543,d1cf90bffccc,card,success,,1,81.16
PAY_9544,20cb373cb1a5,card,success,,1,79.6
PAY_9545,2b03c45c9d91,card,success,,1,64.71
PAY_9546,a4c58e09078a,card,success,,1,31.69
PAY_9547,d7584bf4d6c9,card,success,,1,95.57
PAY_9548,dbaf29ee35a1,card,success,,1,47.36
PAY_9549,6efb5d6156c9,card,success,,1,39.79
PAY_9550,018c1e750ac9,card,success,,1,74.25
PAY_9551,6c63c8ada19e,card,success,,1,161.94
PAY_9552,d9d7e83d3727,card,success,,1,104.43
PAY_9553,12d43d3225a8,card,success,,1,58.86
PAY_9554,077003f94d97,card,success,,1,56.99
PAY_9555,892529b4e220,card,success,,1,149.7
PAY_9556,93318838a110,card,success,,1,13.23
PAY_9557,1e35f3a0836d,card,success,,1,170.36
PAY_9558,542e279a6b8f,card,success,,1,20.1
PAY_9559,81c8a71b7248,card,success,,1,29.01
PAY_9560,446156b7511f,card,success,,1,59.66
PAY_9561,55b7a1e6dce7,card,success,,1,510.86
PAY_9562,21666cb5c9ca,card,success,,1,344.45
PAY_9563,bf0aaf283201,card,success,,1,158.41
PAY_9564,00b407b923f3,card,success,,1,119.73
PAY_9565,3f901cf4718c,card,success,,1,20.29
PAY_9566,27d52d4e7ee9,card,success,,1,102.04
PAY_9567,bce3b8e2dfa8,card,success,,1,58.01
PAY_9568,065929ae34c0,card,success,,1,46.84
PAY_9569,13292711da77,card,success,,1,101.88
PAY_9570,7d3e689ea151,card,success,,1,61.75
PAY_9571,7cbdf6ea594d,card,failed,otp_failed,1,180.45
PAY_9572,7cbdf6ea594d,card,failed,otp_failed,2,180.45
PAY_9573,aa5bf9ca02db,card,success,,1,19.13
PAY_9574,3fe724557473,card,success,,1,95.58
PAY_9575,c455dc35ff6a,card,success,,1,44.55
PAY_9576,65746083ef87,card,success,,1,114.86
PAY_9577,294b0a0917df,card,success,,1,36.82
PAY_9578,be07018ad190,card,success,,1,102.66
PAY_9579,4336de08b8f1,card,success,,1,75.95
PAY_9580,852a2cc390cf,card,success,,1,53.07
PAY_9581,198955d1e5bf,card,success,,1,61.78
PAY_9582,adf17d1a55d4,card,success,,1,79.55
PAY_9583,d569972e68a4,card,success,,1,48.7
PAY_9584,9a86d4f21eb4,card,success,,1,90.53
PAY_9585,7e4292321fad,card,success,,1,72.06
PAY_9586,175ceadc20dd,card,failed,otp_failed,1,55.2
PAY_9587,175ceadc20dd,netbanking,failed,bank_decline,2,55.2
PAY_9588,74a56de7a691,card,success,,1,321.14
PAY_9589,ba548a74a42b,card,success,,1,125.49
PAY_9590,207f400e5104,card,success,,1,66.28
PAY_9591,7e755432504d,card,success,,1,101.16
PAY_9592,398c47313b15,card,success,,1,39.59
PAY_9593,c1fdd535c082,card,success,,1,63.47
PAY_9594,87eb9d210a40,card,success,,1,69.68
PAY_9595,24e99dba03e8,card,success,,1,33.2
PAY_9596,da9e75836cb7,card,success,,1,122.72
PAY_9597,0fd951199438,card,success,,1,60.07
PAY_9598,71db90c75165,card,success,,1,67.74
PAY_9599,ed05f8efd1b3,card,success,,1,57.11
PAY_9600,1c127a71059e,card,success,,1,960.33
PAY_9601,53a739f77eb8,card,success,,1,52.98
PAY_9602,50d9be76e85f,card,success,,1,17.2
PAY_9603,5fb684471c39,card,success,,1,25.03
PAY_9604,e2f2bb1f1490,card,success,,1,165.25
PAY_9605,06ecd4c1f880,card,success,,1,262.21
PAY_9606,20dc06bdc523,card,success,,1,52.17
PAY_9607,3ad4d338e071,card,success,,1,250.43
PAY_9608,515a7a606ad8,card,success,,1,162.92
PAY_9609,49f7df62689a,card,success,,1,77.36
PAY_9610,9ebdb0722e70,card,success,,1,73.09
PAY_9611,b664b25ac182,card,success,,1,104.03
PAY_9612,f87ae561b42c,card,success,,1,181.63
PAY_9613,f55d592dfacd,card,success,,1,123.7
PAY_9614,0b365e001cb2,card,success,,1,52.38
PAY_9615,b1b275266d1e,card,success,,1,78.31
PAY_9616,7cc1af74cf8e,card,success,,1,439.22
PAY_9617,571abde908c6,card,success,,1,110.05
PAY_9618,9bfd6ab94b8d,card,success,,1,180.45
PAY_9619,3f61f6efa4f3,card,success,,1,138.64
PAY_9620,2f59312a9e85,card,success,,1,112.02
PAY_9621,70e1bc78066f,card,success,,1,98.2
PAY_9622,7869293514fd,card,success,,1,184.55
PAY_9623,64432317cb61,card,success,,1,159.96
PAY_9624,dcc235a2ccca,card,success,,1,111.18
PAY_9625,03adee3a8b15,card,success,,1,51.68
PAY_9626,bb460a50913c,card,success,,1,122.54
PAY_9627,69372019323f,card,success,,1,85.32
PAY_9628,580500f51149,card,success,,1,70.34
PAY_9629,baac5c1da781,card,success,,1,767.41
PAY_9630,0f8e89ca117c,card,success,,1,26.28
PAY_9631,3a2a1f92dd05,card,success,,1,193.8
PAY_9632,2a173062a182,card,success,,1,45.14
PAY_9633,d5f861efb5d3,card,failed,bank_decline,1,99.98
PAY_9634,9b07256cf4f1,card,success,,1,702.66
PAY_9635,7cc4edf76f0d,card,success,,1,50.45
PAY_9636,bf60dffa3140,card,success,,1,45.71
PAY_9637,df96bc0c2b30,card,success,,1,182.59
PAY_9638,ab069844827c,card,success,,1,58.7
PAY_9639,b49742eada47,card,failed,bank_decline,1,151.9
PAY_9640,b49742eada47,netbanking,failed,timeout,2,151.9
PAY_9641,b49742eada47,netbanking,failed,otp_failed,3,151.9
PAY_9642,b49742eada47,netbanking,failed,bank_decline,4,151.9
PAY_9643,a6cdbb3b8541,card,success,,1,31.08
PAY_9644,f54d71c66b8b,card,success,,1,21.21
PAY_9645,e10ba1c493fc,card,success,,1,74.95
PAY_9646,ab8f2425b1ad,card,success,,1,25.67
PAY_9647,32f99a79929e,card,success,,1,303.27
PAY_9648,2c3354e3bcec,card,success,,1,26.47
PAY_9649,19e48d65ac4e,card,success,,1,39.25
PAY_9650,98045561d0c4,card,success,,1,125.32
PAY_9651,54b04f9bb1c9,card,success,,1,56.31
PAY_9652,cb7b8bb4d9d7,card,success,,1,26.72
PAY_9653,537e99f31a05,card,success,,1,460.34
PAY_9654,8d0995b651e8,card,success,,1,40.39
PAY_9655,b3bb5a8c3783,card,success,,1,76.94
PAY_9656,f078752bc1a4,card,success,,1,76.15
PAY_9657,29acc55875cb,card,success,,1,158.9
PAY_9658,64033cb16704,card,success,,1,130.31
PAY_9659,84c012fac85b,card,success,,1,46.46
PAY_9660,2315fffbbde0,card,success,,1,69.36
PAY_9661,c32c1c8cb308,card,success,,1,75.07
PAY_9662,80947c5103f1,card,success,,1,163.89
PAY_9663,f48d3683063a,card,success,,1,35.35
PAY_9664,8311236edb3f,card,success,,1,452.36
PAY_9665,5c93ed066d27,card,success,,1,49.04
PAY_9666,0e8135360ad5,card,success,,1,89.39
PAY_9667,3b071cfda41c,card,success,,1,35.59
PAY_9668,973910eff9e1,card,success,,1,31.86
PAY_9669,a53036fe5ec7,card,success,,1,44.72
PAY_9670,72326a6fd86b,card,success,,1,64.62
PAY_9671,ac8e8ce608d5,card,success,,1,41.13
PAY_9672,9caffd0dc4f6,card,success,,1,157.03
PAY_9673,7374a0807d71,card,success,,1,48.12
PAY_9674,ed7f0e8d2ae9,card,success,,1,44.03
PAY_9675,2b62a4366e20,card,success,,1,65.73
PAY_9676,c6b0400a80c2,card,success,,1,106.9
PAY_9677,192e85b51b1d,card,success,,1,83.12
PAY_9678,cbcab3773e7c,card,success,,1,28.6
PAY_9679,c6b78ff36963,card,success,,1,36.08
PAY_9680,42e0eb42e0f5,card,success,,1,32.37
PAY_9681,3b4572399e0e,card,success,,1,256.08
PAY_9682,4690783abd69,card,success,,1,137.61
PAY_9683,3251fac616ef,card,success,,1,45.18
PAY_9684,b546fa3b26cd,card,success,,1,46.51
PAY_9685,21baf8a14321,card,success,,1,44.31
PAY_9686,ca6818664718,card,success,,1,130.09
PAY_9687,3e5f1178e24d,card,success,,1,71.52
PAY_9688,ada4227dd29a,card,success,,1,475.77
PAY_9689,59713eb160cb,card,success,,1,256.62
PAY_9690,e66be304c834,card,success,,1,154.02
PAY_9691,8e1887c03fd0,card,success,,1,64.19
PAY_9692,5cab08a36220,card,success,,1,145.22
PAY_9693,9438f79e16c9,card,success,,1,68.1
PAY_9694,a43bf9c134d5,card,success,,1,331.7
PAY_9695,02aa4941941e,card,success,,1,124.39
PAY_9696,9ee4f534a41f,card,success,,1,111.04
PAY_9697,73dff7d2e751,card,success,,1,99.65
PAY_9698,210187cdaca6,card,success,,1,362.21
PAY_9699,483f18781f0d,card,success,,1,28.59
PAY_9700,635a9ec8a836,card,success,,1,391.75
PAY_9701,2baf568501e9,card,success,,1,77.56
PAY_9702,87e7a33ea2c9,card,failed,timeout,1,29.23
PAY_9703,f06e3318b0a9,card,success,,1,49.32
PAY_9704,004f6add0696,card,success,,1,24.03
PAY_9705,e797a0135f24,card,success,,1,151.85
PAY_9706,4330a5edbe9a,card,success,,1,39.23
PAY_9707,15ba8083ed59,card,success,,1,103.02
PAY_9708,e0efaa6f86d2,card,failed,timeout,1,223.05
PAY_9709,e0efaa6f86d2,UPI,failed,bank_decline,2,223.05
PAY_9710,e0efaa6f86d2,UPI,failed,otp_failed,3,223.05
PAY_9711,9b2634163bcd,card,success,,1,52.58
PAY_9712,41c71a49fc56,card,success,,1,72.64
PAY_9713,ed2e442b666f,card,success,,1,31.73
PAY_9714,d450bec186ff,card,success,,1,65.98
PAY_9715,fb1a9d7d1fdb,card,success,,1,705.72
PAY_9716,e47c418afffa,card,success,,1,167.73
PAY_9717,6161351bdcb2,card,success,,1,55.18
PAY_9718,905d2862763b,card,success,,1,87.0
PAY_9719,e96229638724,card,success,,1,99.89
PAY_9720,b7970c33a108,card,success,,1,64.38
PAY_9721,081b31bb5daa,card,success,,1,137.56
PAY_9722,9c2207f3149c,card,success,,1,41.98
PAY_9723,197d8d2f5e6b,card,success,,1,41.82
PAY_9724,f2e573f76285,card,success,,1,121.04
PAY_9725,02dd3a731906,card,success,,1,35.34
PAY_9726,4b03b4f5e519,card,success,,1,161.29
PAY_9727,90b0c406a673,card,success,,1,88.99
PAY_9728,8f01fc4db93e,card,success,,1,20.86
PAY_9729,2c98f28b1374,card,success,,1,98.26
PAY_9730,0980689cbbfb,card,success,,1,23.38
PAY_9731,efed2f55e311,card,success,,1,156.76
PAY_9732,ad08db55db6e,card,success,,1,73.78
PAY_9733,f1d48b6e7457,card,success,,1,395.78
PAY_9734,1cf091c628b0,card,success,,1,212.1
PAY_9735,b989a693e209,card,success,,1,17.88
PAY_9736,e354d2fb1d29,card,success,,1,49.2
PAY_9737,fbb5bfc0c8b4,card,success,,1,33.89
PAY_9738,a136254c1b05,card,success,,1,189.95
PAY_9739,f421c8964ff9,card,success,,1,71.66
PAY_9740,7346b89c546d,card,success,,1,77.97
PAY_9741,2617e58a11fc,card,success,,1,87.7
PAY_9742,4d3ebcbf89f0,card,success,,1,218.16
PAY_9743,271febf2a28e,card,success,,1,115.5
PAY_9744,96d6021fde52,card,success,,1,38.63
PAY_9745,5a4dac06641b,card,success,,1,329.64
PAY_9746,179c55176cab,card,success,,1,71.22
PAY_9747,456eaa67718c,card,success,,1,62.53
PAY_9748,b699c6175188,card,failed,bank_decline,1,9.36
PAY_9749,b699c6175188,card,failed,otp_failed,2,9.36
PAY_9750,83f0a5b815c3,card,success,,1,149.53
PAY_9751,e1d93f97ef04,card,success,,1,97.59
PAY_9752,b13658849c73,card,success,,1,97.51
PAY_9753,de15d2626950,card,success,,1,65.22
PAY_9754,c3038f6a036c,card,success,,1,56.82
PAY_9755,8094e507c549,card,success,,1,66.98
PAY_9756,db7658df2c0c,card,success,,1,130.39
PAY_9757,d13848db32a2,card,success,,1,150.1
PAY_9758,1f28ce759ff0,card,success,,1,74.83
PAY_9759,0beb3608cc0b,card,success,,1,192.32
PAY_9760,71f72840b292,card,success,,1,84.51
PAY_9761,a4ce7fcf7606,card,failed,timeout,1,60.14
PAY_9762,a4ce7fcf7606,card,failed,timeout,2,60.14
PAY_9763,9872fad3303f,card,success,,1,105.5
PAY_9764,2d0ea7bfe0d0,card,success,,1,30.34
PAY_9765,186158580b2f,card,success,,1,108.44
PAY_9766,d90a0632e5bb,card,success,,1,26.21
PAY_9767,5f834b3534da,card,success,,1,39.56
PAY_9768,479a4c251c07,card,success,,1,17.9
PAY_9769,382fe0a20dc7,card,success,,1,78.25
PAY_9770,7d53452a7296,card,success,,1,326.26
PAY_9771,42038166f302,card,success,,1,81.97
PAY_9772,d641980c824f,card,success,,1,150.64
PAY_9773,bf0d18c4bf7e,card,success,,1,591.02
PAY_9774,665ac2146597,card,success,,1,124.37
PAY_9775,0192d4251957,card,success,,1,48.8
PAY_9776,7c960b2ccafc,card,success,,1,54.49
PAY_9777,9daae5862ca7,card,success,,1,90.06
PAY_9778,3f890e697c87,card,success,,1,54.25
PAY_9779,e9bb5a7103e5,card,success,,1,57.6
PAY_9780,481669c7058f,card,success,,1,197.99
PAY_9781,a697940025fd,card,success,,1,204.57
PAY_9782,b465487d2575,card,success,,1,24.11
PAY_9783,9778840d9365,card,success,,1,46.78
PAY_9784,6bbe3405057b,card,success,,1,62.1
PAY_9785,0779b2de648d,card,success,,1,145.37
PAY_9786,1e32bbf0cc87,card,success,,1,224.63
PAY_9787,4bf743b46c94,card,success,,1,781.78
PAY_9788,8c7f6711ce80,card,success,,1,62.02
PAY_9789,9f5b4665fa5a,card,success,,1,64.55
PAY_9790,64fb5b670ae0,card,success,,1,144.15
PAY_9791,244cba61805c,card,success,,1,52.16
PAY_9792,706582f16f2f,card,success,,1,80.42
PAY_9793,8f25a7d2b128,card,success,,1,64.58
PAY_9794,859426374576,card,success,,1,11.05
PAY_9795,e5727b032689,card,success,,1,77.8
PAY_9796,4091d9571966,card,success,,1,248.88
PAY_9797,92129f90c2aa,card,success,,1,90.41
PAY_9798,1533a1e94467,card,success,,1,32.99
PAY_9799,acd1781078da,card,success,,1,73.22
PAY_9800,a69ba1313979,card,success,,1,16.9
PAY_9801,adf885044d5c,card,success,,1,34.17
PAY_9802,dc197bfc6656,card,success,,1,149.67
PAY_9803,74a42adb0374,card,success,,1,73.86
PAY_9804,895f0a0b40f6,card,success,,1,18.66
PAY_9805,bae9291bfdaa,card,success,,1,74.15
PAY_9806,33c27ad9295e,card,success,,1,61.53
PAY_9807,0a537b85f83e,card,success,,1,193.38
PAY_9808,d623451e6eb0,card,success,,1,154.19
PAY_9809,8dd5302189bd,card,success,,1,150.48
PAY_9810,f48b7c4173f2,card,success,,1,308.93
PAY_9811,2169bb43986c,card,success,,1,67.06
PAY_9812,8f17c75f4547,card,success,,1,261.93
PAY_9813,4a304d992703,card,success,,1,39.04
PAY_9814,cc741b477f5a,card,success,,1,37.91
PAY_9815,4444352de699,card,success,,1,164.38
PAY_9816,c2d9daa0f46e,card,success,,1,27.01
PAY_9817,6b1b0c407f39,card,success,,1,142.34
PAY_9818,1d594f01f81e,card,success,,1,97.62
PAY_9819,ed90c0ae3d2a,card,failed,bank_decline,1,212.19
PAY_9820,f8697147a9a2,card,success,,1,85.84
PAY_9821,27e4ef6dcf5e,card,success,,1,94.15
PAY_9822,f3dbd1ec7df9,card,success,,1,135.29
PAY_9823,43b18492e209,card,success,,1,52.98
PAY_9824,bef8993f16e3,card,success,,1,131.57
PAY_9825,537a5bb20897,card,success,,1,87.93
PAY_9826,4d946e0fd9d7,card,success,,1,64.98
PAY_9827,81feedeae63d,card,success,,1,84.25
PAY_9828,86deb6065776,card,success,,1,322.35
PAY_9829,d2a52a884dfc,card,success,,1,63.15
PAY_9830,d1b4a5953039,card,success,,1,61.71
PAY_9831,b542d824c515,card,success,,1,22.97
PAY_9832,8450b39c1de7,card,success,,1,87.02
PAY_9833,d1308ccea108,card,success,,1,152.25
PAY_9834,422a17df2dea,card,success,,1,175.73
PAY_9835,7aff35ac53e5,card,success,,1,98.16
PAY_9836,9f48375bfe39,card,success,,1,193.38
PAY_9837,a6c8e73dd100,card,success,,1,161.58
PAY_9838,f4973bdffcbb,card,success,,1,219.28
PAY_9839,dd4211908a72,card,success,,1,197.84
PAY_9840,1e011cf2ab2e,card,success,,1,316.08
PAY_9841,8ec6936765da,card,success,,1,78.59
PAY_9842,5bdff21dccaf,card,success,,1,153.08
PAY_9843,e45bbfce531d,card,success,,1,168.08
PAY_9844,ff618a0a0c7f,card,success,,1,316.08
PAY_9845,f0cca7e0431d,card,success,,1,250.89
PAY_9846,5cd361b46a16,card,success,,1,147.8
PAY_9847,05dee6724885,card,success,,1,108.1
PAY_9848,e8022443143c,card,failed,otp_failed,1,29.73
PAY_9849,320f1325a679,card,success,,1,115.18
PAY_9850,0c65b2ec5447,card,success,,1,57.86
PAY_9851,fc50e46b8c0a,card,success,,1,94.03
PAY_9852,d443d4764b29,card,success,,1,131.29
PAY_9853,0164e57d05ab,card,success,,1,83.27
PAY_9854,70028fe1be71,card,success,,1,190.19
PAY_9855,61fe132beb50,card,success,,1,10.19
PAY_9856,68ad50cbd3a3,card,success,,1,104.79
PAY_9857,a840da8f2746,card,success,,1,235.57
PAY_9858,8776242f1add,card,success,,1,401.83
PAY_9859,9e849401b263,card,success,,1,161.67
PAY_9860,60f76a9a608f,card,success,,1,346.51
PAY_9861,d1447e48d597,card,success,,1,103.04
PAY_9862,c25facb04d24,card,success,,1,90.22
PAY_9863,5aae8ccb7a99,card,success,,1,137.49
PAY_9864,de7c8758df0d,card,success,,1,89.79
PAY_9865,dd68dbc15c1c,card,success,,1,48.14
PAY_9866,98446755ee92,card,success,,1,59.61
PAY_9867,b53f058c40bf,card,success,,1,36.98
PAY_9868,a66ae54f1125,card,success,,1,137.37
PAY_9869,467a167c099a,card,success,,1,90.84
PAY_9870,3f70611e0adb,card,success,,1,67.48
PAY_9871,cdc1a22a4b81,card,success,,1,57.21
PAY_9872,88c9ce02d4cf,card,success,,1,134.83
PAY_9873,8e73b346e123,card,success,,1,168.07
PAY_9874,fee4d77a5ba0,card,success,,1,36.44
PAY_9875,02c69f0d5b86,card,success,,1,32.13
PAY_9876,21ab458e39d0,card,success,,1,193.18
PAY_9877,de44e0773ad1,card,success,,1,29.96
PAY_9878,6e62511187c2,card,success,,1,139.49
PAY_9879,aa2ed92715ac,card,success,,1,328.17
PAY_9880,c4054694c82d,card,success,,1,328.78
PAY_9881,7f837ff74048,card,success,,1,162.44
PAY_9882,6ea50b98d844,card,success,,1,158.71
PAY_9883,9eeb93401ac1,card,success,,1,545.4
PAY_9884,0b3a77b6dc9c,card,success,,1,13.91
PAY_9885,6fa9330976f0,card,success,,1,62.09
PAY_9886,8e597ae6c818,card,success,,1,177.47
PAY_9887,b5ab39b937a0,card,success,,1,68.73
PAY_9888,466b9488e043,card,success,,1,242.7
PAY_9889,342db6ab0017,card,success,,1,87.23
PAY_9890,727429952ce2,card,success,,1,100.02
PAY_9891,a98d0c42b04d,card,success,,1,72.26
PAY_9892,311fe6a6deac,card,success,,1,59.26
PAY_9893,1cc88233a514,card,success,,1,58.11
PAY_9894,2bef72f04b28,card,success,,1,111.82
PAY_9895,b22c4d8e8fbd,card,success,,1,48.44
PAY_9896,52e0812ea3c0,card,success,,1,151.8
PAY_9897,d67c8b07631c,card,success,,1,216.92
PAY_9898,170281d7e53d,card,success,,1,36.48
PAY_9899,6af1e220193c,card,success,,1,23.11
PAY_9900,3a23a83aedb5,card,success,,1,89.72
PAY_9901,6edc6a5f1544,card,success,,1,915.11
PAY_9902,1ec9c200e1c0,card,success,,1,247.89
PAY_9903,028f8f6664a4,card,success,,1,57.77
PAY_9904,8b735f1461fc,card,success,,1,126.42
PAY_9905,32654e33d894,card,success,,1,161.11
PAY_9906,d5ac55c24fce,card,success,,1,30.12
PAY_9907,8821ab2c8032,card,failed,otp_failed,1,269.27
PAY_9908,8821ab2c8032,card,failed,bank_decline,2,269.27
PAY_9909,8821ab2c8032,card,failed,timeout,3,269.27
PAY_9910,9fa107b0a1e4,card,success,,1,78.73
PAY_9911,1ffce30a358b,card,success,,1,83.72
PAY_9912,1efda35fa7ea,card,success,,1,91.75
PAY_9913,7b7965a65ad9,card,success,,1,224.89
PAY_9914,370fbcaa644b,card,success,,1,49.2
PAY_9915,f162bf14dcce,card,success,,1,22.98
PAY_9916,5c437d811889,card,success,,1,116.56
PAY_9917,1754ff6a40c2,card,success,,1,17.55
PAY_9918,af160e6d05b2,card,success,,1,70.75
PAY_9919,8bdfdfff9b15,card,success,,1,232.64
PAY_9920,e293fe01634f,card,success,,1,143.06
PAY_9921,fa47d30b5d51,card,success,,1,207.24
PAY_9922,b35f87096e59,card,success,,1,147.86
PAY_9923,1f96c2576b86,card,success,,1,619.1
PAY_9924,36b0d3ab0b55,card,success,,1,56.23
PAY_9925,a7859b3755fd,card,failed,bank_decline,1,123.78
PAY_9926,1b6751e22bad,card,success,,1,63.4
PAY_9927,dcc540af7aeb,card,success,,1,193.53
PAY_9928,4f8ef3a012bf,card,failed,bank_decline,1,356.05
PAY_9929,4f8ef3a012bf,card,failed,timeout,2,356.05
PAY_9930,4f8ef3a012bf,card,failed,otp_failed,3,356.05
PAY_9931,4f8ef3a012bf,card,failed,bank_decline,4,356.05
PAY_9932,83b910523c8d,card,success,,1,58.87
PAY_9933,66961a506c31,card,success,,1,277.47
PAY_9934,b267e24e058c,card,success,,1,144.68
PAY_9935,2997da7ed8f0,card,success,,1,87.71
PAY_9936,38144cdb4209,card,success,,1,138.93
PAY_9937,2d5e06e25a7c,card,success,,1,110.94
PAY_9938,ddbac73a241b,card,failed,timeout,1,119.67
PAY_9939,ddbac73a241b,card,failed,otp_failed,2,119.67
PAY_9940,ddbac73a241b,card,failed,otp_failed,3,119.67
PAY_9941,80b7768a8bb5,card,success,,1,76.29
PAY_9942,c7d8fc702208,card,success,,1,51.35
PAY_9943,5ede155988db,card,success,,1,68.85
PAY_9944,0c644161788e,card,success,,1,23.42
PAY_9945,3179803a1cd2,card,failed,bank_decline,1,176.54
PAY_9946,3179803a1cd2,UPI,failed,otp_failed,2,176.54
PAY_9947,3179803a1cd2,UPI,failed,otp_failed,3,176.54
PAY_9948,5bb8fa68034f,card,success,,1,33.51
PAY_9949,69b238dabce6,card,success,,1,75.63
PAY_9950,85a3611d3855,card,success,,1,151.17
PAY_9951,66c9a8a4463d,card,success,,1,176.18
PAY_9952,109bda433248,card,success,,1,21.76
PAY_9953,f1acb68b3c3e,card,success,,1,83.64
PAY_9954,84fc49553a4e,card,success,,1,130.03
PAY_9955,bc3e3f3a9285,card,success,,1,93.84
PAY_9956,207c632c73b1,card,success,,1,263.82
PAY_9957,3ff168800a9a,card,success,,1,46.64
PAY_9958,eeeab4f31856,card,success,,1,17.47
PAY_9959,63793889b190,card,success,,1,172.13
PAY_9960,e2f5e5b87692,card,success,,1,58.58
PAY_9961,878fd7d3c5a1,card,success,,1,22.05
PAY_9962,9b56f7ecdc47,card,success,,1,79.3
PAY_9963,a3bf2b6a3673,card,success,,1,240.92
PAY_9964,1e37f8d4074d,card,success,,1,32.77
PAY_9965,d56ffb51b97b,card,success,,1,583.36
PAY_9966,d6b18f8133d6,card,success,,1,46.05
PAY_9967,4822db6fcde2,card,success,,1,96.51
PAY_9968,2217b7bf9f8a,card,success,,1,33.94
PAY_9969,3ee9215f49f8,card,success,,1,93.06
PAY_9970,90a26d5dcf5a,card,success,,1,80.88
PAY_9971,a27bea4418f1,card,success,,1,27.34
PAY_9972,9c4631edf2da,card,success,,1,60.57
PAY_9973,e63f56892716,card,success,,1,60.61
PAY_9974,ec53da542e45,card,success,,1,195.44
PAY_9975,8c59c4e616a9,card,success,,1,384.29
PAY_9976,4fa2c3844c94,card,success,,1,221.66
PAY_9977,1c9cfdf5874c,card,success,,1,34.43
PAY_9978,bbbff7b01e9f,card,success,,1,106.82
PAY_9979,dd70cd3e714e,card,success,,1,19.98
PAY_9980,a8a897086e29,card,success,,1,185.19
PAY_9981,024100dc0a8d,card,success,,1,24.33
PAY_9982,0e6667302f54,card,success,,1,47.34
PAY_9983,e6cf7c5bcddf,card,success,,1,89.79
PAY_9984,be2864f03965,card,success,,1,128.51
PAY_9985,086ab8fb37fe,card,failed,timeout,1,73.06
PAY_9986,fa217599b422,card,success,,1,303.47
PAY_9987,24cd0aa6bec4,card,success,,1,160.55
PAY_9988,3701b5daeeb8,card,success,,1,150.77
PAY_9989,89c1776a9dad,card,success,,1,33.67
PAY_9990,65a79be730fc,card,success,,1,350.55
PAY_9991,d63140484614,card,success,,1,47.35
PAY_9992,b17e427c9055,card,success,,1,361.42
PAY_9993,40005951c7f5,card,success,,1,453.85
PAY_9994,df8de56e7fc9,card,success,,1,135.66
PAY_9995,5214e782a9ce,card,success,,1,205.53
PAY_9996,eb14495e4e59,card,success,,1,7.64
PAY_9997,86640ff50e98,card,success,,1,77.01
PAY_9998,980cfb6cf9c7,card,success,,1,217.4
PAY_9999,9e7a6cb66de6,card,success,,1,188.6
PAY_10000,344f28f94248,card,success,,1,33.93
PAY_10001,5787e18fd832,card,success,,1,71.17
PAY_10002,1dd06995e304,card,success,,1,11.83
PAY_10003,83aa7814a25f,card,success,,1,125.26
PAY_10004,e7eef84c111e,card,success,,1,19.95
PAY_10005,af13b098aef4,card,success,,1,222.38
PAY_10006,f43559d25d48,card,success,,1,231.87
PAY_10007,0e87447fa621,card,success,,1,61.59
PAY_10008,54740b03dc19,card,success,,1,136.6
PAY_10009,74fbac0167b0,card,success,,1,75.67
PAY_10010,c4783bed5960,card,success,,1,35.95
PAY_10011,8f9599972da2,card,success,,1,148.12
PAY_10012,266503e15732,card,success,,1,24.22
PAY_10013,0a03c8100480,card,success,,1,20.82
PAY_10014,f63b7b8837f6,card,success,,1,81.65
PAY_10015,89e843df2557,card,success,,1,76.02
PAY_10016,7d155bfbaf57,card,success,,1,111.93
PAY_10017,76a32132b68d,card,success,,1,53.54
PAY_10018,6898c02939fa,card,success,,1,406.89
PAY_10019,45a66bdad2d6,card,success,,1,102.36
PAY_10020,4814d2421b57,card,success,,1,108.45
PAY_10021,11b769a71a3e,card,success,,1,105.4
PAY_10022,cbb7e9b47ec3,card,success,,1,200.8
PAY_10023,0565610d5842,card,success,,1,142.71
PAY_10024,8b0c8cf34b9a,card,success,,1,128.2
PAY_10025,c088d35c64c1,card,success,,1,162.19
PAY_10026,593d85bfbf04,card,success,,1,20.91
PAY_10027,d1b0a4b786ad,card,success,,1,21.55
PAY_10028,7112da891493,card,success,,1,84.7
PAY_10029,4f928c930f10,card,success,,1,76.85
PAY_10030,c38252f55a3f,card,success,,1,143.14
PAY_10031,cbae77845a12,card,success,,1,91.47
PAY_10032,1b0cdeb35788,card,failed,otp_failed,1,143.38
PAY_10033,a525b6c1a783,card,success,,1,89.25
PAY_10034,908c4fde789e,card,success,,1,30.79
PAY_10035,de0912b2d84b,card,success,,1,122.67
PAY_10036,813e740c8167,card,success,,1,20.03
PAY_10037,327db2088b78,card,success,,1,118.94
PAY_10038,e0956eb7eb3e,card,success,,1,27.79
PAY_10039,6ae77e003bad,card,success,,1,66.23
PAY_10040,44d955ba7c8a,card,failed,timeout,1,184.19
PAY_10041,44d955ba7c8a,card,failed,timeout,2,184.19
PAY_10042,44d955ba7c8a,card,failed,otp_failed,3,184.19
PAY_10043,94ca143c918b,card,success,,1,107.98
PAY_10044,76a9c96c5348,card,success,,1,24.13
PAY_10045,5b66cd902df1,card,success,,1,52.57
PAY_10046,33ec6019792e,card,success,,1,27.08
PAY_10047,994eac3183cb,card,success,,1,23.2
PAY_10048,fd3cb8884cc6,card,success,,1,98.9
PAY_10049,4568772a67e0,card,success,,1,140.93
PAY_10050,4e800f9ebae9,card,success,,1,128.06
PAY_10051,43d01c2772b5,card,success,,1,145.78
PAY_10052,9274640ccaeb,card,success,,1,89.16
PAY_10053,aace21d0bf57,card,success,,1,72.33
PAY_10054,314552dffeef,card,success,,1,38.15
PAY_10055,4791f52166ee,card,failed,bank_decline,1,31.28
PAY_10056,4791f52166ee,card,failed,timeout,2,31.28
PAY_10057,188408e0a113,card,success,,1,45.78
PAY_10058,fe00cdca845c,card,success,,1,96.65
PAY_10059,c5627076034e,card,success,,1,81.92
PAY_10060,306fc02eaf62,card,success,,1,30.67
PAY_10061,08ef3a8e9cc9,card,success,,1,81.44
PAY_10062,244abc940d63,card,failed,bank_decline,1,28.82
PAY_10063,4ca43e654883,card,success,,1,66.01
PAY_10064,ef3028f1287b,card,success,,1,68.19
PAY_10065,af25c2fe92e0,card,success,,1,176.96
PAY_10066,7465749bddf3,card,success,,1,62.82
PAY_10067,bb193e1072fe,card,success,,1,77.24
PAY_10068,9410eacd9b42,card,success,,1,63.8
PAY_10069,484a72e3a980,card,success,,1,29.35
PAY_10070,aeefa2d0fe24,card,success,,1,53.43
PAY_10071,98454adaeba0,card,success,,1,66.32
PAY_10072,449d3bda783e,card,success,,1,95.49
PAY_10073,57e76484e75b,card,success,,1,140.77
PAY_10074,110d41e2df6d,card,success,,1,74.61
PAY_10075,f637682bd39f,card,success,,1,73.57
PAY_10076,04d2cd8374bb,card,success,,1,22.72
PAY_10077,e8c774157ae4,card,success,,1,138.63
PAY_10078,d3dcff7dfd82,card,success,,1,51.59
PAY_10079,e8252080f3c8,card,success,,1,163.64
PAY_10080,6346d52cd936,card,success,,1,258.05
PAY_10081,15ebd209214e,card,success,,1,39.7
PAY_10082,2accf7392534,card,success,,1,118.98
PAY_10083,9782ed153087,card,success,,1,69.94
PAY_10084,b62ea429c246,card,success,,1,57.33
PAY_10085,031fb112a311,card,success,,1,141.29
PAY_10086,157472e8869e,card,success,,1,134.03
PAY_10087,273d755e1d66,card,success,,1,68.24
PAY_10088,d60310341a38,card,success,,1,23.97
PAY_10089,0d873f55ddb4,card,success,,1,129.68
PAY_10090,ac10065e3bcb,card,success,,1,48.72
PAY_10091,0f6dc71e3195,card,success,,1,106.86
PAY_10092,62b98dd9d332,card,success,,1,101.59
PAY_10093,618ee4cb6962,card,success,,1,19.86
PAY_10094,f5277f4ec884,card,success,,1,96.05
PAY_10095,4ea5b77df2cb,card,success,,1,135.86
PAY_10096,f7ab1f377f7f,card,success,,1,149.86
PAY_10097,0217c4bca944,card,success,,1,98.88
PAY_10098,f5fe3fc302db,card,success,,1,18.51
PAY_10099,a0f10ae8b3a3,card,failed,timeout,1,250.05
PAY_10100,d457f7469485,card,success,,1,125.06
PAY_10101,089a51d76a78,card,success,,1,34.38
PAY_10102,2702fc8c8315,card,success,,1,47.93
PAY_10103,6701f8270a72,card,success,,1,108.31
PAY_10104,747f4e1b7bfb,card,success,,1,155.06
PAY_10105,84a26b48c468,card,success,,1,60.92
PAY_10106,884efd14b855,card,success,,1,174.24
PAY_10107,cbfdd4a00ac3,card,success,,1,21.45
PAY_10108,3e905391659f,card,success,,1,39.1
PAY_10109,ee0ecc58a075,card,success,,1,17.26
PAY_10110,56bbd0000efb,card,success,,1,43.91
PAY_10111,6de2f3435a53,card,success,,1,466.96
PAY_10112,b67d3438f3d4,card,success,,1,108.6
PAY_10113,beb74338475e,card,success,,1,54.01
PAY_10114,d9ce4702e65f,card,success,,1,75.39
PAY_10115,2d8e3dde56e7,card,success,,1,131.46
PAY_10116,52ab2824e6b9,card,success,,1,25.78
PAY_10117,bfedca9a932b,card,success,,1,56.94
PAY_10118,b54b3b0bb17f,card,success,,1,283.7
PAY_10119,fceae3d0553c,card,success,,1,38.99
PAY_10120,499626a23fd6,card,success,,1,49.44
PAY_10121,5027651de963,card,success,,1,90.97
PAY_10122,c9159768ebe3,card,success,,1,112.9
PAY_10123,23365b89ecf5,card,success,,1,54.6
PAY_10124,61591a636c0d,card,failed,bank_decline,1,95.73
PAY_10125,61591a636c0d,card,failed,timeout,2,95.73
PAY_10126,4ac0ac59c2b9,card,success,,1,146.4
PAY_10127,095024b011d5,card,success,,1,432.32
PAY_10128,01a5e4b90992,card,success,,1,81.37
PAY_10129,f9a0c493083f,card,success,,1,87.09
PAY_10130,d0189f5ff989,card,success,,1,305.5
PAY_10131,4cb96c91f303,card,success,,1,58.01
PAY_10132,34b5f0472acb,card,success,,1,31.2
PAY_10133,89775cb9b0ac,card,success,,1,109.97
PAY_10134,89a15c6df296,card,success,,1,212.93
PAY_10135,fbfbc28a1ff4,card,success,,1,120.16
PAY_10136,95da3d761830,card,success,,1,83.29
PAY_10137,2fd7fe976781,card,success,,1,28.26
PAY_10138,a8d52db41fe5,card,success,,1,85.91
PAY_10139,4a48b4959087,card,success,,1,241.42
PAY_10140,2eef4b5b02e6,card,success,,1,33.54
PAY_10141,2f3d8add9c8d,card,success,,1,74.01
PAY_10142,a10a1d0f38be,card,success,,1,66.02
PAY_10143,0044aacb2b41,card,success,,1,51.51
PAY_10144,8467c1a2ccde,card,success,,1,109.76
PAY_10145,233134511c54,card,success,,1,128.34
PAY_10146,652bca432067,card,success,,1,127.26
PAY_10147,e06613846117,card,success,,1,41.2
PAY_10148,c2af611af5f4,card,success,,1,24.12
PAY_10149,cd76b3b05f39,card,success,,1,111.04
PAY_10150,7a8df5df8d78,card,failed,bank_decline,1,60.06
PAY_10151,7a8df5df8d78,netbanking,failed,otp_failed,2,60.06
PAY_10152,bd2cd04133ff,card,success,,1,391.76
PAY_10153,05f02fed86d7,card,failed,bank_decline,1,406.51
PAY_10154,05f02fed86d7,netbanking,failed,otp_failed,2,406.51
PAY_10155,05f02fed86d7,netbanking,failed,bank_decline,3,406.51
PAY_10156,05f02fed86d7,netbanking,failed,timeout,4,406.51
PAY_10157,2b17f9c434a3,card,success,,1,442.55
PAY_10158,5aa72e8b765b,card,failed,timeout,1,42.43
PAY_10159,5aa72e8b765b,card,failed,timeout,2,42.43
PAY_10160,1de09978bc56,card,success,,1,141.95
PAY_10161,a41d9765b7f7,card,success,,1,180.69
PAY_10162,d094fedf7b55,card,success,,1,165.12
PAY_10163,a19779457a5f,card,success,,1,67.79
PAY_10164,0df2d3d1c89b,card,success,,1,90.05
PAY_10165,e942620a8f9d,card,success,,1,99.73
PAY_10166,b29825f652a6,card,success,,1,26.3
PAY_10167,931df58adee4,card,failed,otp_failed,1,150.78
PAY_10168,f8c9ce3089af,card,success,,1,73.09
PAY_10169,cb7c2f1f7341,card,success,,1,130.56
PAY_10170,294a44643790,card,success,,1,108.65
PAY_10171,c43690e818fa,card,success,,1,104.04
PAY_10172,f2723ad4e1ee,card,success,,1,86.78
PAY_10173,fb1e375390da,card,success,,1,76.78
PAY_10174,54bf06c3dce2,card,success,,1,28.1
PAY_10175,9ecb4850cdc2,card,success,,1,141.91
PAY_10176,43a831e7bad9,card,success,,1,47.12
PAY_10177,6689c6e31557,card,success,,1,31.21
PAY_10178,dd2d757e64b0,card,failed,otp_failed,1,39.73
PAY_10179,dd2d757e64b0,UPI,failed,otp_failed,2,39.73
PAY_10180,dd2d757e64b0,UPI,failed,timeout,3,39.73
PAY_10181,dd2d757e64b0,UPI,failed,otp_failed,4,39.73
PAY_10182,295d250d11a1,card,success,,1,112.92
PAY_10183,a0a5d9d41a3a,card,success,,1,83.33
PAY_10184,49fc3e1503af,card,success,,1,16.34
PAY_10185,5f9ac6983635,card,success,,1,66.23
PAY_10186,70794d2943f9,card,success,,1,229.38
PAY_10187,89641779ef0f,card,success,,1,62.74
PAY_10188,49699f02dfe5,card,success,,1,78.86
PAY_10189,740356a853db,card,success,,1,207.35
PAY_10190,708e26c9f762,card,success,,1,170.1
PAY_10191,c1b1e7b6f938,card,success,,1,203.85
PAY_10192,423761f04aa9,card,success,,1,9.8
PAY_10193,ecc638d06865,card,success,,1,360.26
PAY_10194,2f63387755c2,card,success,,1,149.77
PAY_10195,f4b7df5e2333,card,success,,1,644.96
PAY_10196,450b9385017e,card,success,,1,48.14
PAY_10197,d19086d0af0e,card,success,,1,21.96
PAY_10198,6c68ef67ec0b,card,success,,1,90.54
PAY_10199,efc32c2b6343,card,success,,1,72.22
PAY_10200,d98b0255a086,card,failed,otp_failed,1,151.86
PAY_10201,d98b0255a086,card,failed,timeout,2,151.86
PAY_10202,3e9c62903d31,card,success,,1,212.71
PAY_10203,c97d5c075750,card,failed,otp_failed,1,83.95
PAY_10204,c97d5c075750,card,failed,otp_failed,2,83.95
PAY_10205,c97d5c075750,card,failed,otp_failed,3,83.95
PAY_10206,16f983d4bb5b,card,success,,1,74.25
PAY_10207,cff2efef5024,card,success,,1,136.75
PAY_10208,6016e1a3481a,card,success,,1,73.33
PAY_10209,51dfdfb20755,card,success,,1,68.58
PAY_10210,7b8cebcaf357,card,success,,1,206.38
PAY_10211,6ab70aca79e3,card,success,,1,246.61
PAY_10212,80b5a9fa7487,card,success,,1,214.26
PAY_10213,35783d0196ad,card,success,,1,78.68
PAY_10214,1a7766fdbdcf,card,success,,1,16.25
PAY_10215,bddaa19bb2cc,card,success,,1,79.95
PAY_10216,e0bb385ddb9d,card,success,,1,49.09
PAY_10217,8d10b08a3245,card,success,,1,81.14
PAY_10218,69d575541580,card,success,,1,52.62
PAY_10219,cf5bd5dacb93,card,success,,1,88.54
PAY_10220,fd1c1d11cb08,card,success,,1,39.2
PAY_10221,7a3433abadab,card,success,,1,32.31
PAY_10222,194407cddc5d,card,success,,1,239.4
PAY_10223,89141ac38c49,card,success,,1,41.44
PAY_10224,5cacd51403f5,card,success,,1,193.18
PAY_10225,883cb9ecc2ea,card,success,,1,187.06
PAY_10226,15ebbb077620,card,success,,1,170.01
PAY_10227,9b9afb0073ca,card,success,,1,114.7
PAY_10228,12fa8aa788e5,card,success,,1,160.65
PAY_10229,cd676891c895,card,success,,1,270.01
PAY_10230,c38db38d3740,card,success,,1,126.47
PAY_10231,e5955dcc4194,card,success,,1,20.7
PAY_10232,30b323b2257f,card,failed,otp_failed,1,58.98
PAY_10233,30b323b2257f,card,failed,timeout,2,58.98
PAY_10234,997fbd325122,card,success,,1,157.13
PAY_10235,27798c63e510,card,success,,1,54.51
PAY_10236,937ea5051455,card,success,,1,329.01
PAY_10237,ac4ccbf944af,card,success,,1,85.58
PAY_10238,5bead15048c2,card,success,,1,221.36
PAY_10239,29f8c761a804,card,success,,1,77.77
PAY_10240,141b735451c2,card,success,,1,103.65
PAY_10241,041894f1516a,card,success,,1,184.8
PAY_10242,799266d08351,card,success,,1,27.72
PAY_10243,953c35b38f22,card,success,,1,71.65
PAY_10244,90436a7df55b,card,success,,1,174.74
PAY_10245,6d3d76cc78c2,card,success,,1,94.87
PAY_10246,d6576042648b,card,success,,1,291.16
PAY_10247,33a485b72434,card,success,,1,23.29
PAY_10248,07ae8b919591,card,success,,1,166.63
PAY_10249,e921b7be6ebc,card,failed,timeout,1,179.94
PAY_10250,e921b7be6ebc,card,failed,bank_decline,2,179.94
PAY_10251,e921b7be6ebc,card,failed,timeout,3,179.94
PAY_10252,470794990d46,card,success,,1,77.12
PAY_10253,c341d6f2b306,card,success,,1,124.0
PAY_10254,61007fd3483f,card,success,,1,163.39
PAY_10255,93f303bb71e3,card,success,,1,46.94
PAY_10256,5a13aa0f87fa,card,success,,1,51.14
PAY_10257,9285db9aa8cf,card,success,,1,104.77
PAY_10258,7e6f62868444,card,success,,1,185.54
PAY_10259,400e9bb1688d,card,success,,1,35.42
PAY_10260,5386f237d951,card,success,,1,76.83
PAY_10261,334fab324a02,card,success,,1,74.04
PAY_10262,964b6d854f71,card,success,,1,125.76
PAY_10263,ff3e52a9bf88,card,success,,1,89.39
PAY_10264,70ceec5f37d0,card,success,,1,58.17
PAY_10265,1b8922749750,card,success,,1,244.41
PAY_10266,d8bb1f4d7f47,card,success,,1,58.47
PAY_10267,00b0e681c982,card,success,,1,71.26
PAY_10268,25712a3c2107,card,success,,1,25.2
PAY_10269,b0bb5c60e3a5,card,success,,1,50.86
PAY_10270,c2ea1c649057,card,success,,1,136.03
PAY_10271,3f14608c6e09,card,success,,1,145.42
PAY_10272,5be0d9461aa3,card,success,,1,139.88
PAY_10273,87c3ac088ecb,card,success,,1,478.27
PAY_10274,c90c95aa1a71,card,success,,1,49.49
PAY_10275,0e3c5bcd39a1,card,success,,1,24.64
PAY_10276,914f51ad4032,card,success,,1,38.84
PAY_10277,42fec747791c,card,success,,1,51.27
PAY_10278,5edecb764c4b,card,success,,1,41.29
PAY_10279,962939c5d0a0,card,success,,1,97.02
PAY_10280,b89a4279beda,card,failed,timeout,1,245.21
PAY_10281,b89a4279beda,card,failed,otp_failed,2,245.21
PAY_10282,b89a4279beda,card,failed,otp_failed,3,245.21
PAY_10283,e98b0f25a912,card,failed,bank_decline,1,308.5
PAY_10284,53b1b56877ab,card,success,,1,134.75
PAY_10285,46ac66ece57f,card,success,,1,499.21
PAY_10286,32031d775a5c,card,success,,1,67.69
PAY_10287,9754bc17838c,card,success,,1,24.39
PAY_10288,8379afad5146,card,success,,1,209.04
PAY_10289,6595f46c5f5d,card,success,,1,20.68
PAY_10290,c5206c524230,card,success,,1,49.21
PAY_10291,9bbadb69126c,card,success,,1,136.47
PAY_10292,51250f23dce2,card,success,,1,82.94
PAY_10293,7ce007c94dd3,card,success,,1,77.26
PAY_10294,6323b7014ba5,card,success,,1,35.0
PAY_10295,e91dabb855c6,card,success,,1,89.24
PAY_10296,6dbfd77ed031,card,success,,1,200.92
PAY_10297,6e16a9cef7d7,card,success,,1,91.47
PAY_10298,db178df70c5a,card,success,,1,46.33
PAY_10299,56374766fd02,card,success,,1,33.18
PAY_10300,017c1faafe3e,card,success,,1,47.1
PAY_10301,816e961c2816,card,success,,1,123.21
PAY_10302,71a6baed0b3d,card,success,,1,118.5
PAY_10303,54f3bd9ae7cd,card,success,,1,47.45
PAY_10304,ab0806197f03,card,success,,1,15.35
PAY_10305,1fa168602a71,card,success,,1,125.97
PAY_10306,3a1aea06b771,card,success,,1,43.9
PAY_10307,8727ef327af9,card,success,,1,156.22
PAY_10308,51e463273980,card,success,,1,49.16
PAY_10309,e2e2dd3bb688,card,success,,1,40.84
PAY_10310,fca6e48aa608,card,success,,1,101.75
PAY_10311,b1ecb33ed187,card,success,,1,593.57
PAY_10312,d2b8acdcad67,card,success,,1,163.89
PAY_10313,9d2c4801214f,card,success,,1,100.38
PAY_10314,9677e0b8ca39,card,success,,1,22.18
PAY_10315,7bb7918feb4c,card,success,,1,36.68
PAY_10316,bce1ad9b9e94,card,success,,1,12.08
PAY_10317,8a785662a532,card,success,,1,305.49
PAY_10318,dfa244cec964,card,success,,1,123.25
PAY_10319,c8cd1227c281,card,success,,1,100.29
PAY_10320,813a140d1f54,card,success,,1,26.02
PAY_10321,c7cd8188629c,card,success,,1,75.53
PAY_10322,a9fd5bd8b642,card,success,,1,377.63
PAY_10323,b88d6a4ff114,card,success,,1,100.0
PAY_10324,dfba74942400,card,success,,1,57.3
PAY_10325,ce6eb0308121,card,success,,1,22.06
PAY_10326,27e500fa27d3,card,success,,1,271.58
PAY_10327,886a45b8a1bb,card,success,,1,85.11
PAY_10328,fbd8e70f9898,card,success,,1,22.08
PAY_10329,57202e2e8c18,card,success,,1,42.97
PAY_10330,899e6379945a,card,success,,1,32.39
PAY_10331,0a0902fbaad6,card,success,,1,81.01
PAY_10332,40e9f725344f,card,success,,1,60.19
PAY_10333,b184132b34d1,card,success,,1,167.61
PAY_10334,88c61cd48654,card,success,,1,95.87
PAY_10335,65998a23731f,card,success,,1,210.58
PAY_10336,975c5e229418,card,success,,1,67.64
PAY_10337,86aee5c0ce59,card,success,,1,1028.92
PAY_10338,c4db9d34b325,card,failed,bank_decline,1,57.31
PAY_10339,c4db9d34b325,card,failed,bank_decline,2,57.31
PAY_10340,c4db9d34b325,card,failed,timeout,3,57.31
PAY_10341,075e19914b9c,card,success,,1,43.7
PAY_10342,5bf4774c4adb,card,success,,1,39.61
PAY_10343,cd5ab0598612,card,success,,1,76.04
PAY_10344,d33f4702a58e,card,success,,1,22.75
PAY_10345,3c4061f5122c,card,success,,1,113.94
PAY_10346,8131a032f7f6,card,success,,1,19.6
PAY_10347,3244d64cf51d,card,success,,1,30.54
PAY_10348,0d6a93f75035,card,success,,1,66.35
PAY_10349,5924a27cab6e,card,success,,1,146.0
PAY_10350,19e2d5cecbb6,card,success,,1,568.63
PAY_10351,60b7fd0dd085,card,success,,1,38.0
PAY_10352,228e4076fa09,card,success,,1,79.82
PAY_10353,7c0d6573a505,card,failed,otp_failed,1,50.45
PAY_10354,61a121e08228,card,success,,1,44.89
PAY_10355,8d2f25fc7a55,card,success,,1,50.81
PAY_10356,7563ff72a88f,card,success,,1,174.03
PAY_10357,cf846094de0b,card,success,,1,60.92
PAY_10358,a0e480dea9bf,card,success,,1,544.27
PAY_10359,270de625a0af,card,success,,1,125.56
PAY_10360,976894e98050,card,success,,1,40.12
PAY_10361,e83c569f38cc,card,success,,1,67.13
PAY_10362,593916eadd8b,card,success,,1,47.4
PAY_10363,28f89ec5cd3e,card,success,,1,170.73
PAY_10364,ed2c8fd43262,card,success,,1,24.26
PAY_10365,5f0d07081ef2,card,success,,1,30.79
PAY_10366,ecd87b5f5b3b,card,success,,1,56.08
PAY_10367,1dc0d6be9f0b,card,success,,1,155.46
PAY_10368,61e78003d741,card,success,,1,241.4
PAY_10369,bc329700ef6e,card,success,,1,271.63
PAY_10370,c5eed2460ce6,card,success,,1,137.53
PAY_10371,1ef95554a834,card,success,,1,84.24
PAY_10372,f9b68022f8ac,card,success,,1,169.98
PAY_10373,1e66895a89db,card,success,,1,36.03
PAY_10374,fb945ac5de08,card,success,,1,20.58
PAY_10375,0fa6a817d785,card,success,,1,127.65
PAY_10376,da156c371ac9,card,success,,1,40.26
PAY_10377,3e426f1fd9c8,card,success,,1,85.43
PAY_10378,0494547dd2bc,card,success,,1,99.06
PAY_10379,f1dc4210c9e0,card,success,,1,109.78
PAY_10380,6923fb181876,card,success,,1,190.61
PAY_10381,d2529c0158e8,card,success,,1,175.15
PAY_10382,1336233b658f,card,success,,1,105.21
PAY_10383,0826662c9c4f,card,success,,1,63.21
PAY_10384,4c7e3b75ace0,card,success,,1,98.12
PAY_10385,cfb54ff99805,card,success,,1,55.87
PAY_10386,385a5ac66de6,card,success,,1,76.93
PAY_10387,d8ebf5ca0313,card,success,,1,731.09
PAY_10388,26ef61eb6a2e,card,success,,1,104.14
PAY_10389,2e072c4dc318,card,success,,1,129.05
PAY_10390,d87b325ac1fc,card,success,,1,51.19
PAY_10391,4ec05cc3cc2d,card,success,,1,203.58
PAY_10392,576d8854197c,card,failed,bank_decline,1,165.38
PAY_10393,576d8854197c,card,failed,bank_decline,2,165.38
PAY_10394,576d8854197c,card,failed,bank_decline,3,165.38
PAY_10395,8da79b16d9bb,card,success,,1,166.31
PAY_10396,24cf626099ff,card,success,,1,106.9
PAY_10397,751dbb5a5697,card,success,,1,205.89
PAY_10398,40c31008c885,card,success,,1,248.97
PAY_10399,41d841359150,card,success,,1,112.9
PAY_10400,6685aa311298,card,success,,1,82.13
PAY_10401,480459cdf520,card,success,,1,184.13
PAY_10402,b3db99612b8c,card,success,,1,43.67
PAY_10403,1e7dddb14880,card,success,,1,50.69
PAY_10404,9af034cfab93,card,success,,1,86.26
PAY_10405,e6fd05d53900,card,success,,1,22.35
PAY_10406,0172d689d5be,card,success,,1,174.53
PAY_10407,00001d18aa4f,card,success,,1,41.67
PAY_10408,153cf69a1602,card,success,,1,61.73
PAY_10409,b8c2e9ad2ad8,card,success,,1,75.9
PAY_10410,4d56ef27274c,card,success,,1,92.89
PAY_10411,f6de8489d65f,card,success,,1,68.38
PAY_10412,17f4505b2fda,card,success,,1,85.29
PAY_10413,4ea6b6b3b4d0,card,success,,1,85.82
PAY_10414,ea25bbd4c058,card,success,,1,62.95
PAY_10415,907508f55fc1,card,success,,1,48.49
PAY_10416,3eaa2eccaaeb,card,success,,1,213.83
PAY_10417,ca9e1df136c3,card,success,,1,16.72
PAY_10418,4eccd3c88902,card,success,,1,76.36
PAY_10419,748edb193982,card,success,,1,61.86
PAY_10420,f16d8a74ee72,card,success,,1,125.84
PAY_10421,59a3d9c26e91,card,success,,1,28.12
PAY_10422,f0b77208acb5,card,success,,1,60.35
PAY_10423,6a7ee2133c6f,card,success,,1,82.94
PAY_10424,98d387127e10,card,success,,1,211.89
PAY_10425,5c8d23682b43,card,success,,1,117.42
PAY_10426,ef9bdcea6bb5,card,success,,1,34.93
PAY_10427,ba04d0bb186d,card,success,,1,60.95
PAY_10428,a86199ad8510,card,failed,timeout,1,182.88
PAY_10429,a86199ad8510,netbanking,failed,bank_decline,2,182.88
PAY_10430,a86199ad8510,netbanking,failed,bank_decline,3,182.88
PAY_10431,3e509f6eba7d,card,success,,1,34.45
PAY_10432,db14a5b181b9,card,success,,1,84.53
PAY_10433,8ef082512754,card,success,,1,89.36
PAY_10434,8e2788ad3e5b,card,success,,1,66.11
PAY_10435,5f7773171016,card,success,,1,777.9
PAY_10436,7c5a03dee189,card,success,,1,64.7
PAY_10437,6becff351d65,card,success,,1,129.0
PAY_10438,190553e8f2ae,card,success,,1,137.3
PAY_10439,e53ad2be27b2,card,success,,1,180.66
PAY_10440,5a1dc2a736c9,card,success,,1,56.24
PAY_10441,d753fc88610d,card,success,,1,86.16
PAY_10442,8c1651fc9402,card,success,,1,36.03
PAY_10443,f650294bab20,card,success,,1,206.32
PAY_10444,fc67a85ae1ba,card,success,,1,13.05
PAY_10445,2af24dc79f82,card,success,,1,369.55
PAY_10446,4466c2d0f073,card,success,,1,47.39
PAY_10447,7c4b5709caf8,card,success,,1,334.53
PAY_10448,39ffa8d3ded6,card,success,,1,80.37
PAY_10449,08870c8cf479,card,success,,1,78.99
PAY_10450,82a97b2e4765,card,success,,1,33.7
PAY_10451,c46149735947,card,success,,1,24.34
PAY_10452,466b29c977f9,card,success,,1,78.8
PAY_10453,a5070d33d8c5,card,success,,1,120.33
PAY_10454,726fb2922623,card,success,,1,114.94
PAY_10455,4d3a974af71b,card,success,,1,61.25
PAY_10456,8dda00bf3324,card,success,,1,91.49
PAY_10457,e749c1a7e184,card,success,,1,20.7
PAY_10458,6dc9fed9bf44,card,success,,1,130.08
PAY_10459,dd76a0462e8a,card,failed,otp_failed,1,102.42
PAY_10460,ff5641f399af,card,success,,1,436.56
PAY_10461,44adfd49f444,card,success,,1,90.56
PAY_10462,c03e5313c141,card,success,,1,42.35
PAY_10463,d4510a7a8b6a,card,success,,1,86.44
PAY_10464,246a9e655bb2,card,success,,1,69.25
PAY_10465,8d239c546c8c,card,success,,1,127.46
PAY_10466,71ae61a4df95,card,success,,1,91.97
PAY_10467,938fd8cb48af,card,success,,1,32.85
PAY_10468,b7828e394611,card,success,,1,24.32
PAY_10469,037613c68d7e,card,success,,1,111.09
PAY_10470,cc341fe2da17,card,success,,1,272.19
PAY_10471,89576e68e973,card,success,,1,95.92
PAY_10472,41ac33ab9a53,card,success,,1,172.54
PAY_10473,597ea98a8608,card,success,,1,202.4
PAY_10474,eddf99ea8afb,card,success,,1,111.43
PAY_10475,705b99c7561d,card,success,,1,46.92
PAY_10476,9f210e41aa1e,card,success,,1,105.24
PAY_10477,d1d2018b04ff,card,success,,1,236.43
PAY_10478,27be33cb904b,card,success,,1,137.54
PAY_10479,ec979493c5a2,card,success,,1,163.79
PAY_10480,ac6d2d564bab,card,success,,1,62.18
PAY_10481,cc7a0b890c06,card,success,,1,76.56
PAY_10482,2f61f520d63d,card,success,,1,81.86
PAY_10483,4cbca5f5dea3,card,success,,1,86.39
PAY_10484,6b59501bbae7,card,success,,1,229.15
PAY_10485,8afd5c678260,card,success,,1,13.77
PAY_10486,d0eca74fe30b,card,success,,1,92.24
PAY_10487,30d4e69996d7,card,success,,1,84.47
PAY_10488,fa821aa1fd7e,card,success,,1,30.05
PAY_10489,f9b20dbc42b2,card,success,,1,154.07
PAY_10490,fe1b4525a8fc,card,success,,1,50.42
PAY_10491,7f2419bf4208,card,success,,1,67.65
PAY_10492,2e0266d37997,card,success,,1,395.06
PAY_10493,6e5c72852fb6,card,success,,1,201.94
PAY_10494,8f68243c98d2,card,success,,1,142.54
PAY_10495,226d330564fd,card,success,,1,122.07
PAY_10496,a8eb8d645e75,card,success,,1,78.91
PAY_10497,58ef6a052a15,card,failed,timeout,1,445.64
PAY_10498,07b828cf0d73,card,success,,1,171.01
PAY_10499,c178a1dca25e,card,success,,1,49.42
PAY_10500,dadffcdbd391,card,success,,1,29.37
PAY_10501,123576d47769,card,success,,1,141.67
PAY_10502,0f75833eccb9,card,success,,1,86.08
PAY_10503,227d3a2c25b0,card,success,,1,28.7
PAY_10504,1bfef3b1d4f4,card,success,,1,126.83
PAY_10505,44bf46b43c1d,card,success,,1,72.59
PAY_10506,484bbd6581dc,card,success,,1,137.62
PAY_10507,d98f73d5f7ac,card,success,,1,128.17
PAY_10508,c28f10c0db55,card,success,,1,55.33
PAY_10509,ea065f14fa7c,card,success,,1,149.35
PAY_10510,50e7b000b253,card,success,,1,60.44
PAY_10511,9b60aa4e8bc5,card,failed,otp_failed,1,63.67
PAY_10512,9b60aa4e8bc5,netbanking,failed,timeout,2,63.67
PAY_10513,9b60aa4e8bc5,netbanking,failed,otp_failed,3,63.67
PAY_10514,9b60aa4e8bc5,netbanking,failed,timeout,4,63.67
PAY_10515,c6ceb0cc3997,card,success,,1,58.8
PAY_10516,4b3f82b7232d,card,success,,1,71.92
PAY_10517,02bbd7b43708,card,success,,1,269.87
PAY_10518,ca73b07e86d4,card,success,,1,374.95
PAY_10519,dae3363e9831,card,success,,1,49.85
PAY_10520,86053d8b4895,card,success,,1,8.7
PAY_10521,1486792e08de,card,success,,1,207.6
PAY_10522,35c165d8fcd3,card,success,,1,68.47
PAY_10523,87a8445dd58d,card,success,,1,45.02
PAY_10524,072825076247,card,success,,1,56.21
PAY_10525,3e97ae04c54a,card,success,,1,64.6
PAY_10526,9b918645506e,card,success,,1,254.11
PAY_10527,ceae5b37e49a,card,success,,1,102.3
PAY_10528,ca4d50b8f75f,card,success,,1,251.36
PAY_10529,917b93144c81,card,success,,1,133.67
PAY_10530,6a309d907f31,card,success,,1,70.29
PAY_10531,7b5b44a0d471,card,success,,1,65.87
PAY_10532,30582ab205b1,card,success,,1,141.07
PAY_10533,b060869d6caf,card,success,,1,173.53
PAY_10534,6658fd63f6ab,card,success,,1,199.82
PAY_10535,78682167e3ba,card,success,,1,73.02
PAY_10536,6e7bb979862c,card,success,,1,103.56
PAY_10537,0a1d0e821d02,card,success,,1,143.63
PAY_10538,c1b99c19f9e0,card,success,,1,66.21
PAY_10539,a49cdeee95fe,card,success,,1,36.31
PAY_10540,70a53edfb83b,card,failed,bank_decline,1,47.23
PAY_10541,70a53edfb83b,card,failed,otp_failed,2,47.23
PAY_10542,70a53edfb83b,card,failed,bank_decline,3,47.23
PAY_10543,70a53edfb83b,card,failed,bank_decline,4,47.23
PAY_10544,caa2095e3820,card,success,,1,74.23
PAY_10545,ed4841d5b4db,card,success,,1,152.9
PAY_10546,64b32bb6dc0e,card,success,,1,246.46
PAY_10547,bea060abfbba,card,success,,1,30.42
PAY_10548,255f00b32152,card,success,,1,55.82
PAY_10549,99d22211806f,card,success,,1,67.61
PAY_10550,ae84ffea3a85,card,success,,1,170.0
PAY_10551,0228c0eef69b,card,success,,1,59.0
PAY_10552,c7f88b6e585c,card,success,,1,63.83
PAY_10553,1f7afc67caf2,card,success,,1,29.09
PAY_10554,24d95b0a97b7,card,success,,1,132.52
PAY_10555,6bde79eef007,card,failed,otp_failed,1,79.11
PAY_10556,6bde79eef007,card,failed,bank_decline,2,79.11
PAY_10557,c4feeecc99ee,card,success,,1,73.14
PAY_10558,5ea0380f1f8c,card,success,,1,221.76
PAY_10559,5354c47ee734,card,success,,1,40.29
PAY_10560,4159f4c161bf,card,success,,1,45.91
PAY_10561,029845961fe6,card,success,,1,245.13
PAY_10562,6e43b3b3815e,card,success,,1,95.64
PAY_10563,070d016b87a6,card,success,,1,153.82
PAY_10564,23930f20a229,card,success,,1,124.14
PAY_10565,2addfa85d274,card,success,,1,87.51
PAY_10566,03a3b3c08276,card,success,,1,68.13
PAY_10567,130246a12f57,card,success,,1,175.08
PAY_10568,4d297a89ee32,card,success,,1,228.12
PAY_10569,5a84a168d4ba,card,success,,1,214.29
PAY_10570,52df2adb8710,card,success,,1,34.87
PAY_10571,f819daca30a5,card,success,,1,255.68
PAY_10572,686fcb123c4a,card,success,,1,67.6
PAY_10573,47207300c30d,card,success,,1,49.2
PAY_10574,a2507bd85124,card,success,,1,78.61
PAY_10575,4563a91f3059,card,success,,1,175.02
PAY_10576,51a89b7cb583,card,success,,1,138.71
PAY_10577,90e72050ffc5,card,success,,1,73.38
PAY_10578,1a2ea133dbff,card,success,,1,175.94
PAY_10579,6fdcfc1da380,card,success,,1,100.67
PAY_10580,f99925f9b714,card,success,,1,56.92
PAY_10581,6d9f45919f2d,card,success,,1,51.09
PAY_10582,0ca0730fc2cb,card,success,,1,124.98
PAY_10583,35d61e8e2cb5,card,success,,1,29.95
PAY_10584,3733218debb0,card,success,,1,177.28
PAY_10585,6ee7c7e0fe84,card,success,,1,61.3
PAY_10586,95def30a4ff5,card,failed,otp_failed,1,321.72
PAY_10587,066329d1d639,card,success,,1,29.3
PAY_10588,e8fb0a242fa7,card,success,,1,77.9
PAY_10589,abbed6778c03,card,success,,1,51.42
PAY_10590,b353ca327b14,card,success,,1,41.25
PAY_10591,504e0f81a84c,card,success,,1,60.98
PAY_10592,e07d5945b93a,card,success,,1,371.09
PAY_10593,642f090fe734,card,success,,1,100.96
PAY_10594,d4dcc436fc09,card,success,,1,47.78
PAY_10595,f2151036c3fb,card,success,,1,20.84
PAY_10596,06f183452121,card,success,,1,22.71
PAY_10597,14b467f865e7,card,success,,1,58.61
PAY_10598,55a5b1aa1808,card,success,,1,54.22
PAY_10599,32465305b0c8,card,success,,1,75.25
PAY_10600,8e893a9295f2,card,success,,1,14.62
PAY_10601,7d13d17c50e6,card,success,,1,83.65
PAY_10602,c188f00a7ec0,card,success,,1,204.83
PAY_10603,2f2455c5bd07,card,success,,1,329.73
PAY_10604,4676338d6ccc,card,success,,1,19.78
PAY_10605,28b9f1d0a747,card,success,,1,47.41
PAY_10606,b82539bf9db7,card,success,,1,45.45
PAY_10607,e36e7432604d,card,success,,1,101.15
PAY_10608,7e6b7d5e867d,card,success,,1,33.93
PAY_10609,ee6ba03adb80,card,success,,1,345.78
PAY_10610,c3a02bc8bf31,card,success,,1,93.21
PAY_10611,dac7ccdbe226,card,success,,1,321.88
PAY_10612,1a0c3b0224e0,card,success,,1,88.87
PAY_10613,9053786d4331,card,success,,1,124.0
PAY_10614,e8b8a34a3687,card,success,,1,49.37
PAY_10615,f71ea3abaefd,card,success,,1,30.07
PAY_10616,d8c9034abe87,card,success,,1,55.24
PAY_10617,8505ee2fc42d,card,success,,1,517.8
PAY_10618,6807935ecc43,card,success,,1,149.37
PAY_10619,255ff7ff2f75,card,success,,1,112.13
PAY_10620,51aa2028aa58,card,success,,1,41.22
PAY_10621,b42e514cef3c,card,success,,1,186.61
PAY_10622,c1f10e996eb0,card,failed,bank_decline,1,30.38
PAY_10623,c1f10e996eb0,netbanking,failed,timeout,2,30.38
PAY_10624,b613004a9b00,card,success,,1,25.7
PAY_10625,bd3c9c55f608,card,success,,1,57.56
PAY_10626,25f92708d3eb,card,success,,1,429.92
PAY_10627,e783a37271fe,card,success,,1,410.89
PAY_10628,7e8c43947f44,card,success,,1,62.74
PAY_10629,2da30c266bc6,card,success,,1,52.49
PAY_10630,bce46f5c9b34,card,success,,1,24.23
PAY_10631,1257c23656b4,card,success,,1,95.82
PAY_10632,64a065f972cb,card,success,,1,102.47
PAY_10633,0f74cef0e171,card,success,,1,169.3
PAY_10634,42be694ab6b4,card,success,,1,186.53
PAY_10635,1161afaab2b8,card,success,,1,140.45
PAY_10636,7d686672b6f8,card,success,,1,51.39
PAY_10637,c14cd3c882d1,card,success,,1,138.33
PAY_10638,0efbd8b23e36,card,success,,1,59.99
PAY_10639,39b5ded4e794,card,success,,1,121.85
PAY_10640,21d051cdfe1b,card,success,,1,95.11
PAY_10641,c5fbc1dcba41,card,success,,1,169.97
PAY_10642,53315da729ec,card,success,,1,25.63
PAY_10643,18cffb6d77b6,card,success,,1,72.53
PAY_10644,31b6848916cb,card,success,,1,28.37
PAY_10645,d4b384ba17e7,card,success,,1,65.01
PAY_10646,5e55d673f50c,card,failed,otp_failed,1,66.71
PAY_10647,5e55d673f50c,card,failed,otp_failed,2,66.71
PAY_10648,5e55d673f50c,card,failed,otp_failed,3,66.71
PAY_10649,a766980b6299,card,success,,1,256.66
PAY_10650,1b92592d5788,card,success,,1,100.89
PAY_10651,b602ad775d5e,card,success,,1,205.11
PAY_10652,171e209063ca,card,success,,1,114.59
PAY_10653,9e188bcf2850,card,success,,1,58.64
PAY_10654,37d733d7a2b5,card,success,,1,161.34
PAY_10655,5120ba04da48,card,success,,1,233.86
PAY_10656,cef498ca611e,card,success,,1,80.98
PAY_10657,03c300a762ef,card,failed,bank_decline,1,24.09
PAY_10658,03c300a762ef,UPI,failed,timeout,2,24.09
PAY_10659,03c300a762ef,UPI,failed,bank_decline,3,24.09
PAY_10660,a218a1d26f7a,card,success,,1,22.78
PAY_10661,911d914ce566,card,failed,otp_failed,1,69.33
PAY_10662,911d914ce566,UPI,failed,timeout,2,69.33
PAY_10663,09c56fd471bc,card,success,,1,13.87
PAY_10664,32c233882434,card,success,,1,378.45
PAY_10665,cd5d6fd07412,card,success,,1,145.12
PAY_10666,bbe39f9e1dfb,card,success,,1,54.13
PAY_10667,442754c9ec96,card,success,,1,37.05
PAY_10668,3554dd5e92a5,card,success,,1,204.89
PAY_10669,131eac9fb70b,card,success,,1,36.93
PAY_10670,b4bbd1e4264e,card,success,,1,39.86
PAY_10671,a852e3fceec8,card,success,,1,48.78
PAY_10672,a36444180556,card,success,,1,98.62
PAY_10673,a46723f0d081,card,success,,1,147.92
PAY_10674,612cc1f50c3d,card,success,,1,233.72
PAY_10675,206b69fd7b49,card,success,,1,207.68
PAY_10676,2e2b2e7809ff,card,success,,1,90.07
PAY_10677,699d67e1d59f,card,success,,1,203.65
PAY_10678,ea4cbfb802ac,card,success,,1,52.63
PAY_10679,01e7add82919,card,failed,otp_failed,1,20.97
PAY_10680,01e7add82919,netbanking,failed,otp_failed,2,20.97
PAY_10681,01e7add82919,netbanking,failed,otp_failed,3,20.97
PAY_10682,01e7add82919,netbanking,failed,otp_failed,4,20.97
PAY_10683,f998f68c56a3,card,success,,1,47.23
PAY_10684,f6baf385b24a,card,success,,1,54.29
PAY_10685,c8e04698881f,card,success,,1,41.78
PAY_10686,2082a14d7b7e,card,success,,1,62.25
PAY_10687,ba82263cf376,card,success,,1,147.82
PAY_10688,2a93ee4ed257,card,success,,1,355.03
PAY_10689,cd1a925674e7,card,success,,1,22.64
PAY_10690,20d2104accef,card,success,,1,32.13
PAY_10691,9e273d300cb8,card,success,,1,47.79
PAY_10692,52c3fc9e97ba,card,success,,1,166.1
PAY_10693,a09476df1545,card,success,,1,76.4
PAY_10694,62c09eec5b16,card,success,,1,50.44
PAY_10695,2af9d44d6032,card,success,,1,159.71
PAY_10696,e0b38fa19b32,card,success,,1,193.47
PAY_10697,628fc70c18f0,card,success,,1,88.68
PAY_10698,97a4fd84fdfe,card,success,,1,46.85
PAY_10699,aacbc984b5ae,card,success,,1,111.75
PAY_10700,5f523af67efd,card,success,,1,74.69
PAY_10701,59313078da60,card,success,,1,74.23
PAY_10702,fd46291d4b4e,card,success,,1,59.74
PAY_10703,a603b0bbeec1,card,success,,1,188.67
PAY_10704,3d430093c10c,card,success,,1,109.94
PAY_10705,1a87266536a3,card,success,,1,206.14
PAY_10706,6d2ec1587f73,card,success,,1,262.19
PAY_10707,fd186bca7a02,card,success,,1,129.95
PAY_10708,5f283cf005dd,card,success,,1,60.03
PAY_10709,57952efbbb63,card,success,,1,206.91
PAY_10710,df58780c4df7,card,success,,1,130.65
PAY_10711,22a03e395da2,card,success,,1,722.48
PAY_10712,d9ae53e6ffff,card,success,,1,115.36
PAY_10713,bf06e556b05a,card,success,,1,157.3
PAY_10714,103bf40ed57b,card,success,,1,113.56
PAY_10715,47e273951585,card,success,,1,83.16
PAY_10716,52edf635e511,card,success,,1,73.18
PAY_10717,83da22b99e6f,card,success,,1,113.91
PAY_10718,afbb5cd5926a,card,success,,1,136.58
PAY_10719,94a7afb3920e,card,success,,1,226.67
PAY_10720,67fb4e9b6e8b,card,failed,bank_decline,1,115.25
PAY_10721,67fb4e9b6e8b,netbanking,failed,bank_decline,2,115.25
PAY_10722,67fb4e9b6e8b,netbanking,failed,timeout,3,115.25
PAY_10723,67fb4e9b6e8b,netbanking,failed,otp_failed,4,115.25
PAY_10724,08e59ef82ffb,card,success,,1,62.16
PAY_10725,2058668a9135,card,success,,1,69.3
PAY_10726,9bad301d6349,card,success,,1,31.24
PAY_10727,7a5f431fb1f3,card,success,,1,340.01
PAY_10728,5940e2167cbe,card,success,,1,58.39
PAY_10729,93168973e48a,card,success,,1,195.19
PAY_10730,77860ad5f1a6,card,success,,1,112.31
PAY_10731,a20c52bfb4c8,card,success,,1,114.78
PAY_10732,8038d6f3a4f9,card,success,,1,81.94
PAY_10733,51c8e4875619,card,success,,1,47.93
PAY_10734,77cd76fae6b6,card,success,,1,41.48
PAY_10735,58cff67157eb,card,success,,1,358.8
PAY_10736,58033e2136b7,card,success,,1,98.61
PAY_10737,2565dff59acc,card,success,,1,221.45
PAY_10738,a28cf524e885,card,success,,1,272.58
PAY_10739,eabadba7a8d7,card,success,,1,126.32
PAY_10740,dd3a9b2b91c4,card,success,,1,93.32
PAY_10741,417402980b56,card,success,,1,35.67
PAY_10742,52eafdb28365,card,success,,1,77.6
PAY_10743,12b7577d10b0,card,success,,1,144.03
PAY_10744,eb4575d0f78d,card,success,,1,60.39
PAY_10745,7bcd87225b1a,card,success,,1,69.42
PAY_10746,6197a6ad6e42,card,success,,1,78.36
PAY_10747,0caca4b00a89,card,failed,otp_failed,1,487.47
PAY_10748,7ea25ade160e,card,success,,1,20.75
PAY_10749,46ba7aa21e36,card,success,,1,134.47
PAY_10750,b5e2f7c5f294,card,success,,1,73.5
PAY_10751,2cc70390a4af,card,success,,1,53.92
PAY_10752,e0507c17860c,card,success,,1,72.07
PAY_10753,e03302dcfee2,card,failed,bank_decline,1,153.53
PAY_10754,e03302dcfee2,card,failed,otp_failed,2,153.53
PAY_10755,d608c5145b02,card,success,,1,160.71
PAY_10756,5cc17d5825cc,card,success,,1,104.46
PAY_10757,be96b717510b,card,success,,1,215.77
PAY_10758,be1f9774cdf3,card,success,,1,248.41
PAY_10759,f43da0acf2cb,card,success,,1,172.97
PAY_10760,5175dd7babd0,card,success,,1,58.15
PAY_10761,0958cb4992dc,card,success,,1,133.69
PAY_10762,2a62201e6e80,card,success,,1,134.2
PAY_10763,e08ab3486383,card,success,,1,46.88
PAY_10764,eabfe326ee62,card,success,,1,25.65
PAY_10765,ba27691bd287,card,success,,1,17.85
PAY_10766,4de68c5d001a,card,success,,1,95.19
PAY_10767,25886b15f8c6,card,success,,1,114.25
PAY_10768,ee6dbbc3d50f,card,success,,1,34.97
PAY_10769,f7cca4980658,card,failed,otp_failed,1,207.85
PAY_10770,f7cca4980658,card,failed,otp_failed,2,207.85
PAY_10771,f7cca4980658,card,failed,timeout,3,207.85
PAY_10772,f7cca4980658,card,failed,otp_failed,4,207.85
PAY_10773,3d7af680d4cc,card,success,,1,101.67
PAY_10774,739591c97edf,card,success,,1,264.96
PAY_10775,827d077b4667,card,success,,1,121.08
PAY_10776,e6c09c64fdea,card,success,,1,38.36
PAY_10777,49dc5b881c64,card,success,,1,129.88
PAY_10778,895454f4e9bc,card,success,,1,153.87
PAY_10779,b1ddc61b90d4,card,success,,1,58.08
PAY_10780,587907bdf98a,card,success,,1,28.4
PAY_10781,a67cfc1ef2d6,card,success,,1,97.54
PAY_10782,8283382ed332,card,success,,1,40.42
PAY_10783,b79cf99c3210,card,success,,1,220.68
PAY_10784,c3a000649575,card,success,,1,64.99
PAY_10785,1e0961dcd538,card,success,,1,357.7
PAY_10786,c9669e1ecb3b,card,success,,1,16.46
PAY_10787,e585fdf29ca1,card,success,,1,100.27
PAY_10788,31b9505d7710,card,success,,1,282.45
PAY_10789,ebc75185b2eb,card,success,,1,44.16
PAY_10790,c6829c982e0c,card,success,,1,79.25
PAY_10791,90252e37108c,card,success,,1,65.21
PAY_10792,5ed1257a9360,card,success,,1,109.48
PAY_10793,b8723b45af40,card,success,,1,31.93
PAY_10794,036880c4018e,card,success,,1,136.02
PAY_10795,17a9ec13749c,card,success,,1,75.79
PAY_10796,67e3b8658fcf,card,success,,1,40.44
PAY_10797,eee29e0cba7e,card,success,,1,205.23
PAY_10798,3a90aa1c263b,card,success,,1,161.45
PAY_10799,5879678a0878,card,success,,1,39.14
PAY_10800,646597b2ce32,card,success,,1,31.97
PAY_10801,ac8cd5651f65,card,success,,1,42.03
PAY_10802,7f3a1388ce2c,card,success,,1,139.24
PAY_10803,f0fef78b6a88,card,success,,1,112.22
PAY_10804,133917ea2b7f,card,success,,1,169.37
PAY_10805,55a8aa2b2c1f,card,success,,1,69.34
PAY_10806,1902b6ae2b1e,card,success,,1,42.96
PAY_10807,83da55057603,card,success,,1,187.74
PAY_10808,1bb908d9229d,card,success,,1,57.81
PAY_10809,5aed093448bc,card,success,,1,104.51
PAY_10810,c946077915e7,card,success,,1,26.05
PAY_10811,d16ccd729ad0,card,success,,1,57.06
PAY_10812,ae025d382462,card,success,,1,201.85
PAY_10813,8eb800739494,card,success,,1,50.75
PAY_10814,2f741d0d2962,card,success,,1,172.71
PAY_10815,750baecd4d05,card,success,,1,13.95
PAY_10816,a18de8026d35,card,success,,1,57.54
PAY_10817,0786305553d0,card,success,,1,78.49
PAY_10818,4cef66e7e0e2,card,failed,bank_decline,1,362.87
PAY_10819,55a7dd5ea4ed,card,success,,1,35.33
PAY_10820,5cb3d968351a,card,success,,1,153.98
PAY_10821,a2c47f335b8c,card,success,,1,50.54
PAY_10822,27aa3aebc43c,card,success,,1,66.77
PAY_10823,2e3e414d4c3c,card,success,,1,100.82
PAY_10824,92ccf5948690,card,success,,1,62.55
PAY_10825,8c1ebdc0086f,card,success,,1,249.86
PAY_10826,6decce4f293e,card,success,,1,136.75
PAY_10827,78554cd18c0f,card,success,,1,79.41
PAY_10828,0e49560f4010,card,success,,1,98.54
PAY_10829,2931a50e2a01,card,success,,1,143.27
PAY_10830,44b6d6712903,card,success,,1,166.99
PAY_10831,a94951b47ace,card,success,,1,57.68
PAY_10832,c9bc44778b6a,card,success,,1,307.29
PAY_10833,303d375b6fe1,card,success,,1,258.03
PAY_10834,8d3001591650,card,success,,1,154.75
PAY_10835,b2d46b4a8a1a,card,success,,1,45.86
PAY_10836,03a74fd76d34,card,success,,1,39.8
PAY_10837,a5f64d21a006,card,success,,1,69.32
PAY_10838,0d5a02ea15bb,card,success,,1,94.5
PAY_10839,8e13464c5113,card,success,,1,21.87
PAY_10840,d67839e781eb,card,success,,1,133.72
PAY_10841,dc0f6e239442,card,success,,1,252.14
PAY_10842,3f2d2f4e4cba,card,success,,1,142.76
PAY_10843,f46098608457,card,success,,1,52.41
PAY_10844,037e5a6eef3a,card,success,,1,47.68
PAY_10845,166422b15d03,card,success,,1,114.42
PAY_10846,908198a6d38a,card,success,,1,79.63
PAY_10847,499f4bb94545,card,success,,1,128.31
PAY_10848,b315ad0061d6,card,success,,1,145.67
PAY_10849,c61304fadd1d,card,success,,1,215.62
PAY_10850,356bc3088b2e,card,success,,1,36.39
PAY_10851,cc835cb3d26c,card,success,,1,107.48
PAY_10852,4b048c4e7a0c,card,success,,1,67.3
PAY_10853,86e0d428fc00,card,success,,1,83.19
PAY_10854,df27d5cfcaae,card,success,,1,179.74
PAY_10855,7e5d98446ed5,card,success,,1,196.08
PAY_10856,6f365b70d4f8,card,success,,1,275.55
PAY_10857,a3b4c410aaaa,card,success,,1,82.43
PAY_10858,533c74f96cd9,card,success,,1,73.53
PAY_10859,a6c5eadf1935,card,success,,1,22.47
PAY_10860,a496aee9d795,card,success,,1,69.58
PAY_10861,625ae89ebdeb,card,success,,1,134.92
PAY_10862,c8d0490e3885,card,success,,1,154.96
PAY_10863,3941d68992cc,card,success,,1,33.24
PAY_10864,dd45589d3f6d,card,success,,1,43.01
PAY_10865,8227fef3aef1,card,success,,1,310.32
PAY_10866,878c04eb8d96,card,success,,1,113.56
PAY_10867,5f93ccb85e9d,card,success,,1,56.57
PAY_10868,8bdb6d87296d,card,success,,1,81.36
PAY_10869,31e599af702b,card,success,,1,214.65
PAY_10870,7d37752247c7,card,success,,1,190.08
PAY_10871,13b00190ce9f,card,success,,1,332.76
PAY_10872,f0ee504b78c5,card,success,,1,194.98
PAY_10873,0bbfbd11a83a,card,success,,1,79.68
PAY_10874,c4eb5bb1550f,card,success,,1,34.7
PAY_10875,3a995aa87668,card,success,,1,209.18
PAY_10876,f0f7afc43498,card,success,,1,131.78
PAY_10877,910965ffda4c,card,success,,1,28.04
PAY_10878,4d8aa4d56f00,card,success,,1,74.76
PAY_10879,451a094e8c77,card,success,,1,1097.66
PAY_10880,9fa8117c775b,card,failed,timeout,1,91.21
PAY_10881,9fa8117c775b,card,failed,otp_failed,2,91.21
PAY_10882,a75b859d2cf2,card,success,,1,49.72
PAY_10883,59eed3fe1b59,card,success,,1,40.17
PAY_10884,a8fef348fb08,card,success,,1,371.55
PAY_10885,bf3f0972cdb6,card,success,,1,177.36
PAY_10886,88a3b61cce31,card,success,,1,277.54
PAY_10887,34ff8da88b23,card,success,,1,109.79
PAY_10888,a1512da0697c,card,success,,1,245.48
PAY_10889,1d165fd6c99f,card,success,,1,45.67
PAY_10890,28270c300b2a,card,success,,1,102.52
PAY_10891,12f9b349c05f,card,success,,1,113.26
PAY_10892,ad576b799f8b,card,success,,1,272.04
PAY_10893,30d69f3a06f6,card,failed,otp_failed,1,116.17
PAY_10894,30d69f3a06f6,UPI,failed,bank_decline,2,116.17
PAY_10895,1134c0dc48b9,card,success,,1,54.58
PAY_10896,78e402df9a67,card,success,,1,94.75
PAY_10897,4256ed2450da,card,success,,1,23.54
PAY_10898,f2259f81db36,card,success,,1,14.06
PAY_10899,dbfe1a034f6b,card,failed,bank_decline,1,175.05
PAY_10900,12acbcecc9bf,card,success,,1,66.7
PAY_10901,af5de33c4c17,card,success,,1,73.03
PAY_10902,3f37eb6543c6,card,success,,1,174.99
PAY_10903,73057fd94de3,card,success,,1,275.23
PAY_10904,634648875cdd,card,success,,1,138.05
PAY_10905,38c1a232adb5,card,success,,1,420.93
PAY_10906,fdbf3e293ad9,card,success,,1,134.58
PAY_10907,3f43ca21011d,card,success,,1,114.64
PAY_10908,1179d9c2ea9d,card,success,,1,109.11
PAY_10909,58c10d9700ae,card,success,,1,32.19
PAY_10910,393dcb905747,card,success,,1,193.41
PAY_10911,e0f063e9d615,card,success,,1,12.73
PAY_10912,432a2b61ed16,card,success,,1,91.68
PAY_10913,5a20a03acaeb,card,success,,1,47.86
PAY_10914,384666649931,card,success,,1,62.71
PAY_10915,ddeb355ebd5d,card,success,,1,392.09
PAY_10916,0ee0a5772bee,card,failed,otp_failed,1,217.72
PAY_10917,3639d537ad62,card,success,,1,52.0
PAY_10918,354a47786473,card,success,,1,61.83
PAY_10919,0d37f82f227e,card,success,,1,32.41
PAY_10920,4f0851b550cd,card,failed,otp_failed,1,73.71
PAY_10921,ac291ef5a452,card,success,,1,18.67
PAY_10922,ca298bee4ccc,card,success,,1,97.58
PAY_10923,96deaf3de2fe,card,success,,1,127.89
PAY_10924,2820641e5ff0,card,success,,1,194.52
PAY_10925,2fa4923b2b09,card,success,,1,84.89
PAY_10926,d8334f1803ef,card,success,,1,66.81
PAY_10927,7e460e9fb6c5,card,success,,1,440.99
PAY_10928,4e35c61fba53,card,success,,1,90.49
PAY_10929,486476dcc77a,card,success,,1,160.08
PAY_10930,7e4e34419be7,card,success,,1,58.46
PAY_10931,5b83cf3dbac4,card,success,,1,156.32
PAY_10932,49bb205c61d0,card,failed,timeout,1,62.2
PAY_10933,49bb205c61d0,card,failed,timeout,2,62.2
PAY_10934,8593a0b73c4a,card,success,,1,34.24
PAY_10935,b8910a5237d5,card,success,,1,55.48
PAY_10936,24721136096c,card,success,,1,244.78
PAY_10937,649770004165,card,success,,1,55.15
PAY_10938,a69872d46eb8,card,failed,otp_failed,1,159.91
PAY_10939,a69872d46eb8,UPI,failed,bank_decline,2,159.91
PAY_10940,a69872d46eb8,UPI,failed,timeout,3,159.91
PAY_10941,6bb34e75a88f,card,success,,1,303.02
PAY_10942,0f36fb90273a,card,success,,1,88.05
PAY_10943,ec039a2b4925,card,success,,1,199.34
PAY_10944,f7f4f6c18368,card,success,,1,137.67
PAY_10945,ec1df7d92a9c,card,success,,1,98.81
PAY_10946,1aaec5cd90eb,card,failed,bank_decline,1,164.06
PAY_10947,1aaec5cd90eb,UPI,failed,timeout,2,164.06
PAY_10948,1aaec5cd90eb,UPI,failed,timeout,3,164.06
PAY_10949,3402ce6c6f18,card,success,,1,392.27
PAY_10950,9add4edd5fe6,card,success,,1,54.06
PAY_10951,175bc35666ba,card,success,,1,39.87
PAY_10952,c1dcbeb2c710,card,success,,1,199.45
PAY_10953,534e56686ed9,card,success,,1,222.18
PAY_10954,56b27f813d3d,card,success,,1,58.58
PAY_10955,58e942506995,card,success,,1,16.3
PAY_10956,8c1f63571639,card,success,,1,52.47
PAY_10957,9d4c89f76e54,card,success,,1,139.53
PAY_10958,c829f2480a05,card,success,,1,85.34
PAY_10959,2131d096fc77,card,success,,1,103.99
PAY_10960,7c9a7c5aef77,card,success,,1,59.22
PAY_10961,e037bfd6489b,card,success,,1,202.61
PAY_10962,18cc8277146c,card,success,,1,118.46
PAY_10963,45e3455cd8bc,card,success,,1,143.91
PAY_10964,498822f90de2,card,success,,1,102.23
PAY_10965,5df9b587d2b4,card,success,,1,136.93
PAY_10966,4c617a0a98c9,card,failed,otp_failed,1,129.91
PAY_10967,4c617a0a98c9,UPI,failed,timeout,2,129.91
PAY_10968,4c617a0a98c9,UPI,failed,otp_failed,3,129.91
PAY_10969,4c617a0a98c9,UPI,failed,otp_failed,4,129.91
PAY_10970,0efd4b1569bf,card,success,,1,42.84
PAY_10971,672e90961223,card,failed,bank_decline,1,121.32
PAY_10972,672e90961223,card,failed,bank_decline,2,121.32
PAY_10973,672e90961223,card,failed,bank_decline,3,121.32
PAY_10974,6e9ec351e407,card,success,,1,169.56
PAY_10975,0ca449507030,card,success,,1,125.57
PAY_10976,16acffc64026,card,success,,1,41.59
PAY_10977,88e6c4027dca,card,failed,bank_decline,1,47.04
PAY_10978,ddee0b2af93e,card,success,,1,104.75
PAY_10979,355028edf026,card,success,,1,36.64
PAY_10980,92a0f3756adb,card,success,,1,36.46
PAY_10981,bbf247c7c1e3,card,success,,1,16.8
PAY_10982,7b4befc81222,card,success,,1,7.42
PAY_10983,b5e766beec23,card,success,,1,81.01
PAY_10984,3ed190d977fe,card,success,,1,576.04
PAY_10985,cc5f52d75125,card,success,,1,378.96
PAY_10986,4d5b6665c4aa,card,success,,1,41.16
PAY_10987,83a0dbab14b6,card,success,,1,27.89
PAY_10988,302227e00a69,card,success,,1,31.51
PAY_10989,475be26bd170,card,success,,1,34.54
PAY_10990,9a69b8a068eb,card,success,,1,75.16
PAY_10991,c5e917018481,card,success,,1,77.79
PAY_10992,8b4f0126ec97,card,success,,1,110.19
PAY_10993,b02b37f3f5c5,card,success,,1,153.02
PAY_10994,790fb10a1623,card,success,,1,68.75
PAY_10995,e7e7bdc46f00,card,success,,1,92.66
PAY_10996,28d1a443e80f,card,success,,1,37.52
PAY_10997,d0b7d09011ee,card,failed,bank_decline,1,30.7
PAY_10998,d0b7d09011ee,card,failed,bank_decline,2,30.7
PAY_10999,d0b7d09011ee,card,failed,otp_failed,3,30.7
PAY_11000,4ef52bac7ddd,card,success,,1,27.13
PAY_11001,fe61caa3278f,card,success,,1,151.32
PAY_11002,a248e739eab2,card,success,,1,68.69
PAY_11003,8e5afd27f32b,card,failed,timeout,1,20.15
PAY_11004,8e5afd27f32b,card,failed,otp_failed,2,20.15
PAY_11005,8e5afd27f32b,card,failed,timeout,3,20.15
PAY_11006,04c2d1a1bfeb,card,success,,1,85.59
PAY_11007,c9f809cc3832,card,success,,1,33.15
PAY_11008,94c25828cc2d,card,success,,1,339.78
PAY_11009,ffb993296df1,card,success,,1,56.65
PAY_11010,de8105394610,card,success,,1,155.28
PAY_11011,34c2659122f7,card,success,,1,215.11
PAY_11012,2442e3134f0a,card,success,,1,41.93
PAY_11013,84d4566011ab,card,success,,1,95.66
PAY_11014,7e3e8e0aec1e,card,success,,1,140.16
PAY_11015,ea01b55db4cc,card,success,,1,98.73
PAY_11016,5ba6b43de958,card,success,,1,120.17
PAY_11017,7fa05c441bc7,card,success,,1,31.07
PAY_11018,fbdc24ec1507,card,success,,1,140.22
PAY_11019,09a36f92a0f6,card,failed,bank_decline,1,61.01
PAY_11020,09a36f92a0f6,card,failed,timeout,2,61.01
PAY_11021,09a36f92a0f6,card,failed,timeout,3,61.01
PAY_11022,bf16e62d3ac4,card,success,,1,119.05
PAY_11023,2b225a782266,card,success,,1,187.92
PAY_11024,9751be820367,card,success,,1,153.71
PAY_11025,b481790175b1,card,success,,1,118.98
PAY_11026,0d8c160d5f68,card,success,,1,150.46
PAY_11027,673438ace106,card,success,,1,156.14
PAY_11028,58a8a2f9c530,card,success,,1,297.79
PAY_11029,b34a0ca1dde8,card,success,,1,87.6
PAY_11030,3fcccf7505e5,card,success,,1,102.63
PAY_11031,6247d6ed7525,card,success,,1,189.74
PAY_11032,89b6e88e66b6,card,success,,1,60.81
PAY_11033,5053b7e6f761,card,success,,1,30.93
PAY_11034,8368d5248e29,card,success,,1,133.56
PAY_11035,b01a04759c2f,card,success,,1,76.34
PAY_11036,a4a238dc5baa,card,success,,1,34.26
PAY_11037,bafb1cde534f,card,success,,1,134.35
PAY_11038,c5d56161dbc3,card,success,,1,282.85
PAY_11039,bdc51186b6de,card,success,,1,24.44
PAY_11040,0d70b9e4ae1c,card,success,,1,203.95
PAY_11041,e3524a19d7d1,card,success,,1,11.83
PAY_11042,67be115248ad,card,success,,1,65.35
PAY_11043,340702e96f64,card,success,,1,392.45
PAY_11044,ff10f1d3735a,card,success,,1,69.22
PAY_11045,e343748ee158,card,success,,1,96.73
PAY_11046,f9f4e65166ce,card,success,,1,165.72
PAY_11047,9a69c82fc99b,card,success,,1,95.36
PAY_11048,74fb9a10e6f2,card,success,,1,94.76
PAY_11049,2b4b1285e945,card,failed,timeout,1,33.5
PAY_11050,2b4b1285e945,UPI,failed,timeout,2,33.5
PAY_11051,2b4b1285e945,UPI,failed,timeout,3,33.5
PAY_11052,2b4b1285e945,UPI,failed,bank_decline,4,33.5
PAY_11053,ba2d041fa8c8,card,success,,1,66.34
PAY_11054,0bed10514c66,card,success,,1,42.83
PAY_11055,add314831c69,card,success,,1,39.35
PAY_11056,cdc9fa7eb264,card,success,,1,221.83
PAY_11057,c419834b59cf,card,success,,1,91.96
PAY_11058,ec08cb0f908a,card,success,,1,57.72
PAY_11059,28849b51e455,card,success,,1,59.48
PAY_11060,bf68a3528efa,card,success,,1,57.36
PAY_11061,6c13245af4bb,card,success,,1,61.62
PAY_11062,23f96023c0ec,card,success,,1,32.73
PAY_11063,587e610e89b5,card,success,,1,73.19
PAY_11064,7dc3601a20fb,card,failed,otp_failed,1,67.53
PAY_11065,2afbd55b1f49,card,success,,1,49.1
PAY_11066,88dc6e45d38d,card,success,,1,101.9
PAY_11067,b22075684a16,card,success,,1,109.06
PAY_11068,1a0971bb7d72,card,failed,bank_decline,1,57.67
PAY_11069,0cc4bec10d31,card,success,,1,80.21
PAY_11070,2fae7669deff,card,success,,1,506.18
PAY_11071,9102e97f1e20,card,success,,1,490.95
PAY_11072,372b07302ff5,card,success,,1,38.73
PAY_11073,d4f0d61551e1,card,success,,1,43.31
PAY_11074,69df3cbe904e,card,success,,1,38.57
PAY_11075,b5e8bb629ce0,card,success,,1,209.69
PAY_11076,cd31610e6edf,card,success,,1,65.44
PAY_11077,92f5ea0d2f0d,card,failed,otp_failed,1,109.04
PAY_11078,92f5ea0d2f0d,card,failed,otp_failed,2,109.04
PAY_11079,92f5ea0d2f0d,card,failed,timeout,3,109.04
PAY_11080,92f5ea0d2f0d,card,failed,timeout,4,109.04
PAY_11081,cefbaadddd71,card,success,,1,444.78
PAY_11082,ce7f2eaad4a1,card,success,,1,89.27
PAY_11083,5a67d3f7f957,card,success,,1,158.38
PAY_11084,9e79513f5361,card,success,,1,136.5
PAY_11085,1967c8eaca66,card,success,,1,56.23
PAY_11086,42c88f34bc7f,card,success,,1,210.05
PAY_11087,717ffd339bb0,card,success,,1,45.62
PAY_11088,bd4b8f572d33,card,success,,1,262.93
PAY_11089,e26c82c07f2f,card,success,,1,56.26
PAY_11090,ffa1a892c473,card,success,,1,61.41
PAY_11091,0e9aa5c9ec6c,card,success,,1,37.68
PAY_11092,28ec45be0e16,card,success,,1,42.97
PAY_11093,71cefe4a7de7,card,success,,1,63.98
PAY_11094,157109cab529,card,success,,1,12.87
PAY_11095,452047a6ad1a,card,success,,1,74.69
PAY_11096,17bbf40dc43d,card,success,,1,59.96
PAY_11097,063e87c0d67c,card,success,,1,126.27
PAY_11098,7b2ade4575b1,card,success,,1,51.11
PAY_11099,3fceffe77247,card,success,,1,62.37
PAY_11100,fa8ddbafbb1a,card,success,,1,74.61
PAY_11101,4542d456fffa,card,success,,1,295.53
PAY_11102,ec127673f323,card,success,,1,50.61
PAY_11103,e6ae3f7dbec5,card,success,,1,36.49
PAY_11104,bce3a4bc4ac1,card,success,,1,27.51
PAY_11105,b029f7f29155,card,success,,1,115.08
PAY_11106,ff131ea9f16f,card,success,,1,251.19
PAY_11107,0d72d1a7f2ee,card,success,,1,207.08
PAY_11108,a49f3de927b8,card,success,,1,612.59
PAY_11109,da62909fb6ab,card,failed,bank_decline,1,84.85
PAY_11110,14f753172f71,card,success,,1,73.08
PAY_11111,372ad031d08b,card,success,,1,31.81
PAY_11112,dcada32280ac,card,success,,1,157.16
PAY_11113,cb5588fa5fb3,card,success,,1,98.97
PAY_11114,e6a205ba3377,card,success,,1,151.56
PAY_11115,56b3465e5966,card,success,,1,36.19
PAY_11116,2dcdbe851109,card,success,,1,106.08
PAY_11117,9bc4887f0242,card,success,,1,100.61
PAY_11118,b085aaba5da2,card,success,,1,52.11
PAY_11119,4f925e3ab5ff,card,success,,1,233.1
PAY_11120,00227cdde685,card,success,,1,464.17
PAY_11121,cfee14beb39d,card,success,,1,37.03
PAY_11122,63af2a9a61c7,card,success,,1,160.19
PAY_11123,ef6d690142f4,card,success,,1,9.0
PAY_11124,d3d95211231f,card,failed,otp_failed,1,153.68
PAY_11125,d3d95211231f,card,failed,otp_failed,2,153.68
PAY_11126,d3d95211231f,card,failed,bank_decline,3,153.68
PAY_11127,460031bffb34,card,success,,1,20.16
PAY_11128,6efc18a69241,card,success,,1,59.15
PAY_11129,babea5d8d62c,card,success,,1,31.49
PAY_11130,52d49931b6e0,card,success,,1,75.76
PAY_11131,4817fe8b6abf,card,success,,1,176.1
PAY_11132,bc7561388c81,card,success,,1,20.37
PAY_11133,8d86a9769a37,card,success,,1,67.52
PAY_11134,7dd5e0729a16,card,success,,1,59.7
PAY_11135,38ea8a156002,card,success,,1,318.89
PAY_11136,4b4bcf7b8cdb,card,success,,1,127.16
PAY_11137,a4f766b5a7ce,card,failed,timeout,1,35.1
PAY_11138,3a59e22cdfc4,card,success,,1,312.59
PAY_11139,deba5671e67c,card,success,,1,159.41
PAY_11140,cda9d5bf4daa,card,success,,1,43.18
PAY_11141,d6b27bd68ae0,card,success,,1,72.7
PAY_11142,7bd43106a98c,card,success,,1,74.58
PAY_11143,f8b0178d17ce,card,success,,1,58.53
PAY_11144,d0c97ccebbe1,card,success,,1,22.92
PAY_11145,6f22d6e22cae,card,success,,1,52.35
PAY_11146,cacadf803017,card,success,,1,273.52
PAY_11147,087815195094,card,success,,1,66.36
PAY_11148,60f4c4588d50,card,success,,1,82.88
PAY_11149,74b019ad6e55,card,success,,1,100.73
PAY_11150,5ec91c839c1c,card,success,,1,530.87
PAY_11151,f907ac242bd7,card,success,,1,90.66
PAY_11152,50afcbaefcdf,card,success,,1,215.97
PAY_11153,a39299ea083d,card,success,,1,55.78
PAY_11154,38a9fa26df40,card,success,,1,73.15
PAY_11155,b377905928f7,card,success,,1,90.93
PAY_11156,091c74611235,card,success,,1,48.46
PAY_11157,ac5ec4e0ace9,card,success,,1,76.48
PAY_11158,fc4a13220b8e,card,success,,1,183.17
PAY_11159,c226b132333c,card,failed,bank_decline,1,47.45
PAY_11160,29bf90fdf0d4,card,success,,1,90.02
PAY_11161,22eed204a0b5,card,success,,1,158.7
PAY_11162,dfc17a465bb3,card,success,,1,46.55
PAY_11163,73543ac2d680,card,success,,1,216.23
PAY_11164,825c665fabaf,card,success,,1,95.42
PAY_11165,3bc33e8ec9a1,card,success,,1,78.88
PAY_11166,097b98a1a5b8,card,success,,1,18.06
PAY_11167,6a61d7873953,card,failed,otp_failed,1,66.76
PAY_11168,6a61d7873953,card,failed,bank_decline,2,66.76
PAY_11169,18560d5518cd,card,success,,1,121.18
PAY_11170,6cf07c62011d,card,success,,1,363.68
PAY_11171,9ef15d1797aa,card,success,,1,141.78
PAY_11172,544041fe718c,card,failed,timeout,1,221.62
PAY_11173,544041fe718c,card,failed,timeout,2,221.62
PAY_11174,d5f394df7a6e,card,success,,1,34.22
PAY_11175,9f486c1523c1,card,success,,1,81.33
PAY_11176,f65d3ade4d7f,card,success,,1,239.03
PAY_11177,fb380384b9c9,card,success,,1,44.25
PAY_11178,504168ee426a,card,success,,1,194.84
PAY_11179,e75774a19fb7,card,success,,1,161.85
PAY_11180,d2756e7a01e1,card,success,,1,112.14
PAY_11181,e7985370ba6a,card,success,,1,69.2
PAY_11182,ed1cb8c4fea5,card,success,,1,40.89
PAY_11183,2b180777e4ec,card,success,,1,372.52
PAY_11184,4c01033d65e8,card,success,,1,149.23
PAY_11185,29e45afd0fc7,card,success,,1,118.21
PAY_11186,3156e977b866,card,success,,1,64.7
PAY_11187,5ed46aa49ab0,card,success,,1,92.79
PAY_11188,8b5cda150c06,card,success,,1,102.7
PAY_11189,7e7ed05cb2f3,card,success,,1,123.95
PAY_11190,260226e628bd,card,success,,1,161.98
PAY_11191,7b08ae627b0c,card,success,,1,48.14
PAY_11192,1eb6268d9faf,card,success,,1,27.85
PAY_11193,75a0bb288587,card,success,,1,96.3
PAY_11194,c1222bd5f80b,card,failed,otp_failed,1,22.25
PAY_11195,c1222bd5f80b,card,failed,otp_failed,2,22.25
PAY_11196,c1222bd5f80b,card,failed,timeout,3,22.25
PAY_11197,29c4340ec1d3,card,success,,1,69.48
PAY_11198,cb5db902b010,card,success,,1,59.9
PAY_11199,0e9da1566f76,card,success,,1,133.41
PAY_11200,7df40a480858,card,success,,1,439.69
PAY_11201,e46634a6359a,card,success,,1,19.0
PAY_11202,4a210e0e6d31,card,failed,bank_decline,1,555.21
PAY_11203,4a210e0e6d31,UPI,failed,bank_decline,2,555.21
PAY_11204,8ef3f61414f7,card,success,,1,74.7
PAY_11205,fe14d9325a09,card,success,,1,118.9
PAY_11206,c5ca73f81b93,card,failed,timeout,1,29.02
PAY_11207,c5ca73f81b93,card,failed,bank_decline,2,29.02
PAY_11208,4026a9bfd835,card,success,,1,199.84
PAY_11209,762a2e8e47b8,card,success,,1,93.05
PAY_11210,2d75c5d40fe6,card,success,,1,85.7
PAY_11211,a0f16f7baa7e,card,success,,1,19.11
PAY_11212,6512a9c22c1b,card,success,,1,95.49
PAY_11213,cdfae733a604,card,success,,1,177.09
PAY_11214,fcaad8924260,card,failed,otp_failed,1,74.51
PAY_11215,c36d5a282002,card,success,,1,230.29
PAY_11216,c441ae6ef4bb,card,success,,1,222.81
PAY_11217,8811f4c0e127,card,success,,1,53.9
PAY_11218,01b89cf69c04,card,success,,1,322.5
PAY_11219,d393620cee76,card,success,,1,93.34
PAY_11220,93179b57f3e0,card,success,,1,93.67
PAY_11221,411f492e27ae,card,success,,1,97.43
PAY_11222,b4ded4d380e7,card,success,,1,95.15
PAY_11223,fa80ed5d9435,card,success,,1,10.98
PAY_11224,654d8a103f59,card,success,,1,77.6
PAY_11225,99f2fe0a869b,card,success,,1,30.23
PAY_11226,2caf20f4405f,card,success,,1,330.65
PAY_11227,f34931d2e37e,card,success,,1,320.17
PAY_11228,132cc15bb1ee,card,success,,1,177.96
PAY_11229,f1d1d2832c7d,card,success,,1,74.38
PAY_11230,951db4739be8,card,success,,1,40.19
PAY_11231,2c80dc4e92e2,card,success,,1,53.19
PAY_11232,2228619b058e,card,success,,1,425.86
PAY_11233,3ef646007519,card,success,,1,51.74
PAY_11234,e637b8b359bf,card,success,,1,13.67
PAY_11235,e51dd999f887,card,success,,1,205.23
PAY_11236,2f57097b3517,card,success,,1,298.99
PAY_11237,fed027e3a08f,card,success,,1,339.47
PAY_11238,fb996995dad2,card,success,,1,206.58
PAY_11239,d0e47d1fbecd,card,success,,1,235.38
PAY_11240,43cd55ac0e4d,card,success,,1,93.91
PAY_11241,1f0d95daebb7,card,success,,1,17.1
PAY_11242,806d690975eb,card,success,,1,92.05
PAY_11243,ad6fef720f03,card,success,,1,148.01
PAY_11244,5bee94c843ea,card,success,,1,80.78
PAY_11245,236c3f0aed97,card,success,,1,77.89
PAY_11246,e8ef013948f5,card,success,,1,41.63
PAY_11247,a8be14adfbf6,card,failed,bank_decline,1,40.39
PAY_11248,a8be14adfbf6,card,failed,bank_decline,2,40.39
PAY_11249,a8be14adfbf6,card,failed,bank_decline,3,40.39
PAY_11250,a8be14adfbf6,card,failed,otp_failed,4,40.39
PAY_11251,9c582ea5cdfc,card,success,,1,391.71
PAY_11252,c3cbc7825f58,card,success,,1,403.22
PAY_11253,c676282927d0,card,success,,1,89.83
PAY_11254,99aec09efea2,card,success,,1,112.76
PAY_11255,50dc6d0ed672,card,success,,1,41.07
PAY_11256,69f3eff8ceb5,card,success,,1,150.51
PAY_11257,fa112c4cd354,card,success,,1,367.87
PAY_11258,3ef429038dce,card,success,,1,26.49
PAY_11259,1dc937e92e85,card,success,,1,130.47
PAY_11260,f45b6f0fd230,card,success,,1,138.55
PAY_11261,ab426795a026,card,success,,1,137.29
PAY_11262,c4c584b48775,card,success,,1,335.04
PAY_11263,8b09f2a33346,card,success,,1,458.89
PAY_11264,aac9434ea100,card,success,,1,74.68
PAY_11265,c2b7ad2e1629,card,success,,1,154.24
PAY_11266,00288a72feed,card,success,,1,96.29
PAY_11267,f0e77a029827,card,success,,1,54.29
PAY_11268,59c5386d90d0,card,success,,1,111.79
PAY_11269,dbf762ff312b,card,success,,1,154.04
PAY_11270,2570c55b601f,card,success,,1,107.08
PAY_11271,c3f67578d244,card,success,,1,44.48
PAY_11272,79f92cf8a24a,card,success,,1,62.13
PAY_11273,eafd129ab5a1,card,success,,1,62.51
PAY_11274,04bf6c94e0bd,card,success,,1,45.88
PAY_11275,8c5c099660e6,card,success,,1,115.68
PAY_11276,f923d66700b7,card,success,,1,125.77
PAY_11277,31d19d38d1f0,card,success,,1,197.08
PAY_11278,6d216a9cc847,card,failed,bank_decline,1,45.33
PAY_11279,6d216a9cc847,netbanking,failed,otp_failed,2,45.33
PAY_11280,f9e6fbc9bc34,card,success,,1,56.71
PAY_11281,9986a5772616,card,success,,1,312.2
PAY_11282,cb9740980060,card,success,,1,78.92
PAY_11283,0a73918b9937,card,success,,1,92.21
PAY_11284,13bf8ee00777,card,success,,1,78.25
PAY_11285,5a12d384545b,card,success,,1,222.83
PAY_11286,28a3e14616f3,card,success,,1,229.85
PAY_11287,ac4771cf9406,card,failed,otp_failed,1,219.33
PAY_11288,ac4771cf9406,UPI,failed,otp_failed,2,219.33
PAY_11289,7d90ce9425ac,card,success,,1,91.95
PAY_11290,2a00afc8b48e,card,success,,1,44.79
PAY_11291,6fed31d71ad4,card,success,,1,419.96
PAY_11292,ae0fd59fb373,card,success,,1,178.58
PAY_11293,840782b0b246,card,success,,1,62.47
PAY_11294,8197d395a417,card,success,,1,58.65
PAY_11295,add38c5d3e6b,card,success,,1,278.26
PAY_11296,efc9c881f6e3,card,success,,1,293.72
PAY_11297,d589a3be959d,card,success,,1,43.07
PAY_11298,07adfb235d1d,card,success,,1,143.37
PAY_11299,d5f9f5a84d27,card,success,,1,168.3
PAY_11300,caaee2756925,card,success,,1,729.18
PAY_11301,9d554ba05ec8,card,success,,1,49.71
PAY_11302,b5e7d19dcf49,card,success,,1,91.27
PAY_11303,7235f8b6e817,card,success,,1,33.35
PAY_11304,590d24cc0fbf,card,success,,1,81.78
PAY_11305,f129570196fd,card,success,,1,90.19
PAY_11306,dbede6e3c49d,card,success,,1,38.59
PAY_11307,eaf1e458c49b,card,success,,1,115.55
PAY_11308,f22a3211967c,card,success,,1,193.69
PAY_11309,cfb5f0c9b6eb,card,success,,1,108.91
PAY_11310,e900e705f58e,card,success,,1,58.35
PAY_11311,6c4e8b6f81bc,card,success,,1,79.94
PAY_11312,380f0d5ac444,card,success,,1,89.69
PAY_11313,0686c3fd260c,card,success,,1,107.11
PAY_11314,5ffa19a40821,card,success,,1,218.74
PAY_11315,5c9ef6a4c3b5,card,success,,1,111.89
PAY_11316,0758e80811af,card,success,,1,29.31
PAY_11317,be20f30d3cbe,card,success,,1,57.41
PAY_11318,1d4c330589b6,card,success,,1,102.8
PAY_11319,6ec1dda56d53,card,success,,1,221.25
PAY_11320,2d85b7a38dcc,card,success,,1,254.24
PAY_11321,c1927c067679,card,success,,1,372.32
PAY_11322,e676d5b6da79,card,failed,timeout,1,99.93
PAY_11323,e676d5b6da79,card,failed,otp_failed,2,99.93
PAY_11324,e676d5b6da79,card,failed,bank_decline,3,99.93
PAY_11325,1b237f2e32f8,card,success,,1,165.78
PAY_11326,77e4a0da5ab5,card,success,,1,28.12
PAY_11327,f91187410d6d,card,success,,1,126.96
PAY_11328,b14be91edd1b,card,success,,1,38.08
PAY_11329,b7b4dd2a18af,card,success,,1,85.62
PAY_11330,307748b037cc,card,success,,1,1016.25
PAY_11331,404b2a149bcc,card,success,,1,114.76
PAY_11332,f33a2602305e,card,failed,bank_decline,1,45.1
PAY_11333,bd9a007ff082,card,success,,1,124.74
PAY_11334,5e08850997dc,card,success,,1,59.52
PAY_11335,875db5acbc1e,card,success,,1,41.74
PAY_11336,ade2e9288da1,card,success,,1,484.21
PAY_11337,55ac45e13401,card,success,,1,211.34
PAY_11338,b80cb1528a8b,card,success,,1,118.68
PAY_11339,7301c9ec3d80,card,success,,1,65.79
PAY_11340,aaaa961a3818,card,success,,1,70.2
PAY_11341,e83c1ef03684,card,success,,1,309.2
PAY_11342,ac02966c7fc6,card,success,,1,115.04
PAY_11343,905da45d11fb,card,success,,1,7.64
PAY_11344,b7d6f84bac7e,card,success,,1,624.37
PAY_11345,8160c600ea6e,card,success,,1,104.21
PAY_11346,374ac5b14814,card,success,,1,118.47
PAY_11347,93148bcb0096,card,success,,1,214.72
PAY_11348,3c8267470f09,card,success,,1,130.62
PAY_11349,583eba1ee3a9,card,success,,1,163.62
PAY_11350,bc39853541c7,card,success,,1,64.14
PAY_11351,123b86e2f876,card,success,,1,33.66
PAY_11352,d39a39f0feb0,card,success,,1,112.64
PAY_11353,f430da497f52,card,success,,1,282.96
PAY_11354,4299b695e3aa,card,success,,1,53.61
PAY_11355,d00e3c362401,card,success,,1,50.28
PAY_11356,689570d3bc7f,card,success,,1,239.08
PAY_11357,ccd564df6693,card,success,,1,62.44
PAY_11358,99401f13dc01,card,success,,1,64.82
PAY_11359,8e0ce9bb65e6,card,success,,1,66.79
PAY_11360,c54e224e1f6f,card,success,,1,85.46
PAY_11361,3122e7885eb0,card,success,,1,25.56
PAY_11362,91a1f6e2c0ba,card,success,,1,58.47
PAY_11363,ce2dcb563a64,card,success,,1,108.23
PAY_11364,2b95f9a81f60,card,success,,1,227.33
PAY_11365,d4b39a2b5ad1,card,success,,1,392.1
PAY_11366,8120719eb2d8,card,success,,1,301.87
PAY_11367,e614c0c9e516,card,success,,1,79.92
PAY_11368,f7c8eb0fd408,card,success,,1,54.68
PAY_11369,f3a7a873db8d,card,success,,1,91.31
PAY_11370,e0512126e761,card,success,,1,143.81
PAY_11371,a04b7c4f3322,card,success,,1,173.74
PAY_11372,6ab5d925a733,card,success,,1,148.19
PAY_11373,131ff3ff9f75,card,success,,1,81.7
PAY_11374,6fedeb89106b,card,success,,1,168.93
PAY_11375,ed602316a56b,card,success,,1,246.83
PAY_11376,548e1977c118,card,success,,1,182.02
PAY_11377,10f13037b5d2,card,success,,1,87.74
PAY_11378,7eb072a85148,card,success,,1,46.2
PAY_11379,f3fd80523733,card,success,,1,45.33
PAY_11380,67c4c380b20b,card,success,,1,52.2
PAY_11381,5b821319e4a5,card,success,,1,110.57
PAY_11382,3468561ca2d5,card,success,,1,136.43
PAY_11383,357118813fbe,card,success,,1,29.03
PAY_11384,8c140cf71beb,card,success,,1,60.15
PAY_11385,0bf763f6d312,card,failed,otp_failed,1,109.36
PAY_11386,0bf763f6d312,card,failed,bank_decline,2,109.36
PAY_11387,0bf763f6d312,card,failed,bank_decline,3,109.36
PAY_11388,0bf763f6d312,card,failed,timeout,4,109.36
PAY_11389,6f797085ec78,card,success,,1,43.83
PAY_11390,5cef1af1cb77,card,success,,1,127.37
PAY_11391,3311f7555503,card,success,,1,70.39
PAY_11392,dcedf5f75dd5,card,success,,1,50.46
PAY_11393,1e015cc6403a,card,success,,1,93.93
PAY_11394,43b5ecd39655,card,failed,timeout,1,123.2
PAY_11395,43b5ecd39655,card,failed,timeout,2,123.2
PAY_11396,43b5ecd39655,card,failed,otp_failed,3,123.2
PAY_11397,43b5ecd39655,card,failed,bank_decline,4,123.2
PAY_11398,f37a365c8cce,card,success,,1,45.66
PAY_11399,60553dd2fef1,card,success,,1,74.14
PAY_11400,32859937b7bf,card,success,,1,130.86
PAY_11401,1680301ceb7a,card,success,,1,48.93
PAY_11402,79098d5eea66,card,success,,1,23.9
PAY_11403,bfa5d88364c3,card,success,,1,26.33
PAY_11404,3facc8ebed44,card,success,,1,64.43
PAY_11405,d66073671cc3,card,success,,1,31.35
PAY_11406,f94c3a45f302,card,failed,timeout,1,68.16
PAY_11407,f94c3a45f302,card,failed,timeout,2,68.16
PAY_11408,f94c3a45f302,card,failed,otp_failed,3,68.16
PAY_11409,f8f8e18ac407,card,success,,1,341.02
PAY_11410,281fc4ac741a,card,success,,1,29.88
PAY_11411,2c73de3c59c6,card,success,,1,71.8
PAY_11412,0f4d55e3f59a,card,success,,1,495.64
PAY_11413,4c77cd64aa5c,card,success,,1,124.77
PAY_11414,5f0ae61f25ae,card,success,,1,67.08
PAY_11415,6b18d2e96ed3,card,success,,1,79.4
PAY_11416,410c96bcdf8c,card,success,,1,126.91
PAY_11417,442d80ac5b33,card,success,,1,349.54
PAY_11418,ce66779610a8,card,success,,1,58.87
PAY_11419,07155bc4e69a,card,success,,1,49.1
PAY_11420,b0a16bbd81b0,card,success,,1,29.87
PAY_11421,8fb41ccc03ba,card,success,,1,97.76
PAY_11422,98d68020c9bf,card,success,,1,29.24
PAY_11423,b834d49eb9ad,card,success,,1,62.11
PAY_11424,c8bed00320f6,card,success,,1,43.51
PAY_11425,cfd021c944ae,card,success,,1,212.58
PAY_11426,a7db48d1299b,card,success,,1,59.94
PAY_11427,3c3c60d5cbec,card,success,,1,123.66
PAY_11428,b55423f46ac9,card,success,,1,24.95
PAY_11429,851338370883,card,success,,1,100.0
PAY_11430,602b0b01cdae,card,success,,1,34.38
PAY_11431,1d3ae628959e,card,success,,1,64.04
PAY_11432,ea422073d308,card,success,,1,189.76
PAY_11433,1a679d130a3f,card,success,,1,81.23
PAY_11434,251e1e538995,card,success,,1,1163.46
PAY_11435,4c4458067613,card,success,,1,43.29
PAY_11436,b006010d1fbb,card,success,,1,228.65
PAY_11437,47be6fd5ec23,card,success,,1,26.41
PAY_11438,36d44f3f484d,card,success,,1,74.06
PAY_11439,56223d27ba41,card,success,,1,30.62
PAY_11440,ef620bcbd1f8,card,success,,1,110.59
PAY_11441,50f512781f70,card,success,,1,94.14
PAY_11442,c9e2642e2337,card,success,,1,70.38
PAY_11443,ece5aed62bc1,card,success,,1,215.65
PAY_11444,6fd7a5d30978,card,success,,1,57.19
PAY_11445,891a51e5436c,card,success,,1,116.92
PAY_11446,f3ab7b3213da,card,failed,bank_decline,1,173.55
PAY_11447,f3ab7b3213da,card,failed,bank_decline,2,173.55
PAY_11448,f3ab7b3213da,card,failed,otp_failed,3,173.55
PAY_11449,ed48cf78d08f,card,success,,1,27.48
PAY_11450,0cc8e6453193,card,success,,1,49.47
PAY_11451,f08270d12837,card,success,,1,93.98
PAY_11452,d063e051b643,card,success,,1,149.03
PAY_11453,273739898a90,card,success,,1,280.62
PAY_11454,eda73ec4dbd6,card,success,,1,75.74
PAY_11455,11fd1f4d8378,card,success,,1,69.88
PAY_11456,668fe443af91,card,success,,1,44.79
PAY_11457,4ce7ce900d10,card,failed,timeout,1,117.21
PAY_11458,4ce7ce900d10,UPI,failed,otp_failed,2,117.21
PAY_11459,4ce7ce900d10,UPI,failed,bank_decline,3,117.21
PAY_11460,8a996db1f112,card,success,,1,70.97
PAY_11461,978d951339a7,card,success,,1,72.3
PAY_11462,cf09392660f5,card,failed,bank_decline,1,83.5
PAY_11463,cf09392660f5,card,failed,timeout,2,83.5
PAY_11464,cf09392660f5,card,failed,bank_decline,3,83.5
PAY_11465,565a564aff38,card,success,,1,139.95
PAY_11466,1f143b3c3e38,card,success,,1,57.34
PAY_11467,4521dd79dd32,card,success,,1,48.53
PAY_11468,2c4f041acd44,card,failed,bank_decline,1,127.15
PAY_11469,2c4f041acd44,card,failed,timeout,2,127.15
PAY_11470,2c4f041acd44,card,failed,bank_decline,3,127.15
PAY_11471,fbde443029df,card,success,,1,8.0
PAY_11472,f8f517c48a99,card,success,,1,55.54
PAY_11473,75fc1741c5cc,card,success,,1,35.84
PAY_11474,d18ae90bcafa,card,success,,1,235.71
PAY_11475,162e57642aec,card,success,,1,63.26
PAY_11476,a62c93dc58f6,card,success,,1,57.48
PAY_11477,b845dfeb0664,card,success,,1,86.58
PAY_11478,476cebb54b99,card,success,,1,55.91
PAY_11479,3140f0d6faae,card,success,,1,65.23
PAY_11480,69995abcd7c5,card,success,,1,97.29
PAY_11481,cb2390cf971d,card,success,,1,64.22
PAY_11482,d1618550abdf,card,success,,1,63.86
PAY_11483,a76127dd0796,card,success,,1,40.12
PAY_11484,c26232e82f1c,card,success,,1,35.77
PAY_11485,3a52e1625d83,card,success,,1,94.49
PAY_11486,45681d31bf16,card,success,,1,115.04
PAY_11487,3ba06717a20a,card,success,,1,28.72
PAY_11488,048a502babaf,card,success,,1,165.33
PAY_11489,3db3465e48da,card,success,,1,165.88
PAY_11490,3188ca337138,card,success,,1,196.32
PAY_11491,c60adfaca682,card,success,,1,114.42
PAY_11492,88185e1f8c14,card,success,,1,149.85
PAY_11493,393296dfb9f4,card,success,,1,516.99
PAY_11494,2e77a6cedc5b,card,success,,1,70.72
PAY_11495,73bf1b2b5eb2,card,success,,1,39.0
PAY_11496,66c8d94f6b98,card,success,,1,26.38
PAY_11497,46f2c177b893,card,failed,otp_failed,1,366.7
PAY_11498,46f2c177b893,card,failed,bank_decline,2,366.7
PAY_11499,649b6c29511c,card,success,,1,370.57
PAY_11500,34d75c810440,card,success,,1,42.96
PAY_11501,17b9d09bfbac,card,success,,1,50.31
PAY_11502,cb4c47f4e5d2,card,failed,timeout,1,69.46
PAY_11503,cb4c47f4e5d2,card,failed,otp_failed,2,69.46
PAY_11504,cb4c47f4e5d2,card,failed,timeout,3,69.46
PAY_11505,cb4c47f4e5d2,card,failed,bank_decline,4,69.46
PAY_11506,4706485880b7,card,failed,bank_decline,1,239.7
PAY_11507,4706485880b7,card,failed,timeout,2,239.7
PAY_11508,4706485880b7,card,failed,otp_failed,3,239.7
PAY_11509,4706485880b7,card,failed,bank_decline,4,239.7
PAY_11510,b43cf7a52d50,card,success,,1,32.14
PAY_11511,c0f32736fac3,card,success,,1,18.67
PAY_11512,f9bb099ca226,card,success,,1,509.8
PAY_11513,bd534bcb171f,card,success,,1,115.57
PAY_11514,8c1385cae4ae,card,success,,1,129.48
PAY_11515,273ddf3c2625,card,success,,1,130.66
PAY_11516,9cee84a512a3,card,success,,1,45.94
PAY_11517,67727c2992bb,card,success,,1,97.92
PAY_11518,0793c294d990,card,success,,1,14.63
PAY_11519,e5359ba818f1,card,success,,1,70.67
PAY_11520,45369c3ba4f7,card,success,,1,67.27
PAY_11521,5968670166ef,card,success,,1,70.66
PAY_11522,57dcb0b90a01,card,success,,1,57.92
PAY_11523,dc569997a6e0,card,success,,1,40.58
PAY_11524,4ba894791b7c,card,success,,1,20.95
PAY_11525,819d928842b4,card,success,,1,101.07
PAY_11526,8ecdedc4080f,card,success,,1,70.8
PAY_11527,5b856a7e39fd,card,success,,1,29.96
PAY_11528,e01d87ba393a,card,success,,1,94.63
PAY_11529,b266b57c7439,card,success,,1,71.1
PAY_11530,dfe0378068bd,card,success,,1,62.25
PAY_11531,e77a4920ffcd,card,success,,1,16.03
PAY_11532,c95fa903555d,card,success,,1,155.43
PAY_11533,d059481ec980,card,success,,1,33.57
PAY_11534,86a6a6dc4e1c,card,success,,1,94.69
PAY_11535,38d8894f86ba,card,success,,1,47.15
PAY_11536,691936866da4,card,success,,1,65.96
PAY_11537,118861322348,card,success,,1,226.29
PAY_11538,5e10b1ec2fe4,card,success,,1,137.73
PAY_11539,c2b0669c47f1,card,success,,1,222.3
PAY_11540,72d45ea4134f,card,success,,1,117.25
PAY_11541,f4d9b68c989b,card,success,,1,123.58
PAY_11542,aed87da4ce53,card,success,,1,21.65
PAY_11543,bdf9e46cdf54,card,success,,1,69.82
PAY_11544,8acf5102f2e1,card,failed,bank_decline,1,75.19
PAY_11545,8acf5102f2e1,card,failed,bank_decline,2,75.19
PAY_11546,ffeff510efba,card,success,,1,60.04
PAY_11547,0be766851944,card,success,,1,111.26
PAY_11548,aa8fa8115607,card,success,,1,107.84
PAY_11549,a81551ab4fd0,card,success,,1,227.27
PAY_11550,f1ddf0a75b11,card,success,,1,80.88
PAY_11551,edbaae7d2962,card,success,,1,174.55
PAY_11552,17b020e9b436,card,success,,1,23.01
PAY_11553,61de3b6aba01,card,success,,1,24.75
PAY_11554,8772789215cf,card,success,,1,14.49
PAY_11555,98fdf3ce0b3f,card,success,,1,168.81
PAY_11556,d2625dd4399e,card,success,,1,154.31
PAY_11557,333eea3d92c3,card,success,,1,184.47
PAY_11558,41b0762b2043,card,failed,otp_failed,1,52.36
PAY_11559,41b0762b2043,card,failed,bank_decline,2,52.36
PAY_11560,41b0762b2043,card,failed,otp_failed,3,52.36
PAY_11561,41b0762b2043,card,failed,timeout,4,52.36
PAY_11562,f3a139396fe7,card,success,,1,57.35
PAY_11563,e273b2865602,card,success,,1,81.71
PAY_11564,2b2f94262670,card,success,,1,285.7
PAY_11565,93ab47059714,card,success,,1,349.0
PAY_11566,685095623cfb,card,success,,1,169.87
PAY_11567,c6ac876195ca,card,success,,1,117.31
PAY_11568,11cad8480633,card,success,,1,73.36
PAY_11569,13f2319d5349,card,success,,1,65.84
PAY_11570,84e43b25da78,card,success,,1,81.19
PAY_11571,4ef28c21bbe3,card,success,,1,41.14
PAY_11572,a1cc0029aef4,card,success,,1,78.26
PAY_11573,26f6a7d1983e,card,success,,1,36.82
PAY_11574,0b62a14baba4,card,success,,1,139.07
PAY_11575,237fe965b4fb,card,success,,1,282.49
PAY_11576,1564c9087e06,card,success,,1,24.45
PAY_11577,dd5423aff9ea,card,success,,1,412.14
PAY_11578,abd82e92cff7,card,success,,1,25.59
PAY_11579,4804f136cc5a,card,success,,1,34.51
PAY_11580,38084f5a0cc4,card,success,,1,54.78
PAY_11581,6327d53e0332,card,success,,1,256.26
PAY_11582,b84a8ac6c3d2,card,success,,1,107.82
PAY_11583,11ad260b5233,card,success,,1,74.06
PAY_11584,eafb042ba35e,card,success,,1,47.75
PAY_11585,a86270175c2e,card,success,,1,29.94
PAY_11586,e476fd85fefc,card,success,,1,170.53
PAY_11587,76c68dd21637,card,success,,1,265.59
PAY_11588,2d49b2c9fd09,card,success,,1,123.65
PAY_11589,8d9953bd7558,card,success,,1,10.87
PAY_11590,1bafad4ecc88,card,success,,1,130.57
PAY_11591,7d509d76c51e,card,success,,1,66.97
PAY_11592,f69edab46448,card,success,,1,57.57
PAY_11593,cf2935eb1865,card,success,,1,37.24
PAY_11594,10443c5e76b1,card,success,,1,192.11
PAY_11595,a7089a9ad88b,card,failed,otp_failed,1,129.66
PAY_11596,a7089a9ad88b,netbanking,failed,timeout,2,129.66
PAY_11597,a7089a9ad88b,netbanking,failed,otp_failed,3,129.66
PAY_11598,a7089a9ad88b,netbanking,failed,timeout,4,129.66
PAY_11599,d7aa10b42f6a,card,success,,1,54.22
PAY_11600,8984ead30393,card,success,,1,103.65
PAY_11601,400c861c2214,card,success,,1,30.87
PAY_11602,aab42684f891,card,success,,1,81.14
PAY_11603,e28586144c22,card,success,,1,11.91
PAY_11604,66f24dd6aea6,card,success,,1,25.67
PAY_11605,244706b06f35,card,success,,1,69.56
PAY_11606,90e1a6005e1b,card,success,,1,601.9
PAY_11607,31b711b402d7,card,success,,1,21.31
PAY_11608,ca330275cf43,card,success,,1,33.29
PAY_11609,f99c2e67f807,card,success,,1,107.06
PAY_11610,1cabbd35ce4e,card,failed,bank_decline,1,370.75
PAY_11611,1cabbd35ce4e,card,failed,bank_decline,2,370.75
PAY_11612,1cabbd35ce4e,card,failed,bank_decline,3,370.75
PAY_11613,fd061a7bd26e,card,success,,1,105.82
PAY_11614,da50bddad0e5,card,success,,1,157.86
PAY_11615,d2c2606afdb5,card,success,,1,68.71
PAY_11616,1170fbc0c35a,card,success,,1,59.83
PAY_11617,0bca25a855a7,card,success,,1,96.13
PAY_11618,ebf5f0ea94ef,card,success,,1,53.16
PAY_11619,57dcb9ca5358,card,success,,1,160.68
PAY_11620,9f83f11af981,card,success,,1,24.9
PAY_11621,3ad91e53c930,card,success,,1,183.46
PAY_11622,cf573edd3a8c,card,success,,1,92.89
PAY_11623,468adbb1f5ff,card,success,,1,75.81
PAY_11624,7bb1648eccd6,card,success,,1,24.18
PAY_11625,8dd4755a0af4,card,success,,1,41.11
PAY_11626,956f6d3c2920,card,success,,1,234.84
PAY_11627,8c0affdccd3a,card,success,,1,76.18
PAY_11628,0122c4a23b33,card,success,,1,112.47
PAY_11629,dcf72d69e756,card,success,,1,44.54
PAY_11630,b4b642c65c4e,card,success,,1,87.95
PAY_11631,1f821b5c5550,card,success,,1,30.03
PAY_11632,526910b29095,card,success,,1,97.51
PAY_11633,70c6e4707a70,card,success,,1,121.09
PAY_11634,8390aa585b84,card,success,,1,116.34
PAY_11635,ed581f5dabb7,card,success,,1,43.69
PAY_11636,2cc294e3f683,card,success,,1,68.47
PAY_11637,9a0c4891442d,card,success,,1,76.01
PAY_11638,ae10f8a0c9db,card,success,,1,71.53
PAY_11639,65c43c2b4ff1,card,success,,1,412.72
PAY_11640,ddc6315df829,card,success,,1,42.06
PAY_11641,ba4506337c90,card,success,,1,213.65
PAY_11642,342cfeb32905,card,success,,1,35.74
PAY_11643,033c88f61b27,card,success,,1,151.99
PAY_11644,a7fd0e63dee5,card,success,,1,158.62
PAY_11645,8a030c250a30,card,success,,1,59.84
PAY_11646,64be326c6b63,card,success,,1,33.99
PAY_11647,c07890e9b65f,card,success,,1,18.61
PAY_11648,c773feccf7a6,card,success,,1,55.03
PAY_11649,c3bfc0d1e31f,card,success,,1,137.14
PAY_11650,d0968eddacb8,card,success,,1,38.01
PAY_11651,13ebc2a85548,card,success,,1,97.28
PAY_11652,fce90ab24b62,card,success,,1,27.63
PAY_11653,b9263b7f6401,card,success,,1,74.66
PAY_11654,2332d79d1169,card,success,,1,35.96
PAY_11655,c1e1221e5f94,card,success,,1,84.57
PAY_11656,00ebd2b80b2c,card,failed,timeout,1,60.29
PAY_11657,00ebd2b80b2c,card,failed,otp_failed,2,60.29
PAY_11658,00ebd2b80b2c,card,failed,bank_decline,3,60.29
PAY_11659,00ebd2b80b2c,card,failed,bank_decline,4,60.29
PAY_11660,8500e7151d4e,card,success,,1,34.73
PAY_11661,02e0ccf38f15,card,success,,1,53.14
PAY_11662,42365222156a,card,success,,1,42.63
PAY_11663,eed65fb37f24,card,success,,1,31.46
PAY_11664,96ad9430ac2b,card,success,,1,214.05
PAY_11665,bce50cf08a5f,card,success,,1,67.48
PAY_11666,d27a3b82a71c,card,success,,1,15.46
PAY_11667,96f817b7cdc2,card,success,,1,54.67
PAY_11668,a817ba98bb5a,card,success,,1,187.12
PAY_11669,e9a22ad9879c,card,success,,1,48.96
PAY_11670,cd48421ebf9e,card,success,,1,298.33
PAY_11671,799754d3d2a9,card,success,,1,45.36
PAY_11672,160a9f515aa0,card,success,,1,134.66
PAY_11673,9584ed6623c9,card,success,,1,206.3
PAY_11674,7abae6a191db,card,success,,1,129.04
PAY_11675,2d4417f39ca1,card,success,,1,29.98
PAY_11676,73b57621ef46,card,failed,bank_decline,1,42.35
PAY_11677,6e2c9f24d0bf,card,success,,1,229.54
PAY_11678,d2e72c8313a3,card,success,,1,47.29
PAY_11679,5b39110c45ff,card,success,,1,196.48
PAY_11680,f209e1851897,card,success,,1,63.8
PAY_11681,ee37ce3caded,card,success,,1,100.8
PAY_11682,00f2557a0280,card,success,,1,29.7
PAY_11683,186aaed568b0,card,success,,1,55.33
PAY_11684,8dcbfc8558b2,card,success,,1,44.69
PAY_11685,6c479e616de3,card,success,,1,107.82
PAY_11686,111058d648c8,card,success,,1,96.99
PAY_11687,16b8a57eea29,card,success,,1,130.34
PAY_11688,6fa0c65125f2,card,success,,1,60.8
PAY_11689,45aee71cfab2,card,success,,1,42.77
PAY_11690,3cfb259d58ad,card,success,,1,104.19
PAY_11691,430fa26b0a1a,card,failed,timeout,1,39.5
PAY_11692,430fa26b0a1a,card,failed,bank_decline,2,39.5
PAY_11693,430fa26b0a1a,card,failed,timeout,3,39.5
PAY_11694,430fa26b0a1a,card,failed,bank_decline,4,39.5
PAY_11695,0f0d8d00fa1d,card,success,,1,213.31
PAY_11696,1e31d6fb9aff,card,success,,1,82.14
PAY_11697,03c47bbbfafe,card,success,,1,69.34
PAY_11698,11e545c91382,card,success,,1,130.29
PAY_11699,a2a68499ada0,card,success,,1,84.68
PAY_11700,ef7659cf9b0f,card,success,,1,23.89
PAY_11701,04ad62681171,card,success,,1,38.51
PAY_11702,344963a30bc0,card,success,,1,209.8
PAY_11703,b7e278b42662,card,success,,1,23.45
PAY_11704,b453e29fd1b5,card,success,,1,57.55
PAY_11705,c3fd86fd3d65,card,success,,1,44.72
PAY_11706,404adb8ab103,card,success,,1,36.02
PAY_11707,c1bfd0481544,card,success,,1,200.33
PAY_11708,f896fdd5901d,card,success,,1,18.68
PAY_11709,33f9b4ab3c9f,card,success,,1,99.1
PAY_11710,f90a656c24b0,card,success,,1,318.2
PAY_11711,6cb11e533546,card,success,,1,140.2
PAY_11712,750fe2ffb7fc,card,success,,1,45.75
PAY_11713,2ec7cf77509f,card,success,,1,305.97
PAY_11714,4c401e2136f7,card,success,,1,30.44
PAY_11715,aa7f7eeacab4,card,success,,1,132.98
PAY_11716,bee4b24e18d5,card,success,,1,44.48
PAY_11717,6a833ac6f0b7,card,success,,1,157.29
PAY_11718,1baefe63f294,card,success,,1,59.67
PAY_11719,b45c252ee42d,card,success,,1,156.98
PAY_11720,9fa0e5a4a38b,card,success,,1,20.66
PAY_11721,61249842c4d2,card,success,,1,117.68
PAY_11722,a0a9fefa1de2,card,success,,1,64.74
PAY_11723,316950b29933,card,success,,1,225.83
PAY_11724,1cb9d3375f95,card,success,,1,86.9
PAY_11725,bb18bd14597f,card,success,,1,244.54
PAY_11726,d9b506da1f61,card,success,,1,135.11
PAY_11727,da0e7da8f690,card,success,,1,81.29
PAY_11728,371973974a68,card,success,,1,169.04
PAY_11729,79747b960402,card,success,,1,169.91
PAY_11730,7fc1b756039a,card,success,,1,131.31
PAY_11731,752df28ac88e,card,success,,1,14.38
PAY_11732,affda561c539,card,success,,1,41.02
PAY_11733,f7ac9eeb6044,card,success,,1,272.4
PAY_11734,9d197c8bd939,card,success,,1,32.96
PAY_11735,05317ecfd73b,card,success,,1,182.36
PAY_11736,47e7f6c929c1,card,success,,1,158.41
PAY_11737,1a07aa9ccd0b,card,success,,1,50.37
PAY_11738,9ecb0079ed04,card,success,,1,18.24
PAY_11739,89c92209e6d1,card,success,,1,57.1
PAY_11740,b894dad119ab,card,success,,1,474.57
PAY_11741,09f4ac5c67e4,card,success,,1,45.12
PAY_11742,15717cdbc2ce,card,success,,1,47.68
PAY_11743,825354d65f1b,card,success,,1,40.53
PAY_11744,54dbb0474060,card,success,,1,237.89
PAY_11745,d5ccbdb8e349,card,success,,1,74.12
PAY_11746,bf909038e59b,card,success,,1,54.56
PAY_11747,3556dd290688,card,success,,1,43.15
PAY_11748,ffaba4411959,card,success,,1,33.82
PAY_11749,a88271c60ec5,card,success,,1,227.36
PAY_11750,0f689554de6d,card,success,,1,91.23
PAY_11751,0635fbe7205d,card,success,,1,26.07
PAY_11752,6de8ee77b71d,card,success,,1,21.62
PAY_11753,b8e4c8429ed4,card,success,,1,36.86
PAY_11754,d139c2d55c39,card,success,,1,33.4
PAY_11755,91b2fb1670e3,card,success,,1,17.52
PAY_11756,0e8d566361c8,card,success,,1,37.35
PAY_11757,6175b6fb6fd0,card,success,,1,43.15
PAY_11758,e133e85e8d03,card,success,,1,62.17
PAY_11759,df230266598d,card,success,,1,348.74
PAY_11760,590aa71ac57d,card,success,,1,72.71
PAY_11761,d3d550e67787,card,success,,1,78.72
PAY_11762,5118fa736664,card,success,,1,135.29
PAY_11763,fce86cf38d43,card,success,,1,74.45
PAY_11764,1db94f349187,card,success,,1,123.98
PAY_11765,f6a71960892a,card,success,,1,112.67
PAY_11766,107352b2782f,card,success,,1,99.29
PAY_11767,992a9a1680a7,card,success,,1,823.18
PAY_11768,6fdc3777d63f,card,success,,1,186.59
PAY_11769,7770ab4e25ab,card,success,,1,37.89
PAY_11770,544a48d712fc,card,success,,1,121.05
PAY_11771,f12956021ce2,card,success,,1,47.78
PAY_11772,c703772ef052,card,success,,1,128.64
PAY_11773,dee4d34a2349,card,success,,1,29.96
PAY_11774,9f7d5c9c642d,card,success,,1,37.11
PAY_11775,e572e025ad2e,card,success,,1,118.53
PAY_11776,de5dbb89a3f9,card,success,,1,199.96
PAY_11777,7322d70eebad,card,success,,1,134.57
PAY_11778,a302b25b7e2f,card,success,,1,178.27
PAY_11779,ff69ec62b553,card,success,,1,121.4
PAY_11780,4ba8da5016b8,card,success,,1,103.34
PAY_11781,db5b9eb7d671,card,success,,1,60.16
PAY_11782,476d5c07fd6e,card,success,,1,172.5
PAY_11783,42fea44e5333,card,success,,1,204.36
PAY_11784,24d0335902cc,card,success,,1,85.58
PAY_11785,88a2b5ae7fae,card,success,,1,81.98
PAY_11786,a3a646d15330,card,success,,1,321.54
PAY_11787,9b659293052d,card,failed,bank_decline,1,88.56
PAY_11788,9b659293052d,UPI,failed,timeout,2,88.56
PAY_11789,9b659293052d,UPI,failed,bank_decline,3,88.56
PAY_11790,9b659293052d,UPI,failed,otp_failed,4,88.56
PAY_11791,c4af855b3ae4,card,success,,1,95.64
PAY_11792,5b02704aadc1,card,success,,1,132.61
PAY_11793,7630974aa2a3,card,success,,1,83.24
PAY_11794,ef92788cbb7b,card,success,,1,121.8
PAY_11795,0daf4fec175c,card,failed,bank_decline,1,87.27
PAY_11796,0daf4fec175c,card,failed,timeout,2,87.27
PAY_11797,8f6dcee1a1bc,card,success,,1,393.0
PAY_11798,6a4a5cf81b46,card,success,,1,55.9
PAY_11799,4e2362231b49,card,success,,1,161.3
PAY_11800,eb05c08eaa07,card,success,,1,115.16
PAY_11801,bf7b0fec9cd4,card,success,,1,256.61
PAY_11802,08e8dc66783a,card,success,,1,59.17
PAY_11803,d50aa76ed917,card,success,,1,104.68
PAY_11804,257e29cfc2ce,card,success,,1,83.16
PAY_11805,288bb00a2fd5,card,success,,1,94.33
PAY_11806,b5fdb24caed0,card,success,,1,44.34
PAY_11807,76451d7553e3,card,success,,1,142.7
PAY_11808,bc66245d2706,card,success,,1,125.76
PAY_11809,839453eddfa9,card,success,,1,251.69
PAY_11810,6d5bc52e4407,card,success,,1,89.3
PAY_11811,9bcccc6e7280,card,success,,1,64.75
PAY_11812,8c32cff7d352,card,success,,1,169.26
PAY_11813,f1a64fb12a3b,card,success,,1,47.69
PAY_11814,863f57d38538,card,success,,1,214.43
PAY_11815,b168c3f18f29,card,success,,1,214.06
PAY_11816,041cdb4cb19d,card,success,,1,246.12
PAY_11817,881eb97298ce,card,success,,1,121.67
PAY_11818,2619d1eb17d6,card,success,,1,61.0
PAY_11819,f218eb99a7a5,card,success,,1,98.23
PAY_11820,f1ccf3213f9f,card,success,,1,122.0
PAY_11821,51aa76c99988,card,success,,1,57.51
PAY_11822,d7be0d6616b3,card,success,,1,261.52
PAY_11823,75162a0450fc,card,success,,1,143.17
PAY_11824,59f380e80172,card,success,,1,44.09
PAY_11825,ba65f9fa86a6,card,success,,1,405.98
PAY_11826,f9ccb0fcbc7f,card,success,,1,97.31
PAY_11827,05dc8bd6c7e1,card,success,,1,37.51
PAY_11828,d10dc51d7555,card,success,,1,46.33
PAY_11829,711bc780dc78,card,success,,1,295.96
PAY_11830,f45cdd53475f,card,success,,1,387.61
PAY_11831,631118960515,card,success,,1,201.86
PAY_11832,689e207f6b6a,card,success,,1,258.64
PAY_11833,9f0d9b4659bf,card,success,,1,238.24
PAY_11834,5f0c8dddc163,card,success,,1,140.55
PAY_11835,5a0d9d000ae6,card,success,,1,117.12
PAY_11836,3ef8efb1f047,card,success,,1,138.64
PAY_11837,a7bbf9c987cd,card,failed,timeout,1,162.2
PAY_11838,a7bbf9c987cd,UPI,failed,bank_decline,2,162.2
PAY_11839,a7bbf9c987cd,UPI,failed,timeout,3,162.2
PAY_11840,a7bbf9c987cd,UPI,failed,bank_decline,4,162.2
PAY_11841,74a2986d144a,card,success,,1,49.74
PAY_11842,42c09cbdef17,card,success,,1,161.67
PAY_11843,6d0ea287bd25,card,success,,1,289.13
PAY_11844,86683053d434,card,success,,1,76.32
PAY_11845,c0cc0335264d,card,success,,1,70.06
PAY_11846,a5ec4c56b2e0,card,failed,bank_decline,1,131.79
PAY_11847,a5ec4c56b2e0,card,failed,otp_failed,2,131.79
PAY_11848,a5ec4c56b2e0,card,failed,timeout,3,131.79
PAY_11849,a5ec4c56b2e0,card,failed,bank_decline,4,131.79
PAY_11850,4b76b3061c8b,card,success,,1,53.53
PAY_11851,7d516c51eac2,card,success,,1,31.39
PAY_11852,0275f4fb47b2,card,success,,1,225.47
PAY_11853,fa58679bd178,card,success,,1,62.76
PAY_11854,a6308756f651,card,success,,1,91.36
PAY_11855,2bbf3a389505,card,success,,1,55.25
PAY_11856,9c14791bbeb0,card,success,,1,249.99
PAY_11857,9324dcf59404,card,success,,1,178.13
PAY_11858,4c0d8bcb5690,card,success,,1,74.25
PAY_11859,17819deb1410,card,success,,1,35.03
PAY_11860,8e2e5fbbf20a,card,success,,1,68.2
PAY_11861,6ad151fd58f3,card,success,,1,142.04
PAY_11862,2c8abbdc32c4,card,success,,1,104.68
PAY_11863,5aeb6814271c,card,success,,1,98.23
PAY_11864,cb27a2abfe67,card,success,,1,106.63
PAY_11865,a63ae5534b26,card,success,,1,165.18
PAY_11866,e57515f701db,card,success,,1,87.05
PAY_11867,d97c399324e5,card,success,,1,129.03
PAY_11868,7fa2c25ff46d,card,success,,1,40.87
PAY_11869,edbf05878d04,card,success,,1,694.42
PAY_11870,2861e0cf92d7,card,success,,1,71.73
PAY_11871,0ea050a0501d,card,success,,1,105.94
PAY_11872,fee0821578fe,card,success,,1,141.62
PAY_11873,8c15abd9cc3f,card,success,,1,64.8
PAY_11874,d1e109400253,card,success,,1,90.58
PAY_11875,b7b10a6ec595,card,success,,1,89.71
PAY_11876,e614be6a0157,card,success,,1,43.33
PAY_11877,e7926acab31c,card,success,,1,127.85
PAY_11878,e36a28dd6dfc,card,success,,1,24.06
PAY_11879,6597a757ad82,card,success,,1,365.83
PAY_11880,270a67f2e59b,card,success,,1,169.76
PAY_11881,8905b879cba4,card,success,,1,150.1
PAY_11882,a9de298155f4,card,success,,1,22.44
PAY_11883,6cac458e4cb4,card,success,,1,47.75
PAY_11884,08ef7d238b99,card,success,,1,273.55
PAY_11885,c6e6edac48a8,card,success,,1,2492.38
PAY_11886,ff821ce366ca,card,success,,1,234.1
PAY_11887,ea50181ebf9f,card,success,,1,206.35
PAY_11888,6f808f1d7bfb,card,success,,1,137.0
PAY_11889,4f5d32b51e2a,card,success,,1,45.7
PAY_11890,ecfb82c581c3,card,success,,1,199.56
PAY_11891,0732fec01f0b,card,success,,1,37.3
PAY_11892,7707b6443f51,card,success,,1,34.18
PAY_11893,10797fcfc33a,card,success,,1,32.5
PAY_11894,725f2ec757d9,card,success,,1,196.48
PAY_11895,669826eddf31,card,success,,1,85.98
PAY_11896,56d5656e8cce,card,success,,1,97.58
PAY_11897,053003fa3404,card,success,,1,88.91
PAY_11898,452817594539,card,success,,1,36.58
PAY_11899,e348c3512572,card,success,,1,52.64
PAY_11900,77770e73501d,card,failed,timeout,1,54.8
PAY_11901,77770e73501d,netbanking,failed,bank_decline,2,54.8
PAY_11902,77770e73501d,netbanking,failed,bank_decline,3,54.8
PAY_11903,8ec667077f55,card,success,,1,29.25
PAY_11904,db0a06f348d9,card,success,,1,60.14
PAY_11905,27eae21173dc,card,success,,1,37.9
PAY_11906,6c4e307eabcd,card,success,,1,142.9
PAY_11907,b6910d52536b,card,success,,1,152.75
PAY_11908,45b2b1f51327,card,success,,1,31.98
PAY_11909,584a8c2d9a32,card,success,,1,71.0
PAY_11910,fd60b34cfcfa,card,success,,1,397.36
PAY_11911,b2c38d2c4171,card,success,,1,41.07
PAY_11912,b8e32032c008,card,success,,1,126.64
PAY_11913,567f50593491,card,success,,1,97.95
PAY_11914,48fafc43d5a8,card,success,,1,215.79
PAY_11915,059bc61d38d4,card,success,,1,114.02
PAY_11916,d9a24373b1c1,card,success,,1,63.75
PAY_11917,9e0c7c2a0240,card,failed,bank_decline,1,94.96
PAY_11918,297af289b4c0,card,failed,timeout,1,96.07
PAY_11919,297af289b4c0,card,failed,timeout,2,96.07
PAY_11920,1876153f8d38,card,success,,1,83.65
PAY_11921,4ce01fd30a02,card,success,,1,31.33
PAY_11922,1c447a27ebd5,card,success,,1,211.27
PAY_11923,0cceac328c2e,card,success,,1,39.04
PAY_11924,0796c5428b24,card,success,,1,70.77
PAY_11925,e0ef240d3875,card,success,,1,75.18
PAY_11926,11ac84b0b7ea,card,success,,1,35.69
PAY_11927,3168f3ced473,card,success,,1,20.22
PAY_11928,72dab3fdc941,card,success,,1,52.64
PAY_11929,695082274f4a,card,failed,bank_decline,1,67.69
PAY_11930,695082274f4a,card,failed,otp_failed,2,67.69
PAY_11931,2012735f8f39,card,success,,1,28.42
PAY_11932,7ef516698bf5,card,success,,1,103.71
PAY_11933,c4cce1dafed4,card,success,,1,228.21
PAY_11934,19d18b707fb1,card,success,,1,176.57
PAY_11935,0de1a45c0c6e,card,success,,1,81.34
PAY_11936,be96218d7612,card,success,,1,20.65
PAY_11937,9fcc2f29404c,card,success,,1,159.58
PAY_11938,c7cb81d2be38,card,success,,1,101.2
PAY_11939,7f3141d4d557,card,success,,1,126.4
PAY_11940,d68147bcff46,card,success,,1,423.64
PAY_11941,cf7ec30b2405,card,success,,1,46.53
PAY_11942,50656e7605f7,card,success,,1,9.03
PAY_11943,7b5cfe8f3421,card,success,,1,38.75
PAY_11944,f611adea5f8a,card,success,,1,91.98
PAY_11945,823130349fd8,card,success,,1,34.04
PAY_11946,c4b57e3795d2,card,success,,1,28.91
PAY_11947,b3a99b04f5cd,card,success,,1,67.78
PAY_11948,4c0ef9d688fe,card,success,,1,33.22
PAY_11949,e3cc824f9173,card,success,,1,136.52
PAY_11950,c24cea9967a7,card,success,,1,64.77
PAY_11951,6f03b5543f7d,card,failed,otp_failed,1,54.51
PAY_11952,681264c73dbb,card,success,,1,49.08
PAY_11953,7fb3b3f9648e,card,success,,1,111.11
PAY_11954,6c995544c3d9,card,success,,1,105.8
PAY_11955,0a36a9eab790,card,success,,1,103.97
PAY_11956,bb5f5106f7a6,card,success,,1,84.97
PAY_11957,c8e526ee7cc7,card,success,,1,39.39
PAY_11958,55608935a4dd,card,success,,1,50.18
PAY_11959,12c37a0fbf49,card,success,,1,65.64
PAY_11960,5b36dffd5d6e,card,success,,1,469.73
PAY_11961,d126c48942d4,card,success,,1,30.6
PAY_11962,e21e3d957908,card,success,,1,64.38
PAY_11963,3096ad9af1f6,card,success,,1,97.38
PAY_11964,b7afe3b7878e,card,success,,1,70.62
PAY_11965,6d29c6cde944,card,success,,1,212.55
PAY_11966,59b3fe3e5ebc,card,success,,1,70.33
PAY_11967,1f21c0858f17,card,success,,1,74.62
PAY_11968,16ee480e633e,card,success,,1,172.73
PAY_11969,611d57bc1046,card,success,,1,383.2
PAY_11970,172d2c2519b9,card,success,,1,277.55
PAY_11971,833dbb821d71,card,success,,1,80.7
PAY_11972,4e3b6104984d,card,success,,1,86.52
PAY_11973,8fb4ec42f024,card,success,,1,93.45
PAY_11974,8ab531680e7e,card,success,,1,101.25
PAY_11975,a926aef19ba1,card,success,,1,45.7
PAY_11976,49d410a6ac5b,card,success,,1,190.43
PAY_11977,dc9fc199a800,card,success,,1,106.2
PAY_11978,0d3055ac6344,card,success,,1,86.84
PAY_11979,1f6432875cbc,card,success,,1,32.56
PAY_11980,ddf57c609fe1,card,success,,1,94.62
PAY_11981,fe0861b35372,card,success,,1,19.8
PAY_11982,5d9af3ef4a6f,card,success,,1,56.52
PAY_11983,6727ae809439,card,success,,1,57.37
PAY_11984,665bb3816123,card,success,,1,113.25
PAY_11985,604bdd98c906,card,success,,1,405.0
PAY_11986,a5e35d2675bd,card,success,,1,142.24
PAY_11987,b1c438b7773b,card,success,,1,286.78
PAY_11988,936d2f2ceeea,card,success,,1,150.83
PAY_11989,f8f2664fd771,card,success,,1,221.42
PAY_11990,a72b60ae5a53,card,success,,1,397.7
PAY_11991,7cd931b68d51,card,success,,1,50.13
PAY_11992,7a376a85dd05,card,failed,timeout,1,47.58
PAY_11993,7a376a85dd05,card,failed,bank_decline,2,47.58
PAY_11994,7a376a85dd05,card,failed,timeout,3,47.58
PAY_11995,7a376a85dd05,card,failed,otp_failed,4,47.58
PAY_11996,c9ddde75b637,card,success,,1,153.71
PAY_11997,5286a7631057,card,success,,1,89.75
PAY_11998,c1fe1234428a,card,success,,1,107.37
PAY_11999,b7dc389f78d9,card,success,,1,73.78
PAY_12000,344aa0e8f33f,card,success,,1,55.87
PAY_12001,39b7453003e6,card,success,,1,329.18
PAY_12002,66f6aad85a00,card,success,,1,37.34
PAY_12003,d21111eb3995,card,success,,1,155.88
PAY_12004,e9c5a5b88fdb,card,success,,1,136.92
PAY_12005,c1ecc434b3c7,card,success,,1,25.45
PAY_12006,410557f1507f,card,success,,1,46.31
PAY_12007,b00071c58c23,card,success,,1,52.98
PAY_12008,296708ef7be7,card,success,,1,141.41
PAY_12009,d77a9aea0009,card,success,,1,67.11
PAY_12010,3eb786b6eb4d,card,success,,1,84.06
PAY_12011,502d847812b9,card,failed,timeout,1,28.05
PAY_12012,502d847812b9,card,failed,bank_decline,2,28.05
PAY_12013,502d847812b9,card,failed,bank_decline,3,28.05
PAY_12014,502d847812b9,card,failed,timeout,4,28.05
PAY_12015,5e6ffa20ec47,card,success,,1,578.67
PAY_12016,64ef85909a4c,card,success,,1,95.29
PAY_12017,7e4759b994e7,card,success,,1,134.18
PAY_12018,0b1b07971c17,card,success,,1,58.41
PAY_12019,74490e8e1947,card,success,,1,53.4
PAY_12020,8c9ce91ba63e,card,success,,1,415.78
PAY_12021,1173c62810d0,card,success,,1,19.43
PAY_12022,8f3fb8668940,card,failed,otp_failed,1,112.5
PAY_12023,8f3fb8668940,card,failed,otp_failed,2,112.5
PAY_12024,8f3fb8668940,card,failed,timeout,3,112.5
PAY_12025,8f3fb8668940,card,failed,otp_failed,4,112.5
PAY_12026,0951aa2b057c,card,success,,1,34.15
PAY_12027,e3849fad79c2,card,success,,1,65.1
PAY_12028,c206817d018c,card,success,,1,54.03
PAY_12029,54d35ae54661,card,success,,1,40.9
PAY_12030,ad93c7ce2cf6,card,success,,1,92.61
PAY_12031,f625901c7422,card,success,,1,11.54
PAY_12032,2852f2ce5d0b,card,success,,1,69.94
PAY_12033,ef360e344ded,card,failed,bank_decline,1,83.74
PAY_12034,ef360e344ded,UPI,failed,timeout,2,83.74
PAY_12035,ef360e344ded,UPI,failed,timeout,3,83.74
PAY_12036,a00512a30599,card,success,,1,30.34
PAY_12037,eb26b2d754bf,card,success,,1,302.04
PAY_12038,44a6d2e26e43,card,success,,1,55.95
PAY_12039,5075c3d82a0f,card,success,,1,74.44
PAY_12040,9dcb9f46a767,card,success,,1,56.05
PAY_12041,9894649f32f6,card,success,,1,84.33
PAY_12042,82f61b6d2ca2,card,success,,1,256.34
PAY_12043,1af0698a8025,card,success,,1,650.94
PAY_12044,3ff9a170679f,card,success,,1,163.45
PAY_12045,14c30697ccb9,card,success,,1,214.95
PAY_12046,4e55bc24f4fe,card,success,,1,355.36
PAY_12047,ac903c5acda6,card,success,,1,109.85
PAY_12048,e6d98a9694a8,card,success,,1,316.14
PAY_12049,675ce2b90b31,card,success,,1,169.68
PAY_12050,bfd10ca6b613,card,success,,1,101.01
PAY_12051,e358282031c4,card,success,,1,119.14
PAY_12052,97950d0e5c17,card,success,,1,20.97
PAY_12053,a11f7ac152eb,card,success,,1,113.72
PAY_12054,265e143c67ea,card,success,,1,26.18
PAY_12055,451e054e2d91,card,success,,1,105.04
PAY_12056,8b38747e1392,card,success,,1,36.92
PAY_12057,805077b6da70,card,success,,1,89.51
PAY_12058,d0f127b82421,card,success,,1,100.56
PAY_12059,1fb8422234a3,card,success,,1,104.21
PAY_12060,382b90fbc4a0,card,success,,1,43.67
PAY_12061,3911f02fadf9,card,success,,1,184.74
PAY_12062,c056c28f75e0,card,success,,1,83.81
PAY_12063,87ddaade6be8,card,success,,1,128.11
PAY_12064,d4b4baa05d23,card,success,,1,34.57
PAY_12065,901714543b74,card,success,,1,78.05
PAY_12066,3b4fd40fffa2,card,success,,1,216.55
PAY_12067,298d6b8d7a0b,card,success,,1,195.61
PAY_12068,92fa46cc04c7,card,success,,1,47.57
PAY_12069,07f67f8c528e,card,success,,1,58.18
PAY_12070,b11b81429465,card,success,,1,40.82
PAY_12071,05004b8234e6,card,success,,1,53.24
PAY_12072,91f978f7ad90,card,success,,1,29.39
PAY_12073,48128f997d0a,card,success,,1,149.38
PAY_12074,0973b2e8955c,card,success,,1,48.04
PAY_12075,3a32a80de9ff,card,success,,1,83.72
PAY_12076,294799533fea,card,success,,1,75.46
PAY_12077,6b6b294c465e,card,success,,1,209.37
PAY_12078,6e86d53c3fde,card,success,,1,55.19
PAY_12079,4761db203f6c,card,success,,1,56.82
PAY_12080,4c9a73be0dcc,card,success,,1,45.75
PAY_12081,fc4c7e81492e,card,success,,1,36.23
PAY_12082,240a0f79bec5,card,success,,1,137.46
PAY_12083,2c0de192e46c,card,success,,1,80.79
PAY_12084,eab60de1b07e,card,success,,1,94.05
PAY_12085,5fef41e22fab,card,success,,1,249.56
PAY_12086,2805f328c127,card,success,,1,261.3
PAY_12087,594478142ab7,card,success,,1,24.12
PAY_12088,29a85187d02c,card,failed,otp_failed,1,151.15
PAY_12089,29a85187d02c,UPI,failed,bank_decline,2,151.15
PAY_12090,e01beda98f8a,card,success,,1,107.83
PAY_12091,0d876cc00ac2,card,success,,1,62.22
PAY_12092,59a300b68cad,card,success,,1,117.0
PAY_12093,6bc467abcd3d,card,success,,1,22.62
PAY_12094,53ab6677d1c3,card,success,,1,290.07
PAY_12095,6b0bbd029450,card,success,,1,135.9
PAY_12096,37c36a7e12b8,card,success,,1,45.05
PAY_12097,0a2627f405a3,card,success,,1,56.36
PAY_12098,28c6469260b8,card,success,,1,23.05
PAY_12099,719a62608e81,card,success,,1,70.02
PAY_12100,4a672599691a,card,success,,1,31.18
PAY_12101,3771ba47e2bc,card,success,,1,167.56
PAY_12102,e47907ef2efc,card,success,,1,249.99
PAY_12103,8620889ffdae,card,success,,1,88.07
PAY_12104,2cb277692ee0,card,success,,1,70.49
PAY_12105,6545e11997ac,card,failed,timeout,1,127.48
PAY_12106,6545e11997ac,netbanking,failed,bank_decline,2,127.48
PAY_12107,6545e11997ac,netbanking,failed,timeout,3,127.48
PAY_12108,0cddd14671d5,card,success,,1,88.61
PAY_12109,efb68e4a5604,card,success,,1,37.87
PAY_12110,633dc75b21ca,card,success,,1,71.01
PAY_12111,dbfa4c4f7c94,card,success,,1,109.79
PAY_12112,888008f059fb,card,success,,1,90.69
PAY_12113,f622c862f48c,card,success,,1,106.52
PAY_12114,e9c6d5bcd1ae,card,success,,1,26.58
PAY_12115,a0fd5e8c884d,card,success,,1,153.27
PAY_12116,2a1c3dd576fa,card,success,,1,90.26
PAY_12117,5799d3106b97,card,failed,bank_decline,1,693.79
PAY_12118,5799d3106b97,UPI,failed,bank_decline,2,693.79
PAY_12119,e793559648a8,card,success,,1,116.6
PAY_12120,d870f6b226e6,card,success,,1,865.56
PAY_12121,12a1ca6ad583,card,success,,1,105.14
PAY_12122,20b11af1f69a,card,success,,1,85.28
PAY_12123,e318e561d9bf,card,success,,1,40.87
PAY_12124,b1b15becf311,card,success,,1,305.7
PAY_12125,ea11af2f7f9f,card,success,,1,35.61
PAY_12126,0f587ac91dc0,card,success,,1,126.68
PAY_12127,9f140dc94cba,card,success,,1,77.36
PAY_12128,4feaa281e453,card,success,,1,28.81
PAY_12129,c9e504bfea09,card,failed,bank_decline,1,263.62
PAY_12130,c9e504bfea09,UPI,failed,otp_failed,2,263.62
PAY_12131,478979c29210,card,success,,1,72.08
PAY_12132,0bfc8ce70a9b,card,success,,1,34.05
PAY_12133,8a8dbf15f308,card,success,,1,245.22
PAY_12134,d9d747381c21,card,success,,1,60.14
PAY_12135,c395c7eab147,card,success,,1,117.65
PAY_12136,e1e90ba320b3,card,success,,1,176.47
PAY_12137,0871b6b90d10,card,success,,1,131.53
PAY_12138,4d4e79f54ad2,card,success,,1,15.53
PAY_12139,86c81d8b4034,card,success,,1,157.01
PAY_12140,ffa0c84ab70f,card,success,,1,83.06
PAY_12141,0ade8f705810,card,success,,1,69.18
PAY_12142,7005cd7ff74f,card,success,,1,82.5
PAY_12143,ef92c8561558,card,success,,1,24.83
PAY_12144,4ffd3925c797,card,success,,1,104.98
PAY_12145,d1fc3fc995de,card,success,,1,30.22
PAY_12146,249f31479046,card,success,,1,71.62
PAY_12147,5c1446b2f639,card,success,,1,102.0
PAY_12148,0f6cf72557be,card,success,,1,212.56
PAY_12149,b2b3cfa5af4c,card,success,,1,46.73
PAY_12150,2d3900f3b0ca,card,success,,1,287.51
PAY_12151,0c678bf5819d,card,success,,1,192.0
PAY_12152,0c55344525ac,card,success,,1,63.85
PAY_12153,6693e5f671a5,card,success,,1,37.08
PAY_12154,311075cf6152,card,success,,1,28.36
PAY_12155,5fe5d4f090ca,card,success,,1,111.88
PAY_12156,6760b511f96e,card,success,,1,234.98
PAY_12157,5acb49e993f3,card,success,,1,52.27
PAY_12158,6943a833bf0b,card,success,,1,108.52
PAY_12159,8837a097da6a,card,success,,1,52.0
PAY_12160,26f19a357f7e,card,success,,1,90.63
PAY_12161,13bf775d1a6b,card,success,,1,198.1
PAY_12162,14719b5263b7,card,success,,1,98.87
PAY_12163,d8b191c0c91d,card,success,,1,99.16
PAY_12164,e443eba2797b,card,failed,timeout,1,106.07
PAY_12165,e443eba2797b,card,failed,otp_failed,2,106.07
PAY_12166,e443eba2797b,card,failed,bank_decline,3,106.07
PAY_12167,afde329d4b17,card,success,,1,23.23
PAY_12168,2fe4bd13c5ae,card,success,,1,123.16
PAY_12169,6a7134d91c53,card,success,,1,102.3
PAY_12170,cf23a5634fc7,card,failed,otp_failed,1,183.89
PAY_12171,cf23a5634fc7,card,failed,timeout,2,183.89
PAY_12172,697fa44ac17e,card,success,,1,146.15
PAY_12173,0c331a803d12,card,success,,1,76.59
PAY_12174,a334542ac00b,card,success,,1,205.6
PAY_12175,6a05bdfc5d09,card,success,,1,71.23
PAY_12176,8c5eafa6648d,card,success,,1,109.7
PAY_12177,03666d8d80c9,card,success,,1,70.18
PAY_12178,dd35e145c5ca,card,success,,1,130.24
PAY_12179,9dbe808c8213,card,success,,1,66.61
PAY_12180,d85e26a53be5,card,success,,1,336.31
PAY_12181,9a6f7b2c7f1f,card,success,,1,452.09
PAY_12182,f165f4b52398,card,success,,1,181.12
PAY_12183,5579b73d7968,card,success,,1,308.91
PAY_12184,3b5c1fbb6a02,card,success,,1,26.28
PAY_12185,90ee971d7f5e,card,success,,1,28.87
PAY_12186,393fce998c42,card,success,,1,69.6
PAY_12187,b0f28a119673,card,failed,timeout,1,93.04
PAY_12188,b0f28a119673,card,failed,timeout,2,93.04
PAY_12189,e3b98e8e3f60,card,success,,1,76.82
PAY_12190,cfa384c2be6e,card,success,,1,24.2
PAY_12191,d793be654eb0,card,success,,1,226.17
PAY_12192,8c7b5188ca87,card,success,,1,504.39
PAY_12193,f8826eae9eed,card,success,,1,250.83
PAY_12194,14c4e505d66d,card,success,,1,214.52
PAY_12195,519fe25ecd21,card,success,,1,107.87
PAY_12196,6d66b593f043,card,success,,1,45.86
PAY_12197,9d73072b53db,card,success,,1,95.39
PAY_12198,e4e7a2d8d79a,card,success,,1,485.16
PAY_12199,809e830b88e0,card,success,,1,67.93
PAY_12200,2763dcef10e1,card,failed,bank_decline,1,62.55
PAY_12201,2763dcef10e1,UPI,failed,otp_failed,2,62.55
PAY_12202,2763dcef10e1,UPI,failed,timeout,3,62.55
PAY_12203,3cc0a662bfe4,card,success,,1,218.29
PAY_12204,06a6d342da89,card,success,,1,230.2
PAY_12205,5e79f221717a,card,success,,1,45.68
PAY_12206,8f6286ee1258,card,success,,1,73.03
PAY_12207,830684f3585b,card,success,,1,60.25
PAY_12208,afc9c0d32c1f,card,success,,1,95.18
PAY_12209,2be261411d75,card,success,,1,217.66
PAY_12210,79823b71a23e,card,success,,1,47.31
PAY_12211,7346e57f2b9e,card,success,,1,215.24
PAY_12212,e58351faceac,card,success,,1,97.64
PAY_12213,155010d41864,card,success,,1,578.8
PAY_12214,3fb4f418c7f3,card,success,,1,116.17
PAY_12215,fff93792a81b,card,success,,1,83.3
PAY_12216,5309b637af68,card,success,,1,68.74
PAY_12217,38a18ac86c8a,card,success,,1,74.26
PAY_12218,ff3ac77e75b1,card,success,,1,73.33
PAY_12219,7d54da75bdae,card,success,,1,25.18
PAY_12220,adfef8a63630,card,success,,1,84.91
PAY_12221,ce97e7f32398,card,success,,1,17.22
PAY_12222,4528717c5f0e,card,success,,1,68.16
PAY_12223,d194c0490a85,card,success,,1,109.39
PAY_12224,97e45d3df180,card,success,,1,97.28
PAY_12225,21e8d8c74952,card,success,,1,64.79
PAY_12226,d89777b1990f,card,success,,1,84.06
PAY_12227,ab938e26dba6,card,success,,1,48.07
PAY_12228,829f27cf9bc8,card,failed,otp_failed,1,90.8
PAY_12229,829f27cf9bc8,card,failed,otp_failed,2,90.8
PAY_12230,829f27cf9bc8,card,failed,timeout,3,90.8
PAY_12231,829f27cf9bc8,card,failed,timeout,4,90.8
PAY_12232,0bf478d8e1fc,card,success,,1,94.3
PAY_12233,8933870e7772,card,success,,1,43.81
PAY_12234,cc1f74dc9fb0,card,success,,1,111.52
PAY_12235,b2e985534612,card,success,,1,110.96
PAY_12236,96b3926e51e4,card,success,,1,78.81
PAY_12237,6c7e8c56adf9,card,success,,1,624.43
PAY_12238,eebbcfb8a6f7,card,success,,1,80.43
PAY_12239,067f1c1e92df,card,failed,otp_failed,1,64.21
PAY_12240,340547cb2e93,card,success,,1,41.4
PAY_12241,06ea9430fd7f,card,success,,1,155.82
PAY_12242,aca1b53b1294,card,success,,1,51.99
PAY_12243,cf00fa549c56,card,success,,1,57.15
PAY_12244,ba30d1a5b314,card,success,,1,58.52
PAY_12245,39366ad89f44,card,success,,1,40.94
PAY_12246,0f4c942f7f18,card,success,,1,22.18
PAY_12247,96b41949f2ab,card,success,,1,62.16
PAY_12248,a2e2a90317f4,card,success,,1,181.03
PAY_12249,4bb3be47c0d4,card,success,,1,105.38
PAY_12250,c6eb3f0711af,card,success,,1,313.71
PAY_12251,ed5012881e71,card,success,,1,164.15
PAY_12252,1ab3047a3820,card,success,,1,136.89
PAY_12253,6c47842e301c,card,success,,1,405.91
PAY_12254,0ca9d0b054c6,card,success,,1,83.29
PAY_12255,d2033a856a80,card,failed,timeout,1,94.68
PAY_12256,d2033a856a80,UPI,failed,timeout,2,94.68
PAY_12257,d2033a856a80,UPI,failed,otp_failed,3,94.68
PAY_12258,70be4566fa5e,card,success,,1,89.2
PAY_12259,c5db20cec5fb,card,success,,1,309.52
PAY_12260,28729c6261d9,card,success,,1,90.2
PAY_12261,3836fd3ce6c2,card,success,,1,53.59
PAY_12262,c009a81cbb5d,card,success,,1,144.05
PAY_12263,362d82ef2f20,card,success,,1,137.93
PAY_12264,8ebe6df7beeb,card,success,,1,125.35
PAY_12265,5e480979d641,card,success,,1,77.36
PAY_12266,8bc2f5f31566,card,success,,1,141.55
PAY_12267,89f29ba601c4,card,success,,1,27.38
PAY_12268,3a596a018c9b,card,success,,1,102.55
PAY_12269,0b598a063921,card,success,,1,62.16
PAY_12270,a92a12b355b6,card,success,,1,888.75
PAY_12271,6dd701d02997,card,success,,1,101.97
PAY_12272,02d70c15e931,card,success,,1,55.86
PAY_12273,454b1802cbf4,card,success,,1,29.89
PAY_12274,004ff7ff2c2c,card,success,,1,255.78
PAY_12275,8c9f237224be,card,success,,1,68.03
PAY_12276,a6293c877edd,card,success,,1,47.79
PAY_12277,71ba56811ea4,card,success,,1,117.81
PAY_12278,db4d1ff9daa1,card,success,,1,151.38
PAY_12279,530e1ab444f8,card,success,,1,149.48
PAY_12280,f0746052c0a4,card,success,,1,91.45
PAY_12281,7ca5859b3bfb,card,failed,bank_decline,1,102.24
PAY_12282,7ca5859b3bfb,card,failed,timeout,2,102.24
PAY_12283,7ca5859b3bfb,card,failed,otp_failed,3,102.24
PAY_12284,7ca5859b3bfb,card,failed,otp_failed,4,102.24
PAY_12285,c50f4e476eac,card,success,,1,108.38
PAY_12286,5dad144b8162,card,success,,1,117.82
PAY_12287,37cca1ced6d5,card,success,,1,126.46
PAY_12288,332fdf821156,card,success,,1,216.06
PAY_12289,c99e858b5ce8,card,success,,1,94.17
PAY_12290,68ec4d03ad0e,card,success,,1,46.83
PAY_12291,91d87f1b9386,card,success,,1,80.2
PAY_12292,1baebd1d2f29,card,success,,1,21.56
PAY_12293,53c6d2c3a826,card,success,,1,21.66
PAY_12294,308e4cd7041c,card,success,,1,187.66
PAY_12295,cf630cec9293,card,success,,1,303.72
PAY_12296,c68a689ccc53,card,success,,1,32.72
PAY_12297,4cdc9e5157cf,card,success,,1,97.55
PAY_12298,4f51fc43c733,card,success,,1,65.39
PAY_12299,7bb00a59f75f,card,success,,1,73.06
PAY_12300,c5e5f3bc19dc,card,success,,1,114.94
PAY_12301,57f15e2aa495,card,success,,1,32.0
PAY_12302,f50b06addb7d,card,failed,otp_failed,1,37.12
PAY_12303,0110d4442aea,card,success,,1,70.74
PAY_12304,efd65cb0b164,card,success,,1,80.13
PAY_12305,618e8643674c,card,success,,1,36.57
PAY_12306,be458a71dd0f,card,success,,1,169.31
PAY_12307,cd9455b23a74,card,success,,1,64.45
PAY_12308,7d6316b07c25,card,success,,1,64.23
PAY_12309,89885d670271,card,success,,1,112.86
PAY_12310,cdbeb132ed82,card,success,,1,81.2
PAY_12311,fad1eb09d00f,card,success,,1,175.91
PAY_12312,0c4e72955efb,card,success,,1,42.66
PAY_12313,4dd4e52a23d2,card,success,,1,29.43
PAY_12314,c7c73d5382ab,card,success,,1,70.26
PAY_12315,7f070980303d,card,success,,1,94.46
PAY_12316,86c3ebef3cee,card,success,,1,33.36
PAY_12317,7e75fcb6d8ad,card,success,,1,29.66
PAY_12318,7e7f5b250ab0,card,success,,1,104.15
PAY_12319,d051ec791376,card,success,,1,49.1
PAY_12320,3e10eec29040,card,success,,1,28.16
PAY_12321,f6d9fe47209c,card,success,,1,194.86
PAY_12322,f1c641216d6b,card,success,,1,54.3
PAY_12323,a4cc35f25831,card,success,,1,225.85
PAY_12324,00f931ef6285,card,success,,1,92.09
PAY_12325,e01ed524e329,card,success,,1,113.96
PAY_12326,0bc1ed6a04fc,card,success,,1,76.01
PAY_12327,6e4f158f7019,card,success,,1,10.76
PAY_12328,15bc5787cf3f,card,success,,1,36.25
PAY_12329,04910a7fc794,card,success,,1,81.4
PAY_12330,c2dd7f7a140d,card,success,,1,120.52
PAY_12331,7a32c15cd349,card,success,,1,21.5
PAY_12332,1c5910473e68,card,success,,1,86.24
PAY_12333,8e90a7da8b90,card,success,,1,36.68
PAY_12334,98ef0a99d350,card,success,,1,108.6
PAY_12335,13966cbf5e40,card,success,,1,88.63
PAY_12336,416f069f4d82,card,success,,1,163.17
PAY_12337,a6f3e1ed20ad,card,failed,timeout,1,211.34
PAY_12338,a6f3e1ed20ad,UPI,failed,timeout,2,211.34
PAY_12339,a6f3e1ed20ad,UPI,failed,bank_decline,3,211.34
PAY_12340,a6f3e1ed20ad,UPI,failed,bank_decline,4,211.34
PAY_12341,983e3c26dec7,card,success,,1,129.96
PAY_12342,3cfa0b200d21,card,failed,otp_failed,1,179.17
PAY_12343,66a012e84e90,card,success,,1,68.01
PAY_12344,ce5507578130,card,success,,1,861.34
PAY_12345,2360faad3eea,card,success,,1,33.95
PAY_12346,d550ae8a9494,card,success,,1,59.02
PAY_12347,ac7ad667bc2e,card,success,,1,164.38
PAY_12348,215c33325169,card,success,,1,132.94
PAY_12349,8b92550b557c,card,success,,1,154.51
PAY_12350,dc49fc39c853,card,success,,1,17.0
PAY_12351,cf905cbbb907,card,success,,1,321.0
PAY_12352,2522abfe6da5,card,success,,1,76.47
PAY_12353,38307841feea,card,success,,1,243.89
PAY_12354,8474eaad6ac3,card,success,,1,17.69
PAY_12355,bed10a866993,card,success,,1,110.53
PAY_12356,d1638a0e3ccd,card,success,,1,57.35
PAY_12357,bb0708c88244,card,success,,1,142.27
PAY_12358,0a71e83a1e86,card,failed,bank_decline,1,116.01
PAY_12359,38c727f9c022,card,success,,1,120.64
PAY_12360,36286bd731ca,card,success,,1,38.58
PAY_12361,7fbaa4eaf1d4,card,failed,bank_decline,1,86.01
PAY_12362,7fbaa4eaf1d4,UPI,failed,timeout,2,86.01
PAY_12363,7fbaa4eaf1d4,UPI,failed,otp_failed,3,86.01
PAY_12364,07ce7e4180c1,card,success,,1,77.93
PAY_12365,41dd11e94be1,card,success,,1,133.79
PAY_12366,5506541f18bf,card,success,,1,198.63
PAY_12367,316434d790db,card,success,,1,101.53
PAY_12368,96761f9caf0c,card,success,,1,32.43
PAY_12369,b2b91de2e790,card,success,,1,98.11
PAY_12370,b9b0fe02404f,card,success,,1,726.95
PAY_12371,6e94f1d083b8,card,success,,1,335.9
PAY_12372,bdad5f59f4e9,card,success,,1,8.34
PAY_12373,7424e0f66c94,card,success,,1,94.7
PAY_12374,cd1cf328de96,card,success,,1,189.75
PAY_12375,6a26fac22b88,card,success,,1,77.8
PAY_12376,f7102cc570fa,card,success,,1,62.3
PAY_12377,0da3a129ddf2,card,success,,1,72.71
PAY_12378,fd6c147ac22a,card,success,,1,140.02
PAY_12379,5cf50c0acd8d,card,success,,1,35.92
PAY_12380,f9188ca5cf88,card,success,,1,232.98
PAY_12381,2941fca0d5aa,card,success,,1,86.07
PAY_12382,c3e496d4404e,card,failed,otp_failed,1,42.61
PAY_12383,c3e496d4404e,UPI,failed,bank_decline,2,42.61
PAY_12384,f08f7306e5cd,card,success,,1,221.29
PAY_12385,72a353d12561,card,success,,1,26.15
PAY_12386,6fa93ba24e9a,card,success,,1,57.73
PAY_12387,2ac847ec7da6,card,success,,1,56.98
PAY_12388,35c1d005a196,card,success,,1,500.27
PAY_12389,b0807cb8d4a8,card,success,,1,52.04
PAY_12390,caff200a2c87,card,success,,1,16.06
PAY_12391,6ce4bd49b5da,card,success,,1,56.52
PAY_12392,cbd6b6d7870c,card,success,,1,129.6
PAY_12393,33c8237fe949,card,failed,otp_failed,1,168.56
PAY_12394,97470c5c8590,card,failed,bank_decline,1,556.26
PAY_12395,fd07744c96c9,card,success,,1,277.42
PAY_12396,51e9c94d8fb1,card,success,,1,44.12
PAY_12397,9a7b67a3df5d,card,success,,1,330.04
PAY_12398,f27611be297c,card,success,,1,67.03
PAY_12399,6b3273222989,card,success,,1,53.17
PAY_12400,406881172d51,card,success,,1,64.48
PAY_12401,f881ba61fb8d,card,failed,timeout,1,33.05
PAY_12402,f881ba61fb8d,netbanking,failed,otp_failed,2,33.05
PAY_12403,b93e030b16e3,card,success,,1,62.05
PAY_12404,44ba72ef9504,card,success,,1,74.7
PAY_12405,8f51bbae91b4,card,success,,1,161.5
PAY_12406,c4529a7c4578,card,success,,1,65.99
PAY_12407,c66d3a660a92,card,failed,otp_failed,1,32.66
PAY_12408,c66d3a660a92,UPI,failed,otp_failed,2,32.66
PAY_12409,c66d3a660a92,UPI,failed,timeout,3,32.66
PAY_12410,c66d3a660a92,UPI,failed,bank_decline,4,32.66
PAY_12411,2a4183690f25,card,success,,1,24.95
PAY_12412,2ffcbbf42a3d,card,failed,bank_decline,1,106.45
PAY_12413,2ffcbbf42a3d,card,failed,timeout,2,106.45
PAY_12414,2ffcbbf42a3d,card,failed,otp_failed,3,106.45
PAY_12415,b879c05f4ea2,card,success,,1,95.4
PAY_12416,517323874a34,card,success,,1,57.77
PAY_12417,aecf35c661b2,card,success,,1,61.93
PAY_12418,ea1e8583f165,card,success,,1,122.83
PAY_12419,ad70a6ea5c1a,card,success,,1,273.81
PAY_12420,f1d24876b2ba,card,success,,1,48.23
PAY_12421,4729d7fe1863,card,success,,1,96.65
PAY_12422,9179552d9380,card,success,,1,193.76
PAY_12423,198707f1ca7b,card,success,,1,48.38
PAY_12424,3bd78e30ef76,card,success,,1,88.9
PAY_12425,ac49ca41f616,card,success,,1,87.32
PAY_12426,2158e020fa4b,card,success,,1,31.53
PAY_12427,15d22c505e01,card,success,,1,103.01
PAY_12428,e4b962cb1722,card,success,,1,92.32
PAY_12429,61232f9d8e2c,card,success,,1,140.34
PAY_12430,df344edbe5ee,card,success,,1,34.83
PAY_12431,de8724944ed6,card,success,,1,90.74
PAY_12432,fc755e67e7fd,card,success,,1,271.89
PAY_12433,2065f4ad5b34,card,success,,1,474.38
PAY_12434,f9b56b455b6b,card,success,,1,250.66
PAY_12435,66654b1f8b91,card,success,,1,35.1
PAY_12436,62f8c380a5bc,card,success,,1,129.13
PAY_12437,1ce9ee9be42a,card,success,,1,61.16
PAY_12438,bab751befd12,card,success,,1,48.53
PAY_12439,d446236a9781,card,success,,1,22.86
PAY_12440,6f7350a02531,card,success,,1,68.33
PAY_12441,54a1d146c79e,card,failed,timeout,1,160.47
PAY_12442,cb0ce281f6b1,card,success,,1,113.34
PAY_12443,b137d2c5d5dd,card,success,,1,124.26
PAY_12444,677ea61023f8,card,success,,1,107.03
PAY_12445,788384deadc9,card,success,,1,124.41
PAY_12446,f0f5d162a19b,card,success,,1,137.5
PAY_12447,33bfac70aa21,card,failed,otp_failed,1,72.26
PAY_12448,33bfac70aa21,card,failed,bank_decline,2,72.26
PAY_12449,6384d66e613a,card,success,,1,96.19
PAY_12450,a12ea5a84d79,card,success,,1,363.07
PAY_12451,112eacf347a3,card,success,,1,100.85
PAY_12452,92070a972a82,card,success,,1,93.14
PAY_12453,51a8274aab5d,card,success,,1,97.74
PAY_12454,304b8605bb75,card,success,,1,75.62
PAY_12455,b7fd4cac50d6,card,success,,1,63.54
PAY_12456,7c0fb973fe64,card,success,,1,106.37
PAY_12457,94eebccd7226,card,success,,1,60.07
PAY_12458,64897556047e,card,success,,1,80.13
PAY_12459,1be2351f98aa,card,success,,1,47.83
PAY_12460,9f8fa6f22cfe,card,success,,1,98.14
PAY_12461,e27e46d8dbd9,card,success,,1,143.65
PAY_12462,57715efed035,card,success,,1,75.98
PAY_12463,9a48b852c1a0,card,success,,1,18.05
PAY_12464,4c0670ccc923,card,success,,1,144.36
PAY_12465,1eb041004796,card,success,,1,99.1
PAY_12466,ca4c8ad7676b,card,success,,1,40.67
PAY_12467,a73122e74a6e,card,success,,1,167.1
PAY_12468,90bec41a4a82,card,success,,1,29.41
PAY_12469,be5055f3d62b,card,success,,1,207.75
PAY_12470,6c936fe2f65f,card,success,,1,85.98
PAY_12471,affca1fb0997,card,success,,1,14.66
PAY_12472,ed9b704ee085,card,success,,1,103.82
PAY_12473,8d92dd9a88f7,card,success,,1,65.04
PAY_12474,bf1253aeb353,card,success,,1,57.66
PAY_12475,9937cabaf91f,card,success,,1,49.89
PAY_12476,67d0642d2d19,card,failed,bank_decline,1,81.31
PAY_12477,ee1adad76981,card,success,,1,61.06
PAY_12478,207275d67d76,card,success,,1,20.38
PAY_12479,ebbc9eb7b120,card,success,,1,249.05
PAY_12480,3a95e4c6c1df,card,success,,1,74.03
PAY_12481,d15a001c3c30,card,success,,1,50.12
PAY_12482,9cb808902814,card,success,,1,36.5
PAY_12483,11f94c1b0748,card,success,,1,166.77
PAY_12484,22c629a31f0f,card,success,,1,31.86
PAY_12485,58ab6b191e4e,card,success,,1,100.2
PAY_12486,576ebff25ddf,card,success,,1,56.43
PAY_12487,2ccd5bbccb2b,card,success,,1,59.13
PAY_12488,f96c02c3f0ca,card,success,,1,37.23
PAY_12489,5ad678873c7a,card,success,,1,54.8
PAY_12490,bc35255db0f9,card,success,,1,48.02
PAY_12491,be7507d69c2d,card,success,,1,83.7
PAY_12492,4e358c9e1175,card,success,,1,183.23
PAY_12493,49ea9e3ca61c,card,success,,1,23.81
PAY_12494,bed422a2c17b,card,success,,1,89.57
PAY_12495,61d4f147f9e7,card,success,,1,42.07
PAY_12496,5a1d9d229f05,card,success,,1,38.78
PAY_12497,4a3285e89e72,card,success,,1,110.92
PAY_12498,081684375001,card,success,,1,58.19
PAY_12499,9ed85f9da0c5,card,success,,1,34.01
PAY_12500,3d17e633efd4,card,success,,1,259.67
PAY_12501,b6a151c82dc7,card,success,,1,187.93
PAY_12502,25f176802cb0,card,success,,1,19.19
PAY_12503,5aacce58424e,card,success,,1,27.67
PAY_12504,14c6b8e9e452,card,success,,1,144.71
PAY_12505,c90ac28b3cbb,card,success,,1,71.67
PAY_12506,e3ad231208aa,card,success,,1,299.0
PAY_12507,abdead0d03d6,card,success,,1,147.39
PAY_12508,06446865b114,card,success,,1,114.39
PAY_12509,9c4b9c6da911,card,success,,1,39.75
PAY_12510,64784cc52e17,card,success,,1,133.37
PAY_12511,e74e3d7762fd,card,success,,1,32.44
PAY_12512,ec5bd6e552e8,card,success,,1,255.75
PAY_12513,a53a043a6247,card,success,,1,126.18
PAY_12514,952ac8ba0f56,card,success,,1,46.53
PAY_12515,c7eaa67bf9ad,card,success,,1,171.36
PAY_12516,7cccab507534,card,success,,1,540.89
PAY_12517,477d93deafb5,card,success,,1,75.63
PAY_12518,1c172eb03100,card,success,,1,139.82
PAY_12519,fddae2e3b204,card,success,,1,63.72
PAY_12520,d19de77c708f,card,success,,1,96.38
PAY_12521,9cdc107c55dc,card,success,,1,26.96
PAY_12522,20b20d3727f1,card,success,,1,89.98
PAY_12523,14e366af10a9,card,success,,1,93.21
PAY_12524,be36724073cf,card,success,,1,379.63
PAY_12525,ca1e5d33552d,card,success,,1,21.41
PAY_12526,2d4772c34bef,card,success,,1,71.9
PAY_12527,0a6c1c0ae84a,card,success,,1,252.27
PAY_12528,01b77959289a,card,success,,1,74.19
PAY_12529,5f8c2828726e,card,success,,1,78.49
PAY_12530,c75d968c3563,card,success,,1,46.22
PAY_12531,10c7772419f5,card,failed,timeout,1,42.69
PAY_12532,10c7772419f5,card,failed,bank_decline,2,42.69
PAY_12533,10c7772419f5,card,failed,otp_failed,3,42.69
PAY_12534,10c7772419f5,card,failed,otp_failed,4,42.69
PAY_12535,d0428c7ef9b5,card,success,,1,20.89
PAY_12536,dc30316ae9a4,card,success,,1,54.41
PAY_12537,056376cfd423,card,success,,1,40.79
PAY_12538,20a6b5631ac9,card,success,,1,98.93
PAY_12539,831468d5e3ca,card,success,,1,47.94
PAY_12540,2171bb063b56,card,success,,1,61.33
PAY_12541,fbe26a8c9327,card,success,,1,62.69
PAY_12542,88cae4d2262b,card,success,,1,86.61
PAY_12543,9f558c753f16,card,success,,1,58.98
PAY_12544,b42bf947e1a7,card,success,,1,38.5
PAY_12545,38f40e290281,card,success,,1,96.41
PAY_12546,b9c31f957af7,card,success,,1,211.45
PAY_12547,eb6ee2ee1fb4,card,success,,1,55.27
PAY_12548,f60b841c3770,card,success,,1,17.45
PAY_12549,00b1139bf130,card,success,,1,80.52
PAY_12550,ab81623fc142,card,success,,1,65.35
PAY_12551,b42363c11b98,card,success,,1,42.66
PAY_12552,4021aef4c622,card,success,,1,49.32
PAY_12553,c37479142282,card,success,,1,64.83
PAY_12554,cd4d963b7f31,card,success,,1,199.13
PAY_12555,be7cd2febece,card,success,,1,215.65
PAY_12556,8156795c4dfa,card,success,,1,42.84
PAY_12557,8160eff05125,card,success,,1,59.47
PAY_12558,125baaba5b46,card,success,,1,60.7
PAY_12559,32f031a9c366,card,success,,1,172.02
PAY_12560,1cb560f76265,card,success,,1,101.13
PAY_12561,8845269affc3,card,success,,1,96.95
PAY_12562,f23d203598a7,card,success,,1,138.24
PAY_12563,3b4680748abb,card,success,,1,55.86
PAY_12564,add80765b508,card,success,,1,268.03
PAY_12565,21cf0992e6ad,card,success,,1,89.89
PAY_12566,64ee1fd0db9d,card,success,,1,45.39
PAY_12567,e0c2010230be,card,success,,1,74.91
PAY_12568,645f42900737,card,success,,1,241.18
PAY_12569,8ed71f78190f,card,success,,1,64.06
PAY_12570,3de52532f7b7,card,success,,1,192.41
PAY_12571,504c9faa61d7,card,success,,1,54.58
PAY_12572,bc20c20255ba,card,success,,1,48.79
PAY_12573,7391713079cc,card,success,,1,152.58
PAY_12574,b59a0bbce6dd,card,success,,1,44.74
PAY_12575,ab392c1bac2e,card,success,,1,173.82
PAY_12576,e01537dbc7f3,card,success,,1,119.26
PAY_12577,c500cdd82563,card,success,,1,44.75
PAY_12578,5c188c75e84a,card,success,,1,85.02
PAY_12579,faf67578d897,card,success,,1,58.03
PAY_12580,ad36b465f3ee,card,success,,1,407.58
PAY_12581,db312be38916,card,success,,1,66.92
PAY_12582,c5ebf9a94a51,card,success,,1,137.97
PAY_12583,bb9eb1779bd0,card,success,,1,91.79
PAY_12584,09531ccc21ee,card,success,,1,91.77
PAY_12585,7431a25cb406,card,success,,1,78.87
PAY_12586,1da1f33b8eae,card,success,,1,45.33
PAY_12587,1a02e89d746d,card,success,,1,117.7
PAY_12588,613467984458,card,success,,1,71.45
PAY_12589,a5ba360ccecb,card,success,,1,43.65
PAY_12590,77dea2bb5443,card,success,,1,202.62
PAY_12591,936d1ea82b95,card,success,,1,97.44
PAY_12592,c83314c4c5f3,card,success,,1,75.0
PAY_12593,05f532d7964d,card,success,,1,262.97
PAY_12594,228eb21e43ac,card,success,,1,20.72
PAY_12595,df40100d4778,card,success,,1,249.2
PAY_12596,eaab01423c67,card,success,,1,44.52
PAY_12597,c4c39eca0171,card,success,,1,106.62
PAY_12598,b511332fe097,card,success,,1,56.24
PAY_12599,47612b32c65f,card,success,,1,43.02
PAY_12600,84d27a730583,card,success,,1,257.52
PAY_12601,732363399926,card,success,,1,397.41
PAY_12602,418b82b2bb2d,card,success,,1,75.42
PAY_12603,5df2809de715,card,success,,1,117.73
PAY_12604,59c4ea6f74f6,card,success,,1,359.39
PAY_12605,2f0193adab1f,card,success,,1,16.6
PAY_12606,f1fec82f8daa,card,success,,1,121.72
PAY_12607,cc8bb77765a0,card,success,,1,50.31
PAY_12608,e4d748f87966,card,success,,1,13.67
PAY_12609,9dad7ae5efef,card,success,,1,67.46
PAY_12610,b2e5f02dbb8d,card,success,,1,394.82
PAY_12611,e40ad3c13f1c,card,success,,1,53.26
PAY_12612,b94b3f13e881,card,success,,1,169.46
PAY_12613,6bf3207bb7d6,card,success,,1,234.85
PAY_12614,7babf84edf0d,card,success,,1,89.11
PAY_12615,1b50b47621a1,card,success,,1,99.12
PAY_12616,b875a7d93234,card,success,,1,22.8
PAY_12617,c83b31090248,card,success,,1,50.76
PAY_12618,0d77252130dc,card,success,,1,185.97
PAY_12619,aec239a65d69,card,success,,1,94.49
PAY_12620,eb762d8fed20,card,success,,1,519.88
PAY_12621,c923f5130c32,card,success,,1,325.16
PAY_12622,48a2d08d4870,card,success,,1,100.16
PAY_12623,c1a75376aea8,card,success,,1,349.1
PAY_12624,2eb5f1c7a29a,card,success,,1,33.79
PAY_12625,edf8e6d18765,card,success,,1,104.35
PAY_12626,d1fd8686235b,card,success,,1,65.7
PAY_12627,91ae45df7082,card,success,,1,100.64
PAY_12628,d9f9a371fd5c,card,success,,1,239.34
PAY_12629,98b86f320749,card,success,,1,238.96
PAY_12630,9aeb04aaa7bb,card,success,,1,52.66
PAY_12631,7ee0dcd385d4,card,success,,1,46.61
PAY_12632,e296bea9de80,card,success,,1,91.18
PAY_12633,58ac72baf732,card,success,,1,87.28
PAY_12634,8831865bd352,card,success,,1,77.58
PAY_12635,12916e2909eb,card,success,,1,41.81
PAY_12636,12ef5eb36e46,card,success,,1,234.84
PAY_12637,a87fb2533f32,card,success,,1,67.34
PAY_12638,c24c99593c0c,card,success,,1,281.71
PAY_12639,3a55850ae000,card,success,,1,90.94
PAY_12640,59044a91d614,card,success,,1,151.22
PAY_12641,d5cda9b94e79,card,success,,1,140.63
PAY_12642,68dbe2f551b4,card,success,,1,46.55
PAY_12643,dbbc2c59e959,card,success,,1,120.75
PAY_12644,66924822140a,card,success,,1,421.01
PAY_12645,fc2000c660c2,card,success,,1,110.09
PAY_12646,f3680d848066,card,success,,1,185.12
PAY_12647,e3ba36f20cd1,card,success,,1,156.74
PAY_12648,1afbffaa98de,card,success,,1,115.08
PAY_12649,876377884482,card,success,,1,104.5
PAY_12650,8ae8cf9f51a8,card,success,,1,139.47
PAY_12651,60d58c392e9d,card,success,,1,165.77
PAY_12652,3995c7e8c370,card,success,,1,30.52
PAY_12653,9e850c388932,card,success,,1,109.71
PAY_12654,ace52ebd7815,card,success,,1,77.69
PAY_12655,fa06b1bcdb2b,card,success,,1,65.81
PAY_12656,484ce187ead9,card,success,,1,253.86
PAY_12657,0cb4c54b8863,card,success,,1,50.07
PAY_12658,f65ae6d14481,card,success,,1,29.49
PAY_12659,1c2e26ba7c64,card,success,,1,170.13
PAY_12660,e965bf07a11e,card,success,,1,28.9
PAY_12661,ff612319cb60,card,success,,1,19.25
PAY_12662,f39f17899f69,card,success,,1,102.2
PAY_12663,16360325d068,card,success,,1,131.39
PAY_12664,735e9924a430,card,success,,1,63.18
PAY_12665,fde47f849a4b,card,success,,1,29.74
PAY_12666,40f51408c46c,card,success,,1,34.86
PAY_12667,2149fb6ceec2,card,success,,1,72.4
PAY_12668,44fd2c2330de,card,failed,timeout,1,32.53
PAY_12669,44fd2c2330de,netbanking,failed,timeout,2,32.53
PAY_12670,44fd2c2330de,netbanking,failed,bank_decline,3,32.53
PAY_12671,7fde4e12ac69,card,success,,1,115.08
PAY_12672,478e1908a436,card,success,,1,62.18
PAY_12673,ab578e4cea5a,card,success,,1,104.38
PAY_12674,71d0861e623c,card,success,,1,101.91
PAY_12675,0c1b030ccf38,card,success,,1,122.66
PAY_12676,470a314686e0,card,success,,1,134.23
PAY_12677,7f2329ac2e93,card,failed,otp_failed,1,68.37
PAY_12678,7f2329ac2e93,UPI,failed,bank_decline,2,68.37
PAY_12679,7f2329ac2e93,UPI,failed,timeout,3,68.37
PAY_12680,7f2329ac2e93,UPI,failed,bank_decline,4,68.37
PAY_12681,7f535aa9e7a4,card,success,,1,108.72
PAY_12682,bf1d9707f3d8,card,success,,1,12.9
PAY_12683,09b9d6bf0371,card,success,,1,150.99
PAY_12684,f3271db49c95,card,success,,1,101.49
PAY_12685,c29cb5d7c465,card,success,,1,141.35
PAY_12686,ccf7c9708903,card,success,,1,32.15
PAY_12687,24da816ec8bd,card,success,,1,69.92
PAY_12688,ffa5f9c89b0e,card,success,,1,37.59
PAY_12689,42f61a221e74,card,success,,1,163.32
PAY_12690,f3cee59c1529,card,failed,bank_decline,1,29.25
PAY_12691,182e5b36265a,card,success,,1,42.82
PAY_12692,d201a6d1c30c,card,success,,1,138.03
PAY_12693,52d07a283044,card,success,,1,54.41
PAY_12694,8405a29e4188,card,success,,1,42.83
PAY_12695,24e7eb442ae7,card,failed,timeout,1,185.93
PAY_12696,a0ff3e71dbb7,card,success,,1,192.13
PAY_12697,1f8171e07793,card,success,,1,160.4
PAY_12698,64296a52b909,card,success,,1,177.5
PAY_12699,b346a6c14e31,card,success,,1,74.79
PAY_12700,bbc19990c1a2,card,success,,1,76.43
PAY_12701,7f4b6d8a66fc,card,success,,1,53.6
PAY_12702,8e468be95c63,card,success,,1,102.94
PAY_12703,79e68eece2d3,card,success,,1,59.01
PAY_12704,7be3ae89d357,card,success,,1,63.66
PAY_12705,f35cbc77ada9,card,success,,1,145.46
PAY_12706,f0118aeb9ca6,card,success,,1,232.21
PAY_12707,7b4275c93f57,card,success,,1,123.79
PAY_12708,6768319e4fdb,card,success,,1,51.19
PAY_12709,aaaacfda1f4c,card,success,,1,20.69
PAY_12710,0ea861f7ab45,card,failed,timeout,1,159.45
PAY_12711,0ea861f7ab45,card,failed,bank_decline,2,159.45
PAY_12712,7094e355beff,card,failed,timeout,1,48.55
PAY_12713,e2f0b558e6e1,card,success,,1,72.32
PAY_12714,d30a25d80597,card,success,,1,21.85
PAY_12715,474a0c4ee88e,card,success,,1,43.84
PAY_12716,7686a91cb71b,card,success,,1,27.06
PAY_12717,f02f2106a251,card,success,,1,63.6
PAY_12718,55f661358253,card,success,,1,65.65
PAY_12719,b00674380168,card,failed,bank_decline,1,96.73
PAY_12720,9474cfdd139c,card,success,,1,242.69
PAY_12721,fd0243eaed9b,card,success,,1,154.71
PAY_12722,cf4f18501589,card,success,,1,24.59
PAY_12723,55ddb3bd4cb8,card,success,,1,146.41
PAY_12724,55c70eeb7818,card,success,,1,98.44
PAY_12725,f9074846330d,card,success,,1,83.24
PAY_12726,47fd6d8f2ffb,card,success,,1,88.4
PAY_12727,099541dc7186,card,success,,1,106.02
PAY_12728,9154b2cd7c20,card,success,,1,51.75
PAY_12729,75a951066372,card,success,,1,77.8
PAY_12730,b4d7027dce80,card,success,,1,232.1
PAY_12731,65bba922ce02,card,success,,1,51.26
PAY_12732,92de4ad5dba4,card,success,,1,39.49
PAY_12733,0c8c6f20c578,card,success,,1,85.68
PAY_12734,7363bcad66ad,card,success,,1,36.44
PAY_12735,21e6b0649e4c,card,success,,1,22.69
PAY_12736,98010dc96b4b,card,success,,1,68.34
PAY_12737,70706079fe49,card,success,,1,286.83
PAY_12738,b5808651b135,card,success,,1,87.28
PAY_12739,8b17007402f4,card,failed,timeout,1,103.84
PAY_12740,8b17007402f4,card,failed,otp_failed,2,103.84
PAY_12741,8b17007402f4,card,failed,timeout,3,103.84
PAY_12742,8b17007402f4,card,failed,timeout,4,103.84
PAY_12743,8186da7a90a1,card,success,,1,16.38
PAY_12744,fbae998d47f1,card,success,,1,127.8
PAY_12745,83a67eb0a507,card,success,,1,52.88
PAY_12746,a8729ce2f238,card,success,,1,103.96
PAY_12747,cc2298a25715,card,success,,1,103.14
PAY_12748,12f884902011,card,success,,1,38.57
PAY_12749,0a6e9695df91,card,success,,1,117.39
PAY_12750,1bc80ba03f9d,card,success,,1,234.56
PAY_12751,33b5c2b7940d,card,success,,1,75.01
PAY_12752,2580ac3e982e,card,success,,1,44.97
PAY_12753,ef264e70c9c5,card,success,,1,78.1
PAY_12754,b06a0d06732b,card,success,,1,178.34
PAY_12755,085da357f901,card,success,,1,33.75
PAY_12756,47e64f8496c6,card,success,,1,143.0
PAY_12757,a461f40c6e75,card,success,,1,52.33
PAY_12758,03547d9eee49,card,success,,1,109.25
PAY_12759,290dbfb454d0,card,success,,1,57.31
PAY_12760,0c1f4761e9fc,card,success,,1,57.19
PAY_12761,adf82154b895,card,success,,1,304.44
PAY_12762,1eff07e34d5d,card,success,,1,29.16
PAY_12763,fe7eb2d44f9a,card,success,,1,132.73
PAY_12764,ac0fe095383c,card,success,,1,359.62
PAY_12765,b228636ae841,card,success,,1,31.04
PAY_12766,90228a0c7bde,card,success,,1,32.29
PAY_12767,2cc91b244708,card,success,,1,49.34
PAY_12768,173238a30bbb,card,success,,1,102.14
PAY_12769,d266fa0673fb,card,success,,1,107.85
PAY_12770,69c35fe5a617,card,success,,1,32.55
PAY_12771,f3edc2d3da73,card,success,,1,44.78
PAY_12772,3c7612f4b3f3,card,success,,1,47.03
PAY_12773,dd070bd85940,card,success,,1,77.9
PAY_12774,58c1b28ad630,card,success,,1,440.43
PAY_12775,588bf246fd08,card,success,,1,41.2
PAY_12776,e700fc2cb8b5,card,success,,1,36.36
PAY_12777,457ed66f749b,card,success,,1,149.67
PAY_12778,8b750edf8422,card,success,,1,87.09
PAY_12779,c216661b4f8a,card,success,,1,43.95
PAY_12780,ace606f864f9,card,success,,1,67.34
PAY_12781,da6ecfd92c63,card,success,,1,47.79
PAY_12782,1796a95e209d,card,success,,1,114.06
PAY_12783,226053939bb4,card,success,,1,770.86
PAY_12784,688aa6f7f0cc,card,success,,1,139.87
PAY_12785,3e7afed0337b,card,success,,1,83.56
PAY_12786,56d6fa2f2db5,card,success,,1,52.88
PAY_12787,80e01650a21b,card,success,,1,30.73
PAY_12788,7765e6c1937b,card,success,,1,161.9
PAY_12789,b152a44fdcad,card,success,,1,155.01
PAY_12790,cb546114dd3f,card,success,,1,62.0
PAY_12791,5664335f3aa3,card,success,,1,237.62
PAY_12792,40d4b2ed3160,card,success,,1,91.55
PAY_12793,bb0b13a21873,card,success,,1,167.3
PAY_12794,921fcfe6866f,card,success,,1,114.09
PAY_12795,be649ed1c885,card,success,,1,41.93
PAY_12796,1a402597bfd4,card,success,,1,80.12
PAY_12797,b957d73cec77,card,success,,1,176.56
PAY_12798,9cfdd9300cbc,card,success,,1,59.95
PAY_12799,4f73fe486972,card,success,,1,127.97
PAY_12800,909589f94f24,card,failed,timeout,1,37.86
PAY_12801,909589f94f24,card,failed,bank_decline,2,37.86
PAY_12802,909589f94f24,card,failed,bank_decline,3,37.86
PAY_12803,e270deebc1a8,card,success,,1,168.01
PAY_12804,242b0023c31a,card,success,,1,115.63
PAY_12805,46d615ef72d4,card,success,,1,34.41
PAY_12806,b9dfd469f551,card,success,,1,75.25
PAY_12807,ea22e7cc62f8,card,success,,1,189.64
PAY_12808,e02899c6c7cd,card,success,,1,32.88
PAY_12809,88d1890d34b3,card,success,,1,38.22
PAY_12810,b06c0be8703a,card,success,,1,85.15
PAY_12811,25412b9b392b,card,success,,1,496.04
PAY_12812,da7a05768609,card,success,,1,52.56
PAY_12813,9084360583b8,card,success,,1,133.78
PAY_12814,fc4a20afcb22,card,failed,otp_failed,1,110.84
PAY_12815,fc4a20afcb22,UPI,failed,otp_failed,2,110.84
PAY_12816,fc4a20afcb22,UPI,failed,otp_failed,3,110.84
PAY_12817,eacaa7ad0140,card,success,,1,56.17
PAY_12818,b68bd7a02c7f,card,success,,1,102.4
PAY_12819,ea7c2fe792cc,card,success,,1,62.91
PAY_12820,2704480abaef,card,success,,1,67.61
PAY_12821,e481902561d6,card,success,,1,23.83
PAY_12822,027d3cb2ff67,card,success,,1,88.27
PAY_12823,caf8068aa6af,card,success,,1,184.8
PAY_12824,1ce270339f7a,card,success,,1,94.25
PAY_12825,72ddf5f217f7,card,success,,1,215.38
PAY_12826,dfd4094455ce,card,success,,1,143.2
PAY_12827,d8ae17b77022,card,success,,1,85.83
PAY_12828,f1382b8f8f07,card,success,,1,54.47
PAY_12829,6daec1cb3223,card,success,,1,61.01
PAY_12830,9c90932987ac,card,success,,1,27.76
PAY_12831,e135f44686e7,card,success,,1,72.7
PAY_12832,890f887f199e,card,success,,1,355.08
PAY_12833,4aca1b968fcd,card,success,,1,137.37
PAY_12834,ee5906cc7bf4,card,failed,bank_decline,1,45.07
PAY_12835,ee5906cc7bf4,card,failed,timeout,2,45.07
PAY_12836,ee5906cc7bf4,card,failed,timeout,3,45.07
PAY_12837,ee5906cc7bf4,card,failed,otp_failed,4,45.07
PAY_12838,e30e1e629a60,card,success,,1,28.46
PAY_12839,5f2ef1e63043,card,success,,1,76.31
PAY_12840,1ec4c6c94d39,card,success,,1,172.33
PAY_12841,ada38a9df291,card,success,,1,75.45
PAY_12842,1b4714087348,card,success,,1,77.87
PAY_12843,1a1fc190a594,card,success,,1,159.75
PAY_12844,b3f223437ded,card,success,,1,25.08
PAY_12845,5ca16b490b5d,card,success,,1,324.84
PAY_12846,f81d315c62e3,card,success,,1,36.97
PAY_12847,bf028bed0ae5,card,success,,1,169.86
PAY_12848,3eed52a9981a,card,success,,1,72.4
PAY_12849,0564b2dd5702,card,success,,1,82.05
PAY_12850,0e35a13acfe3,card,success,,1,74.23
PAY_12851,67d9421b9a39,card,success,,1,110.44
PAY_12852,8d0605cb3f10,card,success,,1,129.8
PAY_12853,052f2a0ddff2,card,success,,1,277.65
PAY_12854,b0b3eb49ad1a,card,success,,1,354.58
PAY_12855,70e7c35d4435,card,success,,1,96.97
PAY_12856,cd2e4f9abf5f,card,failed,timeout,1,213.14
PAY_12857,cd2e4f9abf5f,card,failed,timeout,2,213.14
PAY_12858,cd2e4f9abf5f,card,failed,otp_failed,3,213.14
PAY_12859,cd2e4f9abf5f,card,failed,timeout,4,213.14
PAY_12860,a78acd277c8a,card,success,,1,126.85
PAY_12861,3b042aff4052,card,success,,1,58.01
PAY_12862,9d9748b140c3,card,success,,1,104.06
PAY_12863,5df9fbccaf5a,card,success,,1,134.63
PAY_12864,a5daa5921dc5,card,success,,1,87.73
PAY_12865,fd3828567b69,card,success,,1,125.25
PAY_12866,108e3da5e969,card,success,,1,179.88
PAY_12867,748d6a5dfedd,card,success,,1,88.35
PAY_12868,582197611c58,card,success,,1,8.54
PAY_12869,1da6dd3cd684,card,success,,1,344.68
PAY_12870,63b65095fc5e,card,success,,1,70.95
PAY_12871,34ef083106fc,card,success,,1,46.59
PAY_12872,6a431776b890,card,success,,1,36.62
PAY_12873,d344b3dfc555,card,success,,1,68.78
PAY_12874,f313bf26ef56,card,success,,1,57.39
PAY_12875,f838c76c2613,card,success,,1,49.92
PAY_12876,8b4a878bf1fc,card,success,,1,52.16
PAY_12877,aa5fb23e062f,card,success,,1,137.52
PAY_12878,23654afe46f5,card,success,,1,456.82
PAY_12879,725e22a525e3,card,success,,1,173.55
PAY_12880,6a37d0324b28,card,success,,1,220.98
PAY_12881,6937b87f7032,card,success,,1,66.56
PAY_12882,f7b12957f5ae,card,success,,1,97.88
PAY_12883,a416c2cb9baa,card,success,,1,53.11
PAY_12884,1df9f3c37ab8,card,success,,1,64.03
PAY_12885,3fa354bfe8e3,card,success,,1,215.34
PAY_12886,758ead64deb3,card,success,,1,95.0
PAY_12887,18143dad94ba,card,success,,1,28.42
PAY_12888,302dc9c97b8e,card,success,,1,95.6
PAY_12889,e8adc429e6c9,card,success,,1,110.42
PAY_12890,09f3fae323ee,card,success,,1,72.49
PAY_12891,52ea9b079533,card,success,,1,109.22
PAY_12892,dcaeaf4e6575,card,success,,1,110.55
PAY_12893,99c132837215,card,success,,1,34.42
PAY_12894,eb63206462b5,card,success,,1,73.51
PAY_12895,62a60b64c55a,card,success,,1,124.95
PAY_12896,97eddd852489,card,success,,1,318.29
PAY_12897,8b2d5ae1d395,card,success,,1,72.42
PAY_12898,fa94b8025bdc,card,success,,1,139.86
PAY_12899,093267c15e54,card,success,,1,181.73
PAY_12900,7897c5a98901,card,success,,1,76.91
PAY_12901,550eddc979ea,card,success,,1,225.59
PAY_12902,37e85f1fe369,card,success,,1,235.51
PAY_12903,9bb98d9c3303,card,success,,1,271.59
PAY_12904,ebd84f27db54,card,success,,1,129.9
PAY_12905,20c90b70fe43,card,success,,1,594.73
PAY_12906,1eff8fee5249,card,success,,1,55.02
PAY_12907,46d5a036a143,card,success,,1,492.39
PAY_12908,28b897c50c38,card,success,,1,166.44
PAY_12909,4b7bb072311e,card,success,,1,263.04
PAY_12910,28ec606e4050,card,success,,1,69.68
PAY_12911,5343f8e1687f,card,success,,1,176.9
PAY_12912,2d18ed4f2135,card,success,,1,281.91
PAY_12913,6c9dee69a86c,card,failed,timeout,1,37.72
PAY_12914,4d555aacb199,card,success,,1,78.99
PAY_12915,9f4f445c143a,card,success,,1,16.23
PAY_12916,9a9fe53a9517,card,success,,1,78.05
PAY_12917,656dcd018704,card,success,,1,46.86
PAY_12918,0694edbb3d6b,card,success,,1,75.62
PAY_12919,70b3e27f38dc,card,success,,1,933.48
PAY_12920,3fabbb19e873,card,success,,1,355.76
PAY_12921,cd385a0f7250,card,success,,1,28.46
PAY_12922,ac01a1c46915,card,success,,1,140.41
PAY_12923,66637e5a2051,card,success,,1,170.57
PAY_12924,f6c5c0c59132,card,success,,1,68.7
PAY_12925,8a419763d16f,card,success,,1,103.82
PAY_12926,e9adf0a9792d,card,success,,1,112.26
PAY_12927,9e9e39feeaab,card,success,,1,30.65
PAY_12928,eb3e8ba53ef7,card,success,,1,39.45
PAY_12929,f3f5b08c1984,card,success,,1,103.32
PAY_12930,8fa8f0792a8f,card,success,,1,51.07
PAY_12931,dd059ee67877,card,failed,timeout,1,83.78
PAY_12932,dd059ee67877,card,failed,bank_decline,2,83.78
PAY_12933,dd059ee67877,card,failed,timeout,3,83.78
PAY_12934,5d9453230742,card,success,,1,182.9
PAY_12935,e1cbf328b8fe,card,success,,1,84.67
PAY_12936,84de545665cb,card,success,,1,329.7
PAY_12937,868270c979ce,card,success,,1,105.06
PAY_12938,81ef28566c61,card,success,,1,67.8
PAY_12939,fbb7d3cc93f7,card,success,,1,144.08
PAY_12940,dc03cf99b603,card,success,,1,48.17
PAY_12941,392cc5802181,card,success,,1,420.7
PAY_12942,5b1e018e8e37,card,success,,1,23.28
PAY_12943,e721c445747a,card,success,,1,355.09
PAY_12944,6fe349ceb6cc,card,success,,1,140.04
PAY_12945,91553fdee218,card,success,,1,261.81
PAY_12946,6284fa3f50af,card,success,,1,178.78
PAY_12947,ad37d9789d8b,card,success,,1,50.2
PAY_12948,edd152920588,card,success,,1,145.48
PAY_12949,70685d0f9596,card,success,,1,401.01
PAY_12950,c626f6ab744b,card,success,,1,44.26
PAY_12951,b0ffe7d39952,card,success,,1,490.17
PAY_12952,5210b909106f,card,success,,1,122.56
PAY_12953,c3ce9faf3188,card,success,,1,63.65
PAY_12954,8d0498d8ccf3,card,success,,1,44.05
PAY_12955,27320bef30b6,card,success,,1,75.29
PAY_12956,d5dbb095b69d,card,failed,otp_failed,1,18.84
PAY_12957,d5dbb095b69d,netbanking,failed,timeout,2,18.84
PAY_12958,d5dbb095b69d,netbanking,failed,timeout,3,18.84
PAY_12959,d5dbb095b69d,netbanking,failed,otp_failed,4,18.84
PAY_12960,3af0475f73c1,card,success,,1,64.57
PAY_12961,408eaf1cfc62,card,success,,1,72.94
PAY_12962,c7018f38b151,card,success,,1,38.11
PAY_12963,fca1c6adf4a8,card,success,,1,163.74
PAY_12964,5c99d03783c2,card,failed,otp_failed,1,75.56
PAY_12965,5c99d03783c2,card,failed,otp_failed,2,75.56
PAY_12966,5c99d03783c2,card,failed,bank_decline,3,75.56
PAY_12967,5c99d03783c2,card,failed,bank_decline,4,75.56
PAY_12968,76ba74557e1a,card,success,,1,54.13
PAY_12969,edb25fc57c0d,card,success,,1,69.39
PAY_12970,08a8d4fdd796,card,failed,otp_failed,1,119.59
PAY_12971,08a8d4fdd796,card,failed,otp_failed,2,119.59
PAY_12972,b310e5f68516,card,success,,1,95.45
PAY_12973,d2e5699929db,card,success,,1,51.38
PAY_12974,0a1cebe3ccd4,card,success,,1,99.54
PAY_12975,a8f0920055b2,card,success,,1,86.44
PAY_12976,50406ebeda53,card,success,,1,36.18
PAY_12977,09582be18474,card,success,,1,71.46
PAY_12978,7ea821b1f224,card,success,,1,143.09
PAY_12979,e97084b3f28a,card,success,,1,142.27
PAY_12980,576f557bb938,card,success,,1,41.1
PAY_12981,04b6e32fa54d,card,success,,1,42.13
PAY_12982,e33fdf87930b,card,success,,1,73.63
PAY_12983,0b7465ee7e96,card,success,,1,298.29
PAY_12984,f51c46cc06b5,card,success,,1,102.58
PAY_12985,dd60884391a5,card,success,,1,72.22
PAY_12986,d36cdf121b5b,card,success,,1,309.61
PAY_12987,f62701ed8698,card,success,,1,71.55
PAY_12988,41ca9e7dfc0f,card,success,,1,537.96
PAY_12989,0811042c46ee,card,success,,1,59.8
PAY_12990,61b54be553a5,card,success,,1,40.07
PAY_12991,3decd5c545d4,card,success,,1,78.8
PAY_12992,2c673d33e395,card,success,,1,73.75
PAY_12993,e417a20ebfa5,card,success,,1,47.17
PAY_12994,1245e322e989,card,success,,1,721.68
PAY_12995,fc6eabed0d74,card,success,,1,116.15
PAY_12996,1dab47e30815,card,success,,1,130.5
PAY_12997,b1ba030b027a,card,success,,1,62.21
PAY_12998,15fd7a303d6f,card,success,,1,56.71
PAY_12999,a2eafc9a3ec6,card,success,,1,204.48
PAY_13000,fe00e182efcc,card,success,,1,23.55
PAY_13001,cbaef5897a7f,card,success,,1,36.08
PAY_13002,f70429376b40,card,success,,1,73.86
PAY_13003,4f0a713ea6be,card,success,,1,265.29
PAY_13004,24cfc1217090,card,success,,1,66.71
PAY_13005,461e7b17c3e5,card,success,,1,92.04
PAY_13006,2f1f285d1b0e,card,success,,1,253.92
PAY_13007,035c09764ea4,card,success,,1,25.34
PAY_13008,1927c6ad437a,card,success,,1,162.19
PAY_13009,e91f279f3cd8,card,success,,1,76.78
PAY_13010,efb2337b27ab,card,success,,1,188.65
PAY_13011,59c7faf96732,card,success,,1,46.74
PAY_13012,e63877641b23,card,success,,1,91.79
PAY_13013,c4d267e635d9,card,success,,1,82.93
PAY_13014,47800e2a0396,card,success,,1,40.37
PAY_13015,112378373d26,card,success,,1,32.32
PAY_13016,08020a3d11bd,card,success,,1,56.58
PAY_13017,360041312308,card,success,,1,99.88
PAY_13018,b63784f8952b,card,success,,1,49.13
PAY_13019,f6747f0bea81,card,success,,1,69.13
PAY_13020,d51c0ce45b36,card,success,,1,19.91
PAY_13021,64ddd383c68d,card,success,,1,66.92
PAY_13022,9051ba82743d,card,success,,1,204.15
PAY_13023,2b5f5afc01d8,card,success,,1,158.24
PAY_13024,a70e779f2c7f,card,success,,1,83.97
PAY_13025,f531149651be,card,success,,1,109.39
PAY_13026,fc5f9e200e5a,card,failed,otp_failed,1,46.4
PAY_13027,fc5f9e200e5a,card,failed,otp_failed,2,46.4
PAY_13028,fc5f9e200e5a,card,failed,otp_failed,3,46.4
PAY_13029,fc5f9e200e5a,card,failed,otp_failed,4,46.4
PAY_13030,b53fc75d5df8,card,success,,1,330.15
PAY_13031,e4eb80a7b369,card,success,,1,470.69
PAY_13032,32512b334695,card,success,,1,102.7
PAY_13033,d6dc3e12b70f,card,success,,1,715.19
PAY_13034,fd593e55d44f,card,success,,1,52.24
PAY_13035,bd6c65dc4651,card,failed,otp_failed,1,33.09
PAY_13036,1aa918d52a9a,card,success,,1,51.02
PAY_13037,b52609d9a99b,card,success,,1,75.52
PAY_13038,901a55762182,card,success,,1,572.29
PAY_13039,ec80aef84fa6,card,success,,1,71.89
PAY_13040,e5395123ad4a,card,success,,1,45.25
PAY_13041,54a3900c41dd,card,success,,1,43.87
PAY_13042,fc78484ef855,card,success,,1,224.08
PAY_13043,f7a3cb98280a,card,success,,1,199.9
PAY_13044,c194687065ea,card,success,,1,61.05
PAY_13045,f372fd49268b,card,success,,1,20.07
PAY_13046,aefeee2c2a7d,card,failed,bank_decline,1,36.49
PAY_13047,aefeee2c2a7d,card,failed,bank_decline,2,36.49
PAY_13048,aefeee2c2a7d,card,failed,bank_decline,3,36.49
PAY_13049,aefeee2c2a7d,card,failed,otp_failed,4,36.49
PAY_13050,4a46334e8708,card,success,,1,356.74
PAY_13051,8981308c540c,card,success,,1,156.19
PAY_13052,086c3ec75c97,card,success,,1,94.86
PAY_13053,61d0c6357869,card,success,,1,401.44
PAY_13054,2681fd4a5a56,card,success,,1,431.24
PAY_13055,d5f87dda9b53,card,success,,1,87.47
PAY_13056,0459681af8ba,card,success,,1,56.51
PAY_13057,da99aef1f4df,card,success,,1,71.69
PAY_13058,b51df87e51b4,card,success,,1,27.41
PAY_13059,677f68e23e6c,card,success,,1,27.32
PAY_13060,601a0086f2f4,card,success,,1,22.69
PAY_13061,fe3ba5912e5a,card,success,,1,214.32
PAY_13062,883e73b15d5b,card,success,,1,25.81
PAY_13063,5685cc4f3ff1,card,success,,1,428.36
PAY_13064,1bcfe7854431,card,success,,1,50.18
PAY_13065,5aa2f54705d1,card,failed,timeout,1,361.36
PAY_13066,5aa2f54705d1,card,failed,bank_decline,2,361.36
PAY_13067,5aa2f54705d1,card,failed,timeout,3,361.36
PAY_13068,f3cf358bf024,card,success,,1,67.22
PAY_13069,66de072d57cc,card,success,,1,25.71
PAY_13070,1c95df1c5132,card,success,,1,251.39
PAY_13071,f23cc9a11dd8,card,success,,1,276.3
PAY_13072,b6cc57ee277a,card,success,,1,43.6
PAY_13073,d79050da388d,card,success,,1,69.04
PAY_13074,154770e6f962,card,success,,1,43.61
PAY_13075,156319338f75,card,success,,1,81.74
PAY_13076,2dc80f779d71,card,success,,1,98.13
PAY_13077,eb53d47cbea1,card,success,,1,67.96
PAY_13078,f3c2caed0604,card,success,,1,21.01
PAY_13079,a8739ee55e27,card,success,,1,56.56
PAY_13080,1aecb18d4823,card,success,,1,158.03
PAY_13081,ec12f6f3b3f0,card,success,,1,76.16
PAY_13082,a68a82c04998,card,success,,1,69.27
PAY_13083,2d388bbd9cc8,card,success,,1,42.75
PAY_13084,0d656655c61c,card,success,,1,55.26
PAY_13085,9d0a6d0a40c9,card,success,,1,277.87
PAY_13086,6a90944e406f,card,failed,otp_failed,1,36.17
PAY_13087,6a90944e406f,card,failed,bank_decline,2,36.17
PAY_13088,912b3bfcd110,card,success,,1,160.24
PAY_13089,d0bdbd58a227,card,success,,1,93.47
PAY_13090,8c3f22cb0598,card,success,,1,109.49
PAY_13091,ab04f7279b34,card,success,,1,50.1
PAY_13092,f5af3076e2c2,card,success,,1,67.94
PAY_13093,1817497b11d8,card,success,,1,89.61
PAY_13094,4b27dd6a450e,card,success,,1,59.35
PAY_13095,e9b06a0fd499,card,success,,1,117.35
PAY_13096,4298b2d5f205,card,success,,1,129.79
PAY_13097,707fe3599e38,card,success,,1,511.92
PAY_13098,3c39d9c08d85,card,success,,1,112.45
PAY_13099,8b8c62eaa4aa,card,failed,timeout,1,19.5
PAY_13100,8b8c62eaa4aa,netbanking,failed,timeout,2,19.5
PAY_13101,8b8c62eaa4aa,netbanking,failed,bank_decline,3,19.5
PAY_13102,2401299ec52c,card,success,,1,228.24
PAY_13103,f6ab1a596ec7,card,success,,1,76.47
PAY_13104,516af5a31a69,card,success,,1,450.13
PAY_13105,d73b9dd20ea0,card,success,,1,292.0
PAY_13106,3b7c777e1473,card,success,,1,60.09
PAY_13107,67ab8ed07e9d,card,success,,1,160.38
PAY_13108,92ea3ff63b3b,card,success,,1,55.97
PAY_13109,1fb9f71f9aac,card,failed,otp_failed,1,90.21
PAY_13110,1fb9f71f9aac,card,failed,timeout,2,90.21
PAY_13111,1fb9f71f9aac,card,failed,otp_failed,3,90.21
PAY_13112,d241ade8cf17,card,success,,1,154.59
PAY_13113,1e9c7eb54c3e,card,success,,1,219.29
PAY_13114,201be20dca0e,card,success,,1,184.23
PAY_13115,1e4e6ea4ea09,card,success,,1,95.58
PAY_13116,cf5055b1b727,card,success,,1,656.38
PAY_13117,fac2374cd687,card,success,,1,67.22
PAY_13118,c818bb8afea3,card,failed,timeout,1,24.88
PAY_13119,c818bb8afea3,card,failed,bank_decline,2,24.88
PAY_13120,c818bb8afea3,card,failed,timeout,3,24.88
PAY_13121,c818bb8afea3,card,failed,timeout,4,24.88
PAY_13122,b37929df3a88,card,failed,bank_decline,1,29.03
PAY_13123,b37929df3a88,netbanking,failed,bank_decline,2,29.03
PAY_13124,b37929df3a88,netbanking,failed,bank_decline,3,29.03
PAY_13125,03c6d1e9bb54,card,success,,1,292.72
PAY_13126,ec08051afe0d,card,success,,1,84.66
PAY_13127,629c320d5c29,card,success,,1,102.23
PAY_13128,8ed924d09214,card,success,,1,58.32
PAY_13129,c20e058b36cc,card,success,,1,62.67
PAY_13130,8a9adf1b8ae2,card,success,,1,47.96
PAY_13131,1927eb2da7e9,card,success,,1,131.23
PAY_13132,e35999818e5e,card,success,,1,83.27
PAY_13133,189f5498f268,card,success,,1,127.49
PAY_13134,6f590a649b69,card,success,,1,118.1
PAY_13135,e7bcce8b59ff,card,success,,1,64.03
PAY_13136,b6b9c9e1afa0,card,success,,1,28.02
PAY_13137,100d3fe62bef,card,success,,1,26.14
PAY_13138,5d587617cbd9,card,success,,1,1013.66
PAY_13139,2b3349dce409,card,success,,1,293.69
PAY_13140,9f58c193378a,card,success,,1,263.0
PAY_13141,b8883ab0c299,card,success,,1,52.47
PAY_13142,a59f8223df7f,card,success,,1,90.7
PAY_13143,f8651f46683e,card,success,,1,46.89
PAY_13144,afb1aade8bf6,card,success,,1,56.2
PAY_13145,5a8c5a8dcb2c,card,success,,1,260.07
PAY_13146,00ab3505ff63,card,success,,1,176.37
PAY_13147,dabbea6ce673,card,success,,1,41.43
PAY_13148,b0f67eb9ffcb,card,success,,1,69.98
PAY_13149,3b1829ba5e40,card,success,,1,163.91
PAY_13150,3556cafcf15b,card,success,,1,57.01
PAY_13151,a2a4e8e32dfa,card,success,,1,95.93
PAY_13152,924a3ad280c3,card,success,,1,124.15
PAY_13153,77dc8adc51a9,card,success,,1,123.07
PAY_13154,b3f014dda66e,card,success,,1,110.31
PAY_13155,5867ff317dae,card,success,,1,57.93
PAY_13156,a565e64d02cf,card,success,,1,36.35
PAY_13157,5924cb65be7f,card,failed,otp_failed,1,25.81
PAY_13158,78d41acd3fee,card,success,,1,82.12
PAY_13159,3be386e406f1,card,success,,1,172.95
PAY_13160,304514d5c023,card,success,,1,29.84
PAY_13161,0b1e1ca7f5fc,card,success,,1,111.99
PAY_13162,a99a2aec7c5e,card,success,,1,168.63
PAY_13163,960715d3f9fb,card,success,,1,20.71
PAY_13164,295342f26b87,card,success,,1,72.5
PAY_13165,d30c9d71030a,card,success,,1,335.95
PAY_13166,18d969dbac09,card,success,,1,139.99
PAY_13167,080df98075fb,card,success,,1,20.16
PAY_13168,80f4cb426a34,card,success,,1,152.42
PAY_13169,597976a8a9ae,card,success,,1,49.49
PAY_13170,5ab502b6f674,card,success,,1,156.5
PAY_13171,34026a13886e,card,failed,bank_decline,1,51.83
PAY_13172,34026a13886e,netbanking,failed,otp_failed,2,51.83
PAY_13173,34026a13886e,netbanking,failed,bank_decline,3,51.83
PAY_13174,34026a13886e,netbanking,failed,otp_failed,4,51.83
PAY_13175,0308f1e87b71,card,success,,1,86.28
PAY_13176,9eeddc2449b2,card,success,,1,58.55
PAY_13177,b3106f8dee8a,card,success,,1,90.24
PAY_13178,a2578faf1cc6,card,success,,1,57.18
PAY_13179,31b27a65588c,card,success,,1,75.28
PAY_13180,d4ccf0f13446,card,success,,1,35.15
PAY_13181,bb42ad8e3ffd,card,success,,1,133.29
PAY_13182,c63f5e9efd5b,card,success,,1,103.57
PAY_13183,8e5e68052e05,card,success,,1,24.7
PAY_13184,cb6146f3b5d1,card,success,,1,199.2
PAY_13185,62b8f559237a,card,success,,1,78.18
PAY_13186,dfa7c2a64b6b,card,success,,1,102.45
PAY_13187,1ea4be7d0c3d,card,success,,1,165.94
PAY_13188,92bd5df0a27a,card,success,,1,117.05
PAY_13189,8a6c7874bd97,card,success,,1,228.64
PAY_13190,0528b9fa9696,card,success,,1,71.19
PAY_13191,e5736e471fb3,card,success,,1,205.93
PAY_13192,2aabad2f2968,card,success,,1,99.32
PAY_13193,c17fe99d42ac,card,success,,1,135.11
PAY_13194,6b51d0cc751d,card,success,,1,124.33
PAY_13195,4d6af49c8ce6,card,failed,bank_decline,1,242.88
PAY_13196,4d6af49c8ce6,netbanking,failed,otp_failed,2,242.88
PAY_13197,4d6af49c8ce6,netbanking,failed,timeout,3,242.88
PAY_13198,5913e0fae977,card,success,,1,160.31
PAY_13199,0235ce942efa,card,success,,1,63.16
PAY_13200,b4f5dbffad92,card,success,,1,53.89
PAY_13201,fd5c10f7a0a6,card,success,,1,86.5
PAY_13202,e2e7d65052ad,card,success,,1,49.0
PAY_13203,a5cbb411d359,card,success,,1,38.79
PAY_13204,9ddccfe20922,card,success,,1,16.4
PAY_13205,6c6e1af5d637,card,success,,1,26.06
PAY_13206,aa612b2f8045,card,success,,1,440.68
PAY_13207,02233764d221,card,success,,1,53.24
PAY_13208,1907b35410c2,card,success,,1,412.72
PAY_13209,4af457b0593b,card,success,,1,124.28
PAY_13210,364be3307c02,card,success,,1,86.5
PAY_13211,01b4cadef47c,card,success,,1,27.1
PAY_13212,7e514e8ffef5,card,success,,1,90.35
PAY_13213,8238404afd34,card,success,,1,409.01
PAY_13214,0c82b09f3b0f,card,success,,1,312.97
PAY_13215,97479800c7b1,card,success,,1,112.1
PAY_13216,3e3eeb9a8d46,card,success,,1,35.91
PAY_13217,a12d7b6a114c,card,success,,1,41.86
PAY_13218,d343d098dd8c,card,success,,1,45.51
PAY_13219,8e4a0133740d,card,success,,1,250.27
PAY_13220,6f7a51eec322,card,success,,1,332.08
PAY_13221,f134956a2843,card,success,,1,105.29
PAY_13222,a342264e1c3e,card,success,,1,70.64
PAY_13223,268de98d01ef,card,success,,1,310.74
PAY_13224,78c724b8f9e0,card,success,,1,41.15
PAY_13225,d4d48f7b2abb,card,success,,1,93.83
PAY_13226,238d1334a4eb,card,success,,1,130.37
PAY_13227,624c230eeaa4,card,success,,1,45.14
PAY_13228,97030101e9eb,card,failed,timeout,1,54.12
PAY_13229,97030101e9eb,card,failed,timeout,2,54.12
PAY_13230,822160ad6480,card,failed,bank_decline,1,50.86
PAY_13231,822160ad6480,card,failed,bank_decline,2,50.86
PAY_13232,822160ad6480,card,failed,timeout,3,50.86
PAY_13233,71b835b3d555,card,success,,1,279.61
PAY_13234,55ba1024fcb7,card,success,,1,416.34
PAY_13235,88d5e4422910,card,success,,1,98.68
PAY_13236,ab27b2617696,card,success,,1,72.63
PAY_13237,52ced0b246a4,card,success,,1,55.71
PAY_13238,9721e7b8fc36,card,success,,1,90.14
PAY_13239,55c75297296a,card,success,,1,57.96
PAY_13240,afdf9f38094b,card,success,,1,83.29
PAY_13241,975082276050,card,failed,otp_failed,1,125.28
PAY_13242,975082276050,card,failed,otp_failed,2,125.28
PAY_13243,975082276050,card,failed,timeout,3,125.28
PAY_13244,6117363bf215,card,success,,1,65.09
PAY_13245,8e75e4b8d0d2,card,success,,1,77.35
PAY_13246,eed0c8397dd7,card,failed,timeout,1,69.82
PAY_13247,eed0c8397dd7,card,failed,bank_decline,2,69.82
PAY_13248,eed0c8397dd7,card,failed,otp_failed,3,69.82
PAY_13249,6d61cf501a09,card,success,,1,63.23
PAY_13250,90d369c3e2c5,card,success,,1,165.63
PAY_13251,494e32a97412,card,success,,1,21.83
PAY_13252,ab19a3974fab,card,success,,1,317.17
PAY_13253,b0f18e2df196,card,success,,1,100.33
PAY_13254,200a3f9364a2,card,success,,1,146.64
PAY_13255,1ad8bb7a4b23,card,success,,1,160.78
PAY_13256,7de8a18cacb5,card,success,,1,51.09
PAY_13257,737d55a11e81,card,success,,1,43.32
PAY_13258,cf4b8cf3a53c,card,success,,1,39.42
PAY_13259,1084f225acfe,card,success,,1,73.87
PAY_13260,034afcd2151d,card,success,,1,157.49
PAY_13261,d4a84f8373d2,card,success,,1,56.43
PAY_13262,c5a24958065c,card,success,,1,146.4
PAY_13263,2e269e8de654,card,success,,1,13.54
PAY_13264,c6d478a5e279,card,success,,1,66.12
PAY_13265,0d36d1661f1e,card,success,,1,229.0
PAY_13266,9df6d8e40202,card,success,,1,78.51
PAY_13267,78a40ff281b2,card,success,,1,53.22
PAY_13268,f968339ddea1,card,success,,1,7.99
PAY_13269,6db2e500abb3,card,success,,1,40.07
PAY_13270,3eb4539a2087,card,success,,1,209.72
PAY_13271,176b17258db2,card,success,,1,56.48
PAY_13272,f1c6c8ae4d52,card,success,,1,62.08
PAY_13273,352d73767230,card,success,,1,13.94
PAY_13274,0c556858cd4d,card,success,,1,24.42
PAY_13275,ae3a617c279d,card,success,,1,233.23
PAY_13276,c79af1870118,card,success,,1,147.5
PAY_13277,c7ddd905e0e6,card,success,,1,31.88
PAY_13278,b93d03379b51,card,success,,1,54.36
PAY_13279,e0b6f61b097d,card,success,,1,87.94
PAY_13280,d363a0f73cee,card,success,,1,34.57
PAY_13281,70742de71f39,card,success,,1,18.11
PAY_13282,c308441f83e7,card,success,,1,79.25
PAY_13283,dbd640975bff,card,success,,1,142.32
PAY_13284,f250bb519e0c,card,success,,1,144.53
PAY_13285,636869e72974,card,success,,1,181.31
PAY_13286,efc514f9b64e,card,success,,1,25.98
PAY_13287,ba9d82b8f23d,card,success,,1,94.28
PAY_13288,751a6a678b92,card,success,,1,72.62
PAY_13289,9435fb570976,card,success,,1,83.95
PAY_13290,290e12c1d005,card,success,,1,75.99
PAY_13291,ee4843490a36,card,success,,1,53.07
PAY_13292,4a9b684363c3,card,success,,1,8.05
PAY_13293,f1842bf57422,card,success,,1,117.21
PAY_13294,1e3165e39aad,card,success,,1,27.46
PAY_13295,0da75b28eea9,card,success,,1,131.43
PAY_13296,1e7d86ed3123,card,success,,1,62.94
PAY_13297,01a97cb9f8f1,card,success,,1,64.38
PAY_13298,cc3c8daba94d,card,success,,1,48.68
PAY_13299,874f637dce6a,card,success,,1,138.32
PAY_13300,fafcc2920cb3,card,success,,1,47.47
PAY_13301,1fec9e726ea4,card,success,,1,37.43
PAY_13302,c479129ed0d4,card,success,,1,222.6
PAY_13303,a83f0d645ef0,card,success,,1,78.01
PAY_13304,ad620b05b770,card,success,,1,80.0
PAY_13305,e965196a055d,card,success,,1,156.64
PAY_13306,0a8f5e7263c8,card,success,,1,52.77
PAY_13307,1f572f663226,card,success,,1,61.9
PAY_13308,912f38adb75e,card,success,,1,114.96
PAY_13309,7b172e9d271c,card,success,,1,26.23
PAY_13310,ced220cf5092,card,success,,1,107.43
PAY_13311,e892b1a248e3,card,success,,1,49.18
PAY_13312,c4f72c171443,card,success,,1,178.46
PAY_13313,d777953e6361,card,success,,1,139.4
PAY_13314,f901c9e8eab5,card,success,,1,125.42
PAY_13315,0239d413df2f,card,success,,1,24.89
PAY_13316,bbf7f4623fd3,card,success,,1,82.87
PAY_13317,a3b4c84d1e51,card,success,,1,35.1
PAY_13318,a1d577609fbc,card,success,,1,87.4
PAY_13319,6b04421ce1a8,card,success,,1,14.12
PAY_13320,d6027baf11f4,card,success,,1,26.24
PAY_13321,17c728713c1d,card,success,,1,233.04
PAY_13322,29ce5ed1c558,card,success,,1,120.93
PAY_13323,73c7bad52b8b,card,success,,1,67.83
PAY_13324,43ddc42de086,card,success,,1,43.51
PAY_13325,b89d1cd555ce,card,success,,1,37.81
PAY_13326,02f6979977c8,card,success,,1,105.65
PAY_13327,c94bcd2a5e58,card,success,,1,68.38
PAY_13328,566d1166b32a,card,success,,1,310.23
PAY_13329,29195b4b8674,card,success,,1,77.65
PAY_13330,5f5de0b9270d,card,success,,1,94.35
PAY_13331,3c20baee46cf,card,success,,1,29.64
PAY_13332,a35f7a3b1cb8,card,success,,1,67.45
PAY_13333,935ce9cbe9af,card,success,,1,103.71
PAY_13334,c5f371e9acf1,card,success,,1,66.8
PAY_13335,3af73c1cf98b,card,success,,1,61.04
PAY_13336,23c598bd8d52,card,success,,1,116.92
PAY_13337,b989ebfd19ac,card,success,,1,302.43
PAY_13338,ca08ffa7083c,card,success,,1,101.09
PAY_13339,592d6136702d,card,success,,1,224.83
PAY_13340,9823eace64b5,card,success,,1,148.01
PAY_13341,bd31978034bb,card,success,,1,214.32
PAY_13342,71b5c90490fa,card,success,,1,55.27
PAY_13343,293b21f49319,card,success,,1,76.28
PAY_13344,4b5db9c1854f,card,success,,1,139.35
PAY_13345,bb84880452ec,card,success,,1,169.68
PAY_13346,fa1e9024a4db,card,success,,1,99.49
PAY_13347,bad120f03b70,card,success,,1,181.52
PAY_13348,d3e1429e17d6,card,success,,1,57.36
PAY_13349,b113b3e7ed50,card,success,,1,182.78
PAY_13350,8dc91f3ca1dc,card,success,,1,202.89
PAY_13351,e64f47d22ecb,card,success,,1,154.78
PAY_13352,c452baa0e3bc,card,success,,1,100.22
PAY_13353,eb4dfd08f5e0,card,success,,1,159.28
PAY_13354,ddd023db7d2a,card,success,,1,44.03
PAY_13355,41eec3679560,card,success,,1,105.5
PAY_13356,c35c0c9d8fd3,card,failed,otp_failed,1,114.48
PAY_13357,e45bf551cbdc,card,success,,1,31.07
PAY_13358,57762ef0e17b,card,success,,1,131.59
PAY_13359,5e9904676b6f,card,success,,1,33.15
PAY_13360,3ead88b5f311,card,success,,1,63.92
PAY_13361,9d916481d3c1,card,success,,1,92.93
PAY_13362,473b8c5e3e66,card,success,,1,96.16
PAY_13363,103925685028,card,success,,1,94.94
PAY_13364,b5e67f2a7f0b,card,success,,1,46.71
PAY_13365,4fb7ab784756,card,success,,1,141.79
PAY_13366,62e85045d254,card,success,,1,48.85
PAY_13367,f4fb4f25f336,card,success,,1,561.37
PAY_13368,2e26e4457b97,card,success,,1,82.47
PAY_13369,15c5a73586d1,card,success,,1,35.27
PAY_13370,b13f0d3f5088,card,success,,1,40.96
PAY_13371,bcbc7e0605d0,card,success,,1,225.44
PAY_13372,845c7766eebe,card,success,,1,64.89
PAY_13373,62289911f71b,card,success,,1,30.23
PAY_13374,c2ef5bcb1997,card,success,,1,178.21
PAY_13375,32977182ba54,card,success,,1,64.56
PAY_13376,952dc302143f,card,failed,timeout,1,151.83
PAY_13377,952dc302143f,card,failed,timeout,2,151.83
PAY_13378,952dc302143f,card,failed,otp_failed,3,151.83
PAY_13379,952dc302143f,card,failed,timeout,4,151.83
PAY_13380,01a95e231e9e,card,success,,1,190.27
PAY_13381,43679f2b30c9,card,success,,1,112.12
PAY_13382,08f90b4e5982,card,success,,1,612.0
PAY_13383,6bbb7ab7e75d,card,success,,1,22.65
PAY_13384,c4c11f986075,card,success,,1,46.79
PAY_13385,4b8c0099382c,card,success,,1,73.35
PAY_13386,f73ddc96c9d7,card,success,,1,549.46
PAY_13387,ff39a7a76b66,card,success,,1,379.33
PAY_13388,52a7fe644ec1,card,failed,otp_failed,1,252.38
PAY_13389,c2e29679338d,card,success,,1,47.69
PAY_13390,99e785ee960d,card,success,,1,52.35
PAY_13391,2b4fbd61dcc0,card,success,,1,46.39
PAY_13392,fc8f46222c38,card,failed,otp_failed,1,48.1
PAY_13393,fc8f46222c38,UPI,failed,timeout,2,48.1
PAY_13394,fc8f46222c38,UPI,failed,otp_failed,3,48.1
PAY_13395,fd3d8a97f51a,card,success,,1,297.13
PAY_13396,bcff20428d94,card,success,,1,74.07
PAY_13397,9e20d6fac2fa,card,success,,1,82.34
PAY_13398,454ad7d8c597,card,success,,1,167.25
PAY_13399,3e561f45e3cd,card,success,,1,23.79
PAY_13400,45925006f17c,card,success,,1,93.89
PAY_13401,ddb9b55f0019,card,success,,1,37.43
PAY_13402,e06d617af57e,card,success,,1,71.13
PAY_13403,34fd5870476e,card,failed,bank_decline,1,56.31
PAY_13404,34fd5870476e,card,failed,otp_failed,2,56.31
PAY_13405,34fd5870476e,card,failed,otp_failed,3,56.31
PAY_13406,34fd5870476e,card,failed,otp_failed,4,56.31
PAY_13407,61b29c7167ef,card,success,,1,54.03
PAY_13408,2f49ca46f097,card,success,,1,107.82
PAY_13409,b05223a764ff,card,success,,1,107.44
PAY_13410,dfc1e069076b,card,success,,1,75.5
PAY_13411,fb8e65b66e7f,card,success,,1,121.09
PAY_13412,6fecf0c27b6a,card,failed,otp_failed,1,44.93
PAY_13413,6fecf0c27b6a,card,failed,otp_failed,2,44.93
PAY_13414,6fecf0c27b6a,card,failed,bank_decline,3,44.93
PAY_13415,6fecf0c27b6a,card,failed,otp_failed,4,44.93
PAY_13416,3a465837a1a3,card,success,,1,155.29
PAY_13417,9412986e565d,card,success,,1,76.33
PAY_13418,83ef63bd60d8,card,failed,timeout,1,61.13
PAY_13419,23e8c0df895a,card,success,,1,47.66
PAY_13420,d901cce55d6f,card,success,,1,74.21
PAY_13421,02b180c6745f,card,failed,bank_decline,1,402.02
PAY_13422,02b180c6745f,card,failed,otp_failed,2,402.02
PAY_13423,02b180c6745f,card,failed,bank_decline,3,402.02
PAY_13424,42496215aa34,card,success,,1,85.57
PAY_13425,62409eed75a9,card,success,,1,36.03
PAY_13426,69263a6adb5d,card,success,,1,187.74
PAY_13427,745330c3e5b6,card,success,,1,61.71
PAY_13428,4c4e71bac648,card,success,,1,112.96
PAY_13429,4fb10cecfdaf,card,success,,1,55.45
PAY_13430,f04410fe1251,card,success,,1,250.79
PAY_13431,5372755c7d60,card,success,,1,56.11
PAY_13432,9ddcd096da89,card,success,,1,275.42
PAY_13433,19c1723aebc6,card,success,,1,38.88
PAY_13434,53cae327b576,card,success,,1,71.21
PAY_13435,d90e1ec66a78,card,failed,timeout,1,275.89
PAY_13436,d90e1ec66a78,UPI,failed,otp_failed,2,275.89
PAY_13437,d90e1ec66a78,UPI,failed,timeout,3,275.89
PAY_13438,ce4020b89a5d,card,success,,1,102.98
PAY_13439,cc697576f7d4,card,success,,1,554.0
PAY_13440,34feeb423e13,card,success,,1,72.58
PAY_13441,d734105c82d3,card,success,,1,110.57
PAY_13442,d639d22afd9c,card,success,,1,413.28
PAY_13443,c5dba9238a48,card,success,,1,26.81
PAY_13444,2687b7e472e0,card,success,,1,24.28
PAY_13445,dd616c655f72,card,success,,1,47.64
PAY_13446,9f07813d7483,card,success,,1,172.55
PAY_13447,cc8a933ebe66,card,success,,1,24.83
PAY_13448,0b60c6c709a8,card,success,,1,145.13
PAY_13449,9014c622b269,card,success,,1,137.19
PAY_13450,3781e606a4a0,card,success,,1,451.02
PAY_13451,d795b089087b,card,success,,1,207.76
PAY_13452,c030e539a19d,card,success,,1,120.45
PAY_13453,e5e849b496e9,card,success,,1,267.02
PAY_13454,f06c9ac730d3,card,success,,1,138.54
PAY_13455,c94edb276764,card,success,,1,62.3
PAY_13456,f86405c33866,card,success,,1,36.03
PAY_13457,1bc0f608e344,card,success,,1,57.08
PAY_13458,d7011ac96e5f,card,success,,1,87.18
PAY_13459,1a82b2ca7d64,card,success,,1,103.55
PAY_13460,8d7d38290f47,card,success,,1,16.31
PAY_13461,7bd8a0844a7e,card,success,,1,75.52
PAY_13462,f5089b2d8d2a,card,success,,1,92.1
PAY_13463,a83bb72e6484,card,success,,1,139.5
PAY_13464,bfe090154c34,card,failed,bank_decline,1,330.78
PAY_13465,8205c537afcf,card,success,,1,104.43
PAY_13466,867c527a20c4,card,success,,1,43.48
PAY_13467,a8cb107058d6,card,success,,1,21.02
PAY_13468,be6acd0898a7,card,success,,1,155.96
PAY_13469,e79f5696afd9,card,success,,1,44.91
PAY_13470,90e5bc6d1690,card,success,,1,180.09
PAY_13471,3772526e8777,card,success,,1,26.17
PAY_13472,3a97436fb040,card,success,,1,140.21
PAY_13473,f47133ec7ccf,card,success,,1,253.18
PAY_13474,84a8a0be2b93,card,success,,1,203.41
PAY_13475,28fa28fde6cd,card,success,,1,16.83
PAY_13476,794557c6920a,card,success,,1,45.47
PAY_13477,569dfb8010b0,card,success,,1,32.33
PAY_13478,d8817cb11ed2,card,success,,1,136.84
PAY_13479,db494e73bffc,card,success,,1,125.29
PAY_13480,f0ac05d2681e,card,success,,1,10.4
PAY_13481,f1d9c29d9465,card,success,,1,70.76
PAY_13482,13ae9560db9f,card,success,,1,170.81
PAY_13483,7ac009de7246,card,success,,1,101.19
PAY_13484,2250ddfb5993,card,success,,1,67.22
PAY_13485,59073a903034,card,success,,1,38.58
PAY_13486,b167895b0142,card,success,,1,88.8
PAY_13487,dcdcd2f519d4,card,success,,1,93.85
PAY_13488,9012645a2740,card,success,,1,147.26
PAY_13489,309d69dc21a0,card,success,,1,157.15
PAY_13490,c3f6ff0fd3fa,card,success,,1,96.42
PAY_13491,efceb01290d0,card,failed,otp_failed,1,216.14
PAY_13492,efceb01290d0,UPI,failed,bank_decline,2,216.14
PAY_13493,efceb01290d0,UPI,failed,timeout,3,216.14
PAY_13494,efceb01290d0,UPI,failed,bank_decline,4,216.14
PAY_13495,be07b0945d30,card,success,,1,66.69
PAY_13496,cd3ca18ee9d7,card,success,,1,28.35
PAY_13497,2bea16e6cace,card,failed,bank_decline,1,131.85
PAY_13498,2bea16e6cace,netbanking,failed,timeout,2,131.85
PAY_13499,2bea16e6cace,netbanking,failed,timeout,3,131.85
PAY_13500,a61878a3114b,card,success,,1,99.59
PAY_13501,35ffa37f1a94,card,success,,1,133.96
PAY_13502,cf9846cc0350,card,success,,1,32.73
PAY_13503,7c41648e9834,card,success,,1,377.15
PAY_13504,aa7948fb3785,card,success,,1,158.92
PAY_13505,73379ea1ef4c,card,success,,1,71.49
PAY_13506,1159e4749e5c,card,success,,1,42.59
PAY_13507,73a8c88ee347,card,success,,1,213.09
PAY_13508,1e8c28bdce96,card,success,,1,37.28
PAY_13509,4d23f39f6a5c,card,success,,1,549.55
PAY_13510,7b36a2356a9a,card,success,,1,55.12
PAY_13511,1567e101cd0f,card,success,,1,356.52
PAY_13512,841fffb8a78b,card,success,,1,77.67
PAY_13513,edddf8aa9264,card,success,,1,318.81
PAY_13514,7a953d62c653,card,success,,1,50.0
PAY_13515,e965cc2f804f,card,success,,1,91.38
PAY_13516,d6b3f5994b77,card,success,,1,171.37
PAY_13517,17ec639d9fa2,card,success,,1,152.88
PAY_13518,a61ff5937074,card,failed,otp_failed,1,217.15
PAY_13519,a61ff5937074,card,failed,otp_failed,2,217.15
PAY_13520,940542013ece,card,success,,1,60.95
PAY_13521,fab0a9dc3129,card,success,,1,96.34
PAY_13522,c3d71e4654ea,card,success,,1,244.38
PAY_13523,07984cdae928,card,success,,1,51.2
PAY_13524,b960162a3c19,card,success,,1,142.31
PAY_13525,3f95b895bf30,card,success,,1,75.54
PAY_13526,f037ee9e1a45,card,success,,1,106.13
PAY_13527,35bffd3f68c9,card,success,,1,96.32
PAY_13528,352887e2dbc9,card,success,,1,47.91
PAY_13529,725d22e877d7,card,success,,1,73.07
PAY_13530,de6eb8e12368,card,success,,1,101.08
PAY_13531,619a91c5e4fb,card,success,,1,82.92
PAY_13532,ef9e859fe474,card,success,,1,316.77
PAY_13533,4aa9bfa436f9,card,success,,1,201.94
PAY_13534,0c27a122f32a,card,success,,1,113.52
PAY_13535,72627af52f74,card,success,,1,48.89
PAY_13536,a7b9001278cb,card,success,,1,46.56
PAY_13537,29336f323a9c,card,success,,1,436.61
PAY_13538,c6ec03d7e135,card,failed,timeout,1,40.13
PAY_13539,c6ec03d7e135,card,failed,bank_decline,2,40.13
PAY_13540,c6ec03d7e135,card,failed,timeout,3,40.13
PAY_13541,5465737b432a,card,success,,1,98.6
PAY_13542,ce5c1e3b32a2,card,success,,1,120.15
PAY_13543,f9b130d40e61,card,success,,1,70.17
PAY_13544,380823ffe18e,card,success,,1,40.38
PAY_13545,d2131a45238b,card,success,,1,48.04
PAY_13546,a0f37a3c1dca,card,success,,1,51.03
PAY_13547,71562fb3ee95,card,success,,1,260.39
PAY_13548,ac03715674a7,card,success,,1,89.36
PAY_13549,c8eac3c6c39f,card,success,,1,59.2
PAY_13550,4ac8ea82cb96,card,success,,1,98.06
PAY_13551,7f8da5cb65e6,card,success,,1,153.6
PAY_13552,6a5e6e348a12,card,success,,1,68.33
PAY_13553,e86b78b5f560,card,success,,1,185.23
PAY_13554,c2d9bc20d4e5,card,success,,1,229.76
PAY_13555,285987460d70,card,success,,1,89.37
PAY_13556,5cb5182da1c1,card,success,,1,86.63
PAY_13557,3dbb5c5a6681,card,success,,1,51.71
PAY_13558,658b3dcacc1c,card,success,,1,33.71
PAY_13559,f8649fa6e193,card,success,,1,23.73
PAY_13560,5864e1cc7330,card,success,,1,48.9
PAY_13561,ede2d57438ae,card,success,,1,41.72
PAY_13562,41b9be8342cd,card,success,,1,26.08
PAY_13563,55ad491064dc,card,success,,1,66.16
PAY_13564,6fcd388139ab,card,success,,1,68.28
PAY_13565,cb3a43c3f14c,card,success,,1,81.2
PAY_13566,cea20cef95a3,card,success,,1,205.63
PAY_13567,47e19fb50417,card,success,,1,244.55
PAY_13568,994199e3ed54,card,success,,1,447.81
PAY_13569,96a6fc787f3c,card,success,,1,24.53
PAY_13570,5b4c860a3c3b,card,success,,1,45.39
PAY_13571,ad1059c6d665,card,failed,bank_decline,1,157.4
PAY_13572,ad1059c6d665,card,failed,otp_failed,2,157.4
PAY_13573,ad1059c6d665,card,failed,otp_failed,3,157.4
PAY_13574,ad1059c6d665,card,failed,otp_failed,4,157.4
PAY_13575,5d26cc72da3f,card,success,,1,62.6
PAY_13576,2e78e1cfbf46,card,success,,1,179.22
PAY_13577,31767eb0e98b,card,success,,1,318.42
PAY_13578,276e5f12d3c5,card,success,,1,207.3
PAY_13579,de2e5b6e292d,card,success,,1,210.36
PAY_13580,5ae99fb4fbe8,card,failed,otp_failed,1,64.75
PAY_13581,5ae99fb4fbe8,UPI,failed,bank_decline,2,64.75
PAY_13582,5ae99fb4fbe8,UPI,failed,timeout,3,64.75
PAY_13583,609206985c38,card,success,,1,83.27
PAY_13584,922d87402ced,card,success,,1,70.51
PAY_13585,70c80af1ca2e,card,success,,1,26.99
PAY_13586,f4496a252eeb,card,success,,1,292.19
PAY_13587,c25b0b2943b0,card,success,,1,163.42
PAY_13588,86a4c8f19842,card,success,,1,68.3
PAY_13589,0d97ebec595f,card,success,,1,255.62
PAY_13590,332b1be9bb2a,card,success,,1,54.36
PAY_13591,8c1bcb08e293,card,success,,1,20.69
PAY_13592,40f627357d50,card,success,,1,201.52
PAY_13593,54171bcbc128,card,success,,1,32.37
PAY_13594,c83275d4b15c,card,success,,1,76.97
PAY_13595,8215c1c13e23,card,success,,1,106.15
PAY_13596,dda64f3c7d42,card,success,,1,122.53
PAY_13597,b3bffd46daef,card,success,,1,177.46
PAY_13598,f9c66ad46eb7,card,success,,1,143.26
PAY_13599,ee72f512ee7e,card,success,,1,139.76
PAY_13600,d7e8ea5cb39f,card,success,,1,47.82
PAY_13601,daa5a1670770,card,failed,otp_failed,1,26.99
PAY_13602,daa5a1670770,netbanking,failed,timeout,2,26.99
PAY_13603,f13ca1ef8d14,card,success,,1,314.1
PAY_13604,2c7801471251,card,success,,1,29.31
PAY_13605,5d97a01fb57e,card,success,,1,31.34
PAY_13606,7307555362e5,card,success,,1,50.19
PAY_13607,c7a28c225344,card,success,,1,90.99
PAY_13608,676e4f413967,card,success,,1,58.97
PAY_13609,cd3ffcf836dc,card,failed,otp_failed,1,224.84
PAY_13610,cd3ffcf836dc,card,failed,bank_decline,2,224.84
PAY_13611,cd3ffcf836dc,card,failed,otp_failed,3,224.84
PAY_13612,cd3ffcf836dc,card,failed,timeout,4,224.84
PAY_13613,9cd88b26dfc1,card,success,,1,107.93
PAY_13614,8f5dec29961d,card,success,,1,62.16
PAY_13615,b3cdf836d2e0,card,failed,bank_decline,1,80.89
PAY_13616,b3cdf836d2e0,netbanking,failed,otp_failed,2,80.89
PAY_13617,9b999a8df8a6,card,success,,1,238.83
PAY_13618,20dfafd18e97,card,failed,otp_failed,1,186.25
PAY_13619,20dfafd18e97,card,failed,bank_decline,2,186.25
PAY_13620,c39801262da9,card,success,,1,36.2
PAY_13621,7ca414210b54,card,success,,1,52.22
PAY_13622,4cdb63e4ffa7,card,success,,1,131.61
PAY_13623,9a58f6f0f922,card,success,,1,119.43
PAY_13624,8b7d63d16818,card,success,,1,38.85
PAY_13625,9dbe3af1a5cb,card,failed,timeout,1,163.91
PAY_13626,9dbe3af1a5cb,card,failed,otp_failed,2,163.91
PAY_13627,bf81742b08a2,card,success,,1,44.14
PAY_13628,0c2200a10503,card,success,,1,255.46
PAY_13629,7c82db2de1dc,card,success,,1,137.49
PAY_13630,b46476c04e7a,card,success,,1,36.4
PAY_13631,883eb6785b65,card,success,,1,58.95
PAY_13632,f8e64c936bfd,card,success,,1,58.14
PAY_13633,814fb7867bd1,card,success,,1,76.46
PAY_13634,1db1dd26446e,card,success,,1,36.0
PAY_13635,45965537226d,card,success,,1,29.51
PAY_13636,01f3b726d7b9,card,success,,1,139.66
PAY_13637,6efbf974235c,card,success,,1,113.18
PAY_13638,a73c2949b565,card,failed,bank_decline,1,97.95
PAY_13639,a73c2949b565,card,failed,otp_failed,2,97.95
PAY_13640,8d738795e241,card,success,,1,111.79
PAY_13641,2525e8ee55a2,card,success,,1,54.86
PAY_13642,eccb8166d317,card,success,,1,104.29
PAY_13643,641695c20853,card,success,,1,685.95
PAY_13644,1391d2d087ef,card,success,,1,230.36
PAY_13645,1c6bcde44083,card,success,,1,71.47
PAY_13646,39b1c79896a9,card,success,,1,59.22
PAY_13647,26734d85d7fb,card,success,,1,9.13
PAY_13648,74859fdfd344,card,success,,1,211.65
PAY_13649,c90f0ed37900,card,success,,1,168.9
PAY_13650,e365b1455a43,card,success,,1,58.26
PAY_13651,ef7e002fc955,card,success,,1,28.64
PAY_13652,7b049208fc3d,card,success,,1,35.72
PAY_13653,46125cb7716c,card,success,,1,128.45
PAY_13654,dc307f600bb7,card,success,,1,83.81
PAY_13655,33ff747c9e46,card,success,,1,156.53
PAY_13656,c024e3871354,card,success,,1,96.46
PAY_13657,6a9ec8f386ae,card,success,,1,195.08
PAY_13658,b9be5224524e,card,success,,1,120.98
PAY_13659,47924bd38524,card,success,,1,174.69
PAY_13660,759bf09540e4,card,success,,1,16.92
PAY_13661,46ca0e6832fd,card,success,,1,33.53
PAY_13662,8b03c6761a81,card,success,,1,67.26
PAY_13663,6b4057b2a2c5,card,success,,1,213.5
PAY_13664,58db5aff9e06,card,success,,1,405.22
PAY_13665,b2e92caafbf6,card,success,,1,78.93
PAY_13666,bfa691f5e6e0,card,success,,1,55.19
PAY_13667,39d970f270a9,card,success,,1,18.84
PAY_13668,c189868bc8fa,card,success,,1,179.62
PAY_13669,b324b23fcfee,card,success,,1,57.97
PAY_13670,6af5c22a16b7,card,success,,1,959.75
PAY_13671,4cd2da41e6e9,card,success,,1,49.82
PAY_13672,b6f25d5311bb,card,success,,1,485.03
PAY_13673,fb22eb9dcd04,card,success,,1,163.81
PAY_13674,595239d35b70,card,success,,1,39.54
PAY_13675,417e7946a964,card,success,,1,108.39
PAY_13676,56eb8cc8c807,card,success,,1,166.85
PAY_13677,0b90acbf2ff5,card,success,,1,75.17
PAY_13678,f237797e0d96,card,success,,1,175.98
PAY_13679,c1228c8400af,card,success,,1,172.91
PAY_13680,64921520bc91,card,success,,1,145.05
PAY_13681,fec58fdb0756,card,success,,1,88.84
PAY_13682,76dcf96a59f1,card,success,,1,35.16
PAY_13683,aa417f5476a0,card,success,,1,84.65
PAY_13684,f2acf60ef16d,card,success,,1,103.63
PAY_13685,b38a5374efa4,card,success,,1,20.07
PAY_13686,0ed9a57e7148,card,success,,1,103.07
PAY_13687,b437fa95db24,card,success,,1,83.31
PAY_13688,987c279ff371,card,success,,1,31.9
PAY_13689,8098af9eb483,card,success,,1,70.14
PAY_13690,dd86d347bf97,card,success,,1,107.35
PAY_13691,3ad267777b6e,card,success,,1,206.2
PAY_13692,d2013c3bfaae,card,success,,1,81.92
PAY_13693,b2a0829e0f01,card,failed,bank_decline,1,20.1
PAY_13694,b2a0829e0f01,netbanking,failed,bank_decline,2,20.1
PAY_13695,b2a0829e0f01,netbanking,failed,bank_decline,3,20.1
PAY_13696,163e146c6966,card,success,,1,154.14
PAY_13697,f374739d0aa5,card,success,,1,53.17
PAY_13698,6c6306fe25b7,card,success,,1,38.77
PAY_13699,0ee309ba3c7a,card,success,,1,95.41
PAY_13700,127f4c33f12e,card,success,,1,320.2
PAY_13701,cd0e0fab68ec,card,success,,1,358.66
PAY_13702,7c4ecc98a33d,card,success,,1,34.64
PAY_13703,ed819a476d32,card,success,,1,149.24
PAY_13704,6c57f2b9ca5a,card,success,,1,51.7
PAY_13705,ae1e9f046509,card,success,,1,60.86
PAY_13706,90f99a88d71f,card,success,,1,75.7
PAY_13707,a3b305c2ddff,card,success,,1,122.25
PAY_13708,c77ccbe12582,card,success,,1,27.43
PAY_13709,9ca11c7f2f23,card,success,,1,32.88
PAY_13710,d7434a6fca80,card,success,,1,90.11
PAY_13711,664114882efb,card,success,,1,234.86
PAY_13712,260ff8e5ee63,card,failed,bank_decline,1,88.21
PAY_13713,260ff8e5ee63,card,failed,otp_failed,2,88.21
PAY_13714,260ff8e5ee63,card,failed,timeout,3,88.21
PAY_13715,260ff8e5ee63,card,failed,otp_failed,4,88.21
PAY_13716,6807a713d3e8,card,success,,1,47.78
PAY_13717,7207dcc8ca48,card,success,,1,16.14
PAY_13718,ca2f9df30153,card,success,,1,49.96
PAY_13719,ba644d4ee85f,card,success,,1,35.95
PAY_13720,954b0e80ba4c,card,success,,1,22.82
PAY_13721,63e21c3dee62,card,success,,1,28.47
PAY_13722,431ba10d47a1,card,success,,1,41.72
PAY_13723,355c38c78149,card,failed,bank_decline,1,74.36
PAY_13724,355c38c78149,card,failed,timeout,2,74.36
PAY_13725,355c38c78149,card,failed,otp_failed,3,74.36
PAY_13726,355c38c78149,card,failed,bank_decline,4,74.36
PAY_13727,0411b55643fe,card,success,,1,34.23
PAY_13728,503e3db2fb92,card,success,,1,104.44
PAY_13729,e9494581acfd,card,failed,timeout,1,73.91
PAY_13730,410f7c7fd3a6,card,success,,1,532.51
PAY_13731,9411d649f624,card,success,,1,23.02
PAY_13732,ab2e0c0b019c,card,success,,1,102.43
PAY_13733,d0209f9808d1,card,success,,1,103.46
PAY_13734,41194b470506,card,success,,1,39.47
PAY_13735,146a88782aed,card,success,,1,97.14
PAY_13736,2d7b4d338cbd,card,success,,1,166.61
PAY_13737,39bc3e553767,card,success,,1,97.24
PAY_13738,2f7ad3dacc69,card,success,,1,272.48
PAY_13739,20e9e2c0eea9,card,success,,1,45.89
PAY_13740,520aaef54925,card,success,,1,292.96
PAY_13741,050085c5516d,card,success,,1,186.72
PAY_13742,5ee4a86bb1a3,card,success,,1,138.71
PAY_13743,d2c28c102678,card,success,,1,241.43
PAY_13744,c7980a78bf7e,card,success,,1,19.43
PAY_13745,3e28750e75d2,card,success,,1,170.12
PAY_13746,bcfccef452c8,card,success,,1,210.92
PAY_13747,0d3cc1ed9d5e,card,success,,1,53.15
PAY_13748,4a921f1c460a,card,success,,1,737.59
PAY_13749,cba0ca085e6f,card,success,,1,105.33
PAY_13750,521a7ea7bb85,card,success,,1,15.58
PAY_13751,919d6d51a86f,card,success,,1,122.12
PAY_13752,2a94748c6cea,card,success,,1,50.61
PAY_13753,7f87787463e6,card,success,,1,228.61
PAY_13754,195bbb736f35,card,success,,1,139.54
PAY_13755,0027e23f39a8,card,failed,timeout,1,55.79
PAY_13756,0027e23f39a8,card,failed,otp_failed,2,55.79
PAY_13757,0027e23f39a8,card,failed,timeout,3,55.79
PAY_13758,0027e23f39a8,card,failed,bank_decline,4,55.79
PAY_13759,adf0f56fee3e,card,success,,1,299.45
PAY_13760,7df1f81d5221,card,success,,1,190.86
PAY_13761,c92c669c49a1,card,success,,1,46.42
PAY_13762,eac31d9bd796,card,success,,1,79.71
PAY_13763,1612b2afb690,card,success,,1,67.26
PAY_13764,73301f054b36,card,success,,1,68.89
PAY_13765,1883f0f534b3,card,success,,1,92.7
PAY_13766,0fda938e4e0e,card,failed,bank_decline,1,38.37
PAY_13767,903e6d5409c3,card,success,,1,15.09
PAY_13768,037059677b3c,card,success,,1,109.0
PAY_13769,0939236eb637,card,success,,1,18.34
PAY_13770,af503259e43a,card,success,,1,40.67
PAY_13771,f55de4e8f5aa,card,success,,1,21.82
PAY_13772,79045a3a485f,card,success,,1,24.08
PAY_13773,e67cd6bee489,card,success,,1,126.61
PAY_13774,f960f21a7bb2,card,success,,1,75.35
PAY_13775,600c526ec400,card,success,,1,73.21
PAY_13776,2bbdd3401477,card,success,,1,53.27
PAY_13777,670f5972ed6e,card,success,,1,121.65
PAY_13778,6ece65294f55,card,success,,1,86.34
PAY_13779,bab093baba0e,card,success,,1,173.84
PAY_13780,2831fc562a4c,card,success,,1,194.82
PAY_13781,3236d63a0ec1,card,success,,1,73.57
PAY_13782,3330f001a320,card,success,,1,20.45
PAY_13783,4504492f4b32,card,success,,1,49.14
PAY_13784,5a1f49fc2ebb,card,success,,1,83.25
PAY_13785,ed65d3128f81,card,success,,1,48.37
PAY_13786,72bbe1a0e30a,card,success,,1,38.72
PAY_13787,9e9fbc64658a,card,success,,1,95.18
PAY_13788,a35fb6e55981,card,success,,1,629.07
PAY_13789,1c954fb15aba,card,success,,1,60.91
PAY_13790,9be5c4be2708,card,success,,1,89.82
PAY_13791,817724de1db8,card,success,,1,31.51
PAY_13792,19884b83c796,card,success,,1,243.4
PAY_13793,1faf45f55fbc,card,success,,1,181.23
PAY_13794,e01cd5a05979,card,success,,1,171.5
PAY_13795,09bda691114f,card,success,,1,267.16
PAY_13796,d38f8b14170d,card,success,,1,63.95
PAY_13797,898cce3a0a63,card,success,,1,70.67
PAY_13798,96a956a2c3af,card,success,,1,353.51
PAY_13799,06b5acc7cf4d,card,success,,1,149.33
PAY_13800,af632c824914,card,success,,1,15.25
PAY_13801,fbb6bd318193,card,success,,1,129.52
PAY_13802,a7d4d702a48e,card,success,,1,56.52
PAY_13803,76ba98bf1527,card,success,,1,184.66
PAY_13804,57bd369126f0,card,success,,1,124.78
PAY_13805,d8b17e01c3db,card,success,,1,22.37
PAY_13806,e04b0483c19b,card,success,,1,111.62
PAY_13807,6363e3446e03,card,success,,1,106.54
PAY_13808,75650ef51e91,card,success,,1,120.39
PAY_13809,aa3dc2ce5cb4,card,success,,1,142.65
PAY_13810,29b005e09bf1,card,success,,1,297.9
PAY_13811,768c4adc9d3f,card,success,,1,125.35
PAY_13812,0f959d80cfc2,card,success,,1,91.68
PAY_13813,a80d8cb98730,card,failed,otp_failed,1,225.51
PAY_13814,a80d8cb98730,card,failed,otp_failed,2,225.51
PAY_13815,a80d8cb98730,card,failed,timeout,3,225.51
PAY_13816,a80d8cb98730,card,failed,bank_decline,4,225.51
PAY_13817,6f53be46ed66,card,success,,1,541.42
PAY_13818,8cbc6e5c0368,card,success,,1,187.18
PAY_13819,8cd0d4893ffa,card,success,,1,106.16
PAY_13820,f7ceaec61476,card,success,,1,127.23
PAY_13821,11909ae92434,card,success,,1,110.48
PAY_13822,2f3fc8bede86,card,success,,1,91.36
PAY_13823,77541ae9dba1,card,success,,1,508.84
PAY_13824,573b86bf69b1,card,success,,1,49.44
PAY_13825,fb611c46bccd,card,success,,1,226.77
PAY_13826,79a968419307,card,success,,1,81.4
PAY_13827,9518731b1158,card,success,,1,27.54
PAY_13828,4e6a32b2f6cb,card,success,,1,77.43
PAY_13829,bb9fdb9b02f2,card,success,,1,58.12
PAY_13830,405d90095c64,card,success,,1,142.89
PAY_13831,306b728670a3,card,success,,1,96.84
PAY_13832,6dc5e479dc8c,card,success,,1,39.74
PAY_13833,b28dabe65fc9,card,success,,1,292.02
PAY_13834,4e83953cb14d,card,success,,1,215.32
PAY_13835,cf1889fed134,card,success,,1,320.17
PAY_13836,64502d5a4e82,card,success,,1,108.81
PAY_13837,ef1ee9847918,card,success,,1,87.48
PAY_13838,a3baacd3cf5e,card,failed,bank_decline,1,158.04
PAY_13839,a3baacd3cf5e,UPI,failed,otp_failed,2,158.04
PAY_13840,a3baacd3cf5e,UPI,failed,bank_decline,3,158.04
PAY_13841,3c173854112c,card,success,,1,56.71
PAY_13842,2b4d99a2d087,card,failed,otp_failed,1,99.89
PAY_13843,2b4d99a2d087,card,failed,bank_decline,2,99.89
PAY_13844,2b4d99a2d087,card,failed,otp_failed,3,99.89
PAY_13845,fd60fcee6e42,card,success,,1,78.21
PAY_13846,a3a05ef20095,card,success,,1,27.97
PAY_13847,c6e98db33c0b,card,success,,1,99.68
PAY_13848,fe14f3637946,card,success,,1,63.26
PAY_13849,592a30a6587d,card,success,,1,74.14
PAY_13850,97a7061305a3,card,success,,1,120.43
PAY_13851,e8813af66ac4,card,success,,1,249.14
PAY_13852,825323e09648,card,success,,1,45.65
PAY_13853,df624322e719,card,success,,1,68.77
PAY_13854,6b4a5cdc4c0a,card,success,,1,48.81
PAY_13855,e99946e6ab4d,card,success,,1,46.33
PAY_13856,70759d126688,card,success,,1,55.94
PAY_13857,9551c3013933,card,success,,1,76.93
PAY_13858,1937216f8382,card,success,,1,143.84
PAY_13859,5706e00213fd,card,success,,1,116.32
PAY_13860,98d18bc13fdb,card,success,,1,38.65
PAY_13861,257224c55db4,card,failed,timeout,1,253.49
PAY_13862,dfd316c7e3ad,card,success,,1,191.62
PAY_13863,a0f85ee359ba,card,success,,1,43.77
PAY_13864,dad3b851abc8,card,success,,1,239.68
PAY_13865,cefd02589ea4,card,success,,1,116.93
PAY_13866,a439b22f5aaa,card,failed,otp_failed,1,79.43
PAY_13867,a439b22f5aaa,card,failed,otp_failed,2,79.43
PAY_13868,a439b22f5aaa,card,failed,bank_decline,3,79.43
PAY_13869,630ea27c109b,card,success,,1,119.88
PAY_13870,a679391a0d68,card,success,,1,88.18
PAY_13871,1daa5f162e23,card,success,,1,139.22
PAY_13872,ffbdcac74648,card,success,,1,104.57
PAY_13873,43ecf77aeeb0,card,success,,1,68.72
PAY_13874,38a114091d5c,card,success,,1,17.8
PAY_13875,9cb0fcbc9968,card,success,,1,137.24
PAY_13876,0ea79b352874,card,success,,1,66.76
PAY_13877,5fa179a65964,card,success,,1,167.73
PAY_13878,6264589b1ad5,card,success,,1,132.34
PAY_13879,dc4ec035f5c3,card,success,,1,68.16
PAY_13880,28bdd61e15f3,card,failed,otp_failed,1,204.06
PAY_13881,2d761e4a7d2d,card,success,,1,106.05
PAY_13882,0a88594556fc,card,success,,1,102.61
PAY_13883,cb9b72f7ec36,card,failed,bank_decline,1,80.6
PAY_13884,cb9b72f7ec36,UPI,failed,timeout,2,80.6
PAY_13885,41ad253ae335,card,success,,1,346.14
PAY_13886,b6a688f60112,card,success,,1,50.88
PAY_13887,8807fd85713a,card,success,,1,69.54
PAY_13888,bec7de8777fb,card,success,,1,33.45
PAY_13889,f498a7e55cf1,card,success,,1,161.0
PAY_13890,a75510bf5c68,card,failed,bank_decline,1,56.5
PAY_13891,a75510bf5c68,netbanking,failed,otp_failed,2,56.5
PAY_13892,84f4e84dc943,card,success,,1,59.53
PAY_13893,cc793c706293,card,success,,1,94.65
PAY_13894,110cb57b0b01,card,success,,1,33.1
PAY_13895,e77c5dc538e5,card,success,,1,14.96
PAY_13896,c481d2e126c1,card,failed,otp_failed,1,129.82
PAY_13897,c481d2e126c1,UPI,failed,otp_failed,2,129.82
PAY_13898,89cc08f3b537,card,success,,1,16.6
PAY_13899,99204c5db038,card,success,,1,178.27
PAY_13900,4808d6ef4ae0,card,success,,1,313.19
PAY_13901,c44a39980dfd,card,success,,1,78.93
PAY_13902,1ebbf0d30d21,card,success,,1,254.57
PAY_13903,5d8147c134e6,card,success,,1,88.29
PAY_13904,9228aa8f92f4,card,success,,1,323.56
PAY_13905,f9c59771d3f8,card,success,,1,62.49
PAY_13906,7cc6d6dd04fb,card,success,,1,13.57
PAY_13907,b6b9684aa961,card,success,,1,352.97
PAY_13908,c36f15669e9d,card,success,,1,138.1
PAY_13909,38a6e9d75fa6,card,success,,1,59.61
PAY_13910,871053bd5069,card,success,,1,117.11
PAY_13911,d08e30cc75d0,card,success,,1,195.76
PAY_13912,b09aaaaac652,card,success,,1,84.06
PAY_13913,45f1b3ff5f7c,card,success,,1,735.91
PAY_13914,8c49b0e98830,card,failed,timeout,1,59.51
PAY_13915,8c49b0e98830,netbanking,failed,bank_decline,2,59.51
PAY_13916,68583671762a,card,success,,1,200.74
PAY_13917,3d66d589da06,card,success,,1,165.6
PAY_13918,b3625b6a2800,card,success,,1,51.43
PAY_13919,7799b7716404,card,success,,1,64.1
PAY_13920,1f239af9c91a,card,success,,1,203.26
PAY_13921,e174a6463389,card,success,,1,101.07
PAY_13922,06d48c01de65,card,success,,1,24.32
PAY_13923,b4f50b5f862b,card,success,,1,152.14
PAY_13924,7690d2dedf75,card,success,,1,113.28
PAY_13925,345759a555e2,card,success,,1,85.53
PAY_13926,e069cff5a4c4,card,success,,1,120.15
PAY_13927,6bc8dce5fc9a,card,success,,1,64.89
PAY_13928,2fbc736f27c1,card,success,,1,56.06
PAY_13929,ec105028471d,card,success,,1,74.18
PAY_13930,4c48ae6e15ca,card,success,,1,62.09
PAY_13931,618e3b06fc70,card,failed,otp_failed,1,515.13
PAY_13932,618e3b06fc70,netbanking,failed,timeout,2,515.13
PAY_13933,618e3b06fc70,netbanking,failed,otp_failed,3,515.13
PAY_13934,0067461b6f6d,card,success,,1,186.7
PAY_13935,84b2c54357d7,card,success,,1,41.48
PAY_13936,c0d1139c1949,card,success,,1,458.99
PAY_13937,4954ee4ef57c,card,success,,1,63.67
PAY_13938,ccc8e64226f0,card,success,,1,92.16
PAY_13939,c2ae7bb115af,card,success,,1,184.55
PAY_13940,bbd69b9bf471,card,success,,1,74.47
PAY_13941,1e2ed5d99e46,card,success,,1,56.9
PAY_13942,80e825568a7f,card,success,,1,106.07
PAY_13943,9258a8bf6d86,card,success,,1,121.03
PAY_13944,01038f4e6953,card,success,,1,84.62
PAY_13945,e471ae267d96,card,success,,1,81.54
PAY_13946,be61986a5964,card,success,,1,211.05
PAY_13947,84fd6e85c854,card,success,,1,114.57
PAY_13948,7825be036783,card,success,,1,93.05
PAY_13949,cb702b6d248d,card,success,,1,101.32
PAY_13950,58f2cdf5cf0f,card,success,,1,391.0
PAY_13951,9b31a031e3ce,card,success,,1,103.35
PAY_13952,5a4b9b22e2a7,card,success,,1,59.65
PAY_13953,c9d7c6e15d5a,card,success,,1,19.55
PAY_13954,d5c32c1613bf,card,success,,1,28.58
PAY_13955,544e69634a1d,card,success,,1,61.95
PAY_13956,f2c67786199c,card,success,,1,82.54
PAY_13957,f4b5bcedad5a,card,success,,1,57.71
PAY_13958,f102b841f3c7,card,success,,1,119.21
PAY_13959,9bfaa3b4ce08,card,success,,1,57.12
PAY_13960,83cf74196f5a,card,success,,1,43.31
PAY_13961,90da9bdcd709,card,success,,1,146.95
PAY_13962,03ac5fc36535,card,success,,1,269.22
PAY_13963,4057403f6bff,card,success,,1,37.12
PAY_13964,d11261c6658f,card,success,,1,19.61
PAY_13965,9ba243eb6e2e,card,success,,1,27.67
PAY_13966,274bdd10f3c5,card,success,,1,56.2
PAY_13967,32edc7ff7d3b,card,success,,1,223.17
PAY_13968,7f7bcbea49d9,card,success,,1,48.28
PAY_13969,204457a49115,card,success,,1,46.86
PAY_13970,b962f9d0f70e,card,success,,1,92.65
PAY_13971,08f12d0167ca,card,success,,1,92.73
PAY_13972,2c30d04f055d,card,success,,1,48.03
PAY_13973,15e6a74d7920,card,success,,1,440.97
PAY_13974,605991e452e5,card,success,,1,72.8
PAY_13975,14da302f107a,card,success,,1,98.58
PAY_13976,d1c54cc4ef09,card,success,,1,65.27
PAY_13977,9041e3a1594d,card,success,,1,127.99
PAY_13978,ba0595105e72,card,success,,1,241.76
PAY_13979,ea80eedce104,card,success,,1,340.68
PAY_13980,b306d2ba9c32,card,success,,1,48.92
PAY_13981,845ab000a517,card,success,,1,217.16
PAY_13982,b70c0589da09,card,success,,1,139.73
PAY_13983,0f6f2b29766c,card,success,,1,196.3
PAY_13984,ce35ab87fae4,card,success,,1,83.64
PAY_13985,f9a4958446f0,card,success,,1,77.51
PAY_13986,ff0316b9aa11,card,success,,1,190.29
PAY_13987,a542e12bdd87,card,success,,1,193.21
PAY_13988,15fa73bbbfd5,card,success,,1,315.0
PAY_13989,367f333b78b0,card,success,,1,105.51
PAY_13990,d0a96568c680,card,success,,1,82.64
PAY_13991,710aab27ada5,card,success,,1,24.8
PAY_13992,6c8885326173,card,success,,1,65.67
PAY_13993,79436b0f534d,card,success,,1,37.31
PAY_13994,c5c17d723c8b,card,success,,1,172.66
PAY_13995,23d153e86f5b,card,success,,1,31.56
PAY_13996,652c220f9a77,card,success,,1,60.28
PAY_13997,1671dfb30da5,card,success,,1,55.34
PAY_13998,3d477e4fc670,card,success,,1,129.27
PAY_13999,c0718ca46209,card,success,,1,105.27
PAY_14000,c728e15017fc,card,failed,timeout,1,185.42
PAY_14001,c728e15017fc,card,failed,timeout,2,185.42
PAY_14002,c728e15017fc,card,failed,otp_failed,3,185.42
PAY_14003,1f580b6d23dd,card,success,,1,177.71
PAY_14004,0fd44bfc1d18,card,success,,1,87.64
PAY_14005,a081280e4059,card,success,,1,23.17
PAY_14006,ae2f56f726b7,card,success,,1,74.78
PAY_14007,6cc6cb3cd661,card,success,,1,88.59
PAY_14008,7b6c45169998,card,success,,1,113.16
PAY_14009,41b422372795,card,success,,1,49.9
PAY_14010,7e31da7e83d7,card,success,,1,224.24
PAY_14011,d501ad1b0c58,card,success,,1,91.0
PAY_14012,3ac17fcc3e82,card,success,,1,62.39
PAY_14013,c28e3c355600,card,success,,1,421.08
PAY_14014,72040f1fb360,card,success,,1,153.16
PAY_14015,e5911e6504ad,card,success,,1,208.26
PAY_14016,076b3bb7dad8,card,success,,1,39.12
PAY_14017,0e9cbb7648fa,card,success,,1,51.88
PAY_14018,f85595e7574b,card,success,,1,52.19
PAY_14019,a240d6824efb,card,success,,1,104.33
PAY_14020,454f9af4c534,card,success,,1,78.32
PAY_14021,d2201165559a,card,success,,1,60.85
PAY_14022,b9effd46da61,card,success,,1,67.27
PAY_14023,bccfe59423c2,card,success,,1,47.69
PAY_14024,2eb538380fef,card,success,,1,77.95
PAY_14025,5d6e73b7c9a7,card,success,,1,219.33
PAY_14026,c866d346136d,card,success,,1,26.83
PAY_14027,5475c607cc2b,card,success,,1,118.77
PAY_14028,244835f446cc,card,success,,1,271.53
PAY_14029,008725e2c439,card,success,,1,77.75
PAY_14030,66127ccfb002,card,success,,1,58.96
PAY_14031,72f7305c4d5f,card,success,,1,188.55
PAY_14032,06e1e0032c76,card,success,,1,40.96
PAY_14033,c3b233ec6811,card,success,,1,88.4
PAY_14034,a8fffbc08c38,card,success,,1,39.18
PAY_14035,5da72dbedb74,card,success,,1,20.16
PAY_14036,1f1ad66b4a4d,card,success,,1,79.71
PAY_14037,8886e21854a6,card,success,,1,32.76
PAY_14038,33fb49d00265,card,success,,1,89.18
PAY_14039,a37b960758eb,card,success,,1,219.65
PAY_14040,ab53751f700f,card,success,,1,396.79
PAY_14041,05fe1787abdc,card,failed,otp_failed,1,203.44
PAY_14042,74ce8ccd00da,card,failed,bank_decline,1,123.86
PAY_14043,74ce8ccd00da,netbanking,failed,timeout,2,123.86
PAY_14044,59bc2a5b8f51,card,success,,1,66.25
PAY_14045,dc065983787f,card,success,,1,19.3
PAY_14046,918948f9c428,card,success,,1,330.69
PAY_14047,6aeedb30c3c5,card,success,,1,38.89
PAY_14048,ee652f114783,card,success,,1,272.11
PAY_14049,8be19e9f6068,card,success,,1,138.3
PAY_14050,650b64e4ded2,card,success,,1,41.23
PAY_14051,972f5dc77324,card,success,,1,115.54
PAY_14052,74f8eef39b70,card,success,,1,495.88
PAY_14053,8ff0228619ba,card,success,,1,307.51
PAY_14054,68f879c291e9,card,success,,1,59.73
PAY_14055,c3574fc3cfe2,card,success,,1,50.93
PAY_14056,d7ff50fb9101,card,success,,1,78.85
PAY_14057,ed60139ed10d,card,success,,1,235.05
PAY_14058,1ab56f6ad378,card,failed,bank_decline,1,162.66
PAY_14059,1ab56f6ad378,card,failed,timeout,2,162.66
PAY_14060,1ab56f6ad378,card,failed,timeout,3,162.66
PAY_14061,568ffeb71fcb,card,success,,1,23.25
PAY_14062,6cc1cc3c84a5,card,success,,1,129.92
PAY_14063,e9409eef2167,card,success,,1,78.0
PAY_14064,965d3f82943d,card,success,,1,92.73
PAY_14065,08148537460c,card,success,,1,109.85
PAY_14066,fff45ac3e15d,card,success,,1,196.81
PAY_14067,53ce4a68fad3,card,success,,1,49.41
PAY_14068,5b17687c9805,card,success,,1,85.89
PAY_14069,937f6c172e50,card,success,,1,62.88
PAY_14070,fc26af6ce547,card,success,,1,23.44
PAY_14071,172f40ba011b,card,success,,1,82.48
PAY_14072,6d95ba99ead6,card,success,,1,393.78
PAY_14073,ca86813348cf,card,success,,1,22.88
PAY_14074,d0f8623d19dc,card,success,,1,88.3
PAY_14075,a5710c17992b,card,success,,1,113.32
PAY_14076,d7f4917e379c,card,success,,1,41.67
PAY_14077,f9bbb314f33a,card,success,,1,28.79
PAY_14078,dda42145b16b,card,success,,1,29.88
PAY_14079,b6d4396fa1a7,card,success,,1,261.06
PAY_14080,1d633897a15e,card,success,,1,41.01
PAY_14081,54f5dccb8375,card,success,,1,60.36
PAY_14082,22a91bcb3177,card,success,,1,484.79
PAY_14083,ed99944c3bde,card,success,,1,50.03
PAY_14084,4efb6e75d230,card,success,,1,118.38
PAY_14085,e19d4dfe0949,card,success,,1,210.83
PAY_14086,eb21931e7557,card,success,,1,202.87
PAY_14087,54a5bde65ee6,card,success,,1,31.02
PAY_14088,2c8cd9664083,card,failed,bank_decline,1,50.87
PAY_14089,d5c2d2645ef5,card,success,,1,114.65
PAY_14090,cb0d311682f8,card,success,,1,421.24
PAY_14091,dfa5c5529122,card,success,,1,48.95
PAY_14092,659328341a7a,card,success,,1,60.65
PAY_14093,2e5e86d3c8d6,card,success,,1,125.92
PAY_14094,0578304dbf5a,card,success,,1,147.78
PAY_14095,00d0198c576c,card,success,,1,155.12
PAY_14096,734e2b8d51a8,card,success,,1,45.74
PAY_14097,33fee1d73153,card,failed,bank_decline,1,106.95
PAY_14098,33fee1d73153,netbanking,failed,bank_decline,2,106.95
PAY_14099,33fee1d73153,netbanking,failed,bank_decline,3,106.95
PAY_14100,e6a20a0a0ef7,card,success,,1,247.11
PAY_14101,96622235b275,card,success,,1,74.38
PAY_14102,88a1a80752cd,card,success,,1,88.43
PAY_14103,54a7ab99191a,card,success,,1,39.62
PAY_14104,ce8bc0cf3112,card,success,,1,399.65
PAY_14105,ddd8eb6158e9,card,success,,1,101.84
PAY_14106,382f61e83cec,card,success,,1,213.19
PAY_14107,997c4c32d48c,card,success,,1,92.2
PAY_14108,cc0617ff65c3,card,success,,1,96.37
PAY_14109,386cc3ca0238,card,success,,1,27.11
PAY_14110,1f644a79efbd,card,success,,1,16.11
PAY_14111,531ea90cd12f,card,success,,1,245.07
PAY_14112,6867e63aef8c,card,success,,1,95.82
PAY_14113,9cb43542671a,card,success,,1,106.18
PAY_14114,ad883077f0da,card,success,,1,33.14
PAY_14115,2a6078f33513,card,success,,1,43.71
PAY_14116,d42466f8dbaa,card,success,,1,210.57
PAY_14117,a7e6522312cb,card,success,,1,362.17
PAY_14118,7e876c53a4cd,card,success,,1,154.04
PAY_14119,518fb1a2eabc,card,failed,timeout,1,104.8
PAY_14120,310f763cf427,card,success,,1,81.74
PAY_14121,2ecbd318e421,card,success,,1,396.06
PAY_14122,719d95f7e900,card,success,,1,62.64
PAY_14123,30e6e10be303,card,success,,1,242.88
PAY_14124,c8fcee438c60,card,success,,1,122.14
PAY_14125,4862055a7226,card,success,,1,88.81
PAY_14126,2c80d95ad77e,card,success,,1,269.78
PAY_14127,4f5953bf1407,card,success,,1,113.53
PAY_14128,09afdd23f636,card,success,,1,83.33
PAY_14129,65b1c21a85fd,card,success,,1,271.39
PAY_14130,e82b0359d7aa,card,success,,1,244.55
PAY_14131,6073f2d119b5,card,success,,1,235.47
PAY_14132,dd172e2471d0,card,success,,1,4.01
PAY_14133,e5b1cc8670f0,card,success,,1,128.01
PAY_14134,c82cf6c55c29,card,success,,1,106.67
PAY_14135,594c53cc9795,card,success,,1,87.54
PAY_14136,8c9484acef99,card,success,,1,154.82
PAY_14137,36625032ac0c,card,failed,bank_decline,1,72.65
PAY_14138,36625032ac0c,UPI,failed,bank_decline,2,72.65
PAY_14139,7f3d71a29c60,card,success,,1,298.43
PAY_14140,ee1bc01ebb2e,card,success,,1,167.86
PAY_14141,6cdb665ad0c0,card,success,,1,138.94
PAY_14142,dd5ea388daff,card,success,,1,133.62
PAY_14143,a80c6de996f1,card,success,,1,203.84
PAY_14144,1fe2cad345c8,card,success,,1,82.25
PAY_14145,f6184017793d,card,success,,1,198.79
PAY_14146,4de4519035e0,card,success,,1,103.47
PAY_14147,bb0879ba23bc,card,success,,1,417.19
PAY_14148,06fc00ff0a3d,card,success,,1,216.63
PAY_14149,2455e1dd1c6e,card,success,,1,54.57
PAY_14150,adcdf72f20b2,card,success,,1,580.89
PAY_14151,dba98cf6b31e,card,success,,1,16.75
PAY_14152,c7d12a2ef1ee,card,success,,1,149.89
PAY_14153,8893550df130,card,success,,1,51.57
PAY_14154,1f3840f840ea,card,success,,1,405.75
PAY_14155,b2238d4f6a35,card,success,,1,110.19
PAY_14156,3331a8e3b1dd,card,success,,1,47.7
PAY_14157,135021e49541,card,success,,1,72.73
PAY_14158,79ac1e204de1,card,success,,1,50.85
PAY_14159,de8b8faecd92,card,success,,1,70.48
PAY_14160,86d7d2d8fd9e,card,success,,1,69.21
PAY_14161,f9ebe5ed39a4,card,success,,1,49.36
PAY_14162,b19c2ace231c,card,success,,1,111.73
PAY_14163,d70f655546a4,card,success,,1,123.1
PAY_14164,d5ca6d3311ab,card,success,,1,40.57
PAY_14165,677eaba74948,card,success,,1,23.89
PAY_14166,96aac4c8b04b,card,success,,1,115.44
PAY_14167,543733b47665,card,success,,1,137.76
PAY_14168,831daae3e1cf,card,success,,1,161.45
PAY_14169,0bad48443fc7,card,success,,1,139.9
PAY_14170,8508cf722ab9,card,success,,1,316.77
PAY_14171,208d2698318c,card,success,,1,199.87
PAY_14172,3bd900e4dd57,card,success,,1,768.06
PAY_14173,7b06b7372e6c,card,failed,bank_decline,1,1075.48
PAY_14174,7b06b7372e6c,card,failed,timeout,2,1075.48
PAY_14175,7b06b7372e6c,card,failed,otp_failed,3,1075.48
PAY_14176,7b06b7372e6c,card,failed,bank_decline,4,1075.48
PAY_14177,1ba57885796f,card,success,,1,22.05
PAY_14178,7429bc14b403,card,success,,1,15.52
PAY_14179,de22cc9eba25,card,success,,1,89.49
PAY_14180,584e08c485d4,card,success,,1,134.75
PAY_14181,6f5ed6e0bed7,card,success,,1,84.71
PAY_14182,f36b825a2928,card,success,,1,158.04
PAY_14183,df7e3b5b0170,card,success,,1,72.52
PAY_14184,5d886364295f,card,success,,1,51.67
PAY_14185,8b632b11093c,card,success,,1,58.3
PAY_14186,f176d7b9d102,card,success,,1,76.7
PAY_14187,e0ec76da7899,card,success,,1,176.76
PAY_14188,dacd906cad33,card,success,,1,60.98
PAY_14189,c6a841db1694,card,success,,1,71.44
PAY_14190,480993896a6c,card,success,,1,142.05
PAY_14191,378d8cb2c409,card,success,,1,76.78
PAY_14192,f78a03b33bce,card,success,,1,219.94
PAY_14193,56ae40c76c35,card,success,,1,43.14
PAY_14194,e52c66e6bd65,card,success,,1,36.27
PAY_14195,84b1f7e84ed5,card,success,,1,114.86
PAY_14196,39224157f212,card,success,,1,124.39
PAY_14197,e3fbd512e716,card,success,,1,45.06
PAY_14198,91a098e39234,card,success,,1,263.72
PAY_14199,6328a09f063d,card,success,,1,419.87
PAY_14200,de5363709e29,card,failed,otp_failed,1,54.47
PAY_14201,de5363709e29,card,failed,timeout,2,54.47
PAY_14202,52854f8e5d83,card,failed,timeout,1,295.85
PAY_14203,52854f8e5d83,card,failed,otp_failed,2,295.85
PAY_14204,52854f8e5d83,card,failed,bank_decline,3,295.85
PAY_14205,3ed5afa49827,card,success,,1,13.39
PAY_14206,d3fa8650b757,card,success,,1,212.91
PAY_14207,2b95d5fba5e2,card,success,,1,45.32
PAY_14208,a16428e8015b,card,success,,1,196.54
PAY_14209,eb78279ba040,card,success,,1,41.72
PAY_14210,3f29e19d1ad2,card,success,,1,85.22
PAY_14211,7c78c10ab3b3,card,success,,1,47.08
PAY_14212,dc5386032431,card,success,,1,75.86
PAY_14213,fbd98e6f6efe,card,success,,1,389.14
PAY_14214,9aac5bf89af9,card,success,,1,82.57
PAY_14215,00de818d6d2c,card,success,,1,486.99
PAY_14216,95be09f67760,card,success,,1,66.11
PAY_14217,45e898f1a799,card,success,,1,296.9
PAY_14218,cd08bfd05d00,card,success,,1,24.52
PAY_14219,5fb93053f747,card,success,,1,71.58
PAY_14220,e7230fa6b670,card,success,,1,58.62
PAY_14221,0ae9eadce14b,card,failed,bank_decline,1,308.02
PAY_14222,0ae9eadce14b,netbanking,failed,otp_failed,2,308.02
PAY_14223,0ae9eadce14b,netbanking,failed,timeout,3,308.02
PAY_14224,0ae9eadce14b,netbanking,failed,timeout,4,308.02
PAY_14225,3736759fb652,card,success,,1,104.4
PAY_14226,39fc70f1c493,card,success,,1,16.94
PAY_14227,6c9a73e53d1c,card,success,,1,40.04
PAY_14228,0f766aae3449,card,success,,1,190.04
PAY_14229,73ba21e307a3,card,failed,timeout,1,171.4
PAY_14230,8d06214c61cf,card,success,,1,70.79
PAY_14231,1aeeb36184a1,card,success,,1,58.04
PAY_14232,04d44b536d38,card,success,,1,159.67
PAY_14233,967c2a45b20f,card,success,,1,36.47
PAY_14234,fc5de70b6f65,card,success,,1,129.82
PAY_14235,b03369f41b1d,card,success,,1,121.27
PAY_14236,8c9554bbcf93,card,success,,1,123.74
PAY_14237,9a353de77b9b,card,success,,1,97.68
PAY_14238,5ac4e7b59bb5,card,success,,1,134.01
PAY_14239,31a8d2cd8860,card,success,,1,30.96
PAY_14240,79534ad97a3c,card,success,,1,147.17
PAY_14241,bbcf8f675b3b,card,failed,otp_failed,1,204.65
PAY_14242,d50d7dc2fc95,card,success,,1,116.37
PAY_14243,5fdde09c0da1,card,success,,1,82.44
PAY_14244,a9dee3ee6849,card,success,,1,183.66
PAY_14245,c89efff6ac84,card,success,,1,94.84
PAY_14246,9e138d5286ce,card,success,,1,35.93
PAY_14247,c44f3bcbdc73,card,success,,1,173.5
PAY_14248,0e29b8afe625,card,success,,1,24.35
PAY_14249,d5b6e73ae917,card,success,,1,112.87
PAY_14250,4d8d331df76a,card,success,,1,66.2
PAY_14251,132859c0e61f,card,success,,1,62.9
PAY_14252,941e2a3ca8eb,card,failed,otp_failed,1,103.3
PAY_14253,941e2a3ca8eb,UPI,failed,otp_failed,2,103.3
PAY_14254,941e2a3ca8eb,UPI,failed,bank_decline,3,103.3
PAY_14255,b0c4ad08e4d0,card,success,,1,51.04
PAY_14256,2b79bd7d889d,card,success,,1,135.61
PAY_14257,0bc193f5adb5,card,success,,1,54.94
PAY_14258,9328c472cd46,card,success,,1,262.58
PAY_14259,53dcb13f2e5a,card,success,,1,106.04
PAY_14260,5a2f64127328,card,success,,1,149.1
PAY_14261,a51f519be4f3,card,success,,1,275.93
PAY_14262,305265fd0cc9,card,success,,1,143.14
PAY_14263,90c30b427276,card,success,,1,70.66
PAY_14264,56ea6f9cb7dc,card,success,,1,28.68
PAY_14265,1c250adbb131,card,success,,1,106.2
PAY_14266,d9f462944ef9,card,success,,1,216.08
PAY_14267,26bf08a9c8d4,card,success,,1,5.72
PAY_14268,bc79b4b7c555,card,success,,1,180.56
PAY_14269,3aa41da45d66,card,success,,1,189.65
PAY_14270,aff3ae3d874e,card,success,,1,70.74
PAY_14271,dd52cff8daef,card,success,,1,198.48
PAY_14272,69834f7ebfac,card,success,,1,148.77
PAY_14273,75904bccd800,card,success,,1,52.02
PAY_14274,76142327a922,card,success,,1,248.9
PAY_14275,e5f9582b0b2e,card,success,,1,32.66
PAY_14276,aa8e147f01a2,card,success,,1,85.99
PAY_14277,3d8afaafcf18,card,success,,1,79.39
PAY_14278,250974a4ddde,card,success,,1,46.51
PAY_14279,5c74ab37f5c2,card,success,,1,114.78
PAY_14280,47aad7ee991a,card,success,,1,256.8
PAY_14281,d02ffc80422f,card,success,,1,244.25
PAY_14282,c23a371e046a,card,success,,1,160.6
PAY_14283,0efab4d62816,card,success,,1,23.18
PAY_14284,0bce403ade59,card,success,,1,30.91
PAY_14285,db7952e50727,card,success,,1,102.82
PAY_14286,6b014dcd4ad1,card,success,,1,87.59
PAY_14287,63391a7b8abe,card,success,,1,60.43
PAY_14288,3cd5f30e420b,card,success,,1,413.34
PAY_14289,947dba55e1ac,card,success,,1,138.92
PAY_14290,4e4d6cd56d4e,card,success,,1,198.41
PAY_14291,dec461b7504d,card,success,,1,94.06
PAY_14292,d21741e50438,card,success,,1,715.41
PAY_14293,e5ef11b857ba,card,success,,1,42.42
PAY_14294,b30b42191eda,card,success,,1,55.43
PAY_14295,f5fa54f36c7d,card,success,,1,42.34
PAY_14296,37c3701d148b,card,success,,1,314.23
PAY_14297,ef88f3b4948f,card,success,,1,171.0
PAY_14298,d50b364cb190,card,success,,1,58.25
PAY_14299,e67f9f0d0284,card,success,,1,45.1
PAY_14300,268ba318bbe3,card,success,,1,272.57
PAY_14301,884b01a01c72,card,success,,1,120.22
PAY_14302,c7e9a013bda9,card,success,,1,278.2
PAY_14303,665415fc7db9,card,success,,1,85.79
PAY_14304,45f3d4b2d6e6,card,success,,1,135.53
PAY_14305,c26c59eee646,card,success,,1,114.46
PAY_14306,98c3f9e55b82,card,success,,1,54.64
PAY_14307,f099791c23f6,card,success,,1,80.21
PAY_14308,c2cd136b5c52,card,success,,1,34.9
PAY_14309,6492ee5f6a2c,card,success,,1,133.66
PAY_14310,7c00fe2e7c24,card,success,,1,165.5
PAY_14311,8a8fee201fe6,card,success,,1,198.77
PAY_14312,9431ce51968e,card,success,,1,153.43
PAY_14313,a6219174f577,card,success,,1,81.24
PAY_14314,1e91854a1971,card,success,,1,311.56
PAY_14315,458505d80571,card,success,,1,183.8
PAY_14316,02a329b7584d,card,success,,1,273.37
PAY_14317,e347dcc02573,card,success,,1,287.44
PAY_14318,e1614b12dc65,card,failed,otp_failed,1,81.41
PAY_14319,e1614b12dc65,card,failed,bank_decline,2,81.41
PAY_14320,9bb333f89efa,card,success,,1,122.77
PAY_14321,7a39287eec0a,card,success,,1,167.28
PAY_14322,abae6db1da93,card,success,,1,35.9
PAY_14323,c2880ac34b59,card,success,,1,36.54
PAY_14324,2d85c24cea42,card,success,,1,31.83
PAY_14325,36d98a9f6f40,card,success,,1,82.56
PAY_14326,44fe231b37cf,card,success,,1,68.95
PAY_14327,718643daff01,card,success,,1,28.54
PAY_14328,ac2b6672d3fc,card,success,,1,101.44
PAY_14329,7e72f2c9f3e8,card,success,,1,83.39
PAY_14330,140489c72d9d,card,success,,1,231.78
PAY_14331,eec70a978202,card,success,,1,450.51
PAY_14332,eae16e1e193d,card,success,,1,129.69
PAY_14333,ab2b3ebf3492,card,success,,1,51.56
PAY_14334,549e8a40f066,card,success,,1,151.02
PAY_14335,05678902619a,card,success,,1,90.69
PAY_14336,2debcb313d6a,card,success,,1,74.28
PAY_14337,7a43c9afcdd5,card,success,,1,45.18
PAY_14338,c1273ed756c0,card,success,,1,62.09
PAY_14339,4cd06f20c359,card,success,,1,78.08
PAY_14340,d82e14f44331,card,success,,1,171.28
PAY_14341,4b9c375f4149,card,failed,otp_failed,1,135.48
PAY_14342,9dc15965eff0,card,success,,1,387.79
PAY_14343,d0ae12adb7c4,card,success,,1,154.39
PAY_14344,fe3ebd8558ff,card,success,,1,126.4
PAY_14345,075add9c3381,card,success,,1,70.46
PAY_14346,affc030842b9,card,success,,1,39.25
PAY_14347,985e6360cb17,card,success,,1,57.06
PAY_14348,d68cd20d7f18,card,success,,1,51.43
PAY_14349,4e6b797b343e,card,success,,1,11.6
PAY_14350,1c347e34e3cc,card,success,,1,40.17
PAY_14351,cf957def8d68,card,success,,1,324.33
PAY_14352,35d47e269ea8,card,success,,1,120.89
PAY_14353,6fce4bc14418,card,success,,1,66.61
PAY_14354,d777d044212f,card,success,,1,123.81
PAY_14355,55d135d50127,card,success,,1,18.86
PAY_14356,6d2e344a5a05,card,success,,1,250.13
PAY_14357,e3a76288b81b,card,success,,1,81.7
PAY_14358,b5544ab25b01,card,success,,1,21.81
PAY_14359,15743c8713e6,card,success,,1,64.64
PAY_14360,f1c31dce3f4d,card,success,,1,250.49
PAY_14361,c47e924a74b0,card,success,,1,110.71
PAY_14362,d569082540c2,card,success,,1,28.94
PAY_14363,b490b80c5f25,card,success,,1,598.31
PAY_14364,523d7707e374,card,success,,1,33.01
PAY_14365,856eb00cb073,card,success,,1,74.12
PAY_14366,1f651b883396,card,success,,1,39.26
PAY_14367,b8ec5a4353c7,card,success,,1,39.3
PAY_14368,82e57f01ebce,card,success,,1,62.69
PAY_14369,76046052b9db,card,success,,1,149.74
PAY_14370,49a51555a796,card,success,,1,252.76
PAY_14371,eca174254ff3,card,success,,1,40.12
PAY_14372,ffc394cda4db,card,success,,1,132.01
PAY_14373,6b9527220c00,card,success,,1,135.15
PAY_14374,1ad0f2978972,card,success,,1,109.1
PAY_14375,e2030d8f09a7,card,success,,1,112.23
PAY_14376,d2abd9451458,card,success,,1,82.27
PAY_14377,9cf1ff71b505,card,success,,1,97.37
PAY_14378,2f3cf0b3080f,card,success,,1,77.84
PAY_14379,3bd0bb7b72cf,card,success,,1,211.92
PAY_14380,eab3139b13e6,card,success,,1,535.27
PAY_14381,d58c0336bd1c,card,success,,1,103.93
PAY_14382,e438ae37ebfb,card,success,,1,89.55
PAY_14383,c40749d0c6e3,card,success,,1,110.46
PAY_14384,bb2c577e7db6,card,success,,1,53.18
PAY_14385,6248649c5afc,card,success,,1,166.0
PAY_14386,0a011551e6c5,card,success,,1,128.12
PAY_14387,7c71b198e625,card,success,,1,185.24
PAY_14388,14b8adecb806,card,failed,timeout,1,91.4
PAY_14389,d8ce837ee97a,card,success,,1,41.43
PAY_14390,3f50e050d76e,card,success,,1,119.26
PAY_14391,e8101fc23ce5,card,success,,1,108.81
PAY_14392,286cec262c20,card,success,,1,175.08
PAY_14393,5f96b30fdfc2,card,success,,1,82.49
PAY_14394,047f3ef56a3d,card,failed,otp_failed,1,90.14
PAY_14395,047f3ef56a3d,UPI,failed,bank_decline,2,90.14
PAY_14396,047f3ef56a3d,UPI,failed,timeout,3,90.14
PAY_14397,f7af57ec4d05,card,success,,1,120.38
PAY_14398,b0759e41bc40,card,success,,1,132.56
PAY_14399,4f16c1a91c9c,card,success,,1,83.71
PAY_14400,125503712c8a,card,success,,1,199.83
PAY_14401,fcccba382cf9,card,success,,1,52.49
PAY_14402,6e8ff9a033e3,card,success,,1,654.27
PAY_14403,d7b0285ce931,card,success,,1,165.75
PAY_14404,14834dbcefc0,card,success,,1,36.53
PAY_14405,991dd94eff9a,card,success,,1,104.4
PAY_14406,d445b386499f,card,failed,timeout,1,167.03
PAY_14407,d445b386499f,card,failed,bank_decline,2,167.03
PAY_14408,d445b386499f,card,failed,bank_decline,3,167.03
PAY_14409,d445b386499f,card,failed,timeout,4,167.03
PAY_14410,80a7658dc52e,card,failed,otp_failed,1,68.07
PAY_14411,80a7658dc52e,UPI,failed,timeout,2,68.07
PAY_14412,0da3bde8e8b0,card,success,,1,27.22
PAY_14413,6d11bc0e048b,card,success,,1,39.2
PAY_14414,3ab246a5d4a9,card,success,,1,138.89
PAY_14415,9182c59b65ee,card,success,,1,22.12
PAY_14416,8dffe4350fec,card,success,,1,28.23
PAY_14417,b03ec035e5e8,card,success,,1,138.31
PAY_14418,e620ec5c4bfd,card,success,,1,75.34
PAY_14419,323358074ac4,card,success,,1,51.59
PAY_14420,ad95046845c9,card,success,,1,60.6
PAY_14421,78a48764a582,card,success,,1,27.75
PAY_14422,60c36f112849,card,success,,1,132.63
PAY_14423,846c4d669d28,card,success,,1,47.22
PAY_14424,2bb583cae5b8,card,success,,1,58.64
PAY_14425,a9b910a5522e,card,success,,1,118.8
PAY_14426,4e291409922e,card,success,,1,73.31
PAY_14427,c3f16eefaf0a,card,success,,1,51.23
PAY_14428,0313e93ef715,card,success,,1,18.33
PAY_14429,e6d7842b7a78,card,success,,1,120.78
PAY_14430,1e5f04121408,card,success,,1,95.89
PAY_14431,4af1910e8129,card,success,,1,59.51
PAY_14432,8bddabebabd5,card,success,,1,39.26
PAY_14433,c4b241fc5536,card,success,,1,90.94
PAY_14434,644b0be33644,card,success,,1,132.21
PAY_14435,6f50639991fa,card,success,,1,97.34
PAY_14436,801b0c5c08ac,card,success,,1,333.77
PAY_14437,272b85923158,card,success,,1,158.19
PAY_14438,a3e77c4d95fc,card,success,,1,82.61
PAY_14439,41022ec568c6,card,success,,1,162.49
PAY_14440,f4f9e6b15dfa,card,success,,1,93.59
PAY_14441,48c4d7f8099b,card,success,,1,93.33
PAY_14442,9e863b0c1a78,card,success,,1,253.94
PAY_14443,81230658116c,card,success,,1,43.88
PAY_14444,75dc7b80cf8c,card,success,,1,91.71
PAY_14445,d65a6c12c5ad,card,success,,1,233.17
PAY_14446,c1c77718ecac,card,success,,1,67.0
PAY_14447,2462d80db3a2,card,success,,1,22.99
PAY_14448,ce7ca85d4a01,card,success,,1,14.64
PAY_14449,6e1a4efa68e6,card,success,,1,473.88
PAY_14450,baefce484b32,card,success,,1,115.22
PAY_14451,69ee0ef55a0a,card,success,,1,56.42
PAY_14452,6cd1f8b10557,card,success,,1,119.05
PAY_14453,a67b951db5ef,card,success,,1,42.18
PAY_14454,86df45cbe780,card,success,,1,69.06
PAY_14455,edf94c7a7f1e,card,success,,1,42.4
PAY_14456,d051c6bb5233,card,success,,1,29.06
PAY_14457,1c95db50f1a5,card,success,,1,16.71
PAY_14458,f88a964ef33b,card,success,,1,25.08
PAY_14459,e09a54b6b585,card,success,,1,40.87
PAY_14460,b19a9d313854,card,success,,1,138.09
PAY_14461,7958b2ca5e2a,card,success,,1,193.51
PAY_14462,efca94aa2fb5,card,success,,1,91.22
PAY_14463,f710d8a660fa,card,success,,1,70.89
PAY_14464,49dc3acdec7a,card,success,,1,100.12
PAY_14465,c8180fc03e4f,card,success,,1,64.5
PAY_14466,52f9482d2e9d,card,success,,1,235.83
PAY_14467,723019fa49b1,card,success,,1,403.92
PAY_14468,1c4153509b19,card,success,,1,287.11
PAY_14469,cd37e7e27ad2,card,success,,1,16.1
PAY_14470,b88c5b605b23,card,success,,1,63.46
PAY_14471,3c7323b38513,card,success,,1,90.32
PAY_14472,e7a8b1146697,card,success,,1,130.38
PAY_14473,4adcfc51223d,card,success,,1,22.31
PAY_14474,e806ae21b054,card,success,,1,256.07
PAY_14475,9d2147768a33,card,success,,1,57.55
PAY_14476,ff2888351162,card,success,,1,27.39
PAY_14477,2d1124fb8487,card,success,,1,37.23
PAY_14478,2a51bd4a78e8,card,success,,1,123.02
PAY_14479,5704c146aa40,card,success,,1,46.62
PAY_14480,78d288bedf7f,card,success,,1,109.21
PAY_14481,7d3483579497,card,success,,1,41.14
PAY_14482,0b2a29091c9a,card,success,,1,22.3
PAY_14483,03abb6681cba,card,success,,1,281.32
PAY_14484,d1a63066b3ef,card,success,,1,123.79
PAY_14485,83795c7e15da,card,success,,1,68.92
PAY_14486,94fc314069ec,card,success,,1,59.32
PAY_14487,9d9d52ff60af,card,success,,1,290.59
PAY_14488,4a80f28470d5,card,success,,1,144.49
PAY_14489,019e421b2d2f,card,success,,1,225.3
PAY_14490,6b2030a6f4d5,card,success,,1,56.43
PAY_14491,5ef2b52238fc,card,success,,1,93.74
PAY_14492,fcb9b6f9e899,card,success,,1,124.18
PAY_14493,e3f0d129b362,card,success,,1,57.97
PAY_14494,6796f03051c3,card,success,,1,83.39
PAY_14495,f00aaec4a926,card,success,,1,56.44
PAY_14496,3ec9ee39b4ff,card,success,,1,31.28
PAY_14497,2eeaab3f2e97,card,success,,1,142.25
PAY_14498,c6e6820cad36,card,success,,1,115.42
PAY_14499,d130ae7f7b64,card,success,,1,76.5
PAY_14500,e1f157355194,card,success,,1,128.97
PAY_14501,c21b933dce9a,card,success,,1,67.23
PAY_14502,9935c445a0bf,card,success,,1,52.66
PAY_14503,fe7b07466dc0,card,success,,1,139.07
PAY_14504,24ddc834057e,card,success,,1,143.97
PAY_14505,ff807020b120,card,success,,1,59.99
PAY_14506,d0554132c086,card,success,,1,56.01
PAY_14507,2e92f74ce20f,card,success,,1,77.76
PAY_14508,7743e5111a2e,card,success,,1,57.88
PAY_14509,985e295cf8a0,card,success,,1,304.93
PAY_14510,2ddc25a545f2,card,success,,1,115.95
PAY_14511,42021f47789b,card,success,,1,91.07
PAY_14512,7b935a11ccd9,card,success,,1,42.68
PAY_14513,787bd4f4ad52,card,success,,1,162.58
PAY_14514,38a64eb6264a,card,success,,1,55.19
PAY_14515,8f93dc86cb84,card,success,,1,53.4
PAY_14516,8699edd25a89,card,success,,1,167.02
PAY_14517,db68b5bc09dd,card,success,,1,122.71
PAY_14518,7a172e17c1f6,card,success,,1,12.15
PAY_14519,ec9fe5e7e4b6,card,success,,1,79.34
PAY_14520,1d5ad4d5d7a5,card,success,,1,99.53
PAY_14521,a5021e0b7379,card,success,,1,68.6
PAY_14522,3e84ff017027,card,success,,1,102.34
PAY_14523,01491f22a734,card,success,,1,21.16
PAY_14524,bddf37da3a04,card,success,,1,9.35
PAY_14525,9a2655bbb2f0,card,success,,1,41.25
PAY_14526,93711d417a4d,card,success,,1,112.82
PAY_14527,088e103cdf93,card,success,,1,45.84
PAY_14528,4881b601411a,card,success,,1,19.33
PAY_14529,710881108406,card,success,,1,74.14
PAY_14530,85d4a501d519,card,success,,1,75.66
PAY_14531,6d3c736522ef,card,success,,1,82.6
PAY_14532,854095f84aea,card,success,,1,176.16
PAY_14533,7bd77dbd965f,card,success,,1,91.56
PAY_14534,ed58a86404dd,card,success,,1,75.79
PAY_14535,9109e0dd612b,card,success,,1,188.92
PAY_14536,73b9a2c00122,card,success,,1,113.4
PAY_14537,0faa1c8feeb1,card,success,,1,80.56
PAY_14538,de0b1de76b30,card,success,,1,68.25
PAY_14539,c027238a3d5f,card,success,,1,187.49
PAY_14540,54e0bdb9a0f4,card,success,,1,68.77
PAY_14541,037284fd2384,card,success,,1,241.05
PAY_14542,7f28793b268e,card,success,,1,38.95
PAY_14543,64108b3b8137,card,success,,1,283.45
PAY_14544,951ed635d8eb,card,success,,1,131.32
PAY_14545,39677cdf8918,card,success,,1,41.48
PAY_14546,5a90fa0982e1,card,success,,1,135.26
PAY_14547,18966468eacf,card,success,,1,53.5
PAY_14548,38bf04f5b885,card,success,,1,92.46
PAY_14549,c59b18fdc583,card,success,,1,60.99
PAY_14550,56dd83cff73c,card,success,,1,80.94
PAY_14551,a37a5d506c97,card,success,,1,136.29
PAY_14552,79f717eadaab,card,success,,1,36.59
PAY_14553,41c1711236cc,card,success,,1,38.3
PAY_14554,3319b9b40d7d,card,success,,1,118.46
PAY_14555,1c84f6d37364,card,success,,1,52.48
PAY_14556,1bd6b96612c8,card,success,,1,321.52
PAY_14557,b73d99cf859c,card,success,,1,172.57
PAY_14558,243228e1c356,card,success,,1,54.57
PAY_14559,620a7b395e14,card,success,,1,50.51
PAY_14560,8d2151dbb15c,card,success,,1,75.02
PAY_14561,55836ac0a974,card,success,,1,69.03
PAY_14562,c1e7ff73e716,card,success,,1,245.9
PAY_14563,ea67a92f3657,card,failed,bank_decline,1,197.87
PAY_14564,41ac31f202fc,card,success,,1,92.58
PAY_14565,16e0282379ac,card,success,,1,154.83
PAY_14566,d247744c88f7,card,success,,1,173.88
PAY_14567,6a84594daa35,card,success,,1,94.31
PAY_14568,d990998c46d5,card,success,,1,124.23
PAY_14569,f278d3bd23d9,card,success,,1,144.8
PAY_14570,6851771466db,card,success,,1,132.96
PAY_14571,b9ca5af667a5,card,success,,1,48.28
PAY_14572,692de2893db3,card,success,,1,52.34
PAY_14573,cb929d9b8e01,card,success,,1,71.46
PAY_14574,5835a8231661,card,success,,1,27.7
PAY_14575,b6d83e22a4a8,card,success,,1,154.59
PAY_14576,3de003f35126,card,success,,1,118.76
PAY_14577,3db6af8be5ba,card,success,,1,30.83
PAY_14578,b0a7f05f96dd,card,failed,timeout,1,74.24
PAY_14579,b0a7f05f96dd,netbanking,failed,timeout,2,74.24
PAY_14580,b0a7f05f96dd,netbanking,failed,otp_failed,3,74.24
PAY_14581,b0a7f05f96dd,netbanking,failed,otp_failed,4,74.24
PAY_14582,8385e63323ec,card,success,,1,77.68
PAY_14583,90fffe4cdcb2,card,success,,1,104.12
PAY_14584,d5350c99bdf4,card,success,,1,37.88
PAY_14585,3ab4910f6cb0,card,success,,1,30.47
PAY_14586,72d8f37ae7d7,card,success,,1,136.43
PAY_14587,ca08dc956ac1,card,success,,1,26.39
PAY_14588,c8f3f2f236b3,card,success,,1,74.73
PAY_14589,955ca7994ede,card,success,,1,69.35
PAY_14590,1450e1dfd9c6,card,success,,1,81.56
PAY_14591,a5ba39884c09,card,success,,1,110.19
PAY_14592,a428cd012c9f,card,success,,1,323.39
PAY_14593,757501953f78,card,success,,1,181.5
PAY_14594,1c5de26bde7d,card,success,,1,12.06
PAY_14595,612fb4fbdce1,card,success,,1,274.5
PAY_14596,3220a02647f8,card,success,,1,17.56
PAY_14597,c6477cf2a3a7,card,success,,1,632.14
PAY_14598,32e39970a031,card,failed,otp_failed,1,65.9
PAY_14599,32e39970a031,card,failed,bank_decline,2,65.9
PAY_14600,072d76f8ad08,card,success,,1,252.73
PAY_14601,cea956b4f85c,card,success,,1,214.29
PAY_14602,8d155c4230f3,card,success,,1,63.49
PAY_14603,24532e6ae75d,card,success,,1,67.5
PAY_14604,ce9a7b4f4391,card,success,,1,46.08
PAY_14605,745cfac4297b,card,success,,1,169.0
PAY_14606,bbbb75594650,card,success,,1,64.15
PAY_14607,d199829a8b24,card,success,,1,46.75
PAY_14608,f5dc626c064f,card,success,,1,138.35
PAY_14609,b0c4658ad512,card,success,,1,69.19
PAY_14610,008bcfa66741,card,success,,1,98.07
PAY_14611,04aa9342bee5,card,success,,1,53.84
PAY_14612,8806654cbfd7,card,success,,1,60.75
PAY_14613,265cbbd1e280,card,failed,bank_decline,1,307.35
PAY_14614,265cbbd1e280,card,failed,timeout,2,307.35
PAY_14615,4ab50360bebb,card,success,,1,67.51
PAY_14616,52f2ba4aad4c,card,success,,1,78.25
PAY_14617,96d8bf68bff3,card,failed,bank_decline,1,129.48
PAY_14618,96d8bf68bff3,UPI,failed,otp_failed,2,129.48
PAY_14619,ff2547599c98,card,success,,1,39.37
PAY_14620,f8d4f12baa9a,card,success,,1,126.69
PAY_14621,a47515ee5993,card,success,,1,110.46
PAY_14622,eb67bafb5769,card,success,,1,21.52
PAY_14623,c1689db11427,card,success,,1,378.19
PAY_14624,9bcac1d34833,card,success,,1,289.64
PAY_14625,5bab7ea8afae,card,success,,1,47.44
PAY_14626,6bba07433d51,card,success,,1,36.67
PAY_14627,a0d7b31d47fe,card,success,,1,108.03
PAY_14628,16105d821984,card,success,,1,28.77
PAY_14629,13514c4256c4,card,success,,1,268.12
PAY_14630,41dfedd6604a,card,success,,1,61.88
PAY_14631,8b112d0dd607,card,success,,1,329.46
PAY_14632,d31d656bd611,card,success,,1,46.55
PAY_14633,c53e68063e48,card,success,,1,82.29
PAY_14634,0e086a67d388,card,success,,1,248.08
PAY_14635,31f6baf25972,card,success,,1,69.51
PAY_14636,bde53fc08cfa,card,success,,1,111.91
PAY_14637,f0068b0f12b6,card,success,,1,215.75
PAY_14638,93ca078fa307,card,failed,timeout,1,57.69
PAY_14639,93ca078fa307,card,failed,timeout,2,57.69
PAY_14640,93ca078fa307,card,failed,timeout,3,57.69
PAY_14641,cb1c05a6cac1,card,success,,1,32.81
PAY_14642,25a9366b6173,card,success,,1,28.02
PAY_14643,277a402f4cb3,card,success,,1,143.56
PAY_14644,0f2259d3eb1d,card,success,,1,122.86
PAY_14645,f0b56e584ae6,card,success,,1,210.47
PAY_14646,b4fdcd61b39e,card,success,,1,72.3
PAY_14647,7e9e78d25bbf,card,success,,1,28.66
PAY_14648,04225d50bb98,card,success,,1,13.71
PAY_14649,3313bed4d6ff,card,success,,1,892.81
PAY_14650,ce139ae176da,card,success,,1,137.21
PAY_14651,526f9a747f11,card,success,,1,100.43
PAY_14652,8dfc417d51f8,card,success,,1,28.64
PAY_14653,5b1e054c36fd,card,success,,1,47.66
PAY_14654,08884a878b66,card,success,,1,363.09
PAY_14655,c3f9d3eeadca,card,success,,1,152.43
PAY_14656,514de3f9816a,card,success,,1,33.74
PAY_14657,3eae80236be5,card,success,,1,59.59
PAY_14658,a1e3bc84632a,card,success,,1,69.94
PAY_14659,7285235766c6,card,success,,1,463.74
PAY_14660,328844513956,card,success,,1,77.43
PAY_14661,3bdcf34f8158,card,success,,1,34.76
PAY_14662,2c22fbad4a93,card,success,,1,85.89
PAY_14663,669f00f8aada,card,success,,1,111.22
PAY_14664,b48ef702c62b,card,success,,1,32.32
PAY_14665,af7d877f66fe,card,success,,1,124.18
PAY_14666,354121f329e3,card,success,,1,236.78
PAY_14667,7cd2881fff32,card,success,,1,100.58
PAY_14668,30ac088357b7,card,success,,1,47.58
PAY_14669,73097b229110,card,success,,1,58.96
PAY_14670,e9133dd4beae,card,success,,1,23.88
PAY_14671,0d23d986e23e,card,success,,1,80.88
PAY_14672,233235e2b9c3,card,success,,1,115.43
PAY_14673,2fab71d0921d,card,success,,1,43.93
PAY_14674,b7e589f83a1c,card,success,,1,424.86
PAY_14675,87a752401ed8,card,success,,1,169.66
PAY_14676,e959d235a436,card,success,,1,21.81
PAY_14677,aaf3bbdca527,card,success,,1,40.97
PAY_14678,972fd050b09b,card,success,,1,316.89
PAY_14679,6d97d999d061,card,success,,1,183.6
PAY_14680,0bccea413c4d,card,success,,1,329.96
PAY_14681,cff43e3d1a44,card,success,,1,90.76
PAY_14682,ce65e4516bff,card,success,,1,76.13
PAY_14683,9a0abab8fb79,card,success,,1,33.18
PAY_14684,1348f8e8aca2,card,success,,1,119.07
PAY_14685,2e67904ff659,card,success,,1,76.94
PAY_14686,9c5f054c55d9,card,success,,1,74.61
PAY_14687,024aa76f7bdf,card,success,,1,328.47
PAY_14688,70684773dff9,card,success,,1,81.36
PAY_14689,0e6336a9ba30,card,success,,1,261.07
PAY_14690,19a2075ce46a,card,success,,1,25.27
PAY_14691,c6626ac864e2,card,success,,1,773.16
PAY_14692,cb06fcb37cea,card,success,,1,66.78
PAY_14693,6e6d298f2ad6,card,success,,1,158.5
PAY_14694,9c149c94c1bc,card,success,,1,180.01
PAY_14695,83d1c97fb35c,card,success,,1,60.47
PAY_14696,411bde08a6be,card,success,,1,173.33
PAY_14697,7a5ee798bebc,card,success,,1,180.69
PAY_14698,1cef0be69b04,card,success,,1,50.88
PAY_14699,339afebadb9a,card,success,,1,51.37
PAY_14700,6bc3b107a54d,card,success,,1,93.34
PAY_14701,dcab6e0b0a10,card,success,,1,82.07
PAY_14702,b89966ef280a,card,success,,1,274.38
PAY_14703,e019ccdb8a53,card,success,,1,157.93
PAY_14704,4976fd9c23b4,card,success,,1,85.09
PAY_14705,e14495993d6d,card,success,,1,17.51
PAY_14706,1442a75e9b75,card,success,,1,55.02
PAY_14707,fc2b35df62bd,card,success,,1,113.32
PAY_14708,a8dbe9b2edaa,card,success,,1,219.71
PAY_14709,9756af9278b8,card,success,,1,105.62
PAY_14710,8d38eb7263d9,card,success,,1,289.05
PAY_14711,a99749500a73,card,success,,1,180.25
PAY_14712,40eaa53372f3,card,success,,1,60.91
PAY_14713,68a1b9a516c7,card,success,,1,80.48
PAY_14714,8b7d29721261,card,success,,1,124.8
PAY_14715,3066e22790de,card,success,,1,62.87
PAY_14716,6220099878c9,card,success,,1,306.44
PAY_14717,8a8f1927dafe,card,success,,1,37.08
PAY_14718,9076ee20e5ea,card,success,,1,115.92
PAY_14719,fa710d9130cd,card,success,,1,162.12
PAY_14720,f6ebfc5b9d6f,card,success,,1,70.05
PAY_14721,8583d3b86c32,card,success,,1,58.5
PAY_14722,ce081f96f358,card,success,,1,84.7
PAY_14723,f32717cecb8c,card,success,,1,172.36
PAY_14724,ead52171ff29,card,success,,1,60.35
PAY_14725,3051b79a04c5,card,success,,1,38.28
PAY_14726,4a452842a95f,card,success,,1,225.98
PAY_14727,60a1ee75eff5,card,success,,1,123.9
PAY_14728,8c67638e1b9e,card,success,,1,201.6
PAY_14729,8591255e7c6e,card,success,,1,165.25
PAY_14730,19e79a0cfb40,card,success,,1,514.87
PAY_14731,84919d795ff0,card,success,,1,219.64
PAY_14732,64bce3177e09,card,success,,1,50.44
PAY_14733,a9555df14c55,card,success,,1,131.13
PAY_14734,6419d62088c9,card,success,,1,57.63
PAY_14735,acecd32975b8,card,success,,1,62.6
PAY_14736,829cc4e9e4ca,card,success,,1,29.08
PAY_14737,3e63412b8955,card,success,,1,71.6
PAY_14738,207dedab47d1,card,success,,1,139.22
PAY_14739,14cf72a840d4,card,failed,timeout,1,85.39
PAY_14740,14cf72a840d4,netbanking,failed,otp_failed,2,85.39
PAY_14741,259d80fc4dda,card,failed,bank_decline,1,37.36
PAY_14742,259d80fc4dda,UPI,failed,bank_decline,2,37.36
PAY_14743,259d80fc4dda,UPI,failed,timeout,3,37.36
PAY_14744,259d80fc4dda,UPI,failed,otp_failed,4,37.36
PAY_14745,9ee866ff81b6,card,success,,1,26.62
PAY_14746,a2fb12f89f48,card,success,,1,487.59
PAY_14747,1e4cf91a9388,card,success,,1,116.76
PAY_14748,2cb733d9af3d,card,success,,1,46.56
PAY_14749,5034aab41c04,card,success,,1,130.25
PAY_14750,67f9bb788f52,card,success,,1,518.71
PAY_14751,7afe411df004,card,success,,1,147.88
PAY_14752,92197595876b,card,success,,1,9.68
PAY_14753,472c536c5e85,card,success,,1,751.32
PAY_14754,3733f7136f45,card,success,,1,20.5
PAY_14755,0dc4cc4239b5,card,success,,1,76.34
PAY_14756,ed138ef344f0,card,success,,1,36.35
PAY_14757,7e648199b914,card,success,,1,49.8
PAY_14758,2c2541ea9c16,card,success,,1,17.17
PAY_14759,19d97ba97b57,card,success,,1,83.75
PAY_14760,b24206436fbf,card,failed,otp_failed,1,225.4
PAY_14761,b24206436fbf,card,failed,otp_failed,2,225.4
PAY_14762,97d206415d97,card,success,,1,45.85
PAY_14763,3074cbfbf009,card,success,,1,29.6
PAY_14764,16027feae77b,card,success,,1,80.52
PAY_14765,6de03d77b59a,card,success,,1,68.67
PAY_14766,d3cbbb75efc2,card,success,,1,55.91
PAY_14767,3e5ca1448f34,card,success,,1,34.79
PAY_14768,5a5e57cd61c9,card,success,,1,136.37
PAY_14769,431f6fbb908a,card,success,,1,144.92
PAY_14770,36e1eecb9daf,card,success,,1,38.38
PAY_14771,e0f6cfcfb66b,card,success,,1,42.87
PAY_14772,bade9d740ed0,card,success,,1,100.4
PAY_14773,81ce6d72f985,card,success,,1,41.6
PAY_14774,5a773b622e78,card,success,,1,103.85
PAY_14775,f8455fd083b3,card,success,,1,291.32
PAY_14776,0428f001250c,card,success,,1,34.09
PAY_14777,205d16fd73f2,card,success,,1,123.18
PAY_14778,94c9faecad43,card,success,,1,78.09
PAY_14779,159157bb829d,card,success,,1,79.83
PAY_14780,d63b5dd13b21,card,success,,1,131.66
PAY_14781,aeb1b0696f06,card,success,,1,156.46
PAY_14782,a753fbb672b9,card,success,,1,92.61
PAY_14783,9074f9fcbaea,card,success,,1,85.75
PAY_14784,775ac1d709f4,card,success,,1,469.11
PAY_14785,42bee9fb05a6,card,success,,1,235.2
PAY_14786,ed8c83e8ef25,card,success,,1,175.36
PAY_14787,abe295e0e6b4,card,success,,1,99.98
PAY_14788,634f09716fee,card,success,,1,221.83
PAY_14789,df08990e9cc5,card,success,,1,101.03
PAY_14790,59f5e652bb66,card,success,,1,56.73
PAY_14791,469ca0e22ec4,card,success,,1,74.11
PAY_14792,91beae0f9a96,card,success,,1,41.56
PAY_14793,ef1545c5f266,card,success,,1,209.74
PAY_14794,8a8f9d510bb9,card,success,,1,155.47
PAY_14795,a5dae5a92bc1,card,success,,1,104.1
PAY_14796,165715caea4b,card,success,,1,86.99
PAY_14797,4300fd0d3506,card,success,,1,52.22
PAY_14798,3d53fa98200c,card,failed,timeout,1,16.38
PAY_14799,3d53fa98200c,card,failed,timeout,2,16.38
PAY_14800,3d53fa98200c,card,failed,otp_failed,3,16.38
PAY_14801,d3eee3e1b3f7,card,success,,1,29.07
PAY_14802,e37bf72a7fdf,card,success,,1,49.69
PAY_14803,5c89c489ca9b,card,success,,1,44.06
PAY_14804,29a444a5b2d4,card,success,,1,113.46
PAY_14805,71b4e77c0b98,card,success,,1,172.29
PAY_14806,859eb3d82dfc,card,success,,1,81.23
PAY_14807,103fc8d89ff5,card,success,,1,277.86
PAY_14808,91eb49cda2e8,card,success,,1,48.12
PAY_14809,a02550583001,card,success,,1,80.77
PAY_14810,e1e6446095c1,card,success,,1,86.42
PAY_14811,de0a8972afd8,card,success,,1,215.67
PAY_14812,a501988b88e9,card,success,,1,97.97
PAY_14813,21c9161bdc37,card,success,,1,100.17
PAY_14814,7461987556a6,card,success,,1,23.95
PAY_14815,73788a34cfab,card,success,,1,43.82
PAY_14816,e6df4d7b4a02,card,failed,otp_failed,1,216.32
PAY_14817,e6df4d7b4a02,card,failed,bank_decline,2,216.32
PAY_14818,660d6849f31f,card,success,,1,17.11
PAY_14819,32d001812342,card,success,,1,263.59
PAY_14820,10d0c1e2d271,card,success,,1,134.25
PAY_14821,b2c7fd32580a,card,success,,1,49.5
PAY_14822,0503a0c0d3cc,card,success,,1,46.26
PAY_14823,4c8cf2c49154,card,success,,1,410.25
PAY_14824,e3e8d2445452,card,success,,1,278.42
PAY_14825,61e86409b63b,card,success,,1,81.81
PAY_14826,33df7ebc1c80,card,success,,1,100.25
PAY_14827,388b289c69dd,card,success,,1,53.68
PAY_14828,5aa63a310e76,card,success,,1,100.27
PAY_14829,af3279692188,card,success,,1,52.5
PAY_14830,0834e0d0f6b6,card,success,,1,84.53
PAY_14831,8a3e1e972384,card,success,,1,383.09
PAY_14832,6f5b5dfee87c,card,success,,1,83.39
PAY_14833,733b83688923,card,success,,1,38.92
PAY_14834,bae1be6f11de,card,success,,1,30.17
PAY_14835,671b250f226e,card,success,,1,99.65
PAY_14836,16ba58947c97,card,success,,1,48.97
PAY_14837,1a252bb44a5e,card,failed,timeout,1,109.65
PAY_14838,1a252bb44a5e,card,failed,bank_decline,2,109.65
PAY_14839,1a252bb44a5e,card,failed,bank_decline,3,109.65
PAY_14840,8a2c01c43fc6,card,success,,1,24.64
PAY_14841,e9457daac642,card,success,,1,156.37
PAY_14842,85471f4d485d,card,success,,1,38.55
PAY_14843,ba7987b1cb12,card,success,,1,93.41
PAY_14844,3d92b61a75a8,card,success,,1,68.67
PAY_14845,f4f077168d62,card,success,,1,355.92
PAY_14846,d3006f675e4f,card,success,,1,103.25
PAY_14847,10471fa7b80d,card,success,,1,426.83
PAY_14848,2058053fbe4e,card,success,,1,140.98
PAY_14849,42a10b418cf4,card,success,,1,281.55
PAY_14850,7cd407de068b,card,success,,1,76.17
PAY_14851,3e3e2476b802,card,success,,1,118.68
PAY_14852,b8a0d8875d83,card,failed,bank_decline,1,238.63
PAY_14853,aa89145d53f9,card,success,,1,185.67
PAY_14854,ec3e414e5df8,card,success,,1,137.66
PAY_14855,47860d333afb,card,success,,1,69.25
PAY_14856,6cdbe4433f65,card,success,,1,79.28
PAY_14857,ba683d086054,card,success,,1,223.66
PAY_14858,d4c1cd3d33b3,card,success,,1,264.21
PAY_14859,3cee409db461,card,success,,1,56.02
PAY_14860,a8e523088186,card,success,,1,43.67
PAY_14861,aab439cfeb12,card,success,,1,174.82
PAY_14862,b87be4d7ec98,card,success,,1,42.79
PAY_14863,d24a2d804983,card,success,,1,139.29
PAY_14864,8b18b1d832e3,card,success,,1,58.2
PAY_14865,10220dfd5e86,card,success,,1,314.53
PAY_14866,c93b40a78981,card,success,,1,27.94
PAY_14867,b095738d0761,card,success,,1,339.55
PAY_14868,7ed8e6be673f,card,success,,1,116.18
PAY_14869,18f18ef2c843,card,success,,1,17.14
PAY_14870,405fc78f64d1,card,success,,1,321.66
PAY_14871,cd240dbd696e,card,success,,1,195.93
PAY_14872,5b6891d9b721,card,success,,1,63.91
PAY_14873,6c6b05676b78,card,success,,1,41.61
PAY_14874,fa48b75118ad,card,success,,1,25.66
PAY_14875,387ec7f906ac,card,success,,1,621.64
PAY_14876,f0e8996347cf,card,success,,1,43.0
PAY_14877,ba20e6a50532,card,success,,1,32.76
PAY_14878,97dfd0a71614,card,success,,1,111.53
PAY_14879,ed953a38cdc0,card,success,,1,24.28
PAY_14880,5a36c1f166b6,card,success,,1,41.05
PAY_14881,6cd3c4360530,card,success,,1,130.5
PAY_14882,ca5a03bfc885,card,success,,1,66.08
PAY_14883,b2f6b88328bb,card,success,,1,91.35
PAY_14884,2692f2c5b9e9,card,success,,1,85.66
PAY_14885,9b323cd09495,card,success,,1,48.94
PAY_14886,637527bbcce2,card,success,,1,56.59
PAY_14887,9f90ca6c84c2,card,success,,1,55.23
PAY_14888,90f53ebc5287,card,success,,1,50.37
PAY_14889,5e16a7f09f1a,card,success,,1,207.5
PAY_14890,811b44204668,card,success,,1,166.68
PAY_14891,e7a074988039,card,success,,1,42.7
PAY_14892,3630abcade7c,card,success,,1,34.62
PAY_14893,ecd33b7a9715,card,success,,1,79.37
PAY_14894,808a92c8d975,card,success,,1,504.83
PAY_14895,ead035238c92,card,success,,1,39.56
PAY_14896,b06e3f45f9fb,card,success,,1,79.12
PAY_14897,76a7e2b79432,card,failed,timeout,1,96.64
PAY_14898,76a7e2b79432,UPI,failed,bank_decline,2,96.64
PAY_14899,76a7e2b79432,UPI,failed,timeout,3,96.64
PAY_14900,76a7e2b79432,UPI,failed,otp_failed,4,96.64
PAY_14901,485f012bdae0,card,success,,1,82.52
PAY_14902,6f64b05a3df8,card,success,,1,62.39
PAY_14903,98b1fb3ff25d,card,success,,1,226.8
PAY_14904,d68855156ba8,card,success,,1,129.49
PAY_14905,cee2e5b9b362,card,success,,1,177.09
PAY_14906,459b84578333,card,success,,1,144.24
PAY_14907,143defa0ba93,card,success,,1,184.04
PAY_14908,7fc9765e8173,card,success,,1,319.75
PAY_14909,94977d2bb526,card,success,,1,261.08
PAY_14910,5e84c779d8d4,card,success,,1,578.16
PAY_14911,31242267e8e8,card,success,,1,238.38
PAY_14912,202c315ca228,card,success,,1,52.69
PAY_14913,6a03bdea9688,card,success,,1,177.3
PAY_14914,eda99b37359c,card,success,,1,158.91
PAY_14915,378fffc3d8d4,card,success,,1,418.32
PAY_14916,48fdbdbf3bd1,card,success,,1,41.52
PAY_14917,d491d3bf36b6,card,success,,1,140.66
PAY_14918,9835802fd7dc,card,success,,1,52.2
PAY_14919,05ffb2c5b355,card,success,,1,135.64
PAY_14920,74c2a9018d84,card,success,,1,75.81
PAY_14921,2f815e27db8c,card,success,,1,132.1
PAY_14922,3f054ab0af77,card,success,,1,29.13
PAY_14923,8d480751ccaf,card,success,,1,169.79
PAY_14924,bda88def3f2e,card,success,,1,106.15
PAY_14925,131a04aad54e,card,success,,1,101.67
PAY_14926,f13acd140752,card,success,,1,428.45
PAY_14927,821886e4940c,card,success,,1,66.29
PAY_14928,7bbaf073f79d,card,success,,1,118.37
PAY_14929,5fbbc1374248,card,success,,1,97.54
PAY_14930,10836ee684d8,card,success,,1,105.47
PAY_14931,16ff54c26526,card,success,,1,532.43
PAY_14932,0be5d9e7c0c3,card,success,,1,94.73
PAY_14933,210834eff8c7,card,success,,1,57.18
PAY_14934,1ad6ff6deb2d,card,success,,1,402.11
PAY_14935,973dab1493dc,card,success,,1,70.38
PAY_14936,7a9d033ac55c,card,failed,bank_decline,1,24.92
PAY_14937,ea287a777a35,card,success,,1,49.77
PAY_14938,5e7faf8ec5db,card,success,,1,33.21
PAY_14939,11dea2f5ce8c,card,success,,1,21.33
PAY_14940,da8f9cb9563a,card,success,,1,67.33
PAY_14941,7b4750ec09ea,card,success,,1,85.1
PAY_14942,d82143d001f1,card,success,,1,231.46
PAY_14943,b82f185545a5,card,success,,1,148.94
PAY_14944,39d5019a0367,card,success,,1,143.61
PAY_14945,f9d61df543c9,card,success,,1,44.05
PAY_14946,2230d6515cdc,card,success,,1,182.72
PAY_14947,2244a6f18955,card,success,,1,273.96
PAY_14948,c58a33f7f31c,card,success,,1,123.43
PAY_14949,7c5f0565051a,card,success,,1,126.22
PAY_14950,b15da694cc9a,card,success,,1,209.25
PAY_14951,b7404e2ab4dd,card,success,,1,374.15
PAY_14952,f426b69d71bd,card,failed,timeout,1,116.55
PAY_14953,2f3280e74b1e,card,success,,1,55.95
PAY_14954,185e22661897,card,success,,1,79.08
PAY_14955,2c8dbea69e96,card,success,,1,64.31
PAY_14956,d90de1aa18d5,card,success,,1,67.47
PAY_14957,b95c0338bd3d,card,success,,1,151.17
PAY_14958,e90f592d63f3,card,success,,1,112.57
PAY_14959,757842ef4072,card,success,,1,200.97
PAY_14960,44f998090c73,card,success,,1,121.11
PAY_14961,870477a6f9c0,card,success,,1,45.09
PAY_14962,fa9b6b87c213,card,failed,otp_failed,1,57.38
PAY_14963,fa9b6b87c213,netbanking,failed,otp_failed,2,57.38
PAY_14964,fa9b6b87c213,netbanking,failed,bank_decline,3,57.38
PAY_14965,fa9b6b87c213,netbanking,failed,otp_failed,4,57.38
PAY_14966,c21e3f213235,card,success,,1,77.54
PAY_14967,7644e537407d,card,failed,timeout,1,378.33
PAY_14968,7644e537407d,card,failed,otp_failed,2,378.33
PAY_14969,7644e537407d,card,failed,timeout,3,378.33
PAY_14970,279d52315779,card,success,,1,430.06
PAY_14971,d1fe9f0428b8,card,success,,1,175.79
PAY_14972,7d7d5d2ff2ab,card,success,,1,98.99
PAY_14973,d7b8a4a13de0,card,success,,1,107.34
PAY_14974,0f0e6d07b90c,card,success,,1,47.85
PAY_14975,2d7d613cd905,card,success,,1,331.76
PAY_14976,ada8738e738d,card,success,,1,24.91
PAY_14977,2772658681e8,card,success,,1,122.44
PAY_14978,41616ba02330,card,success,,1,44.73
PAY_14979,0961f8b546ac,card,success,,1,89.33
PAY_14980,bc987753a3b2,card,success,,1,153.37
PAY_14981,e1a9ed002df6,card,success,,1,203.89
PAY_14982,87deada125f9,card,success,,1,85.75
PAY_14983,6d79c7a24f3e,card,success,,1,165.5
PAY_14984,7a4948859046,card,success,,1,52.99
PAY_14985,d53dd1fdd98c,card,success,,1,109.56
PAY_14986,2c5181063f68,card,success,,1,200.69
PAY_14987,28044b58eb6e,card,success,,1,117.41
PAY_14988,121e13570512,card,success,,1,58.94
PAY_14989,8e130a20f235,card,success,,1,202.86
PAY_14990,bc4ef18165fb,card,success,,1,37.58
PAY_14991,f94fe78f8dc6,card,success,,1,42.29
PAY_14992,7b3b542408ee,card,success,,1,145.66
PAY_14993,fa4eb1e5e754,card,success,,1,63.35
PAY_14994,40b2ce45c581,card,success,,1,28.15
PAY_14995,eb27c8dd4e60,card,failed,bank_decline,1,265.25
PAY_14996,eb27c8dd4e60,card,failed,timeout,2,265.25
PAY_14997,eb27c8dd4e60,card,failed,timeout,3,265.25
PAY_14998,30fbb35c60f0,card,success,,1,37.35
PAY_14999,624d5a5753a1,card,success,,1,76.74
PAY_15000,7fd3caf4fef2,card,success,,1,54.84
PAY_15001,3a8e8dd15131,card,success,,1,70.94
PAY_15002,4a5894034996,card,success,,1,44.36
PAY_15003,daa099a7f623,card,success,,1,159.4
PAY_15004,6b9e14987ed5,card,success,,1,98.36
PAY_15005,1091d98a7c59,card,success,,1,197.73
PAY_15006,14d8093b82f5,card,failed,bank_decline,1,55.29
PAY_15007,cbe0786b2edd,card,success,,1,495.92
PAY_15008,270e62582648,card,failed,otp_failed,1,19.61
PAY_15009,270e62582648,card,failed,otp_failed,2,19.61
PAY_15010,270e62582648,card,failed,timeout,3,19.61
PAY_15011,270e62582648,card,failed,bank_decline,4,19.61
PAY_15012,86a58e24783b,card,success,,1,25.33
PAY_15013,a555abcba8bf,card,success,,1,365.94
PAY_15014,966528cbf7d4,card,success,,1,131.53
PAY_15015,9cdc94c25ee9,card,success,,1,118.29
PAY_15016,539abe60ad62,card,success,,1,127.11
PAY_15017,ae3e1d04010d,card,success,,1,142.16
PAY_15018,e34014b01870,card,success,,1,114.41
PAY_15019,fd656fc546fd,card,success,,1,41.57
PAY_15020,12d0a09098f8,card,failed,bank_decline,1,173.22
PAY_15021,a8b5de771868,card,success,,1,152.71
PAY_15022,46276765dc31,card,success,,1,282.24
PAY_15023,3d9639eed8ca,card,success,,1,369.22
PAY_15024,1507f6f4cb26,card,success,,1,117.26
PAY_15025,ce1aaff11a80,card,success,,1,33.72
PAY_15026,4dc31cc4e0e9,card,success,,1,371.67
PAY_15027,b75d5b7da031,card,success,,1,39.86
PAY_15028,c4d93370a9fe,card,success,,1,117.96
PAY_15029,e6183a17892b,card,success,,1,73.3
PAY_15030,9e4a8974f244,card,success,,1,63.78
PAY_15031,d2f082588e6a,card,success,,1,165.91
PAY_15032,679cf74abe35,card,failed,otp_failed,1,109.46
PAY_15033,679cf74abe35,card,failed,otp_failed,2,109.46
PAY_15034,679cf74abe35,card,failed,timeout,3,109.46
PAY_15035,679cf74abe35,card,failed,otp_failed,4,109.46
PAY_15036,ef5d07af3443,card,success,,1,135.72
PAY_15037,323f17df49ac,card,success,,1,46.87
PAY_15038,a545acdf616f,card,success,,1,78.32
PAY_15039,33e3b60c8f5a,card,success,,1,48.64
PAY_15040,41a9f31005ce,card,success,,1,76.76
PAY_15041,99d9bac9b629,card,success,,1,81.86
PAY_15042,e82f17f36422,card,success,,1,393.64
PAY_15043,bfc91536c6d1,card,success,,1,73.15
PAY_15044,74faab494b04,card,success,,1,16.44
PAY_15045,4a8b8d5c1c2c,card,success,,1,274.81
PAY_15046,00ee0f05b97f,card,success,,1,128.95
PAY_15047,843b7c1bf7fb,card,success,,1,81.06
PAY_15048,cbb2bbcd87e7,card,success,,1,63.45
PAY_15049,457add16e7bf,card,success,,1,42.2
PAY_15050,bc829a14d38e,card,success,,1,424.3
PAY_15051,c56b8733d008,card,success,,1,93.83
PAY_15052,2be5c6cbc069,card,success,,1,22.42
PAY_15053,37af8b8a8120,card,success,,1,117.0
PAY_15054,5763db3cb077,card,success,,1,236.26
PAY_15055,ef7d2730994f,card,success,,1,102.02
PAY_15056,d55388a29151,card,success,,1,43.76
PAY_15057,d212918b054f,card,success,,1,40.74
PAY_15058,68749c5cbc63,card,success,,1,304.09
PAY_15059,5edbd62a1474,card,success,,1,85.0
PAY_15060,636502534064,card,failed,timeout,1,23.5
PAY_15061,969e429edcda,card,success,,1,122.4
PAY_15062,7e5c85f25f4a,card,success,,1,100.77
PAY_15063,e560e8b76281,card,success,,1,62.86
PAY_15064,5bdbfe33ce31,card,success,,1,39.79
PAY_15065,eab433aef090,card,success,,1,38.43
PAY_15066,d24a5ffd669d,card,success,,1,214.71
PAY_15067,40120723c7c3,card,success,,1,109.73
PAY_15068,5b6dd9578337,card,success,,1,132.01
PAY_15069,6f84112800f8,card,success,,1,109.49
PAY_15070,cb050dd5db43,card,success,,1,117.0
PAY_15071,b51a066fd51c,card,success,,1,61.89
PAY_15072,a4fdfdfd843b,card,success,,1,76.35
PAY_15073,2185234e17b7,card,success,,1,228.59
PAY_15074,acc7d4d20382,card,success,,1,279.13
PAY_15075,a3a1124531fb,card,success,,1,33.86
PAY_15076,76be774791ff,card,success,,1,76.2
PAY_15077,a06bbfc710f9,card,success,,1,176.17
PAY_15078,d1a08f6a3457,card,success,,1,405.72
PAY_15079,71cef21d0880,card,success,,1,374.49
PAY_15080,b559dc3b1b39,card,success,,1,47.63
PAY_15081,91fb9b1a0481,card,failed,otp_failed,1,249.64
PAY_15082,91fb9b1a0481,card,failed,timeout,2,249.64
PAY_15083,91fb9b1a0481,card,failed,timeout,3,249.64
PAY_15084,91fb9b1a0481,card,failed,timeout,4,249.64
PAY_15085,705167ed26ca,card,success,,1,94.34
PAY_15086,f7b8469e960b,card,success,,1,207.58
PAY_15087,9ba9a4c6f5f5,card,success,,1,169.12
PAY_15088,0b7b5590d632,card,success,,1,32.75
PAY_15089,98dc7b385e2a,card,success,,1,139.77
PAY_15090,5c46de600625,card,success,,1,201.25
PAY_15091,e15298003ffe,card,success,,1,88.58
PAY_15092,4db5a7e3f5e9,card,success,,1,25.6
PAY_15093,acaa5de9e195,card,success,,1,155.54
PAY_15094,00fdb3f5107b,card,success,,1,106.38
PAY_15095,06033462951b,card,failed,otp_failed,1,43.05
PAY_15096,f7fcc7b2e9fd,card,success,,1,69.36
PAY_15097,45d489fd2022,card,success,,1,101.86
PAY_15098,86fbcb127cf7,card,success,,1,57.58
PAY_15099,9f8af23c9c42,card,success,,1,90.21
PAY_15100,64321261308a,card,success,,1,22.2
PAY_15101,94c855e40a2e,card,success,,1,264.95
PAY_15102,a4dd3ca489ab,card,failed,bank_decline,1,91.17
PAY_15103,bebfce59e66e,card,success,,1,37.36
PAY_15104,0052afec1392,card,success,,1,12.58
PAY_15105,52e276c9f9a0,card,success,,1,205.06
PAY_15106,bdbfa138711e,card,success,,1,140.68
PAY_15107,e9684690dff4,card,success,,1,106.54
PAY_15108,ffcd21740fa8,card,success,,1,179.63
PAY_15109,0b20b3d85771,card,success,,1,179.24
PAY_15110,206b90b41744,card,success,,1,105.17
PAY_15111,4362af3fc373,card,success,,1,73.45
PAY_15112,6b680f7cc200,card,success,,1,64.48
PAY_15113,38eff57ff568,card,success,,1,126.06
PAY_15114,540d637bd110,card,success,,1,275.23
PAY_15115,e4876d227d3e,card,success,,1,82.9
PAY_15116,5cf4f7069e28,card,success,,1,293.3
PAY_15117,af65a6ee30fb,card,success,,1,121.33
PAY_15118,8ba40f51a98c,card,success,,1,122.06
PAY_15119,b924ced8d3a3,card,success,,1,616.52
PAY_15120,d077fa07d595,card,success,,1,337.69
PAY_15121,9973a79060d5,card,failed,bank_decline,1,344.77
PAY_15122,9973a79060d5,card,failed,timeout,2,344.77
PAY_15123,566e65d29b6f,card,success,,1,47.56
PAY_15124,bf07f565e4b6,card,success,,1,519.96
PAY_15125,2bd0c8d346c6,card,success,,1,84.29
PAY_15126,fb990a2de514,card,success,,1,75.04
PAY_15127,cf3d1e375b0f,card,success,,1,16.0
PAY_15128,5879bbb162ee,card,success,,1,116.87
PAY_15129,aa125ae6ce53,card,success,,1,37.84
PAY_15130,ac89bd847dd6,card,success,,1,124.79
PAY_15131,3e40ef1f32d6,card,success,,1,35.54
PAY_15132,a74311c8bce2,card,success,,1,139.95
PAY_15133,2bf26e4d477f,card,success,,1,557.74
PAY_15134,88649b0d96fe,card,success,,1,39.71
PAY_15135,0ce6d039bd80,card,success,,1,310.86
PAY_15136,ef18399d449c,card,success,,1,21.28
PAY_15137,3be53fd8e610,card,success,,1,106.32
PAY_15138,b6ea83ec5d36,card,success,,1,54.31
PAY_15139,074e39941213,card,success,,1,62.91
PAY_15140,476969813b62,card,success,,1,59.55
PAY_15141,e7cc23139290,card,success,,1,43.3
PAY_15142,d885524637dc,card,success,,1,32.86
PAY_15143,0cf5b126af12,card,success,,1,63.18
PAY_15144,8eb6f074edb5,card,success,,1,98.77
PAY_15145,09798bea10c1,card,success,,1,228.37
PAY_15146,7ca8c676354f,card,success,,1,114.01
PAY_15147,257357beab7c,card,success,,1,228.89
PAY_15148,0decd0ce7bd7,card,success,,1,27.59
PAY_15149,2de7da1e52f9,card,success,,1,63.66
PAY_15150,478723171f8e,card,success,,1,158.98
PAY_15151,abca0a5f7af8,card,success,,1,118.46
PAY_15152,b29f8abc9818,card,success,,1,45.2
PAY_15153,7b4295c010b0,card,success,,1,190.04
PAY_15154,630575b9d8cb,card,success,,1,58.85
PAY_15155,c242304577e5,card,success,,1,48.33
PAY_15156,bb7ec30fa965,card,success,,1,132.89
PAY_15157,b1f1e9ed77aa,card,success,,1,90.46
PAY_15158,dcdb95457ef5,card,success,,1,59.24
PAY_15159,8d304b1c42c4,card,success,,1,57.66
PAY_15160,8dba99ea55c6,card,success,,1,65.59
PAY_15161,6b4c053edab1,card,success,,1,217.02
PAY_15162,a438a978ceb4,card,success,,1,109.47
PAY_15163,68bf996087a8,card,success,,1,193.81
PAY_15164,1d5fdc32a6b1,card,success,,1,136.03
PAY_15165,b74996d54295,card,success,,1,55.16
PAY_15166,61b04a988e2a,card,success,,1,24.06
PAY_15167,588affbdd356,card,success,,1,42.88
PAY_15168,db50f794c581,card,success,,1,52.62
PAY_15169,9e413db16ea9,card,success,,1,49.46
PAY_15170,c41eaf3d6807,card,success,,1,197.32
PAY_15171,cbed32778674,card,success,,1,195.68
PAY_15172,dbc1753f9a6d,card,success,,1,528.22
PAY_15173,e11b0c33b79c,card,success,,1,48.86
PAY_15174,e0aac25be766,card,success,,1,323.1
PAY_15175,b1f6928d2515,card,success,,1,321.51
PAY_15176,1d5a6d5f4ad3,card,success,,1,74.75
PAY_15177,0ad29aa84377,card,success,,1,131.48
PAY_15178,8739b0000d7b,card,success,,1,85.87
PAY_15179,b97ff33ed49a,card,success,,1,80.71
PAY_15180,719058b180a9,card,success,,1,54.5
PAY_15181,eaf168245b75,card,success,,1,13.63
PAY_15182,142c24561cba,card,success,,1,95.24
PAY_15183,d4412721d8b0,card,success,,1,51.01
PAY_15184,1736000a9ed4,card,success,,1,38.08
PAY_15185,de2ff174ad99,card,success,,1,28.19
PAY_15186,26269f1dbf66,card,success,,1,171.55
PAY_15187,e7a34d130da9,card,success,,1,132.54
PAY_15188,a99e3a7045ff,card,success,,1,65.36
PAY_15189,d5a2a24e0dba,card,success,,1,85.57
PAY_15190,f2f30dc347f0,card,success,,1,34.74
PAY_15191,93ca9a236870,card,failed,timeout,1,164.07
PAY_15192,93ca9a236870,card,failed,timeout,2,164.07
PAY_15193,93ca9a236870,card,failed,otp_failed,3,164.07
PAY_15194,93ca9a236870,card,failed,timeout,4,164.07
PAY_15195,4d688b706fa3,card,success,,1,104.57
PAY_15196,871f8d3fef44,card,success,,1,110.99
PAY_15197,3b5e12732571,card,success,,1,134.49
PAY_15198,821692f2264a,card,failed,otp_failed,1,53.84
PAY_15199,21b76fde598f,card,success,,1,26.7
PAY_15200,9274892c6ff0,card,success,,1,193.61
PAY_15201,ea4fb8caba9f,card,failed,timeout,1,156.17
PAY_15202,ea4fb8caba9f,netbanking,failed,bank_decline,2,156.17
PAY_15203,f7c7881036d8,card,success,,1,58.66
PAY_15204,729fb3d7ccd1,card,success,,1,124.87
PAY_15205,dd0eff8550f2,card,success,,1,246.26
PAY_15206,495eca29ceed,card,success,,1,223.85
PAY_15207,1f5c2dffe9b2,card,success,,1,57.3
PAY_15208,a3cc23c91f32,card,success,,1,27.36
PAY_15209,37d64ccb5495,card,success,,1,31.38
PAY_15210,2655f0414cd6,card,success,,1,70.15
PAY_15211,377c6987a4cb,card,success,,1,50.26
PAY_15212,32606b567abd,card,success,,1,55.86
PAY_15213,3592efde06a4,card,success,,1,54.95
PAY_15214,0a8dc993cfe0,card,success,,1,58.83
PAY_15215,d550892deb7f,card,success,,1,89.21
PAY_15216,3363c20847c8,card,success,,1,32.33
PAY_15217,8e8031f3c738,card,success,,1,214.32
PAY_15218,9f384486144b,card,success,,1,80.17
PAY_15219,5d15f45fcd7b,card,success,,1,654.13
PAY_15220,027f96cd9a96,card,success,,1,35.2
PAY_15221,50494f731d8b,card,success,,1,321.15
PAY_15222,4df5c6847406,card,success,,1,273.99
PAY_15223,e779501b736a,card,success,,1,64.76
PAY_15224,1462fa03642f,card,success,,1,65.62
PAY_15225,58519d8d5a9c,card,success,,1,43.08
PAY_15226,adf0454bbff7,card,success,,1,43.47
PAY_15227,10d22148f051,card,success,,1,89.97
PAY_15228,37d12dfc5dbc,card,success,,1,91.52
PAY_15229,30c399b9350d,card,success,,1,24.98
PAY_15230,e28cfab95468,card,success,,1,563.86
PAY_15231,99b3151a65cd,card,success,,1,73.14
PAY_15232,a581c7492de4,card,success,,1,94.87
PAY_15233,3e11ccd454ac,card,success,,1,54.54
PAY_15234,203ec18b4f42,card,success,,1,67.61
PAY_15235,51231d1be0c0,card,success,,1,89.81
PAY_15236,c689e1662cdd,card,success,,1,88.97
PAY_15237,8c71aed5520c,card,success,,1,171.38
PAY_15238,a35ee17b4497,card,success,,1,107.96
PAY_15239,a31d485cbc59,card,success,,1,158.13
PAY_15240,7705805d5cf6,card,success,,1,89.31
PAY_15241,fd11414d6eb3,card,success,,1,108.31
PAY_15242,45c426473ef7,card,success,,1,200.84
PAY_15243,ebd6cc190be7,card,success,,1,116.52
PAY_15244,16ca74e0bfd5,card,success,,1,79.32
PAY_15245,2a1019180fa0,card,success,,1,77.45
PAY_15246,9c755e3b40f2,card,success,,1,82.48
PAY_15247,ba3de8620967,card,success,,1,92.24
PAY_15248,03a1c1153500,card,success,,1,86.05
PAY_15249,3265d6731678,card,success,,1,57.57
PAY_15250,49dc00b75538,card,success,,1,165.99
PAY_15251,e1e3d4a671ac,card,success,,1,174.59
PAY_15252,f99fa5efdc47,card,success,,1,375.06
PAY_15253,b3cb15ab2b72,card,success,,1,55.54
PAY_15254,27c2fd5898b5,card,success,,1,153.42
PAY_15255,c1ebdf4f8826,card,success,,1,19.54
PAY_15256,35b0b08ded31,card,success,,1,174.73
PAY_15257,1fa304ea4a9f,card,success,,1,40.96
PAY_15258,c66d70a20039,card,success,,1,117.42
PAY_15259,3c72ceb3067a,card,success,,1,54.75
PAY_15260,b0dfe5de84e8,card,failed,otp_failed,1,49.07
PAY_15261,b0dfe5de84e8,card,failed,timeout,2,49.07
PAY_15262,b0dfe5de84e8,card,failed,bank_decline,3,49.07
PAY_15263,b0dfe5de84e8,card,failed,otp_failed,4,49.07
PAY_15264,157a308d1a5b,card,success,,1,61.08
PAY_15265,a5ba22b9cab9,card,success,,1,161.37
PAY_15266,61970b71a0b4,card,success,,1,42.68
PAY_15267,3148a1a2cbd5,card,success,,1,86.2
PAY_15268,c503c86f349f,card,success,,1,66.49
PAY_15269,e5a2908b36b4,card,success,,1,173.45
PAY_15270,8ee3e47afde3,card,success,,1,177.39
PAY_15271,a158f739c31e,card,success,,1,20.73
PAY_15272,343abde966c6,card,success,,1,207.7
PAY_15273,2cc2038f33a6,card,success,,1,55.22
PAY_15274,bd04ca030b87,card,success,,1,108.75
PAY_15275,0a0e8e20bf53,card,success,,1,42.47
PAY_15276,a7109ae8d6a1,card,success,,1,121.14
PAY_15277,94a3dba3e51d,card,success,,1,693.03
PAY_15278,6212afe72262,card,success,,1,99.66
PAY_15279,ff796a0e50ba,card,success,,1,62.31
PAY_15280,e71c432fbd29,card,success,,1,74.76
PAY_15281,2d1c4b51f823,card,success,,1,27.79
PAY_15282,239fb52f20de,card,success,,1,286.91
PAY_15283,0048e0d72bb3,card,success,,1,115.62
PAY_15284,82bf8a59711a,card,success,,1,38.9
PAY_15285,d8ebd68989ac,card,success,,1,39.92
PAY_15286,37dd5ebaf30d,card,success,,1,91.12
PAY_15287,07864c490370,card,success,,1,189.73
PAY_15288,8f0e6b8df8f9,card,success,,1,35.85
PAY_15289,939eb6d579a4,card,success,,1,219.36
PAY_15290,6e1395386929,card,success,,1,83.65
PAY_15291,3c489af1a736,card,success,,1,42.77
PAY_15292,2a69348baac9,card,success,,1,61.92
PAY_15293,fcd59e5f309e,card,success,,1,364.62
PAY_15294,f60508b1055a,card,success,,1,29.65
PAY_15295,b36431c4ce7d,card,success,,1,50.12
PAY_15296,fa03751d721d,card,success,,1,192.88
PAY_15297,8f5212769b4a,card,success,,1,47.8
PAY_15298,e724595e4083,card,success,,1,194.77
PAY_15299,d63c8d80660b,card,success,,1,202.32
PAY_15300,7a1e80c14772,card,success,,1,117.34
PAY_15301,d7e11823f188,card,success,,1,55.15
PAY_15302,64e4c8271305,card,success,,1,62.39
PAY_15303,9a59a112bcc9,card,success,,1,113.04
PAY_15304,a482689b9ab2,card,success,,1,31.51
PAY_15305,b0fe7a8f1a97,card,success,,1,260.4
PAY_15306,fd4e161c1e7a,card,success,,1,350.78
PAY_15307,854b51493527,card,success,,1,74.53
PAY_15308,78eeeed3a99a,card,success,,1,232.44
PAY_15309,0e1a06b7a5ef,card,success,,1,430.29
PAY_15310,b0cdf0139bb6,card,success,,1,312.81
PAY_15311,c5860450c28c,card,success,,1,22.46
PAY_15312,46c9318720c0,card,success,,1,69.93
PAY_15313,cba8a13b8d35,card,success,,1,134.36
PAY_15314,7e8cda461ac2,card,success,,1,60.62
PAY_15315,36042f744d7b,card,success,,1,374.73
PAY_15316,e858bfbd7c9c,card,success,,1,331.46
PAY_15317,d5bb45776eac,card,success,,1,46.86
PAY_15318,3dfcca2a3615,card,success,,1,79.05
PAY_15319,02ed556ad7a2,card,success,,1,49.42
PAY_15320,1b8d85651fc2,card,success,,1,77.01
PAY_15321,7a8f8c6a158a,card,success,,1,75.16
PAY_15322,826fb5e6c2f1,card,success,,1,193.14
PAY_15323,65095d48f4e8,card,success,,1,44.22
PAY_15324,2cf91e43a117,card,success,,1,11.1
PAY_15325,b87839448819,card,success,,1,24.94
PAY_15326,b632a88f4aa3,card,success,,1,39.54
PAY_15327,4d7ed2c35e85,card,success,,1,53.27
PAY_15328,dad685256934,card,success,,1,104.56
PAY_15329,88f0fe3272f0,card,success,,1,37.95
PAY_15330,c13fe47605a7,card,success,,1,34.16
PAY_15331,4c09e911b941,card,success,,1,42.8
PAY_15332,1eab3c10ce31,card,success,,1,36.87
PAY_15333,07016d8bec2e,card,success,,1,57.77
PAY_15334,12c7005257ec,card,success,,1,55.82
PAY_15335,6b3c32400147,card,success,,1,156.22
PAY_15336,6498f4d8c933,card,success,,1,40.79
PAY_15337,da1335c280e4,card,success,,1,67.62
PAY_15338,fcc3f1ba8d51,card,success,,1,58.21
PAY_15339,a7767185099a,card,success,,1,171.93
PAY_15340,d5bd8bbeef67,card,success,,1,79.57
PAY_15341,6e12dde9f7fb,card,success,,1,208.63
PAY_15342,4fc6a9efe469,card,success,,1,35.81
PAY_15343,1222349564fb,card,failed,timeout,1,86.53
PAY_15344,1222349564fb,card,failed,otp_failed,2,86.53
PAY_15345,1222349564fb,card,failed,bank_decline,3,86.53
PAY_15346,1222349564fb,card,failed,bank_decline,4,86.53
PAY_15347,e016d818b6da,card,success,,1,56.79
PAY_15348,6b74ecaa5c0b,card,success,,1,33.76
PAY_15349,79bcbc2baa62,card,failed,otp_failed,1,85.28
PAY_15350,79bcbc2baa62,UPI,failed,otp_failed,2,85.28
PAY_15351,79bcbc2baa62,UPI,failed,bank_decline,3,85.28
PAY_15352,ba81ec828322,card,success,,1,360.09
PAY_15353,6ecd81b88587,card,success,,1,45.5
PAY_15354,6e6cce6763c5,card,success,,1,81.29
PAY_15355,257e3a93129b,card,success,,1,31.51
PAY_15356,03bfc638b60f,card,success,,1,28.01
PAY_15357,4eee56763561,card,success,,1,47.95
PAY_15358,5dd2d0a6767a,card,success,,1,65.07
PAY_15359,d2f922b31401,card,success,,1,75.13
PAY_15360,a80c7a1392d9,card,success,,1,24.08
PAY_15361,edc938a5da38,card,success,,1,54.56
PAY_15362,1eddfbc42d0c,card,success,,1,134.48
PAY_15363,11ce0302c693,card,success,,1,30.37
PAY_15364,e9042a506b35,card,success,,1,67.75
PAY_15365,f1e7166db39e,card,success,,1,113.78
PAY_15366,fac24c568197,card,success,,1,48.14
PAY_15367,1663e2f44681,card,success,,1,118.3
PAY_15368,3c3a3a77eec2,card,success,,1,26.66
PAY_15369,b9d1497552dd,card,success,,1,183.23
PAY_15370,65aa36e89929,card,success,,1,120.62
PAY_15371,26ebe6a1bf22,card,success,,1,221.37
PAY_15372,42a25d5b66b5,card,success,,1,69.17
PAY_15373,6ab34192b90f,card,success,,1,54.91
PAY_15374,12acfcfc6a07,card,success,,1,269.9
PAY_15375,9ccfce2f1f69,card,success,,1,392.53
PAY_15376,b7935b3c2d42,card,success,,1,51.69
PAY_15377,b47c65a2c8f9,card,success,,1,82.19
PAY_15378,7a047980d17b,card,success,,1,207.69
PAY_15379,06992dbbdb86,card,success,,1,84.56
PAY_15380,ca5bddaab3b4,card,success,,1,144.85
PAY_15381,cc519d586770,card,success,,1,57.41
PAY_15382,32a1b2e3c6b4,card,success,,1,125.89
PAY_15383,e334b2355c0c,card,success,,1,89.57
PAY_15384,0fde0486e3ad,card,success,,1,34.0
PAY_15385,68b6bf961e6f,card,success,,1,40.78
PAY_15386,12e26f41ed58,card,success,,1,53.41
PAY_15387,c322f950f096,card,success,,1,189.2
PAY_15388,3cc3c9b8968a,card,success,,1,194.24
PAY_15389,e4ff3f3b14b1,card,success,,1,164.01
PAY_15390,c1043ca8eca0,card,success,,1,128.01
PAY_15391,38d821fd7919,card,success,,1,125.24
PAY_15392,d8288ab2e258,card,success,,1,112.4
PAY_15393,441eba6e6f00,card,success,,1,124.72
PAY_15394,fcaed2ca894e,card,failed,timeout,1,131.67
PAY_15395,9d71e02fa458,card,success,,1,29.27
PAY_15396,aba1dc13db93,card,success,,1,47.84
PAY_15397,0d242828302a,card,success,,1,39.52
PAY_15398,4facf3d17f69,card,success,,1,218.27
PAY_15399,24ba725ad05a,card,success,,1,338.08
PAY_15400,5e0b859b1260,card,success,,1,15.88
PAY_15401,0120dd51d174,card,success,,1,314.77
PAY_15402,4c79cedb5885,card,success,,1,96.48
PAY_15403,77d6674abb31,card,success,,1,202.39
PAY_15404,b3035e9b8b10,card,success,,1,134.99
PAY_15405,7b5b8f86756a,card,success,,1,284.95
PAY_15406,1a3af0f764c1,card,success,,1,106.46
PAY_15407,9a763cbb533c,card,success,,1,30.24
PAY_15408,8464e64275a0,card,success,,1,82.72
PAY_15409,c7de3d8747d6,card,success,,1,135.98
PAY_15410,7098c8953125,card,success,,1,75.73
PAY_15411,9f67015c3f63,card,success,,1,152.35
PAY_15412,e1cfbe2a2fe2,card,success,,1,85.41
PAY_15413,8440ade3fa2d,card,success,,1,55.9
PAY_15414,9fb658c7f99c,card,success,,1,37.76
PAY_15415,1aa2ddd55853,card,success,,1,65.8
PAY_15416,76f544183d9e,card,success,,1,106.02
PAY_15417,da0570957581,card,success,,1,18.77
PAY_15418,a5489d1b2ddd,card,success,,1,48.23
PAY_15419,5b78b37d6fb8,card,failed,bank_decline,1,18.22
PAY_15420,5b78b37d6fb8,card,failed,otp_failed,2,18.22
PAY_15421,5b78b37d6fb8,card,failed,bank_decline,3,18.22
PAY_15422,5d05d513ef0b,card,success,,1,54.95
PAY_15423,e43f4075eac5,card,success,,1,234.59
PAY_15424,3f43d6f43333,card,failed,otp_failed,1,34.85
PAY_15425,3f43d6f43333,netbanking,failed,otp_failed,2,34.85
PAY_15426,3f43d6f43333,netbanking,failed,timeout,3,34.85
PAY_15427,6be718497492,card,success,,1,879.24
PAY_15428,b1b16dcb5ddc,card,success,,1,100.16
PAY_15429,fd8c56102d13,card,success,,1,178.89
PAY_15430,6a4b01060c6c,card,success,,1,30.09
PAY_15431,c9a9eef501fb,card,success,,1,25.57
PAY_15432,efd568bf9a1b,card,success,,1,92.11
PAY_15433,ebe26ae792c8,card,success,,1,123.83
PAY_15434,562078054e17,card,success,,1,216.05
PAY_15435,5c239cbc52b2,card,success,,1,57.11
PAY_15436,a3dacba30827,card,success,,1,105.08
PAY_15437,aecc57f0c54c,card,success,,1,102.24
PAY_15438,c61321e7116b,card,success,,1,81.04
PAY_15439,5fb1963daa58,card,success,,1,84.95
PAY_15440,f57a4c1a6b0d,card,success,,1,45.43
PAY_15441,b91cda090bfa,card,success,,1,112.59
PAY_15442,f955547487ad,card,success,,1,105.22
PAY_15443,ae5bccc9ffdc,card,success,,1,63.31
PAY_15444,ef831b3b1d56,card,failed,timeout,1,153.33
PAY_15445,ef831b3b1d56,card,failed,otp_failed,2,153.33
PAY_15446,ef831b3b1d56,card,failed,otp_failed,3,153.33
PAY_15447,de1d7c78cac5,card,success,,1,204.85
PAY_15448,fff974fdcdf5,card,success,,1,154.76
PAY_15449,063dfb52b7eb,card,success,,1,39.1
PAY_15450,e14525295e25,card,success,,1,97.49
PAY_15451,1bd18e5c86e0,card,success,,1,43.42
PAY_15452,ed74f4eb6bb7,card,success,,1,97.25
PAY_15453,63ad369e311e,card,success,,1,43.55
PAY_15454,f5f1eb803995,card,success,,1,250.07
PAY_15455,717dd1efd93f,card,success,,1,168.45
PAY_15456,23868cf51bc4,card,success,,1,226.42
PAY_15457,2669ec8eefa8,card,success,,1,208.8
PAY_15458,4e0241d5e292,card,success,,1,72.5
PAY_15459,d10b432821d7,card,success,,1,64.04
PAY_15460,bf835364a4f4,card,success,,1,362.63
PAY_15461,43a46fc9a627,card,success,,1,78.88
PAY_15462,929d5d09d7d2,card,success,,1,30.46
PAY_15463,980d08aad479,card,success,,1,201.54
PAY_15464,4df4395b137f,card,failed,timeout,1,100.99
PAY_15465,4df4395b137f,netbanking,failed,timeout,2,100.99
PAY_15466,4df4395b137f,netbanking,failed,timeout,3,100.99
PAY_15467,4df4395b137f,netbanking,failed,timeout,4,100.99
PAY_15468,e3df5cce5dd5,card,success,,1,300.29
PAY_15469,50724d354fd4,card,success,,1,109.33
PAY_15470,8ff954c44dc1,card,success,,1,88.59
PAY_15471,3f9a190cc3c1,card,success,,1,305.18
PAY_15472,1e8394535727,card,success,,1,26.29
PAY_15473,74bbb6e4c35d,card,success,,1,56.36
PAY_15474,adb044a2243f,card,failed,otp_failed,1,44.26
PAY_15475,adb044a2243f,UPI,failed,otp_failed,2,44.26
PAY_15476,adb044a2243f,UPI,failed,bank_decline,3,44.26
PAY_15477,adb044a2243f,UPI,failed,otp_failed,4,44.26
PAY_15478,638583e0b898,card,success,,1,15.55
PAY_15479,b8cd7330d7a4,card,success,,1,181.01
PAY_15480,ca7a8d184332,card,success,,1,57.63
PAY_15481,e2b999bf9451,card,success,,1,185.73
PAY_15482,3a312ac32917,card,success,,1,122.89
PAY_15483,f2c4b3c14227,card,success,,1,146.31
PAY_15484,8f2dbe46bd11,card,success,,1,62.53
PAY_15485,b91509a76d81,card,success,,1,48.84
PAY_15486,49808f367957,card,success,,1,96.72
PAY_15487,4797588e5437,card,success,,1,187.79
PAY_15488,c0de6cdc7f2e,card,failed,bank_decline,1,86.46
PAY_15489,c0de6cdc7f2e,card,failed,otp_failed,2,86.46
PAY_15490,c0de6cdc7f2e,card,failed,bank_decline,3,86.46
PAY_15491,c0de6cdc7f2e,card,failed,bank_decline,4,86.46
PAY_15492,83f06aa71453,card,success,,1,51.34
PAY_15493,35ca77ac7c86,card,success,,1,34.49
PAY_15494,aa6d55ad9f64,card,success,,1,105.99
PAY_15495,0f15d4f3c7d0,card,success,,1,57.79
PAY_15496,1810f0da43fd,card,success,,1,85.0
PAY_15497,148b9679e614,card,success,,1,74.36
PAY_15498,0fa0a2d057dd,card,failed,otp_failed,1,63.08
PAY_15499,0fa0a2d057dd,card,failed,otp_failed,2,63.08
PAY_15500,0fa0a2d057dd,card,failed,timeout,3,63.08
PAY_15501,0b3807c9410a,card,success,,1,113.87
PAY_15502,e990db30895a,card,failed,otp_failed,1,140.27
PAY_15503,d3350fc87150,card,success,,1,433.64
PAY_15504,9986d29b9096,card,success,,1,165.07
PAY_15505,df05278eee42,card,success,,1,322.13
PAY_15506,3b892c1796c9,card,success,,1,46.76
PAY_15507,09e8917c5044,card,success,,1,25.01
PAY_15508,3b8bd16940cc,card,success,,1,88.98
PAY_15509,f6a437d98097,card,success,,1,178.83
PAY_15510,896521bedb20,card,success,,1,157.74
PAY_15511,7a03b0863b98,card,success,,1,237.25
PAY_15512,3602b8f3a9b6,card,success,,1,11.83
PAY_15513,2b80c6005ded,card,success,,1,117.73
PAY_15514,8367d7ef14fb,card,success,,1,26.17
PAY_15515,70cb0417d658,card,success,,1,160.58
PAY_15516,d38c63cc93d0,card,success,,1,103.09
PAY_15517,eede2d0282ef,card,success,,1,122.12
PAY_15518,9275ed20121a,card,success,,1,200.19
PAY_15519,44acabed55df,card,success,,1,27.71
PAY_15520,81706a69c137,card,success,,1,80.28
PAY_15521,722ca2733e48,card,success,,1,24.68
PAY_15522,0aa993698453,card,success,,1,275.44
PAY_15523,0ed5ea84691c,card,success,,1,33.34
PAY_15524,1ad4028a0a55,card,success,,1,44.44
PAY_15525,082070429ade,card,success,,1,62.61
PAY_15526,9f72f8d40e2f,card,success,,1,125.2
PAY_15527,63cce7e99c9d,card,success,,1,63.15
PAY_15528,d39742fafa96,card,failed,otp_failed,1,151.72
PAY_15529,d39742fafa96,netbanking,failed,bank_decline,2,151.72
PAY_15530,d39742fafa96,netbanking,failed,otp_failed,3,151.72
PAY_15531,762948924c71,card,success,,1,211.09
PAY_15532,57342ee0d93f,card,failed,otp_failed,1,217.33
PAY_15533,57342ee0d93f,card,failed,otp_failed,2,217.33
PAY_15534,57342ee0d93f,card,failed,timeout,3,217.33
PAY_15535,57342ee0d93f,card,failed,bank_decline,4,217.33
PAY_15536,9438be959c96,card,success,,1,36.8
PAY_15537,3410c8a5ed2a,card,failed,bank_decline,1,272.8
PAY_15538,3410c8a5ed2a,UPI,failed,bank_decline,2,272.8
PAY_15539,3410c8a5ed2a,UPI,failed,timeout,3,272.8
PAY_15540,4839c0f3fc79,card,success,,1,290.86
PAY_15541,32000dba7a43,card,success,,1,311.73
PAY_15542,870a19666d59,card,success,,1,79.34
PAY_15543,279b374e7529,card,success,,1,49.33
PAY_15544,8c73e1f6487f,card,failed,timeout,1,40.96
PAY_15545,8c73e1f6487f,UPI,failed,bank_decline,2,40.96
PAY_15546,f3d6e2339a62,card,success,,1,37.28
PAY_15547,365e5ca9c7ce,card,success,,1,90.86
PAY_15548,bd421f6dca4c,card,success,,1,177.38
PAY_15549,a74d66c2d62e,card,success,,1,256.02
PAY_15550,f2905942306b,card,success,,1,61.04
PAY_15551,a4fdefdfb2bb,card,failed,bank_decline,1,87.27
PAY_15552,a4fdefdfb2bb,card,failed,otp_failed,2,87.27
PAY_15553,c1e36b2db9c8,card,success,,1,82.82
PAY_15554,db874ea46da9,card,success,,1,54.15
PAY_15555,7bc0a4ffc3fb,card,success,,1,162.16
PAY_15556,d41bd6c94c54,card,success,,1,120.33
PAY_15557,d809e1de2c8d,card,success,,1,100.83
PAY_15558,1b3a6df8a845,card,success,,1,119.9
PAY_15559,fb83646f4f1e,card,success,,1,147.28
PAY_15560,99cd197445e2,card,success,,1,146.11
PAY_15561,0f4ac26f398c,card,success,,1,46.03
PAY_15562,d549a17e2669,card,success,,1,184.39
PAY_15563,e7c1ac16b67c,card,success,,1,110.42
PAY_15564,36911cfba2c9,card,success,,1,63.58
PAY_15565,2f8107d69919,card,success,,1,108.57
PAY_15566,72b8783b4fb4,card,success,,1,118.58
PAY_15567,69dbe15cc388,card,failed,bank_decline,1,213.88
PAY_15568,69dbe15cc388,netbanking,failed,timeout,2,213.88
PAY_15569,5d4efd045584,card,success,,1,38.98
PAY_15570,0eee3124a5bc,card,success,,1,91.7
PAY_15571,c074a8727b0a,card,success,,1,60.04
PAY_15572,b79d03163998,card,success,,1,58.59
PAY_15573,2bd71a1220c1,card,success,,1,40.4
PAY_15574,778a865ac85d,card,success,,1,22.36
PAY_15575,018b7b786488,card,success,,1,154.77
PAY_15576,db4f581e9272,card,failed,timeout,1,439.09
PAY_15577,db4f581e9272,card,failed,bank_decline,2,439.09
PAY_15578,db4f581e9272,card,failed,bank_decline,3,439.09
PAY_15579,05bc865dde81,card,success,,1,24.68
PAY_15580,046973543a9a,card,success,,1,42.08
PAY_15581,4f9a3177c961,card,success,,1,86.79
PAY_15582,be48acfc98e2,card,success,,1,175.48
PAY_15583,f748802d6bc6,card,success,,1,82.98
PAY_15584,da72d5fa2773,card,success,,1,56.57
PAY_15585,7e38ac9611f9,card,success,,1,75.14
PAY_15586,c3a96d5ac9ec,card,success,,1,13.39
PAY_15587,0236c05666f4,card,success,,1,36.06
PAY_15588,c1112fb1745c,card,success,,1,192.22
PAY_15589,4a9123301434,card,success,,1,233.58
PAY_15590,549135d8afc3,card,success,,1,277.25
PAY_15591,eadbef4bd445,card,success,,1,128.09
PAY_15592,6cacf7ffc3ab,card,success,,1,14.81
PAY_15593,a9ee30b4b32e,card,success,,1,54.16
PAY_15594,64a231610a10,card,success,,1,259.75
PAY_15595,be764aeed2d6,card,success,,1,329.79
PAY_15596,fa77f29fc6f8,card,success,,1,267.77
PAY_15597,a84a0525310e,card,success,,1,74.51
PAY_15598,ccdff6f6c45c,card,success,,1,31.65
PAY_15599,2a6990f91b96,card,success,,1,87.14
PAY_15600,56d15c3eb690,card,success,,1,91.09
PAY_15601,d1039eebb64c,card,success,,1,314.96
PAY_15602,3fc8e7938850,card,success,,1,108.01
PAY_15603,544dbb496463,card,success,,1,91.23
PAY_15604,e4c7c6d02b5f,card,success,,1,95.47
PAY_15605,d6b85dfae896,card,success,,1,123.95
PAY_15606,201e2be88cee,card,success,,1,148.58
PAY_15607,63cf8e005564,card,success,,1,50.42
PAY_15608,d0dbd3d5d5a9,card,success,,1,38.63
PAY_15609,80a3c448d8eb,card,success,,1,269.47
PAY_15610,0c846d7964b4,card,success,,1,24.22
PAY_15611,4ec21186dbb1,card,success,,1,333.69
PAY_15612,80afcc05b383,card,success,,1,19.52
PAY_15613,d107f68d8002,card,success,,1,195.88
PAY_15614,47c0815431a9,card,success,,1,90.04
PAY_15615,6e7f62f479cb,card,success,,1,31.4
PAY_15616,d5221796da19,card,success,,1,126.61
PAY_15617,aae7c871468f,card,success,,1,94.97
PAY_15618,829219c45579,card,success,,1,75.73
PAY_15619,b6504c79485a,card,success,,1,54.65
PAY_15620,4bc66432c93a,card,failed,timeout,1,87.56
PAY_15621,4bc66432c93a,card,failed,bank_decline,2,87.56
PAY_15622,97cc665701c5,card,success,,1,56.51
PAY_15623,0f7761162920,card,success,,1,631.2
PAY_15624,baa03c74ab7a,card,success,,1,74.29
PAY_15625,c2fc8e94ce49,card,success,,1,66.75
PAY_15626,2df5ad37e191,card,success,,1,58.36
PAY_15627,15fe8f7745f8,card,success,,1,372.99
PAY_15628,be5e83258f1b,card,success,,1,24.26
PAY_15629,be570c5fff32,card,success,,1,120.01
PAY_15630,0fb3d3ebd9bb,card,success,,1,74.33
PAY_15631,9e0f386bb313,card,success,,1,28.83
PAY_15632,757250ad0052,card,success,,1,46.75
PAY_15633,2442e68b9f15,card,success,,1,116.0
PAY_15634,85b87d60ccba,card,success,,1,110.79
PAY_15635,af9882e68847,card,success,,1,103.18
PAY_15636,9ccab4783217,card,success,,1,28.14
PAY_15637,2293f3f5d1f6,card,success,,1,45.72
PAY_15638,a550e63d5f30,card,failed,otp_failed,1,71.64
PAY_15639,a550e63d5f30,card,failed,bank_decline,2,71.64
PAY_15640,a550e63d5f30,card,failed,bank_decline,3,71.64
PAY_15641,a550e63d5f30,card,failed,otp_failed,4,71.64
PAY_15642,77940273c184,card,success,,1,67.91
PAY_15643,b2f45e9d51ea,card,success,,1,101.66
PAY_15644,2f6a23b14952,card,success,,1,115.58
PAY_15645,2648c09b10eb,card,success,,1,359.4
PAY_15646,253f64c29d27,card,success,,1,89.75
PAY_15647,a5fd7d4a650e,card,success,,1,35.81
PAY_15648,45c29b6db411,card,success,,1,226.57
PAY_15649,5330f4f7e670,card,success,,1,247.25
PAY_15650,5ba28c1fb3f4,card,success,,1,108.41
PAY_15651,2d1f64bb3943,card,success,,1,73.91
PAY_15652,19eb5e9de20c,card,success,,1,148.12
PAY_15653,a39d6bb183b4,card,success,,1,76.03
PAY_15654,5484b48111d1,card,success,,1,17.38
PAY_15655,2f8e486542b9,card,success,,1,141.29
PAY_15656,b76c130c7940,card,success,,1,183.79
PAY_15657,308a9d2b3af3,card,success,,1,50.17
PAY_15658,653187b56114,card,success,,1,107.87
PAY_15659,4b0f2cb74b5b,card,success,,1,109.75
PAY_15660,4bb5fe305c28,card,success,,1,96.38
PAY_15661,46f50411f92f,card,failed,bank_decline,1,98.68
PAY_15662,46f50411f92f,netbanking,failed,bank_decline,2,98.68
PAY_15663,46f50411f92f,netbanking,failed,bank_decline,3,98.68
PAY_15664,eafdcac0f163,card,success,,1,92.73
PAY_15665,18cbba4fcbbe,card,success,,1,106.63
PAY_15666,8c7732d40404,card,success,,1,162.8
PAY_15667,9945ebc6f324,card,success,,1,238.94
PAY_15668,6fdb9d7d8bcf,card,success,,1,49.15
PAY_15669,b4056f8d7b3a,card,success,,1,78.43
PAY_15670,204299315fcb,card,success,,1,64.19
PAY_15671,ec56a6e9e10b,card,success,,1,57.25
PAY_15672,420cb54a3456,card,success,,1,24.71
PAY_15673,42ef04c70934,card,success,,1,91.78
PAY_15674,5ae72dfc9aad,card,success,,1,132.09
PAY_15675,7a1edf713062,card,success,,1,79.51
PAY_15676,dd5ed5752d39,card,success,,1,89.37
PAY_15677,25f862e336a3,card,success,,1,125.81
PAY_15678,6fefb64ec6d4,card,success,,1,278.35
PAY_15679,8462f115d67a,card,success,,1,64.34
PAY_15680,84c97bfeb873,card,success,,1,35.26
PAY_15681,8e5e9c2b10da,card,success,,1,83.73
PAY_15682,15c3e96ffda1,card,failed,bank_decline,1,406.2
PAY_15683,15c3e96ffda1,card,failed,timeout,2,406.2
PAY_15684,15c3e96ffda1,card,failed,timeout,3,406.2
PAY_15685,ab487b64ff71,card,success,,1,35.56
PAY_15686,edcd55dd427d,card,success,,1,151.43
PAY_15687,9f66c4d75a4b,card,success,,1,227.31
PAY_15688,c227e4e72512,card,success,,1,13.57
PAY_15689,d69e6adf655b,card,success,,1,124.98
PAY_15690,84b9ece547c8,card,success,,1,145.87
PAY_15691,2e30c76a7ad3,card,success,,1,72.68
PAY_15692,5204aa4c654a,card,success,,1,56.12
PAY_15693,8f111b411bff,card,success,,1,69.21
PAY_15694,8bae022e7221,card,success,,1,70.69
PAY_15695,ed701b439ee6,card,success,,1,60.79
PAY_15696,5982f558b2b3,card,success,,1,68.33
PAY_15697,beb45dcb5860,card,success,,1,233.37
PAY_15698,8f036bf41962,card,success,,1,34.07
PAY_15699,83c44f599ff7,card,success,,1,22.21
PAY_15700,757643acea0c,card,success,,1,236.38
PAY_15701,735eedaa888d,card,success,,1,77.2
PAY_15702,6bd42272038c,card,success,,1,65.98
PAY_15703,04a0b535cce3,card,success,,1,106.42
PAY_15704,dce1517b2b49,card,success,,1,59.19
PAY_15705,f04aa6820d65,card,success,,1,134.93
PAY_15706,5e4e6d6eb6e1,card,success,,1,41.69
PAY_15707,a00f9835c1ff,card,success,,1,70.71
PAY_15708,c06529d7c505,card,success,,1,15.31
PAY_15709,b3a63f4a2f0a,card,success,,1,229.93
PAY_15710,f21de2d2030a,card,success,,1,78.19
PAY_15711,a55a6add1058,card,success,,1,153.87
PAY_15712,76a2457a11ad,card,success,,1,131.8
PAY_15713,dce4f8474cae,card,success,,1,139.75
PAY_15714,d897c9ddf08d,card,success,,1,89.46
PAY_15715,3269ebee0ea1,card,success,,1,122.8
PAY_15716,eba5c476fd81,card,success,,1,41.72
PAY_15717,ede743202d67,card,success,,1,35.27
PAY_15718,881ebcb963a0,card,success,,1,83.02
PAY_15719,fb33fe48ae5d,card,success,,1,52.26
PAY_15720,84221378a1c6,card,success,,1,281.57
PAY_15721,21794971dbe4,card,success,,1,121.52
PAY_15722,8c9342f8ab89,card,success,,1,50.75
PAY_15723,1c8f3a0c5b64,card,success,,1,72.44
PAY_15724,64c7ea56376f,card,success,,1,100.12
PAY_15725,29e20b236ee0,card,success,,1,85.25
PAY_15726,f8f834080d0c,card,failed,otp_failed,1,111.88
PAY_15727,850f21e7f9ad,card,success,,1,95.1
PAY_15728,168f959817fe,card,success,,1,29.59
PAY_15729,1faf4b43d4ef,card,success,,1,16.11
PAY_15730,22bb0ce0ca0e,card,success,,1,66.76
PAY_15731,b6075ca6fa7f,card,success,,1,140.95
PAY_15732,8357b3f813de,card,success,,1,67.36
PAY_15733,72bb0739c0ac,card,success,,1,86.7
PAY_15734,c37c2c1a3a15,card,success,,1,266.6
PAY_15735,9018c6d597e0,card,success,,1,226.22
PAY_15736,7f9d3cca9c92,card,success,,1,208.73
PAY_15737,6ba5a9958e1e,card,success,,1,91.26
PAY_15738,63def413406d,card,success,,1,239.42
PAY_15739,4f0e24374f52,card,success,,1,111.93
PAY_15740,78ca00c6d7e7,card,success,,1,29.66
PAY_15741,8a0c971b01db,card,success,,1,417.81
PAY_15742,2964ff37f941,card,success,,1,18.26
PAY_15743,8def23ec76e6,card,success,,1,67.97
PAY_15744,58a4109c8d4f,card,success,,1,12.71
PAY_15745,f91a1d35744c,card,success,,1,37.78
PAY_15746,156f674c7927,card,success,,1,697.02
PAY_15747,29a0d30b6915,card,success,,1,66.42
PAY_15748,ea5bdf7530d0,card,success,,1,28.73
PAY_15749,cafcd756efd8,card,success,,1,91.86
PAY_15750,bb7347fa540b,card,success,,1,43.89
PAY_15751,0c4d2e973cbf,card,success,,1,179.76
PAY_15752,8d3b5bc474b2,card,success,,1,44.18
PAY_15753,972e2c4256e7,card,success,,1,111.79
PAY_15754,d1d79a01b7d2,card,success,,1,35.96
PAY_15755,37a99adb1463,card,success,,1,719.98
PAY_15756,2fd94e842770,card,success,,1,134.68
PAY_15757,09aa9a4aeef4,card,success,,1,80.13
PAY_15758,29b197f6c634,card,success,,1,71.21
PAY_15759,c776208a9488,card,success,,1,57.81
PAY_15760,d186618777d0,card,success,,1,48.97
PAY_15761,3a3c5e0d59e2,card,success,,1,47.91
PAY_15762,8474bea2e220,card,success,,1,344.7
PAY_15763,6dc54178e325,card,success,,1,57.85
PAY_15764,5a1a0fc54ce3,card,success,,1,16.39
PAY_15765,ba0ba4227b74,card,success,,1,35.42
PAY_15766,ace9c1f72e30,card,success,,1,73.56
PAY_15767,1d28a37be48d,card,success,,1,80.86
PAY_15768,1e304ed21c36,card,success,,1,229.49
PAY_15769,0f229b429955,card,success,,1,48.34
PAY_15770,da10fbe958dc,card,success,,1,149.3
PAY_15771,0759ebf6e554,card,success,,1,52.76
PAY_15772,5fad2c694bd2,card,success,,1,142.69
PAY_15773,d98f44fe6f58,card,success,,1,65.83
PAY_15774,3850b481152c,card,success,,1,74.2
PAY_15775,03d14d5f569a,card,success,,1,173.49
PAY_15776,3a28a17e086b,card,success,,1,163.76
PAY_15777,645beb718527,card,success,,1,78.86
PAY_15778,6d394111388c,card,success,,1,61.73
PAY_15779,cce764359d88,card,success,,1,323.54
PAY_15780,2d46c29522e3,card,success,,1,144.24
PAY_15781,f1c8f3b5d758,card,success,,1,65.83
PAY_15782,059b260ad846,card,success,,1,53.39
PAY_15783,09d4009f7431,card,success,,1,204.37
PAY_15784,b6fcc01cd95a,card,success,,1,98.72
PAY_15785,5c797330912a,card,success,,1,78.98
PAY_15786,d2b6b910e640,card,success,,1,98.69
PAY_15787,7e782365b8c2,card,success,,1,117.95
PAY_15788,9990f7edab97,card,success,,1,86.03
PAY_15789,0a09bda45a14,card,success,,1,235.79
PAY_15790,1b9d5021e389,card,success,,1,246.53
PAY_15791,35557846a5f3,card,success,,1,270.37
PAY_15792,84f0d567fc46,card,success,,1,90.63
PAY_15793,bbcf8fd85092,card,success,,1,156.38
PAY_15794,a5e305f74c7f,card,failed,bank_decline,1,201.05
PAY_15795,b4c64bebfa9b,card,success,,1,203.41
PAY_15796,5d2b00b9168b,card,success,,1,187.32
PAY_15797,33e645be6c0e,card,success,,1,149.15
PAY_15798,34b7e46ae383,card,success,,1,430.83
PAY_15799,77ca95f53233,card,success,,1,58.45
PAY_15800,bf45f8b0a6d7,card,success,,1,79.51
PAY_15801,8154f410ecab,card,success,,1,75.82
PAY_15802,154432626d1c,card,success,,1,67.06
PAY_15803,1e033a0f905f,card,success,,1,18.34
PAY_15804,65d8b4807edb,card,success,,1,270.4
PAY_15805,3181c8ee410c,card,success,,1,39.61
PAY_15806,6976ecb31190,card,success,,1,103.12
PAY_15807,881101d02dca,card,success,,1,28.86
PAY_15808,30bfbd94fd05,card,success,,1,48.02
PAY_15809,68ecf9d0df6a,card,failed,bank_decline,1,36.28
PAY_15810,68ecf9d0df6a,UPI,failed,bank_decline,2,36.28
PAY_15811,68ecf9d0df6a,UPI,failed,timeout,3,36.28
PAY_15812,68ecf9d0df6a,UPI,failed,timeout,4,36.28
PAY_15813,80b761b5e572,card,success,,1,105.16
PAY_15814,73828f8cefd1,card,success,,1,51.39
PAY_15815,725bd58a46fa,card,success,,1,56.86
PAY_15816,568217a189b5,card,success,,1,103.28
PAY_15817,f0867a808c12,card,success,,1,170.71
PAY_15818,704210383a68,card,success,,1,46.77
PAY_15819,b4b8ec3e051f,card,success,,1,40.73
PAY_15820,21cf76c98a1e,card,failed,bank_decline,1,91.72
PAY_15821,21cf76c98a1e,UPI,failed,bank_decline,2,91.72
PAY_15822,21cf76c98a1e,UPI,failed,otp_failed,3,91.72
PAY_15823,7cf4f0807119,card,success,,1,138.57
PAY_15824,fd6297563fca,card,success,,1,290.09
PAY_15825,6b98d6cbc861,card,success,,1,38.2
PAY_15826,a4783464aa6c,card,failed,bank_decline,1,69.8
PAY_15827,0a354042be84,card,failed,bank_decline,1,230.59
PAY_15828,0a354042be84,netbanking,failed,bank_decline,2,230.59
PAY_15829,ce6de0dd6108,card,failed,timeout,1,436.36
PAY_15830,ce6de0dd6108,card,failed,timeout,2,436.36
PAY_15831,ce6de0dd6108,card,failed,bank_decline,3,436.36
PAY_15832,80b2dbbc3fbd,card,success,,1,40.67
PAY_15833,dba6470c10e0,card,success,,1,49.85
PAY_15834,5173ce97ef78,card,success,,1,122.1
PAY_15835,cccf14d1eba0,card,success,,1,56.7
PAY_15836,994152b9c0f5,card,success,,1,49.04
PAY_15837,3a335b0c247c,card,success,,1,109.46
PAY_15838,730d5716ac28,card,success,,1,310.92
PAY_15839,f661e6822c6c,card,success,,1,31.58
PAY_15840,bf5371ee91d1,card,success,,1,298.47
PAY_15841,09d60db711d6,card,success,,1,56.84
PAY_15842,acd7b7949dd1,card,success,,1,118.7
PAY_15843,c5a95b2fe7b2,card,success,,1,321.4
PAY_15844,507aa2038ba5,card,success,,1,116.78
PAY_15845,f92978b33454,card,success,,1,70.95
PAY_15846,7bf61471585d,card,success,,1,159.9
PAY_15847,fb058abe4605,card,success,,1,78.37
PAY_15848,706861942840,card,success,,1,136.6
PAY_15849,763db3e1dfab,card,success,,1,76.42
PAY_15850,80155c8da38d,card,success,,1,179.28
PAY_15851,e2506eb8abd2,card,success,,1,29.51
PAY_15852,8c0df6bd083d,card,success,,1,40.01
PAY_15853,0bfa07e16017,card,success,,1,29.16
PAY_15854,29b234a607a0,card,success,,1,86.04
PAY_15855,5d89a303698a,card,success,,1,26.48
PAY_15856,7516b75bfcd8,card,success,,1,51.76
PAY_15857,a06f53678727,card,success,,1,37.11
PAY_15858,b6e8a04cefbf,card,success,,1,294.05
PAY_15859,a80b01d1e05e,card,success,,1,40.75
PAY_15860,b0dd2a7c1ac4,card,success,,1,32.16
PAY_15861,0c969089e1c0,card,success,,1,109.8
PAY_15862,7feebbbab372,card,success,,1,347.05
PAY_15863,1d30f2c91f83,card,success,,1,82.04
PAY_15864,c2c83458a7ae,card,success,,1,87.27
PAY_15865,94c8d741b2a8,card,success,,1,252.8
PAY_15866,4e96adc43720,card,success,,1,181.74
PAY_15867,bce53e55b262,card,success,,1,126.51
PAY_15868,a5fc8cb409f0,card,success,,1,56.49
PAY_15869,9184742dd14f,card,success,,1,129.64
PAY_15870,c34805b191b8,card,success,,1,54.66
PAY_15871,24e21087190a,card,success,,1,282.92
PAY_15872,e2b9b0f2c3db,card,success,,1,255.08
PAY_15873,898b90d9e0b4,card,success,,1,127.74
PAY_15874,63c9a2e579dd,card,success,,1,19.23
PAY_15875,78a990b9e279,card,success,,1,34.24
PAY_15876,ae3b07971cc0,card,success,,1,52.27
PAY_15877,ea4b9d5fbf90,card,success,,1,78.46
PAY_15878,b9a8f1a5b137,card,success,,1,33.1
PAY_15879,e0143a7805f2,card,success,,1,73.92
PAY_15880,fae5459bc284,card,success,,1,370.12
PAY_15881,6d84e02951dd,card,success,,1,124.05
PAY_15882,e1ec44562753,card,failed,otp_failed,1,107.24
PAY_15883,94aba06a2981,card,success,,1,39.88
PAY_15884,a5640a7262b7,card,success,,1,24.26
PAY_15885,24bbda0a3d63,card,success,,1,33.7
PAY_15886,d428eb930dd3,card,success,,1,23.49
PAY_15887,a1a6e65162d1,card,success,,1,95.59
PAY_15888,314b11d667fc,card,success,,1,122.38
PAY_15889,32c23bb7989e,card,success,,1,41.59
PAY_15890,c34bb37372ae,card,success,,1,101.33
PAY_15891,46ddb5c532c4,card,success,,1,291.55
PAY_15892,72fc99370543,card,success,,1,431.02
PAY_15893,e9e2fe1d4ab5,card,success,,1,166.72
PAY_15894,2526b4bcb4f2,card,success,,1,78.27
PAY_15895,67c5cc74a647,card,success,,1,162.47
PAY_15896,0f565cefbe7c,card,success,,1,265.46
PAY_15897,05350dae237b,card,success,,1,18.07
PAY_15898,22fd1b0f99d3,card,success,,1,294.61
PAY_15899,d96f5d8f5f20,card,success,,1,58.23
PAY_15900,3105d21e3a32,card,success,,1,67.77
PAY_15901,0c46640bbc78,card,success,,1,116.29
PAY_15902,1d13c4316d91,card,success,,1,37.0
PAY_15903,8727c1538fdb,card,success,,1,71.68
PAY_15904,05fb8bbb8435,card,success,,1,137.03
PAY_15905,5a4bb3bb86b4,card,success,,1,107.22
PAY_15906,f2ea64a06ce2,card,success,,1,122.08
PAY_15907,36abb7a861da,card,success,,1,69.47
PAY_15908,b08e98a255da,card,success,,1,156.8
PAY_15909,09db6cfb1370,card,failed,otp_failed,1,209.59
PAY_15910,09db6cfb1370,card,failed,bank_decline,2,209.59
PAY_15911,09db6cfb1370,card,failed,timeout,3,209.59
PAY_15912,09db6cfb1370,card,failed,timeout,4,209.59
PAY_15913,c3e35a211a71,card,success,,1,199.77
PAY_15914,26ea2ebfd7d9,card,success,,1,126.73
PAY_15915,40e4160e7804,card,success,,1,190.78
PAY_15916,1ed8ac92c1cb,card,success,,1,180.7
PAY_15917,9c561ead1aea,card,success,,1,766.02
PAY_15918,4acd9e9f5275,card,success,,1,238.52
PAY_15919,71165832f6c7,card,success,,1,83.85
PAY_15920,858da0518eaf,card,success,,1,43.41
PAY_15921,5c4e9d182bc9,card,success,,1,73.05
PAY_15922,d911f19a7006,card,success,,1,135.52
PAY_15923,90b001836d6b,card,success,,1,51.41
PAY_15924,c67fad121848,card,success,,1,233.63
PAY_15925,2fd85b905479,card,success,,1,29.62
PAY_15926,b0c8ffbb8c3b,card,success,,1,24.39
PAY_15927,dddfbd7e606c,card,success,,1,80.79
PAY_15928,326e3fb09a2b,card,success,,1,32.9
PAY_15929,27364c71a44c,card,success,,1,54.07
PAY_15930,5d25e0957348,card,success,,1,48.95
PAY_15931,3c18990af24d,card,success,,1,90.75
PAY_15932,7907823f14c8,card,success,,1,54.8
PAY_15933,04f3cba465df,card,success,,1,58.48
PAY_15934,d7429eb0df4b,card,failed,otp_failed,1,89.67
PAY_15935,d7429eb0df4b,card,failed,bank_decline,2,89.67
PAY_15936,d7429eb0df4b,card,failed,otp_failed,3,89.67
PAY_15937,a7ac4068121a,card,success,,1,202.63
PAY_15938,a25c69796a8f,card,success,,1,291.95
PAY_15939,698021a3144b,card,success,,1,101.31
PAY_15940,8cfcdc2b1585,card,failed,bank_decline,1,107.82
PAY_15941,ce5cd67033c3,card,success,,1,77.75
PAY_15942,9bf78f4a6e97,card,failed,bank_decline,1,132.29
PAY_15943,9bf78f4a6e97,netbanking,failed,otp_failed,2,132.29
PAY_15944,ca23a22e28f6,card,success,,1,260.0
PAY_15945,2e91059135d1,card,success,,1,19.87
PAY_15946,43a4b3e1cd4d,card,failed,bank_decline,1,74.62
PAY_15947,43a4b3e1cd4d,card,failed,otp_failed,2,74.62
PAY_15948,43a4b3e1cd4d,card,failed,timeout,3,74.62
PAY_15949,e48d51d80e11,card,success,,1,118.08
PAY_15950,3a896a5d2cac,card,success,,1,88.14
PAY_15951,4b69f927e824,card,success,,1,42.46
PAY_15952,be85e83b3265,card,success,,1,31.83
PAY_15953,d834db097b0a,card,success,,1,171.58
PAY_15954,398eafe319b1,card,success,,1,49.13
PAY_15955,59ba1a21b548,card,success,,1,178.62
PAY_15956,1d42ef100b52,card,success,,1,129.95
PAY_15957,b668fc96b740,card,success,,1,82.05
PAY_15958,f0d0b4f88275,card,success,,1,43.31
PAY_15959,dede9248e954,card,success,,1,82.21
PAY_15960,48bdc3becfbe,card,success,,1,238.05
PAY_15961,e4f71cd8aa5b,card,success,,1,24.74
PAY_15962,b27149bd64fd,card,success,,1,25.76
PAY_15963,227551609c69,card,success,,1,54.48
PAY_15964,c35d1c02903e,card,success,,1,88.12
PAY_15965,55519db008df,card,success,,1,150.54
PAY_15966,b917b471bc00,card,success,,1,215.09
PAY_15967,1a0c7449c159,card,success,,1,112.51
PAY_15968,d1b3f9efa7fa,card,success,,1,140.94
PAY_15969,6ad834765fd4,card,failed,timeout,1,90.7
PAY_15970,6ad834765fd4,UPI,failed,otp_failed,2,90.7
PAY_15971,6ad834765fd4,UPI,failed,bank_decline,3,90.7
PAY_15972,6ad834765fd4,UPI,failed,timeout,4,90.7
PAY_15973,57305d54b491,card,success,,1,31.98
PAY_15974,29578ad68e03,card,success,,1,39.55
PAY_15975,19b544113cbf,card,success,,1,79.93
PAY_15976,b15bf1067068,card,success,,1,108.4
PAY_15977,0a8915c73b7e,card,success,,1,28.24
PAY_15978,6adffbd13a7c,card,success,,1,95.4
PAY_15979,f016a2d25919,card,success,,1,44.69
PAY_15980,8866d42254de,card,success,,1,38.27
PAY_15981,0900fa29bdf7,card,success,,1,54.58
PAY_15982,29c530a28409,card,success,,1,36.73
PAY_15983,df7ea8dcf9e7,card,success,,1,78.7
PAY_15984,d6112c1d5aac,card,success,,1,172.81
PAY_15985,e4edbd8f3c87,card,success,,1,63.13
PAY_15986,69cf82be3d47,card,success,,1,65.07
PAY_15987,04b3ad205fe8,card,success,,1,402.91
PAY_15988,b683a85af71e,card,success,,1,24.57
PAY_15989,075dcde11612,card,success,,1,251.54
PAY_15990,e75c6406a622,card,success,,1,338.19
PAY_15991,5f430708c53b,card,success,,1,166.11
PAY_15992,9a2f4cbba935,card,success,,1,69.1
PAY_15993,f75f115e3ab3,card,success,,1,69.59
PAY_15994,18d32e71b97d,card,failed,bank_decline,1,51.18
PAY_15995,18d32e71b97d,card,failed,bank_decline,2,51.18
PAY_15996,0391e85bc86c,card,success,,1,65.98
PAY_15997,8fa723eafad7,card,success,,1,57.05
PAY_15998,866b5bdf3f42,card,success,,1,42.21
PAY_15999,5352e2755d8b,card,success,,1,218.77
PAY_16000,e3e3ffe2335e,card,success,,1,48.48
PAY_16001,fa53511d5a29,card,success,,1,87.91
PAY_16002,d8cf153cff6c,card,success,,1,28.36
PAY_16003,673f0608a37e,card,success,,1,92.26
PAY_16004,f78bcd44b271,card,success,,1,35.7
PAY_16005,a2d11ef88b9d,card,success,,1,35.01
PAY_16006,a2506d11346b,card,failed,timeout,1,209.68
PAY_16007,a2506d11346b,netbanking,failed,otp_failed,2,209.68
PAY_16008,a2506d11346b,netbanking,failed,timeout,3,209.68
PAY_16009,a2506d11346b,netbanking,failed,timeout,4,209.68
PAY_16010,4bb5ff2a01b8,card,success,,1,128.04
PAY_16011,706041505b39,card,success,,1,135.27
PAY_16012,3721bac62a8b,card,success,,1,81.13
PAY_16013,58005ea86c2f,card,success,,1,68.82
PAY_16014,e2df02c91f69,card,success,,1,169.51
PAY_16015,557399fe0211,card,success,,1,57.37
PAY_16016,55a3af71d030,card,success,,1,175.48
PAY_16017,4672915cd983,card,success,,1,241.96
PAY_16018,e4e88aa6ac84,card,success,,1,45.92
PAY_16019,da4cf4945728,card,success,,1,51.65
PAY_16020,dbed3028a1ed,card,success,,1,58.17
PAY_16021,e34114dd4ca8,card,success,,1,27.84
PAY_16022,692c1056ae54,card,success,,1,61.84
PAY_16023,097b65d4eb90,card,success,,1,39.0
PAY_16024,99d21b065867,card,success,,1,63.64
PAY_16025,9dc13f6b90f2,card,success,,1,488.45
PAY_16026,751c272657f4,card,success,,1,52.17
PAY_16027,b91e835ff837,card,success,,1,80.22
PAY_16028,e644d2e15ed2,card,success,,1,43.46
PAY_16029,0928be2434f6,card,success,,1,51.93
PAY_16030,e7d738b93f2c,card,failed,timeout,1,262.58
PAY_16031,e7d738b93f2c,netbanking,failed,otp_failed,2,262.58
PAY_16032,e7d738b93f2c,netbanking,failed,timeout,3,262.58
PAY_16033,e7d738b93f2c,netbanking,failed,otp_failed,4,262.58
PAY_16034,69f4622573e5,card,success,,1,131.58
PAY_16035,5e994a430c8a,card,success,,1,205.01
PAY_16036,950bbf96447e,card,success,,1,31.42
PAY_16037,9bc424cca68d,card,success,,1,152.0
PAY_16038,de819f8ef766,card,failed,timeout,1,41.38
PAY_16039,191c7267edd6,card,success,,1,30.88
PAY_16040,8a211288d34b,card,success,,1,108.96
PAY_16041,d5f9707152b8,card,success,,1,108.08
PAY_16042,1a9e2e0d87d2,card,success,,1,93.94
PAY_16043,1099a85a4f97,card,success,,1,159.82
PAY_16044,9e98cc0fc061,card,success,,1,181.06
PAY_16045,f76f3f030936,card,success,,1,291.72
PAY_16046,a7db45850f5f,card,success,,1,34.73
PAY_16047,42bb8fcad4d9,card,success,,1,299.35
PAY_16048,52c5137c7879,card,failed,bank_decline,1,405.8
PAY_16049,52c5137c7879,card,failed,timeout,2,405.8
PAY_16050,52c5137c7879,card,failed,otp_failed,3,405.8
PAY_16051,52c5137c7879,card,failed,otp_failed,4,405.8
PAY_16052,37dd688d935f,card,success,,1,67.16
PAY_16053,010704776c76,card,success,,1,23.69
PAY_16054,d77233801a1b,card,success,,1,29.76
PAY_16055,49e124742480,card,failed,bank_decline,1,62.21
PAY_16056,49e124742480,netbanking,failed,bank_decline,2,62.21
PAY_16057,49e124742480,netbanking,failed,otp_failed,3,62.21
PAY_16058,49e124742480,netbanking,failed,otp_failed,4,62.21
PAY_16059,c79bb40c5059,card,success,,1,450.93
PAY_16060,41bfdf0c38e4,card,success,,1,91.26
PAY_16061,b998eb34f7ba,card,success,,1,54.94
PAY_16062,e634c813fbc6,card,success,,1,52.02
PAY_16063,c143a0821819,card,success,,1,31.24
PAY_16064,69af332a5ef7,card,success,,1,181.21
PAY_16065,1b034c52c56b,card,success,,1,83.63
PAY_16066,4b485b501b61,card,success,,1,482.93
PAY_16067,bb66bdee1759,card,success,,1,148.79
PAY_16068,d587c644d294,card,success,,1,174.85
PAY_16069,2afc5c3bc071,card,success,,1,74.17
PAY_16070,c8b447c1c552,card,success,,1,37.61
PAY_16071,ae7b23206766,card,success,,1,44.75
PAY_16072,8d5a265d176b,card,success,,1,30.1
PAY_16073,7d9635053216,card,success,,1,186.48
PAY_16074,f72695711a15,card,success,,1,66.16
PAY_16075,7cebec24bc77,card,success,,1,192.87
PAY_16076,766820f770ae,card,success,,1,100.36
PAY_16077,67f5968c2092,card,success,,1,71.22
PAY_16078,1c5c25e534b1,card,success,,1,35.32
PAY_16079,01f49d07cb38,card,success,,1,114.58
PAY_16080,07ec51829c66,card,success,,1,75.57
PAY_16081,0b8d63590744,card,success,,1,185.26
PAY_16082,f4d7c0a29bc0,card,success,,1,50.79
PAY_16083,af1ff3ae0f2b,card,success,,1,334.51
PAY_16084,bdbcb6394c61,card,failed,bank_decline,1,111.95
PAY_16085,bdbcb6394c61,netbanking,failed,otp_failed,2,111.95
PAY_16086,bdbcb6394c61,netbanking,failed,bank_decline,3,111.95
PAY_16087,52e0730f9f6e,card,success,,1,168.72
PAY_16088,09e6b5e37875,card,success,,1,142.24
PAY_16089,8a390ac11e13,card,success,,1,410.95
PAY_16090,5828c5944fe9,card,success,,1,121.18
PAY_16091,8a0fd80e8d86,card,success,,1,157.59
PAY_16092,281ef01e4347,card,success,,1,87.44
PAY_16093,c362afe3dc95,card,success,,1,48.45
PAY_16094,4a42a44f1ce3,card,success,,1,34.24
PAY_16095,259b53129b98,card,success,,1,40.18
PAY_16096,866de93bd8c2,card,success,,1,163.48
PAY_16097,01c747e7537e,card,success,,1,125.56
PAY_16098,b6fa7dfc72b8,card,success,,1,187.58
PAY_16099,f2cfef18dbd3,card,success,,1,59.63
PAY_16100,5653bb498848,card,success,,1,47.82
PAY_16101,19439074d205,card,success,,1,121.84
PAY_16102,053a2cfc944c,card,success,,1,71.25
PAY_16103,9d5452b17bbb,card,success,,1,33.62
PAY_16104,7af299004cf5,card,success,,1,424.46
PAY_16105,55ae3cd94f2d,card,success,,1,47.79
PAY_16106,6b2250bfb91f,card,success,,1,40.65
PAY_16107,c3ee15b1c534,card,success,,1,245.25
PAY_16108,ba40f5126ddb,card,success,,1,15.9
PAY_16109,fc9ed4346d29,card,success,,1,229.5
PAY_16110,22011a2207f6,card,success,,1,43.42
PAY_16111,0ff35353e1c9,card,success,,1,111.23
PAY_16112,1c4c60632a65,card,success,,1,442.98
PAY_16113,2c9fdd16ee4a,card,success,,1,99.45
PAY_16114,88b86b44d1a4,card,success,,1,51.09
PAY_16115,87dab0d4e436,card,success,,1,96.71
PAY_16116,852f9f5d2415,card,success,,1,103.77
PAY_16117,c05134ccaa08,card,success,,1,127.87
PAY_16118,0ad6e7e3242c,card,success,,1,89.92
PAY_16119,6c3464fcff57,card,success,,1,29.91
PAY_16120,4b3dbf77c874,card,success,,1,68.57
PAY_16121,8ef62a086360,card,success,,1,52.67
PAY_16122,e70336991eef,card,success,,1,154.2
PAY_16123,72f386a73b1b,card,success,,1,92.33
PAY_16124,720f3556bc45,card,success,,1,75.63
PAY_16125,4f57bedaca09,card,failed,otp_failed,1,234.0
PAY_16126,5afbd329d123,card,failed,otp_failed,1,22.41
PAY_16127,5afbd329d123,netbanking,failed,timeout,2,22.41
PAY_16128,70be0b33d47e,card,success,,1,52.44
PAY_16129,78259ee3968e,card,success,,1,241.28
PAY_16130,201e5ab78aee,card,success,,1,389.18
PAY_16131,7c86c3066975,card,success,,1,93.72
PAY_16132,a6d199113bbf,card,success,,1,129.84
PAY_16133,cb9de8880d39,card,success,,1,173.11
PAY_16134,463c1d795d7c,card,success,,1,249.65
PAY_16135,9648a0c96356,card,success,,1,115.64
PAY_16136,539d951fe648,card,success,,1,188.84
PAY_16137,44946bafb867,card,failed,timeout,1,130.04
PAY_16138,44946bafb867,card,failed,otp_failed,2,130.04
PAY_16139,44946bafb867,card,failed,otp_failed,3,130.04
PAY_16140,b93779f56537,card,success,,1,136.7
PAY_16141,582fa837ec1a,card,success,,1,69.17
PAY_16142,bc1ded4ed0c1,card,success,,1,59.25
PAY_16143,b57785fbd275,card,success,,1,34.77
PAY_16144,ebef429a073a,card,success,,1,24.02
PAY_16145,2c79b7ef7929,card,success,,1,64.14
PAY_16146,520a0d3b0237,card,success,,1,72.89
PAY_16147,525d665141eb,card,success,,1,97.91
PAY_16148,8a136a73c651,card,success,,1,140.41
PAY_16149,906e866d8aa9,card,success,,1,104.64
PAY_16150,781887b8b095,card,failed,timeout,1,73.29
PAY_16151,7216bdaa2152,card,success,,1,43.29
PAY_16152,51e362801d03,card,success,,1,181.57
PAY_16153,7fe6376da95d,card,success,,1,82.98
PAY_16154,50015058c5d2,card,success,,1,63.62
PAY_16155,df70464090ad,card,success,,1,77.54
PAY_16156,7f90d42fd564,card,success,,1,50.09
PAY_16157,9012ac6f9b1c,card,success,,1,58.88
PAY_16158,14f570e1b659,card,success,,1,57.4
PAY_16159,48aad1869f50,card,success,,1,71.53
PAY_16160,240728995942,card,success,,1,152.11
PAY_16161,5a32ad4dc220,card,success,,1,124.67
PAY_16162,d5104d40a2ac,card,success,,1,310.25
PAY_16163,005a706ace72,card,success,,1,237.31
PAY_16164,7b5b6cfa02c9,card,success,,1,430.58
PAY_16165,11a0e0c261be,card,success,,1,140.8
PAY_16166,e9e771230035,card,success,,1,139.0
PAY_16167,5b71231e0bb3,card,success,,1,60.95
PAY_16168,0f05449d3b6e,card,success,,1,174.31
PAY_16169,00bfea6cd968,card,success,,1,53.26
PAY_16170,8ee739f6b2e8,card,success,,1,27.76
PAY_16171,8fca3d77ef58,card,success,,1,305.23
PAY_16172,0598c6293019,card,success,,1,33.14
PAY_16173,5df2a6171a7f,card,success,,1,127.88
PAY_16174,9263e6cf9ce6,card,success,,1,44.51
PAY_16175,2fddf40877b0,card,success,,1,221.7
PAY_16176,fec551cca804,card,success,,1,247.24
PAY_16177,dc3496902870,card,success,,1,137.46
PAY_16178,4ebbc27d01dc,card,success,,1,243.98
PAY_16179,3422dfc3a5d1,card,success,,1,90.55
PAY_16180,02b369fb3ac1,card,success,,1,537.72
PAY_16181,42c7d0d3363f,card,success,,1,163.52
PAY_16182,602a3a1a83f3,card,success,,1,43.8
PAY_16183,d66258221b4d,card,success,,1,95.17
PAY_16184,e18cb5c9970d,card,success,,1,79.68
PAY_16185,a1f6e7352d6f,card,success,,1,73.67
PAY_16186,5887051eb411,card,success,,1,23.91
PAY_16187,fe928d9856a0,card,success,,1,29.71
PAY_16188,5e859a5d89e6,card,success,,1,11.94
PAY_16189,7d45770086ab,card,failed,bank_decline,1,68.36
PAY_16190,7d45770086ab,netbanking,failed,timeout,2,68.36
PAY_16191,9b6e980ebd7f,card,success,,1,49.17
PAY_16192,24dc94ed754b,card,success,,1,45.19
PAY_16193,16d13a6ab9df,card,success,,1,7.52
PAY_16194,95296923e974,card,success,,1,45.57
PAY_16195,7ff06bf180fb,card,success,,1,78.34
PAY_16196,f0bfa98b9af8,card,success,,1,54.2
PAY_16197,fc66e5d696ef,card,success,,1,122.72
PAY_16198,0a0dddd8b80f,card,success,,1,274.27
PAY_16199,d9aa469dce45,card,failed,bank_decline,1,136.06
PAY_16200,157b94fd0684,card,success,,1,204.61
PAY_16201,97e984889d5b,card,failed,timeout,1,218.61
PAY_16202,19fcb909bc48,card,success,,1,39.84
PAY_16203,5a7080959b26,card,success,,1,127.91
PAY_16204,ed9e9bb69055,card,success,,1,199.56
PAY_16205,342786135665,card,success,,1,63.51
PAY_16206,294192c6420a,card,success,,1,47.82
PAY_16207,7f2a9e021ebd,card,success,,1,137.6
PAY_16208,4beec81918ed,card,success,,1,27.51
PAY_16209,b4d17b2c4234,card,success,,1,37.7
PAY_16210,76b7844d8d6c,card,success,,1,52.8
PAY_16211,48b425bf9050,card,success,,1,129.08
PAY_16212,2d769b881ae0,card,success,,1,107.25
PAY_16213,e5766731dc28,card,success,,1,205.59
PAY_16214,157a617f5d23,card,success,,1,43.06
PAY_16215,acb84974bb42,card,success,,1,41.25
PAY_16216,d0b2a83c3fb6,card,success,,1,136.88
PAY_16217,e874cc187100,card,success,,1,47.52
PAY_16218,c4ceac0fd123,card,success,,1,55.55
PAY_16219,ea6830c4564a,card,success,,1,20.38
PAY_16220,13d693e822b4,card,success,,1,113.6
PAY_16221,2f024e7fa687,card,success,,1,308.9
PAY_16222,283a334999e5,card,success,,1,39.51
PAY_16223,2122db6a42ad,card,success,,1,203.85
PAY_16224,241430d4ef04,card,success,,1,85.84
PAY_16225,afa98c88a332,card,success,,1,21.93
PAY_16226,d0d4166daa53,card,success,,1,44.0
PAY_16227,d04fc232608d,card,success,,1,41.88
PAY_16228,24035ad992bd,card,success,,1,69.88
PAY_16229,2e3666b58b3f,card,success,,1,125.92
PAY_16230,2c374afc687d,card,success,,1,395.1
PAY_16231,e416ca53d260,card,failed,bank_decline,1,28.65
PAY_16232,e416ca53d260,card,failed,bank_decline,2,28.65
PAY_16233,e416ca53d260,card,failed,timeout,3,28.65
PAY_16234,e416ca53d260,card,failed,timeout,4,28.65
PAY_16235,c2b1a8a0fec1,card,success,,1,61.08
PAY_16236,11d00c276ea1,card,success,,1,43.96
PAY_16237,0408465be572,card,success,,1,32.64
PAY_16238,ad22e36f9505,card,success,,1,97.16
PAY_16239,34ea51eb916a,card,success,,1,91.33
PAY_16240,4d51f0899cc6,card,success,,1,34.32
PAY_16241,958c7a94fe36,card,success,,1,90.87
PAY_16242,2222e939887e,card,success,,1,248.54
PAY_16243,621e75054084,card,success,,1,130.38
PAY_16244,5548e1a19614,card,success,,1,103.75
PAY_16245,2fdb4a4bf04a,card,success,,1,58.97
PAY_16246,c90d18f5657a,card,success,,1,94.96
PAY_16247,5cae63b4c38c,card,success,,1,141.26
PAY_16248,6e103b5e471a,card,success,,1,130.49
PAY_16249,1ba994ce5ef4,card,success,,1,83.15
PAY_16250,31cfe7d0607f,card,success,,1,107.11
PAY_16251,68427d01a23f,card,success,,1,31.4
PAY_16252,fb185afbfec5,card,success,,1,50.03
PAY_16253,d324f409e726,card,success,,1,158.55
PAY_16254,31dd4e451310,card,success,,1,176.55
PAY_16255,d5bd0c14d0e0,card,success,,1,97.02
PAY_16256,e4d93b9a24e0,card,success,,1,293.88
PAY_16257,8d22cce837ed,card,failed,bank_decline,1,135.15
PAY_16258,a21febf47700,card,success,,1,74.7
PAY_16259,f7ec5d77778c,card,success,,1,33.93
PAY_16260,94a294587138,card,success,,1,284.57
PAY_16261,18b9aed03375,card,success,,1,166.71
PAY_16262,15b30ae9deb5,card,success,,1,379.42
PAY_16263,39fae5c3b11b,card,success,,1,509.52
PAY_16264,d40cab6fda6b,card,success,,1,32.15
PAY_16265,bb711016a40d,card,success,,1,32.22
PAY_16266,26277c22aa3e,card,success,,1,9.11
PAY_16267,91c7de89393f,card,success,,1,187.67
PAY_16268,773765582dd6,card,success,,1,152.2
PAY_16269,0693b21599a5,card,success,,1,97.34
PAY_16270,0a07f1e8d750,card,failed,bank_decline,1,33.75
PAY_16271,2708d0279a0c,card,success,,1,83.83
PAY_16272,2784a00ec880,card,success,,1,104.35
PAY_16273,a89e02d791d8,card,success,,1,168.37
PAY_16274,86e968ea91a7,card,success,,1,111.99
PAY_16275,df472c44bd36,card,success,,1,153.09
PAY_16276,281691914337,card,success,,1,81.51
PAY_16277,1348ea35a847,card,success,,1,231.64
PAY_16278,1ab68cbd5ab4,card,success,,1,149.21
PAY_16279,1cb8753eb81f,card,success,,1,34.83
PAY_16280,a26ae415e482,card,success,,1,273.52
PAY_16281,8ccc78e919d7,card,success,,1,239.96
PAY_16282,f6f75e0f97cf,card,success,,1,130.63
PAY_16283,2231cec73927,card,success,,1,112.68
PAY_16284,ff6db82b5252,card,failed,timeout,1,339.3
PAY_16285,ff6db82b5252,netbanking,failed,timeout,2,339.3
PAY_16286,ff6db82b5252,netbanking,failed,otp_failed,3,339.3
PAY_16287,ff6db82b5252,netbanking,failed,timeout,4,339.3
PAY_16288,821cc6664732,card,success,,1,24.37
PAY_16289,d3ea4f29a9f2,card,success,,1,242.98
PAY_16290,d60166875d76,card,success,,1,61.5
PAY_16291,82e827c9b96e,card,success,,1,216.19
PAY_16292,91a2afb98e63,card,success,,1,99.12
PAY_16293,99158d3d401d,card,success,,1,33.3
PAY_16294,2d58dd309e48,card,success,,1,60.51
PAY_16295,73580cd12730,card,success,,1,203.85
PAY_16296,41736e1c850a,card,success,,1,76.08
PAY_16297,aa335078853a,card,success,,1,54.75
PAY_16298,0fbe8dcaea57,card,success,,1,54.46
PAY_16299,f9fbd9230a01,card,success,,1,150.48
PAY_16300,461afd82ab3b,card,success,,1,365.22
PAY_16301,bfcf22a4c9a7,card,success,,1,16.24
PAY_16302,6f4c6e92f8c6,card,success,,1,846.02
PAY_16303,f5ea8dbbce1b,card,success,,1,105.95
PAY_16304,fc4e5a76e0da,card,success,,1,143.19
PAY_16305,3e0b076f8dbe,card,success,,1,63.5
PAY_16306,f4e7191a5b51,card,success,,1,89.76
PAY_16307,ce349b7a005d,card,success,,1,105.01
PAY_16308,10d921a5503e,card,success,,1,38.89
PAY_16309,4b7c55d8ca52,card,success,,1,47.25
PAY_16310,9c2cfedf489c,card,success,,1,232.21
PAY_16311,52da9cc62089,card,success,,1,26.0
PAY_16312,07512313bdfb,card,success,,1,128.1
PAY_16313,bba26487100d,card,success,,1,66.93
PAY_16314,dc6ec228ab85,card,success,,1,41.74
PAY_16315,1b7c535aecbf,card,success,,1,435.96
PAY_16316,85a90f7758a3,card,success,,1,41.95
PAY_16317,aae788ca8190,card,success,,1,36.45
PAY_16318,454acb85c909,card,success,,1,77.51
PAY_16319,538aa2ce88ad,card,success,,1,48.67
PAY_16320,fbf71f21f244,card,success,,1,90.48
PAY_16321,3a27100614e5,card,success,,1,101.93
PAY_16322,0a52663f6118,card,success,,1,108.61
PAY_16323,67b55bc170d6,card,success,,1,81.52
PAY_16324,93c6ae1b2c50,card,success,,1,51.33
PAY_16325,948b02d6bb7e,card,success,,1,150.61
PAY_16326,be9ae30e0b8c,card,success,,1,82.32
PAY_16327,28b546f9a9a0,card,success,,1,60.55
PAY_16328,26da978824c9,card,success,,1,294.12
PAY_16329,8406fda0e2e4,card,success,,1,81.69
PAY_16330,73f8b7dc41bf,card,success,,1,215.64
PAY_16331,18999e6a84bf,card,success,,1,240.2
PAY_16332,b6462dc1e80d,card,success,,1,252.18
PAY_16333,33d77110bd23,card,success,,1,156.48
PAY_16334,366e04ac47a1,card,success,,1,89.97
PAY_16335,caf02b378d26,card,success,,1,85.52
PAY_16336,b4216460e1e3,card,success,,1,74.05
PAY_16337,a34d8b67705b,card,failed,otp_failed,1,15.9
PAY_16338,a34d8b67705b,UPI,failed,bank_decline,2,15.9
PAY_16339,a34d8b67705b,UPI,failed,otp_failed,3,15.9
PAY_16340,a34d8b67705b,UPI,failed,bank_decline,4,15.9
PAY_16341,29555dd49dee,card,success,,1,159.98
PAY_16342,17f3618199f2,card,success,,1,109.46
PAY_16343,27bd1aa4be2e,card,success,,1,174.24
PAY_16344,4a22017527f1,card,success,,1,81.97
PAY_16345,a8cc8fd18235,card,success,,1,153.22
PAY_16346,d285ac588f36,card,success,,1,29.9
PAY_16347,5c95dc44c8dc,card,success,,1,35.32
PAY_16348,03d0005717b4,card,success,,1,12.42
PAY_16349,5425429342b5,card,success,,1,80.84
PAY_16350,1bac1e17e933,card,success,,1,48.52
PAY_16351,03cf87282707,card,success,,1,43.7
PAY_16352,c696323a5d0f,card,success,,1,117.65
PAY_16353,0dcba2606838,card,success,,1,64.05
PAY_16354,4578526119f5,card,success,,1,689.39
PAY_16355,e7201083a92a,card,success,,1,87.39
PAY_16356,592b9136a01c,card,success,,1,37.84
PAY_16357,e1105ffbd49d,card,success,,1,52.67
PAY_16358,4061387e10d6,card,success,,1,78.37
PAY_16359,12acc0f081b3,card,success,,1,78.24
PAY_16360,18b4fc650845,card,success,,1,255.12
PAY_16361,f3a52fd94c3f,card,success,,1,84.48
PAY_16362,76a4e9ef4f32,card,success,,1,397.09
PAY_16363,1399e6bcba25,card,success,,1,63.69
PAY_16364,9ad5ec7d890f,card,success,,1,126.61
PAY_16365,37552251b626,card,success,,1,203.89
PAY_16366,764b60234262,card,success,,1,257.11
PAY_16367,dd8ba49da18b,card,success,,1,72.41
PAY_16368,d99593201135,card,success,,1,89.62
PAY_16369,feaf5e606662,card,failed,timeout,1,12.38
PAY_16370,feaf5e606662,UPI,failed,otp_failed,2,12.38
PAY_16371,6689634ca620,card,success,,1,76.95
PAY_16372,57c6c0f352ff,card,success,,1,215.51
PAY_16373,848c60dcae1c,card,success,,1,184.47
PAY_16374,5b6e437e240c,card,success,,1,84.0
PAY_16375,e9f42f21293c,card,success,,1,350.48
PAY_16376,64b8586fd4e9,card,success,,1,66.21
PAY_16377,e3a526b3a706,card,success,,1,50.76
PAY_16378,928a845d345a,card,success,,1,61.9
PAY_16379,4d119e6a134b,card,success,,1,36.67
PAY_16380,3f8056075131,card,success,,1,148.1
PAY_16381,d4613cfc7a15,card,success,,1,113.38
PAY_16382,0114e3416f6c,card,success,,1,146.64
PAY_16383,d11f75973961,card,failed,bank_decline,1,64.62
PAY_16384,d11f75973961,UPI,failed,bank_decline,2,64.62
PAY_16385,1a0e52af3fda,card,success,,1,85.93
PAY_16386,8899e6a2b69b,card,success,,1,15.76
PAY_16387,bb283cd9c922,card,success,,1,121.63
PAY_16388,41e7ee45ad20,card,success,,1,97.42
PAY_16389,d47612d1e6af,card,success,,1,37.32
PAY_16390,d3ae4b351d55,card,success,,1,82.79
PAY_16391,f4411934baaa,card,success,,1,73.24
PAY_16392,38d54fbd8734,card,success,,1,369.24
PAY_16393,85fa9ebaefb2,card,success,,1,38.52
PAY_16394,5dc817142c2f,card,success,,1,117.35
PAY_16395,fdcd660a1d1f,card,success,,1,37.61
PAY_16396,5d57751d5747,card,success,,1,57.61
PAY_16397,1ef95b80d1ea,card,success,,1,112.33
PAY_16398,84a3e32fdee0,card,success,,1,76.01
PAY_16399,b4d3661d0a0c,card,success,,1,89.59
PAY_16400,4487080f0f21,card,success,,1,117.47
PAY_16401,ba887562ca67,card,success,,1,60.65
PAY_16402,11b98c949162,card,success,,1,182.6
PAY_16403,e992372adacd,card,success,,1,70.5
PAY_16404,a9d52f5780b8,card,success,,1,83.26
PAY_16405,60c59839243b,card,success,,1,120.19
PAY_16406,b4fbecb524f6,card,success,,1,107.94
PAY_16407,517207e8c030,card,success,,1,150.71
PAY_16408,53b1362d4f4d,card,success,,1,116.0
PAY_16409,f71526a2528b,card,success,,1,131.0
PAY_16410,e68f06a401f2,card,success,,1,69.39
PAY_16411,6134e7b59963,card,success,,1,38.28
PAY_16412,85ce3bc7f3a7,card,success,,1,28.73
PAY_16413,84ff243e80c0,card,success,,1,23.65
PAY_16414,7cdbdde5f8b7,card,failed,bank_decline,1,368.77
PAY_16415,cd79b6b18cc5,card,success,,1,15.33
PAY_16416,ebab2e149391,card,success,,1,233.92
PAY_16417,b734ac151671,card,success,,1,46.68
PAY_16418,f270c8721b14,card,success,,1,232.56
PAY_16419,65a897583064,card,success,,1,15.46
PAY_16420,43630f051d5d,card,failed,otp_failed,1,74.58
PAY_16421,43630f051d5d,card,failed,bank_decline,2,74.58
PAY_16422,43630f051d5d,card,failed,timeout,3,74.58
PAY_16423,1e671063aa75,card,success,,1,288.07
PAY_16424,8d2ca0b9d4a3,card,success,,1,159.26
PAY_16425,f864a7d6452f,card,success,,1,68.73
PAY_16426,579c36173a69,card,success,,1,19.02
PAY_16427,dd7351aeae59,card,success,,1,31.25
PAY_16428,48bf27ddc348,card,success,,1,273.5
PAY_16429,434e2b3318d3,card,success,,1,68.13
PAY_16430,38487a948e97,card,success,,1,84.99
PAY_16431,002c9a797826,card,success,,1,112.94
PAY_16432,3b2e9bea8306,card,failed,timeout,1,31.74
PAY_16433,23b9b368b213,card,success,,1,124.69
PAY_16434,6f0bb7d457cb,card,success,,1,64.35
PAY_16435,9e684e9cd0b4,card,success,,1,113.86
PAY_16436,be6a1cf0a464,card,success,,1,56.69
PAY_16437,ba99ba51eb4c,card,failed,bank_decline,1,25.57
PAY_16438,ba99ba51eb4c,netbanking,failed,otp_failed,2,25.57
PAY_16439,ba99ba51eb4c,netbanking,failed,bank_decline,3,25.57
PAY_16440,27e522b3812b,card,success,,1,63.95
PAY_16441,0f5369646527,card,success,,1,150.3
PAY_16442,eda12af48645,card,success,,1,123.38
PAY_16443,b5a07cdb182d,card,success,,1,92.27
PAY_16444,329406b306b5,card,success,,1,184.66
PAY_16445,695d45739418,card,success,,1,76.49
PAY_16446,a4fc6b58ccb7,card,success,,1,94.16
PAY_16447,7e1d27540622,card,success,,1,61.32
PAY_16448,626ecfcf02e5,card,success,,1,193.5
PAY_16449,5b7b18fc188e,card,success,,1,113.66
PAY_16450,c8faecfcfb94,card,success,,1,57.65
PAY_16451,b64ffc73ee49,card,success,,1,27.35
PAY_16452,2d0aed1b8d24,card,success,,1,217.89
PAY_16453,cfd25e639fa7,card,success,,1,49.64
PAY_16454,0cdba2090220,card,success,,1,95.36
PAY_16455,ae60101c82e5,card,success,,1,591.16
PAY_16456,0bf343c3d6a0,card,success,,1,170.92
PAY_16457,f3ca514489c7,card,success,,1,326.66
PAY_16458,1286dae4bdff,card,success,,1,58.53
PAY_16459,1b09f07b7fa8,card,success,,1,212.04
PAY_16460,8a95f1f00e28,card,success,,1,91.96
PAY_16461,435593a1a825,card,success,,1,120.64
PAY_16462,7ce7c233a9a7,card,success,,1,453.35
PAY_16463,93244303d56e,card,success,,1,72.03
PAY_16464,6eb5f94bd3a3,card,success,,1,91.41
PAY_16465,04f93f118301,card,failed,otp_failed,1,43.7
PAY_16466,04f93f118301,card,failed,timeout,2,43.7
PAY_16467,04f93f118301,card,failed,otp_failed,3,43.7
PAY_16468,361bdcf5d72b,card,success,,1,183.24
PAY_16469,422993e285dc,card,success,,1,57.48
PAY_16470,fb37033115ca,card,failed,bank_decline,1,204.01
PAY_16471,fb37033115ca,card,failed,bank_decline,2,204.01
PAY_16472,fb37033115ca,card,failed,timeout,3,204.01
PAY_16473,fb37033115ca,card,failed,timeout,4,204.01
PAY_16474,c254bdf052f8,card,success,,1,24.05
PAY_16475,fa761b7e8799,card,success,,1,139.62
PAY_16476,5833ac8e0532,card,success,,1,53.79
PAY_16477,ef7f4e5e3f1d,card,success,,1,161.49
PAY_16478,c17ab21a5819,card,success,,1,89.05
PAY_16479,1fdc8ce24492,card,success,,1,58.66
PAY_16480,11f07b97309e,card,success,,1,66.07
PAY_16481,572daeaf05f2,card,success,,1,45.59
PAY_16482,af31209bb257,card,success,,1,175.96
PAY_16483,ecee7f96ea44,card,success,,1,38.9
PAY_16484,ddedfcac9722,card,success,,1,72.7
PAY_16485,e4ae8cbb5c1c,card,success,,1,118.65
PAY_16486,68e4d3fe7d05,card,success,,1,327.27
PAY_16487,f0e9f383819c,card,success,,1,89.35
PAY_16488,fffb9db3f936,card,success,,1,74.14
PAY_16489,ca93dcd96553,card,success,,1,112.05
PAY_16490,af0afd76e4e8,card,success,,1,17.14
PAY_16491,a65e99dc7a77,card,failed,otp_failed,1,34.5
PAY_16492,a65e99dc7a77,card,failed,bank_decline,2,34.5
PAY_16493,a65e99dc7a77,card,failed,bank_decline,3,34.5
PAY_16494,a65e99dc7a77,card,failed,bank_decline,4,34.5
PAY_16495,7eae60437269,card,success,,1,66.67
PAY_16496,5c80c5f56486,card,success,,1,50.89
PAY_16497,77f76134d39f,card,success,,1,25.01
PAY_16498,3b65676b839d,card,success,,1,178.79
PAY_16499,69e7a1590bc9,card,failed,bank_decline,1,110.81
PAY_16500,69e7a1590bc9,card,failed,otp_failed,2,110.81
PAY_16501,69e7a1590bc9,card,failed,timeout,3,110.81
PAY_16502,69e7a1590bc9,card,failed,otp_failed,4,110.81
PAY_16503,8d9a95fefc87,card,success,,1,100.71
PAY_16504,99698f23058a,card,failed,bank_decline,1,51.67
PAY_16505,99698f23058a,card,failed,timeout,2,51.67
PAY_16506,1fea795b09b0,card,success,,1,95.92
PAY_16507,8cfdaf7baf06,card,success,,1,135.85
PAY_16508,13a405481e93,card,success,,1,72.83
PAY_16509,4c9041e94596,card,success,,1,128.47
PAY_16510,0bc7569f3da7,card,success,,1,47.62
PAY_16511,ef47aead0248,card,success,,1,97.32
PAY_16512,ce886afbc522,card,success,,1,224.53
PAY_16513,8a6aaafa60c0,card,failed,bank_decline,1,241.2
PAY_16514,8a6aaafa60c0,card,failed,timeout,2,241.2
PAY_16515,8a6aaafa60c0,card,failed,timeout,3,241.2
PAY_16516,c5eaed750912,card,success,,1,260.36
PAY_16517,61d7e3fc01d5,card,success,,1,113.12
PAY_16518,1c97f2e699c4,card,success,,1,92.32
PAY_16519,6737ab91c81c,card,success,,1,62.86
PAY_16520,c068b3c75f7b,card,success,,1,21.2
PAY_16521,15bc27cb1ef3,card,failed,bank_decline,1,30.69
PAY_16522,4530dd36ce8e,card,success,,1,78.69
PAY_16523,00db27c0f039,card,success,,1,82.55
PAY_16524,733fd042cbd1,card,success,,1,278.6
PAY_16525,e7e3b5d190ad,card,success,,1,257.71
PAY_16526,3fe1bb0d94e2,card,success,,1,51.98
PAY_16527,9434125c8a6d,card,success,,1,173.24
PAY_16528,35d537d4ddef,card,success,,1,61.46
PAY_16529,655c6c8a915f,card,success,,1,155.41
PAY_16530,fce43c515db7,card,success,,1,171.54
PAY_16531,3febe289e211,card,success,,1,243.15
PAY_16532,83a1645a4984,card,success,,1,60.7
PAY_16533,b37ccb7d9028,card,success,,1,202.64
PAY_16534,65fea29dbdce,card,success,,1,20.12
PAY_16535,8186687af48a,card,success,,1,253.91
PAY_16536,9cc85e332110,card,success,,1,88.23
PAY_16537,42bd401a00c9,card,success,,1,89.75
PAY_16538,62c2df881a44,card,success,,1,17.64
PAY_16539,53d8658b4f35,card,success,,1,65.96
PAY_16540,f3fbbcdafa2a,card,success,,1,266.24
PAY_16541,e0e64a2e2681,card,success,,1,63.98
PAY_16542,880eda3851da,card,success,,1,159.3
PAY_16543,6af8fd18cf41,card,success,,1,92.54
PAY_16544,4857989a034b,card,success,,1,210.64
PAY_16545,96ca2cab6e72,card,success,,1,104.92
PAY_16546,31b8d610d142,card,success,,1,42.72
PAY_16547,f874678b84df,card,failed,otp_failed,1,94.18
PAY_16548,f874678b84df,card,failed,bank_decline,2,94.18
PAY_16549,381e412485a9,card,success,,1,324.07
PAY_16550,bf2631548bbe,card,success,,1,134.04
PAY_16551,51b52e076582,card,success,,1,82.01
PAY_16552,fe18f2fc89f6,card,success,,1,547.08
PAY_16553,936f015f414f,card,success,,1,227.55
PAY_16554,c92f53b3eaed,card,success,,1,173.02
PAY_16555,7dbab63c0cde,card,success,,1,116.03
PAY_16556,8fa0cbf54796,card,success,,1,161.45
PAY_16557,b69e4220514b,card,success,,1,165.7
PAY_16558,58cee68a08bc,card,success,,1,15.7
PAY_16559,c59ab2ed4a8c,card,success,,1,123.46
PAY_16560,b71ac4f5a9f0,card,success,,1,60.35
PAY_16561,5985fe95cc09,card,success,,1,25.93
PAY_16562,c8a7d3cd26fd,card,success,,1,21.25
PAY_16563,f2bc598b7a80,card,success,,1,244.01
PAY_16564,4296409f1df7,card,success,,1,130.29
PAY_16565,7671b8a28bf1,card,success,,1,13.06
PAY_16566,9a96520a7d34,card,success,,1,56.76
PAY_16567,2437623e9e5d,card,success,,1,182.08
PAY_16568,cbf5cf00af04,card,success,,1,71.95
PAY_16569,d48682866362,card,success,,1,243.72
PAY_16570,c0a8babc6175,card,success,,1,208.47
PAY_16571,6fb294d22323,card,success,,1,30.41
PAY_16572,5432161d1e35,card,success,,1,80.27
PAY_16573,6d3e168d8de0,card,success,,1,62.9
PAY_16574,6f6b27bb7f90,card,success,,1,29.62
PAY_16575,f267da651cdd,card,success,,1,47.24
PAY_16576,1b82cc306d58,card,success,,1,53.91
PAY_16577,f3a66e80b8c7,card,success,,1,112.91
PAY_16578,14891a8bd3c1,card,success,,1,207.55
PAY_16579,51c1428fb9aa,card,success,,1,135.76
PAY_16580,9ad98627c978,card,success,,1,164.07
PAY_16581,0ec3f83abd08,card,success,,1,72.73
PAY_16582,ece49e597614,card,success,,1,145.82
PAY_16583,8c7b995cdc9c,card,success,,1,79.94
PAY_16584,983b816ca1a0,card,success,,1,63.23
PAY_16585,1b2b23704083,card,success,,1,410.63
PAY_16586,48ecc8578dda,card,failed,timeout,1,13.95
PAY_16587,48ecc8578dda,card,failed,otp_failed,2,13.95
PAY_16588,03dfc1a75cff,card,success,,1,20.11
PAY_16589,70c677cc4799,card,success,,1,122.26
PAY_16590,9e422d732a3d,card,success,,1,72.82
PAY_16591,028a03523bc7,card,success,,1,28.51
PAY_16592,0ffb6396efe6,card,success,,1,38.72
PAY_16593,efbc5ab87c58,card,success,,1,42.97
PAY_16594,f8d0876d744f,card,success,,1,183.8
PAY_16595,7324320a3687,card,success,,1,334.17
PAY_16596,c85308d7c936,card,success,,1,25.25
PAY_16597,a2f391a5f440,card,success,,1,30.15
PAY_16598,4a1a3364ab69,card,success,,1,28.55
PAY_16599,ff0bb7679fa0,card,success,,1,252.42
PAY_16600,505af0bde233,card,success,,1,125.69
PAY_16601,c05c90c1c34b,card,success,,1,95.98
PAY_16602,84b778b919cc,card,success,,1,108.17
PAY_16603,6b48fba1f1f2,card,success,,1,86.02
PAY_16604,b2ddde9fb5e6,card,success,,1,36.71
PAY_16605,45ad1c0b105a,card,success,,1,135.71
PAY_16606,b896ace5353f,card,failed,bank_decline,1,77.56
PAY_16607,b896ace5353f,card,failed,timeout,2,77.56
PAY_16608,af548e8254b7,card,success,,1,34.46
PAY_16609,2c29a3aa8407,card,success,,1,142.51
PAY_16610,37d616557f6e,card,success,,1,64.03
PAY_16611,b1767714fbf2,card,success,,1,107.98
PAY_16612,63066092eb5b,card,success,,1,81.45
PAY_16613,de4c086abf2a,card,success,,1,183.66
PAY_16614,f5ed20cd4252,card,success,,1,107.35
PAY_16615,cc5748afca11,card,success,,1,44.39
PAY_16616,b8f0ee891440,card,success,,1,116.47
PAY_16617,4cbc8d2cccab,card,success,,1,119.55
PAY_16618,f6a9a7ed93da,card,success,,1,135.51
PAY_16619,2b90c66d8458,card,success,,1,206.17
PAY_16620,ac166ca64779,card,success,,1,54.99
PAY_16621,a6de7abf45d6,card,success,,1,153.6
PAY_16622,a192b929bdbb,card,success,,1,22.65
PAY_16623,629ef4bc1b24,card,success,,1,81.78
PAY_16624,7fef604edfe2,card,success,,1,72.26
PAY_16625,ee1263a05861,card,failed,bank_decline,1,286.65
PAY_16626,ee1263a05861,UPI,failed,bank_decline,2,286.65
PAY_16627,ee1263a05861,UPI,failed,bank_decline,3,286.65
PAY_16628,cf39f3b32345,card,success,,1,79.43
PAY_16629,c69d43c894ee,card,success,,1,146.41
PAY_16630,88b95d310713,card,success,,1,21.99
PAY_16631,c7c44f11878c,card,failed,bank_decline,1,67.94
PAY_16632,c7c44f11878c,card,failed,otp_failed,2,67.94
PAY_16633,c7c44f11878c,card,failed,bank_decline,3,67.94
PAY_16634,c7c44f11878c,card,failed,timeout,4,67.94
PAY_16635,702093266bd1,card,success,,1,45.74
PAY_16636,06120d4dd721,card,success,,1,652.24
PAY_16637,eca43db63184,card,success,,1,52.8
PAY_16638,8f5fe4998080,card,success,,1,95.45
PAY_16639,53b7737aebdc,card,success,,1,99.61
PAY_16640,6ca0b5c01ef1,card,success,,1,25.24
PAY_16641,0c7ea82d815b,card,success,,1,59.1
PAY_16642,6d75290ff1c8,card,success,,1,124.44
PAY_16643,57dfa991b4b8,card,success,,1,96.41
PAY_16644,c74994923004,card,success,,1,14.29
PAY_16645,78550148a431,card,success,,1,57.19
PAY_16646,a98f75d6b04d,card,failed,bank_decline,1,203.7
PAY_16647,a98f75d6b04d,card,failed,timeout,2,203.7
PAY_16648,372f61dc6d6a,card,success,,1,144.11
PAY_16649,555681b0ad36,card,success,,1,40.91
PAY_16650,cf5da552232d,card,success,,1,250.82
PAY_16651,fd7406eefc73,card,success,,1,86.88
PAY_16652,3651599815d8,card,success,,1,321.75
PAY_16653,32f343e5cfff,card,success,,1,90.26
PAY_16654,8a534c383b2e,card,success,,1,17.5
PAY_16655,4441812172c6,card,success,,1,177.58
PAY_16656,537e121f70ba,card,success,,1,63.13
PAY_16657,045dab6507af,card,success,,1,66.62
PAY_16658,c9fb7e228ff8,card,success,,1,28.15
PAY_16659,1a51ed1b18ac,card,success,,1,329.56
PAY_16660,ff6865878b29,card,success,,1,59.33
PAY_16661,627cd65a4670,card,success,,1,317.36
PAY_16662,2500f419ee26,card,success,,1,63.75
PAY_16663,94706240adbd,card,success,,1,42.85
PAY_16664,0165bda2f02f,card,success,,1,258.69
PAY_16665,9c3ec8132649,card,success,,1,84.89
PAY_16666,43c8e692c26e,card,success,,1,85.55
PAY_16667,1ca597f233d4,card,success,,1,62.42
PAY_16668,b55e6203adce,card,success,,1,126.84
PAY_16669,543172835132,card,success,,1,31.84
PAY_16670,bbfd10b039e3,card,success,,1,58.48
PAY_16671,76f432a45510,card,success,,1,64.31
PAY_16672,08545347dcef,card,success,,1,94.93
PAY_16673,85defb2ef5fd,card,success,,1,294.02
PAY_16674,d1fbc55286c1,card,success,,1,70.81
PAY_16675,649ee4f4550c,card,success,,1,51.81
PAY_16676,dac30fb3726e,card,success,,1,63.65
PAY_16677,faadc60e4190,card,success,,1,77.28
PAY_16678,b87019577859,card,success,,1,67.61
PAY_16679,83740be24fae,card,failed,timeout,1,72.14
PAY_16680,e58e4a760a4c,card,success,,1,95.79
PAY_16681,cacae4a363cb,card,success,,1,188.04
PAY_16682,b028d1e8fa24,card,success,,1,124.36
PAY_16683,5c1a8ed1228b,card,success,,1,213.08
PAY_16684,09a7249cae37,card,success,,1,207.52
PAY_16685,a8a2d606c63b,card,success,,1,106.36
PAY_16686,ccb025321ca9,card,failed,bank_decline,1,121.64
PAY_16687,ccb025321ca9,netbanking,failed,timeout,2,121.64
PAY_16688,ccb025321ca9,netbanking,failed,otp_failed,3,121.64
PAY_16689,7fe470d2a2a5,card,success,,1,218.54
PAY_16690,cea3e194096a,card,success,,1,37.0
PAY_16691,ccba0c4d2e89,card,success,,1,664.19
PAY_16692,436737bf51c1,card,success,,1,59.74
PAY_16693,8f57a98b0e26,card,success,,1,67.98
PAY_16694,2ff34a2e584d,card,success,,1,34.14
PAY_16695,1ac333375b27,card,success,,1,34.96
PAY_16696,015e721848a3,card,success,,1,196.22
PAY_16697,ef27a0f7a87f,card,success,,1,553.44
PAY_16698,77347825ff3a,card,success,,1,57.18
PAY_16699,a33f34322c22,card,success,,1,118.85
PAY_16700,f065cc79933e,card,success,,1,107.35
PAY_16701,f5e00da1e962,card,success,,1,200.38
PAY_16702,ac131761d41f,card,success,,1,531.11
PAY_16703,4848287075d9,card,success,,1,303.92
PAY_16704,cb775f5297af,card,success,,1,74.37
PAY_16705,6fb8b02349a0,card,success,,1,137.42
PAY_16706,7d0c2f5ac2ba,card,success,,1,148.78
PAY_16707,9c5bd551c417,card,success,,1,88.58
PAY_16708,8ec5ccf38ace,card,success,,1,37.46
PAY_16709,518f484a9f52,card,success,,1,47.51
PAY_16710,2a46abdb4937,card,success,,1,225.55
PAY_16711,7b9db8367473,card,success,,1,244.95
PAY_16712,03fb8467bdb9,card,success,,1,76.24
PAY_16713,00d8fdc2523d,card,success,,1,110.92
PAY_16714,dbd5b457a200,card,success,,1,234.58
PAY_16715,57bfafb3c1d1,card,success,,1,23.03
PAY_16716,e9aebde4751e,card,success,,1,62.99
PAY_16717,b33a7df8c981,card,success,,1,452.28
PAY_16718,580569dbe929,card,success,,1,114.37
PAY_16719,f67359ceb004,card,success,,1,36.48
PAY_16720,67797c01d28a,card,success,,1,98.87
PAY_16721,3cc5e58cb52e,card,success,,1,203.8
PAY_16722,d55b856491d1,card,success,,1,11.74
PAY_16723,c392002c5aff,card,success,,1,103.65
PAY_16724,aebb42f96b48,card,success,,1,66.82
PAY_16725,73cdeb1997dd,card,success,,1,24.2
PAY_16726,c8a43feea480,card,success,,1,96.11
PAY_16727,3db835bf71ca,card,success,,1,80.71
PAY_16728,2afb1ae73da3,card,success,,1,88.3
PAY_16729,1fd02f7ec5a5,card,success,,1,68.13
PAY_16730,f39194ecafa3,card,success,,1,39.76
PAY_16731,f0f73051c684,card,success,,1,28.11
PAY_16732,663f280fac52,card,success,,1,51.8
PAY_16733,bccd4e904530,card,success,,1,179.0
PAY_16734,1a856f5446cb,card,success,,1,108.47
PAY_16735,a107b3c49291,card,success,,1,85.17
PAY_16736,e1182b995427,card,success,,1,39.18
PAY_16737,0d7a92ee0ebf,card,success,,1,66.74
PAY_16738,3176ba194d4f,card,success,,1,162.35
PAY_16739,eb0d9da82fea,card,success,,1,134.8
PAY_16740,12f44b796d03,card,success,,1,61.45
PAY_16741,c5595c23b4b7,card,success,,1,11.14
PAY_16742,93114b0f6a45,card,success,,1,52.46
PAY_16743,0dc31a685e7f,card,success,,1,61.18
PAY_16744,c96e62446cad,card,success,,1,43.57
PAY_16745,566b29ce64ef,card,success,,1,64.68
PAY_16746,f219d3b8cb1b,card,success,,1,172.99
PAY_16747,3b1229b86bda,card,success,,1,87.37
PAY_16748,09633cda1451,card,success,,1,198.69
PAY_16749,bcb1c7e881c9,card,success,,1,26.93
PAY_16750,c7d517cbafcb,card,success,,1,70.52
PAY_16751,d99e93f07f8d,card,success,,1,63.99
PAY_16752,daf49cb37919,card,success,,1,39.0
PAY_16753,83c6aeddb6a1,card,success,,1,250.89
PAY_16754,c68fc9340d8b,card,success,,1,124.93
PAY_16755,2efc6d056a90,card,success,,1,202.73
PAY_16756,fd77ed51ac08,card,success,,1,63.85
PAY_16757,522f39586693,card,success,,1,39.81
PAY_16758,f42bd58f944c,card,success,,1,38.81
PAY_16759,0e1926fa5264,card,success,,1,111.31
PAY_16760,8c194938df09,card,success,,1,383.04
PAY_16761,34f0cf8d64f0,card,success,,1,125.2
PAY_16762,caa019fb623b,card,success,,1,66.7
PAY_16763,1f4f24f758b5,card,success,,1,77.4
PAY_16764,28fdf58d2b62,card,failed,otp_failed,1,87.79
PAY_16765,28fdf58d2b62,card,failed,bank_decline,2,87.79
PAY_16766,b2915559e616,card,success,,1,455.46
PAY_16767,7327eadbacd5,card,failed,bank_decline,1,110.83
PAY_16768,7327eadbacd5,card,failed,timeout,2,110.83
PAY_16769,0a52da055eea,card,success,,1,98.28
PAY_16770,0cb1dd91b096,card,success,,1,114.38
PAY_16771,2fe22ead16c5,card,success,,1,133.68
PAY_16772,48588810b7b6,card,success,,1,64.68
PAY_16773,bf88d7b06727,card,success,,1,45.82
PAY_16774,e9ce05a3d9a8,card,success,,1,205.57
PAY_16775,a6981c1f0408,card,success,,1,91.61
PAY_16776,b5cd1e441db7,card,success,,1,192.29
PAY_16777,4e478c048fcd,card,success,,1,335.94
PAY_16778,b866fa78f492,card,success,,1,136.52
PAY_16779,0eb47d0e9b32,card,success,,1,119.92
PAY_16780,112b199f0df6,card,success,,1,1164.67
PAY_16781,ff0fd2c258e9,card,success,,1,106.23
PAY_16782,0770e3e040e4,card,success,,1,37.62
PAY_16783,e89bfe2a9f25,card,success,,1,71.88
PAY_16784,e5ea84d71101,card,success,,1,311.48
PAY_16785,3ea4d3f49869,card,success,,1,31.97
PAY_16786,6bd9ba827ccb,card,success,,1,49.31
PAY_16787,6dc2e5829ba7,card,success,,1,218.14
PAY_16788,925758f0d447,card,success,,1,72.44
PAY_16789,77d1b0646b2e,card,success,,1,82.42
PAY_16790,3ec84092094f,card,success,,1,212.45
PAY_16791,fd5d6a2fa681,card,success,,1,50.73
PAY_16792,d39b7f993522,card,success,,1,27.8
PAY_16793,366dede2051e,card,success,,1,29.63
PAY_16794,732864aefe4a,card,success,,1,143.37
PAY_16795,f0fbc1d32d20,card,success,,1,110.75
PAY_16796,0c143ae13f56,card,failed,bank_decline,1,51.73
PAY_16797,0c143ae13f56,card,failed,otp_failed,2,51.73
PAY_16798,0c143ae13f56,card,failed,bank_decline,3,51.73
PAY_16799,0c143ae13f56,card,failed,otp_failed,4,51.73
PAY_16800,27527f95c640,card,success,,1,35.62
PAY_16801,e2ec91df405e,card,success,,1,72.5
PAY_16802,05faceb66209,card,success,,1,219.91
PAY_16803,0170d8272210,card,success,,1,46.12
PAY_16804,1eb64863d0a2,card,success,,1,52.98
PAY_16805,5bc4f158fb95,card,success,,1,34.73
PAY_16806,eecc9f340d2b,card,success,,1,67.09
PAY_16807,10414e0f52d3,card,success,,1,117.97
PAY_16808,79eb44f730bb,card,failed,bank_decline,1,488.89
PAY_16809,ea90f71034a5,card,success,,1,107.15
PAY_16810,d21ba75682eb,card,success,,1,86.23
PAY_16811,8feab67d262a,card,success,,1,179.53
PAY_16812,f8d90cc1b22e,card,success,,1,157.11
PAY_16813,9688f9df064e,card,success,,1,56.71
PAY_16814,e9e1981771ba,card,success,,1,567.73
PAY_16815,595a361b9f1c,card,success,,1,88.28
PAY_16816,c19c4fa13a63,card,success,,1,108.76
PAY_16817,18c15394b3c6,card,success,,1,139.92
PAY_16818,68d54318fdd9,card,success,,1,118.71
PAY_16819,4c63098aa4b9,card,success,,1,305.0
PAY_16820,7cc70fe05f70,card,success,,1,168.46
PAY_16821,e13d3f14d8da,card,success,,1,102.68
PAY_16822,df655dbedc8c,card,success,,1,197.59
PAY_16823,3f801a773bbf,card,success,,1,75.79
PAY_16824,4a6c1a8367cd,card,success,,1,68.01
PAY_16825,73f8746fe9b9,card,success,,1,161.69
PAY_16826,996fe15fb4ab,card,success,,1,119.87
PAY_16827,ebf6f64062ee,card,success,,1,46.7
PAY_16828,ee6137662cad,card,success,,1,264.14
PAY_16829,b60d49d66b51,card,success,,1,161.74
PAY_16830,cbb7a43b4c28,card,success,,1,84.83
PAY_16831,5561ffc1bbfa,card,success,,1,61.89
PAY_16832,c21821a13c30,card,success,,1,120.46
PAY_16833,6e183c80655b,card,success,,1,152.69
PAY_16834,f0705e82b6be,card,success,,1,25.15
PAY_16835,d6976ea4a99d,card,success,,1,121.58
PAY_16836,95b6bfcd19ee,card,success,,1,151.72
PAY_16837,2a55b2ebe960,card,success,,1,13.71
PAY_16838,162af763d18b,card,success,,1,105.31
PAY_16839,675c611b5e23,card,success,,1,156.91
PAY_16840,46f119249681,card,success,,1,143.27
PAY_16841,2a60b9bfcfcb,card,success,,1,171.05
PAY_16842,782085d8322f,card,success,,1,69.27
PAY_16843,fe8ded8bd31c,card,success,,1,39.18
PAY_16844,c4d9c51aec36,card,success,,1,21.33
PAY_16845,6fd17ca8773f,card,success,,1,215.68
PAY_16846,4c9fcb981971,card,success,,1,157.98
PAY_16847,83345d26a44f,card,success,,1,229.24
PAY_16848,a89d3aebf749,card,success,,1,50.39
PAY_16849,50fb56da0c50,card,success,,1,171.24
PAY_16850,4a9971d90647,card,success,,1,27.05
PAY_16851,1c7e7a46b859,card,success,,1,44.9
PAY_16852,5eb04757b77d,card,success,,1,99.56
PAY_16853,f4396fd169f6,card,success,,1,153.02
PAY_16854,7c32eeaf924f,card,success,,1,344.88
PAY_16855,6834f3aa6246,card,success,,1,74.29
PAY_16856,db5a3161fc97,card,success,,1,45.03
PAY_16857,0229e78bf35c,card,success,,1,43.22
PAY_16858,3943afe59af5,card,success,,1,51.92
PAY_16859,b42ff27c8d3f,card,failed,timeout,1,532.09
PAY_16860,b42ff27c8d3f,netbanking,failed,timeout,2,532.09
PAY_16861,2e39a9219b18,card,success,,1,164.93
PAY_16862,129dc7a252b5,card,success,,1,219.21
PAY_16863,819f2bc553f2,card,success,,1,74.35
PAY_16864,2cfc9406f3fd,card,success,,1,157.5
PAY_16865,4c8a95e922b3,card,success,,1,60.06
PAY_16866,5964d34304ce,card,success,,1,71.3
PAY_16867,71ad8c90a32e,card,success,,1,52.47
PAY_16868,0af1f588179e,card,success,,1,62.93
PAY_16869,4ec620e07a28,card,success,,1,93.61
PAY_16870,873b168118e6,card,success,,1,46.65
PAY_16871,43ec3fb829ea,card,success,,1,113.16
PAY_16872,b0510189c141,card,success,,1,113.03
PAY_16873,d17dd101dc75,card,success,,1,77.99
PAY_16874,1044b5ff5906,card,success,,1,46.43
PAY_16875,142d11f87a60,card,success,,1,97.9
PAY_16876,f165891d3224,card,success,,1,60.1
PAY_16877,e1c27f571886,card,success,,1,93.44
PAY_16878,0cd73b92b4c4,card,success,,1,216.7
PAY_16879,0e4b103eb296,card,success,,1,33.04
PAY_16880,f4c24d859d33,card,success,,1,512.24
PAY_16881,95882c8e8dde,card,success,,1,84.94
PAY_16882,79241af2f05e,card,success,,1,125.14
PAY_16883,272c0b559092,card,success,,1,49.29
PAY_16884,5c9eaf741f00,card,success,,1,224.48
PAY_16885,77cf1c9f565d,card,success,,1,81.41
PAY_16886,e927d43fdec3,card,failed,otp_failed,1,56.8
PAY_16887,bf20ed93c958,card,success,,1,72.62
PAY_16888,278712a5c41b,card,success,,1,125.8
PAY_16889,5b0ca8542f94,card,success,,1,103.36
PAY_16890,97cea3ee3f85,card,success,,1,87.19
PAY_16891,dbac06bd28fb,card,success,,1,50.95
PAY_16892,4d5f619212f6,card,success,,1,48.65
PAY_16893,951c4671a94b,card,success,,1,62.26
PAY_16894,26da7a0ca5e7,card,success,,1,130.09
PAY_16895,0c5946cdbb94,card,success,,1,152.9
PAY_16896,c7514ca62d95,card,success,,1,170.31
PAY_16897,08e549c1992c,card,success,,1,89.91
PAY_16898,f2dc3e758711,card,success,,1,122.35
PAY_16899,bd5f5a6cc8f0,card,success,,1,78.67
PAY_16900,196e98eff662,card,success,,1,22.34
PAY_16901,3f7b3a64250d,card,success,,1,75.74
PAY_16902,510305a0e91d,card,success,,1,39.2
PAY_16903,5cadb555d341,card,success,,1,57.17
PAY_16904,ce3831a4d5c2,card,success,,1,100.29
PAY_16905,88097f9bfaf5,card,success,,1,36.36
PAY_16906,080128c56eca,card,success,,1,50.98
PAY_16907,62029091501f,card,success,,1,310.54
PAY_16908,60f939278ae4,card,success,,1,24.97
PAY_16909,24f810bdeac3,card,success,,1,77.75
PAY_16910,a209ced7e769,card,failed,timeout,1,35.41
PAY_16911,a209ced7e769,card,failed,bank_decline,2,35.41
PAY_16912,160871af65c7,card,success,,1,49.34
PAY_16913,1f77df631077,card,success,,1,76.85
PAY_16914,2ab17e8fdeff,card,success,,1,40.85
PAY_16915,e0f44d24ffff,card,success,,1,142.47
PAY_16916,3bb227ae0a7d,card,success,,1,265.32
PAY_16917,71c5fd916e98,card,success,,1,176.5
PAY_16918,76b687269a26,card,success,,1,29.85
PAY_16919,6eb1264c0066,card,success,,1,74.11
PAY_16920,7b4459c4ef89,card,success,,1,130.83
PAY_16921,2347c0b95ac8,card,success,,1,180.72
PAY_16922,084eecb64946,card,success,,1,366.02
PAY_16923,b76b3ddad3c2,card,success,,1,211.71
PAY_16924,c465e44f480a,card,success,,1,184.42
PAY_16925,6fe2e52c96e4,card,success,,1,740.17
PAY_16926,7796f1b285c5,card,success,,1,97.23
PAY_16927,fb3358f14f9f,card,success,,1,71.43
PAY_16928,278da00c72f1,card,success,,1,103.74
PAY_16929,1ea38410b2f0,card,success,,1,43.29
PAY_16930,fd0223894811,card,success,,1,95.02
PAY_16931,e267e0aa46bb,card,success,,1,22.61
PAY_16932,a7796a43ca85,card,success,,1,58.93
PAY_16933,ef7ce6f355d2,card,success,,1,82.08
PAY_16934,a392eff1adcc,card,success,,1,192.43
PAY_16935,72102fb83b67,card,success,,1,218.96
PAY_16936,1f110d898a66,card,failed,timeout,1,41.64
PAY_16937,1f110d898a66,card,failed,timeout,2,41.64
PAY_16938,1f110d898a66,card,failed,timeout,3,41.64
PAY_16939,5c3178776ff7,card,success,,1,473.82
PAY_16940,f53448a9b5eb,card,success,,1,101.36
PAY_16941,041ce9a080a9,card,success,,1,109.08
PAY_16942,546ac594a493,card,success,,1,24.68
PAY_16943,5a76a99cafb2,card,success,,1,54.81
PAY_16944,702201239d85,card,success,,1,208.48
PAY_16945,14c433721fa6,card,success,,1,103.11
PAY_16946,401c350928ac,card,success,,1,98.13
PAY_16947,ffc80032c53e,card,success,,1,107.96
PAY_16948,5f116b7197c5,card,success,,1,28.37
PAY_16949,3c46ea750e67,card,success,,1,83.32
PAY_16950,04c36dea8b95,card,success,,1,277.73
PAY_16951,94a1877aa4b8,card,success,,1,214.73
PAY_16952,bab31bec8af8,card,success,,1,81.44
PAY_16953,1389e86cdaed,card,success,,1,314.48
PAY_16954,ff24bf14f7e6,card,failed,otp_failed,1,32.88
PAY_16955,ff24bf14f7e6,card,failed,timeout,2,32.88
PAY_16956,ff24bf14f7e6,card,failed,otp_failed,3,32.88
PAY_16957,ff24bf14f7e6,card,failed,otp_failed,4,32.88
PAY_16958,d7297a33008b,card,success,,1,41.37
PAY_16959,7bebee11c7e5,card,success,,1,399.77
PAY_16960,7273fb215a3f,card,success,,1,142.93
PAY_16961,794f6269d1b6,card,success,,1,71.44
PAY_16962,c536ea8b81c1,card,success,,1,86.12
PAY_16963,6fef0eefd4e6,card,success,,1,47.21
PAY_16964,cb02503c33c1,card,success,,1,112.31
PAY_16965,3cd28ad4748d,card,success,,1,105.42
PAY_16966,c0a2a8ec733b,card,success,,1,91.46
PAY_16967,923a3b7cda93,card,success,,1,35.59
PAY_16968,8deeb897e139,card,success,,1,111.25
PAY_16969,84be9cc15f35,card,success,,1,58.93
PAY_16970,de748901f4a0,card,success,,1,40.9
PAY_16971,03b03d215f48,card,success,,1,247.99
PAY_16972,e5975f8f0e4f,card,failed,bank_decline,1,425.85
PAY_16973,e5975f8f0e4f,UPI,failed,timeout,2,425.85
PAY_16974,e5975f8f0e4f,UPI,failed,bank_decline,3,425.85
PAY_16975,03e72afada20,card,success,,1,151.43
PAY_16976,67a5d3b71565,card,success,,1,72.79
PAY_16977,fcda466e4a21,card,success,,1,85.09
PAY_16978,3299ba7bf234,card,success,,1,124.52
PAY_16979,e2744a6d9254,card,success,,1,64.32
PAY_16980,ed3960d0c17e,card,success,,1,258.54
PAY_16981,569de959c230,card,success,,1,17.66
PAY_16982,6d515b15320a,card,success,,1,71.05
PAY_16983,3f548271e7dc,card,success,,1,170.86
PAY_16984,2289b33bf1a4,card,success,,1,45.78
PAY_16985,7e9b96ac36af,card,success,,1,74.28
PAY_16986,8c5e5122232d,card,success,,1,144.74
PAY_16987,0c470012d03c,card,success,,1,303.27
PAY_16988,362fb326d26e,card,success,,1,31.97
PAY_16989,93b984917d97,card,success,,1,30.13
PAY_16990,79ab580a5625,card,success,,1,42.23
PAY_16991,38131ebca2cb,card,success,,1,26.31
PAY_16992,be6a72b041a9,card,success,,1,27.85
PAY_16993,a8cea9f5d113,card,success,,1,41.34
PAY_16994,220aa089caff,card,success,,1,241.48
PAY_16995,03fe35d53149,card,failed,bank_decline,1,70.13
PAY_16996,03fe35d53149,card,failed,otp_failed,2,70.13
PAY_16997,03fe35d53149,card,failed,otp_failed,3,70.13
PAY_16998,03fe35d53149,card,failed,otp_failed,4,70.13
PAY_16999,8fb1226647f9,card,success,,1,92.31
PAY_17000,db743c34f0bc,card,success,,1,41.91
PAY_17001,e539a3851593,card,success,,1,149.43
PAY_17002,98f1e09d854b,card,success,,1,403.68
PAY_17003,8dc73aee8bc9,card,success,,1,44.25
PAY_17004,6f936c09d289,card,success,,1,357.74
PAY_17005,13fb20274e47,card,success,,1,120.49
PAY_17006,72e7e0b9f785,card,success,,1,91.24
PAY_17007,0f091e6ecdb5,card,success,,1,123.98
PAY_17008,cdeee1ff5e91,card,success,,1,123.03
PAY_17009,347ea8478071,card,success,,1,397.69
PAY_17010,800de3d6a88a,card,success,,1,136.48
PAY_17011,ccda5b18ff63,card,success,,1,138.78
PAY_17012,2ae7513846b0,card,success,,1,64.25
PAY_17013,d7012a65f2b0,card,success,,1,176.14
PAY_17014,6782209de7f5,card,success,,1,41.87
PAY_17015,7e4eeacc4f54,card,success,,1,98.22
PAY_17016,0bb8e398a0b3,card,success,,1,903.82
PAY_17017,9dc436a70305,card,success,,1,12.14
PAY_17018,e6fb99d9ff74,card,success,,1,108.47
PAY_17019,21a1c4248396,card,success,,1,111.87
PAY_17020,b343580f2035,card,success,,1,75.0
PAY_17021,10fb632aae60,card,success,,1,76.43
PAY_17022,62ed76218482,card,success,,1,96.85
PAY_17023,d727dee1bcb0,card,success,,1,73.58
PAY_17024,7074b5da6542,card,success,,1,107.51
PAY_17025,edddf744464a,card,success,,1,60.94
PAY_17026,c8d48086865f,card,success,,1,453.92
PAY_17027,0a62473156dd,card,success,,1,73.58
PAY_17028,bce1f70583a7,card,failed,bank_decline,1,141.98
PAY_17029,ea6dbe8e108d,card,success,,1,52.71
PAY_17030,0276120510eb,card,success,,1,189.9
PAY_17031,36e052ab5859,card,success,,1,161.87
PAY_17032,13bcf877ea58,card,success,,1,125.89
PAY_17033,d99d05c99dac,card,success,,1,39.57
PAY_17034,0a976995ee82,card,success,,1,49.31
PAY_17035,e76392578d87,card,success,,1,346.87
PAY_17036,10ebf212f992,card,success,,1,48.87
PAY_17037,a7ecf9f7f31f,card,success,,1,42.28
PAY_17038,4c2f9d8856f8,card,success,,1,201.68
PAY_17039,3723cc1c7b9c,card,success,,1,51.98
PAY_17040,74b082159f54,card,success,,1,41.66
PAY_17041,bb532fe6a5ea,card,success,,1,50.91
PAY_17042,f0770da075be,card,success,,1,57.8
PAY_17043,d3be0d94e5c7,card,success,,1,124.43
PAY_17044,5e6938b891f0,card,success,,1,95.15
PAY_17045,6c526ec50e2c,card,success,,1,37.48
PAY_17046,447d5554674b,card,success,,1,88.03
PAY_17047,d8b7d96d074f,card,success,,1,36.06
PAY_17048,16f54fb5ee93,card,success,,1,150.63
PAY_17049,bbca571b7238,card,success,,1,174.43
PAY_17050,514fe3416bc9,card,success,,1,88.31
PAY_17051,fcba0281ebf2,card,success,,1,111.87
PAY_17052,46adb7a590eb,card,success,,1,365.66
PAY_17053,62467036a6a3,card,success,,1,79.35
PAY_17054,94cbed7ddac7,card,success,,1,42.29
PAY_17055,7e8732b8ad64,card,success,,1,143.07
PAY_17056,8b54e3839448,card,success,,1,36.37
PAY_17057,32cd971e6bb8,card,success,,1,76.06
PAY_17058,c42932931242,card,success,,1,55.75
PAY_17059,74f5a26636c2,card,success,,1,51.34
PAY_17060,a8b4c1255cfe,card,success,,1,73.69
PAY_17061,dab2f54c50e3,card,success,,1,184.92
PAY_17062,00d1aece3c7e,card,success,,1,218.01
PAY_17063,7412ae5db3d7,card,success,,1,188.85
PAY_17064,f61adcc48602,card,success,,1,117.81
PAY_17065,f9485a59c16f,card,success,,1,13.65
PAY_17066,8a83cb7d9939,card,success,,1,120.8
PAY_17067,5a30268934fe,card,success,,1,14.53
PAY_17068,45fcdd8a6170,card,success,,1,19.32
PAY_17069,aa9b8e178653,card,success,,1,79.1
PAY_17070,a8915c97cf77,card,success,,1,111.24
PAY_17071,9edf535002ea,card,success,,1,62.75
PAY_17072,063ac9946409,card,success,,1,307.48
PAY_17073,e9a224f0956c,card,failed,timeout,1,130.28
PAY_17074,e9a224f0956c,card,failed,bank_decline,2,130.28
PAY_17075,e9a224f0956c,card,failed,bank_decline,3,130.28
PAY_17076,e9a224f0956c,card,failed,bank_decline,4,130.28
PAY_17077,bcda8848b8b3,card,success,,1,73.73
PAY_17078,d65fb628693d,card,failed,bank_decline,1,272.88
PAY_17079,d65fb628693d,card,failed,bank_decline,2,272.88
PAY_17080,f1f27d54974e,card,success,,1,314.85
PAY_17081,e90c3b344a70,card,success,,1,135.65
PAY_17082,e4a3945fa74e,card,failed,bank_decline,1,48.41
PAY_17083,e4a3945fa74e,card,failed,bank_decline,2,48.41
PAY_17084,e4a3945fa74e,card,failed,otp_failed,3,48.41
PAY_17085,e4a3945fa74e,card,failed,timeout,4,48.41
PAY_17086,40bad29f71bb,card,success,,1,57.96
PAY_17087,f0061b6e231e,card,success,,1,28.29
PAY_17088,a21f0fb0e589,card,success,,1,87.01
PAY_17089,25db2e5a5965,card,success,,1,38.86
PAY_17090,ae3605cb78c8,card,success,,1,69.18
PAY_17091,8a118672fc46,card,success,,1,110.88
PAY_17092,57a6887f48e4,card,success,,1,18.41
PAY_17093,ba458417ceb9,card,success,,1,32.75
PAY_17094,568a7519c848,card,success,,1,60.01
PAY_17095,ac4254c12547,card,success,,1,86.31
PAY_17096,6b51737a4486,card,success,,1,60.64
PAY_17097,27eda7d9c0ec,card,success,,1,72.5
PAY_17098,e0e584981393,card,success,,1,51.16
PAY_17099,d64910c4abd1,card,success,,1,58.69
PAY_17100,dadf0993200c,card,success,,1,75.9
PAY_17101,682977039c60,card,success,,1,70.22
PAY_17102,d28c875a2bdd,card,success,,1,98.44
PAY_17103,6f2c64bbc329,card,success,,1,125.85
PAY_17104,6ef94b60ebc9,card,success,,1,155.3
PAY_17105,5d152f94f117,card,success,,1,54.23
PAY_17106,bf16b573a936,card,success,,1,25.52
PAY_17107,0908e575bd54,card,success,,1,248.96
PAY_17108,3ea130927f79,card,success,,1,122.53
PAY_17109,b4d754050299,card,success,,1,41.94
PAY_17110,e68c4b4331ab,card,success,,1,112.41
PAY_17111,91e09a0e87c2,card,success,,1,211.54
PAY_17112,959b389f15ea,card,success,,1,359.01
PAY_17113,423a617dd5f3,card,success,,1,110.0
PAY_17114,4c8162ed7877,card,success,,1,210.13
PAY_17115,02a93f465fb3,card,success,,1,34.2
PAY_17116,a91020160507,card,success,,1,87.47
PAY_17117,958c6cafce46,card,success,,1,68.85
PAY_17118,ace50b1945ad,card,success,,1,118.4
PAY_17119,19c116d9e130,card,success,,1,326.67
PAY_17120,92c1febf4ed7,card,success,,1,109.94
PAY_17121,2d12eb9fd86f,card,success,,1,42.51
PAY_17122,b42b63b418cc,card,failed,otp_failed,1,32.76
PAY_17123,b42b63b418cc,netbanking,failed,bank_decline,2,32.76
PAY_17124,b42b63b418cc,netbanking,failed,timeout,3,32.76
PAY_17125,b42b63b418cc,netbanking,failed,otp_failed,4,32.76
PAY_17126,188de4306400,card,success,,1,335.84
PAY_17127,f76688454736,card,success,,1,135.78
PAY_17128,5dac1392a873,card,success,,1,68.38
PAY_17129,ee7b3820cc9e,card,success,,1,111.53
PAY_17130,aabc60be595e,card,success,,1,40.87
PAY_17131,9b9856ce77d4,card,success,,1,122.7
PAY_17132,9e1d923715e7,card,success,,1,35.17
PAY_17133,0832367e059e,card,success,,1,67.53
PAY_17134,2afd09f5efd9,card,success,,1,53.82
PAY_17135,e8c392baec23,card,success,,1,6.65
PAY_17136,08c4278c564e,card,success,,1,68.21
PAY_17137,3068f6a4bb46,card,success,,1,43.86
PAY_17138,0f26f512fb15,card,success,,1,76.07
PAY_17139,abf1e785207b,card,success,,1,90.14
PAY_17140,5ad7bfaaa20c,card,success,,1,370.31
PAY_17141,d8b19e7874d1,card,success,,1,114.87
PAY_17142,b2e60700f06a,card,success,,1,117.6
PAY_17143,3cc69295715b,card,success,,1,133.82
PAY_17144,d5929c983d0b,card,success,,1,180.81
PAY_17145,fa629e904265,card,success,,1,129.47
PAY_17146,53952b2e303c,card,success,,1,112.77
PAY_17147,70c1c4c4c7d2,card,success,,1,159.01
PAY_17148,8200dda93cea,card,success,,1,12.92
PAY_17149,adf1ecac5095,card,success,,1,478.78
PAY_17150,36effc538599,card,success,,1,321.11
PAY_17151,bad097c42213,card,success,,1,107.09
PAY_17152,e516adbfd914,card,success,,1,29.07
PAY_17153,14505816dfaa,card,success,,1,237.05
PAY_17154,01bfa08fe9e6,card,success,,1,51.67
PAY_17155,08f4e335f269,card,success,,1,137.98
PAY_17156,5e33ca34eb3d,card,success,,1,534.39
PAY_17157,d5903a7f1f82,card,success,,1,28.4
PAY_17158,09dc076aee89,card,success,,1,95.12
PAY_17159,861928e76d68,card,success,,1,87.1
PAY_17160,e91a860a487f,card,success,,1,64.06
PAY_17161,80c0f1f9a443,card,success,,1,223.57
PAY_17162,a82b9c138615,card,success,,1,64.05
PAY_17163,d063a1f5308e,card,success,,1,223.83
PAY_17164,681ee390bb34,card,success,,1,39.67
PAY_17165,1134119a9873,card,success,,1,71.84
PAY_17166,bb2de6ef460d,card,failed,timeout,1,73.0
PAY_17167,bb2de6ef460d,card,failed,otp_failed,2,73.0
PAY_17168,bb2de6ef460d,card,failed,bank_decline,3,73.0
PAY_17169,fe09cecd76a2,card,success,,1,133.82
PAY_17170,33c4e9f88128,card,success,,1,120.87
PAY_17171,e40b2aa45a3d,card,success,,1,160.42
PAY_17172,34a8a556e9c1,card,success,,1,111.44
PAY_17173,58b7d44f893e,card,success,,1,152.79
PAY_17174,5c469c0fc2df,card,failed,otp_failed,1,43.89
PAY_17175,5c469c0fc2df,card,failed,timeout,2,43.89
PAY_17176,5c469c0fc2df,card,failed,timeout,3,43.89
PAY_17177,77cdb16b77ac,card,success,,1,122.86
PAY_17178,39d79747dd75,card,success,,1,325.89
PAY_17179,3a5429f758e9,card,success,,1,23.48
PAY_17180,61e80fb5048c,card,success,,1,133.11
PAY_17181,71ef51b31695,card,success,,1,154.69
PAY_17182,7e6dfeab6580,card,success,,1,289.73
PAY_17183,8e3865858318,card,success,,1,160.91
PAY_17184,a0b5ace99f76,card,success,,1,97.54
PAY_17185,cc7189272e5a,card,success,,1,126.98
PAY_17186,aabc8fe6efae,card,success,,1,50.0
PAY_17187,09ff631908ce,card,success,,1,30.92
PAY_17188,fa47402a9ab3,card,success,,1,295.78
PAY_17189,4d97eb4fd4ab,card,success,,1,129.04
PAY_17190,3e75f8b85314,card,success,,1,43.25
PAY_17191,4a8835c03b34,card,success,,1,111.84
PAY_17192,c8ca08881bd5,card,success,,1,227.57
PAY_17193,6ad08e9b9eee,card,success,,1,199.18
PAY_17194,1236079ffa7c,card,success,,1,42.86
PAY_17195,854a9caed2a8,card,success,,1,7.34
PAY_17196,d2aebf2d66e6,card,success,,1,123.51
PAY_17197,c6601e721352,card,success,,1,44.28
PAY_17198,5067f3d642ea,card,success,,1,148.1
PAY_17199,42abc5558169,card,success,,1,192.52
PAY_17200,00bc57c75f5c,card,success,,1,219.4
PAY_17201,713aa1db094e,card,success,,1,363.5
PAY_17202,4f4ba9b03c60,card,success,,1,242.04
PAY_17203,501592a5acec,card,success,,1,364.91
PAY_17204,755ab2801b72,card,success,,1,271.31
PAY_17205,8ea6fdce9835,card,success,,1,290.9
PAY_17206,107026d9c8ac,card,success,,1,87.12
PAY_17207,e0bebbd39a06,card,success,,1,32.09
PAY_17208,33626b3fcaec,card,success,,1,655.77
PAY_17209,43bc8a383d28,card,success,,1,94.67
PAY_17210,e341eb24a6f5,card,success,,1,240.56
PAY_17211,755d2a6d3709,card,success,,1,57.96
PAY_17212,04a29b7a7c8c,card,success,,1,194.64
PAY_17213,315c6330c7fe,card,success,,1,12.73
PAY_17214,3614b33d3af8,card,success,,1,64.82
PAY_17215,d21d56e8cde1,card,success,,1,83.2
PAY_17216,56a3eea239bf,card,success,,1,130.33
PAY_17217,c56b585d25cf,card,success,,1,212.22
PAY_17218,55e6d626aa48,card,failed,bank_decline,1,37.51
PAY_17219,55e6d626aa48,card,failed,timeout,2,37.51
PAY_17220,55e6d626aa48,card,failed,bank_decline,3,37.51
PAY_17221,1b883726901d,card,success,,1,152.62
PAY_17222,ac1bf0425212,card,success,,1,240.17
PAY_17223,7780a0dc9b98,card,success,,1,588.0
PAY_17224,5f1999794f86,card,success,,1,158.43
PAY_17225,8677ce580074,card,success,,1,62.33
PAY_17226,cf6a935ea9a1,card,success,,1,32.54
PAY_17227,2d8f02003806,card,success,,1,388.92
PAY_17228,1911d8a86ef3,card,success,,1,162.37
PAY_17229,ec98cdc35c6a,card,success,,1,88.45
PAY_17230,466ef3a310a4,card,success,,1,24.63
PAY_17231,cea59c02b37a,card,success,,1,42.74
PAY_17232,406b298c15d1,card,success,,1,149.17
PAY_17233,01e59929a799,card,success,,1,119.47
PAY_17234,914483cc37f7,card,success,,1,18.97
PAY_17235,4113b26e2a9c,card,success,,1,149.32
PAY_17236,ff2f38570731,card,success,,1,25.67
PAY_17237,e1377262df16,card,success,,1,106.36
PAY_17238,9351e6cf5ddf,card,success,,1,62.13
PAY_17239,90f21ee85a6b,card,success,,1,198.77
PAY_17240,38a0a2e298b9,card,success,,1,119.44
PAY_17241,5607f0bd7054,card,success,,1,259.81
PAY_17242,58fc589563ba,card,success,,1,96.0
PAY_17243,a96bcfb8af43,card,success,,1,100.59
PAY_17244,7420614f761d,card,success,,1,71.65
PAY_17245,4d131d285488,card,success,,1,111.09
PAY_17246,cbd30c5b1d58,card,success,,1,350.15
PAY_17247,2953e4a5cfef,card,success,,1,60.21
PAY_17248,ab5e364da234,card,success,,1,151.16
PAY_17249,7aa03b87df3e,card,success,,1,44.51
PAY_17250,89b35d5ebf29,card,success,,1,17.23
PAY_17251,86717a337aa5,card,success,,1,106.27
PAY_17252,5c5908c5fc54,card,success,,1,121.06
PAY_17253,09a852d1ba45,card,success,,1,82.43
PAY_17254,24c3cecbce46,card,success,,1,27.2
PAY_17255,35f39971d668,card,success,,1,114.83
PAY_17256,b0fcbfd6d55f,card,success,,1,111.39
PAY_17257,a4b0eda8cbde,card,success,,1,44.21
PAY_17258,b7d00116e946,card,success,,1,30.48
PAY_17259,980c963b92db,card,success,,1,73.56
PAY_17260,b25edd6728cd,card,success,,1,151.77
PAY_17261,6c7dbd876a96,card,success,,1,125.63
PAY_17262,bb9a08ae3673,card,success,,1,44.49
PAY_17263,eeb3fb01ad25,card,success,,1,100.44
PAY_17264,26dcd73718c1,card,success,,1,183.04
PAY_17265,11407ab643b5,card,success,,1,35.23
PAY_17266,7d29b1b078a4,card,success,,1,94.68
PAY_17267,322baf443c36,card,failed,timeout,1,262.88
PAY_17268,322baf443c36,netbanking,failed,timeout,2,262.88
PAY_17269,322baf443c36,netbanking,failed,timeout,3,262.88
PAY_17270,322baf443c36,netbanking,failed,bank_decline,4,262.88
PAY_17271,ff317b555b08,card,success,,1,226.88
PAY_17272,d152b0c768f7,card,success,,1,328.77
PAY_17273,5c8291ac48d4,card,success,,1,75.36
PAY_17274,17025632bdbe,card,success,,1,68.42
PAY_17275,288f82d0cc74,card,success,,1,205.71
PAY_17276,72c1f5c5e932,card,success,,1,77.56
PAY_17277,a28b99f18e4f,card,success,,1,13.7
PAY_17278,51db4f9351df,card,success,,1,83.18
PAY_17279,b76203567dd5,card,success,,1,131.15
PAY_17280,41e25b96e917,card,success,,1,162.73
PAY_17281,760bb29d95c5,card,success,,1,44.5
PAY_17282,3a1656074796,card,success,,1,72.54
PAY_17283,cba3017f1c16,card,success,,1,196.67
PAY_17284,2ce3e8acd638,card,success,,1,85.8
PAY_17285,e753c0a45294,card,success,,1,26.5
PAY_17286,f73105631135,card,success,,1,242.28
PAY_17287,8bacc8f938b1,card,success,,1,75.85
PAY_17288,90b428c6b7e1,card,success,,1,215.5
PAY_17289,eda19014bcb3,card,success,,1,81.71
PAY_17290,c85db6ddabeb,card,success,,1,135.34
PAY_17291,245ff83f563a,card,success,,1,83.96
PAY_17292,fee7bcc51bd0,card,success,,1,34.94
PAY_17293,8853277e9226,card,success,,1,13.34
PAY_17294,9615fd3b4799,card,success,,1,304.48
PAY_17295,a5b8bbfe5c41,card,success,,1,109.77
PAY_17296,96719d068933,card,success,,1,228.94
PAY_17297,839143ad5ffc,card,success,,1,189.22
PAY_17298,2ab506156e43,card,success,,1,145.11
PAY_17299,6de3c1483101,card,success,,1,69.61
PAY_17300,7eabfc7c3394,card,success,,1,133.19
PAY_17301,32ed826a89bf,card,success,,1,283.16
PAY_17302,8032d856225c,card,success,,1,96.2
PAY_17303,77eed15445d8,card,success,,1,412.14
PAY_17304,7b006bab9b01,card,success,,1,27.13
PAY_17305,f0f10ac68545,card,success,,1,24.89
PAY_17306,37c44623d01a,card,success,,1,198.43
PAY_17307,b5f4fc7b3110,card,failed,bank_decline,1,46.76
PAY_17308,b5f4fc7b3110,card,failed,timeout,2,46.76
PAY_17309,b5f4fc7b3110,card,failed,otp_failed,3,46.76
PAY_17310,17b3ef5a11cc,card,success,,1,461.59
PAY_17311,adbed61dce78,card,success,,1,262.4
PAY_17312,0ab3271ae8fd,card,success,,1,320.56
PAY_17313,8da8d0e22265,card,success,,1,182.65
PAY_17314,403c28e82902,card,success,,1,43.07
PAY_17315,05c53be26372,card,success,,1,23.87
PAY_17316,bbf225cb5656,card,success,,1,297.74
PAY_17317,7ec0e5304ee1,card,success,,1,27.12
PAY_17318,8ed01241a752,card,success,,1,319.87
PAY_17319,3e34b03d51ae,card,failed,bank_decline,1,153.81
PAY_17320,3e34b03d51ae,card,failed,otp_failed,2,153.81
PAY_17321,3e34b03d51ae,card,failed,timeout,3,153.81
PAY_17322,3e34b03d51ae,card,failed,bank_decline,4,153.81
PAY_17323,b52b9334e639,card,success,,1,84.69
PAY_17324,5e73e204dd65,card,success,,1,128.21
PAY_17325,48c7314e598c,card,success,,1,130.61
PAY_17326,d4f71d7dbba8,card,success,,1,76.56
PAY_17327,ec738a60066c,card,failed,timeout,1,281.62
PAY_17328,ec738a60066c,card,failed,bank_decline,2,281.62
PAY_17329,ec738a60066c,card,failed,timeout,3,281.62
PAY_17330,ec738a60066c,card,failed,timeout,4,281.62
PAY_17331,c2914b6a29de,card,success,,1,274.0
PAY_17332,20c9c7ea778a,card,success,,1,55.7
PAY_17333,1fb9ca789c07,card,success,,1,255.89
PAY_17334,dec0f7a9a61c,card,success,,1,17.85
PAY_17335,a7e08a4c9d1f,card,success,,1,128.4
PAY_17336,ed12d86c7c7f,card,success,,1,162.66
PAY_17337,d76e220b8ef1,card,success,,1,46.4
PAY_17338,13c68e50cc31,card,success,,1,196.18
PAY_17339,3a230935bce2,card,success,,1,88.14
PAY_17340,bc1ec42cc655,card,success,,1,58.17
PAY_17341,bbe2ba2835a6,card,failed,bank_decline,1,194.53
PAY_17342,bbe2ba2835a6,UPI,failed,otp_failed,2,194.53
PAY_17343,bbe2ba2835a6,UPI,failed,otp_failed,3,194.53
PAY_17344,bbe2ba2835a6,UPI,failed,otp_failed,4,194.53
PAY_17345,adef6d69f16c,card,success,,1,37.77
PAY_17346,ac53b3d6a7a4,card,success,,1,180.43
PAY_17347,f79615e4ff7f,card,success,,1,18.43
PAY_17348,6afcdc147274,card,success,,1,113.13
PAY_17349,a3ef681bc8e6,card,success,,1,93.23
PAY_17350,429c8ff448c2,card,success,,1,58.45
PAY_17351,b12f567c5540,card,success,,1,122.94
PAY_17352,3d25a3031d65,card,success,,1,84.47
PAY_17353,7101958ec194,card,success,,1,209.3
PAY_17354,cc624171a7b6,card,success,,1,140.91
PAY_17355,1d098ea8d85f,card,success,,1,129.3
PAY_17356,8332a3600e81,card,success,,1,113.69
PAY_17357,d2f078ff176a,card,success,,1,61.7
PAY_17358,ef3dd8e65ebe,card,success,,1,70.71
PAY_17359,227fbcd8195c,card,success,,1,109.79
PAY_17360,3202b9bf4859,card,success,,1,78.36
PAY_17361,1998dfbdcc0b,card,success,,1,219.02
PAY_17362,baa7d591aa7d,card,success,,1,97.0
PAY_17363,f428214b44eb,card,success,,1,121.6
PAY_17364,74b85105b462,card,failed,timeout,1,29.31
PAY_17365,74b85105b462,netbanking,failed,timeout,2,29.31
PAY_17366,74b85105b462,netbanking,failed,otp_failed,3,29.31
PAY_17367,1a6acefee438,card,success,,1,191.44
PAY_17368,777e236e54fd,card,success,,1,56.55
PAY_17369,61efc452d193,card,success,,1,39.09
PAY_17370,3e5732352f70,card,success,,1,335.95
PAY_17371,563ac4868938,card,success,,1,157.29
PAY_17372,f3d20e150efd,card,success,,1,196.7
PAY_17373,4ef5c58810f4,card,success,,1,129.49
PAY_17374,becd5b8a88a3,card,success,,1,83.55
PAY_17375,98b3aa8ac560,card,success,,1,71.97
PAY_17376,a0ca2ccfdd1d,card,success,,1,167.89
PAY_17377,599e833916bf,card,success,,1,222.74
PAY_17378,959661b02028,card,success,,1,85.24
PAY_17379,780c2d27c001,card,success,,1,472.5
PAY_17380,508ef8d5ed79,card,success,,1,76.87
PAY_17381,6eb0829f16bb,card,success,,1,29.51
PAY_17382,10a03bc318b6,card,success,,1,22.71
PAY_17383,426eab7957cf,card,success,,1,23.33
PAY_17384,aeaa1349ccb2,card,success,,1,74.77
PAY_17385,ab4b2ef19308,card,success,,1,155.41
PAY_17386,5003d292fd81,card,success,,1,87.98
PAY_17387,b9114ea0730f,card,success,,1,176.74
PAY_17388,464d2112e63c,card,success,,1,93.31
PAY_17389,bcbb2701a05b,card,success,,1,91.0
PAY_17390,1fe5dcc69ca3,card,success,,1,56.71
PAY_17391,9ec8c8fb6430,card,success,,1,280.92
PAY_17392,3d3e55279108,card,success,,1,26.44
PAY_17393,c6a31c8b29b0,card,success,,1,114.55
PAY_17394,8b0283b7512b,card,success,,1,77.84
PAY_17395,ecc8442ce1cc,card,success,,1,168.24
PAY_17396,6cce2d129011,card,success,,1,88.53
PAY_17397,fa381ff8c4a7,card,success,,1,90.64
PAY_17398,46b49b349aca,card,success,,1,72.73
PAY_17399,b36babb5e3b8,card,failed,bank_decline,1,274.41
PAY_17400,b36babb5e3b8,card,failed,bank_decline,2,274.41
PAY_17401,b36babb5e3b8,card,failed,timeout,3,274.41
PAY_17402,b36babb5e3b8,card,failed,otp_failed,4,274.41
PAY_17403,df5770190d4c,card,success,,1,90.19
PAY_17404,20b21dc6d268,card,success,,1,435.16
PAY_17405,6ef476c8abe3,card,success,,1,111.92
PAY_17406,f1688807a823,card,success,,1,91.6
PAY_17407,46c29a4196e5,card,success,,1,80.14
PAY_17408,901f84b71d6c,card,success,,1,141.37
PAY_17409,ce84023dffef,card,success,,1,56.22
PAY_17410,c941a36506a6,card,success,,1,101.15
PAY_17411,1a779b8af7bf,card,success,,1,90.61
PAY_17412,994f55cdb357,card,success,,1,116.77
PAY_17413,28b3adbe09b0,card,success,,1,119.11
PAY_17414,b8b076f32b91,card,success,,1,124.16
PAY_17415,d3290b49d44e,card,success,,1,97.12
PAY_17416,2224433bb3f4,card,success,,1,315.81
PAY_17417,24c80a4c4518,card,success,,1,126.22
PAY_17418,1f2f076455fd,card,success,,1,724.0
PAY_17419,1411bbd39a88,card,success,,1,93.68
PAY_17420,79f98d4e42c6,card,success,,1,193.86
PAY_17421,0ef40e1e7067,card,success,,1,50.36
PAY_17422,42aca0c7c3c5,card,failed,bank_decline,1,276.06
PAY_17423,42aca0c7c3c5,netbanking,failed,otp_failed,2,276.06
PAY_17424,42aca0c7c3c5,netbanking,failed,otp_failed,3,276.06
PAY_17425,42aca0c7c3c5,netbanking,failed,bank_decline,4,276.06
PAY_17426,1c9a16cd846a,card,failed,otp_failed,1,51.24
PAY_17427,1c9a16cd846a,card,failed,otp_failed,2,51.24
PAY_17428,e59a70856913,card,success,,1,129.63
PAY_17429,373ced019452,card,success,,1,72.85
PAY_17430,005499e693c9,card,success,,1,129.23
PAY_17431,0b47f89176fb,card,success,,1,74.6
PAY_17432,1c36e1fa8cf7,card,success,,1,47.88
PAY_17433,1ba3e59d3804,card,success,,1,72.44
PAY_17434,73c756a51702,card,success,,1,308.98
PAY_17435,9cca910ec80f,card,success,,1,130.82
PAY_17436,f49b6f02abfe,card,success,,1,32.1
PAY_17437,e87b8935f38c,card,success,,1,216.22
PAY_17438,ae034f7c2892,card,success,,1,44.11
PAY_17439,ba7af124341d,card,failed,bank_decline,1,163.15
PAY_17440,ba7af124341d,UPI,failed,bank_decline,2,163.15
PAY_17441,ba7af124341d,UPI,failed,bank_decline,3,163.15
PAY_17442,ba7af124341d,UPI,failed,timeout,4,163.15
PAY_17443,3344cac1a30a,card,success,,1,147.39
PAY_17444,5952201f2ae1,card,success,,1,396.45
PAY_17445,be75be656318,card,success,,1,46.39
PAY_17446,3c5c5857898d,card,success,,1,146.74
PAY_17447,aca48b2640eb,card,success,,1,246.58
PAY_17448,1882dc4129ca,card,failed,timeout,1,53.8
PAY_17449,3fbd56749512,card,success,,1,49.57
PAY_17450,e884f524a723,card,success,,1,71.54
PAY_17451,93921cfe15e4,card,success,,1,116.72
PAY_17452,1868acb6591e,card,success,,1,29.13
PAY_17453,c08d57d35477,card,success,,1,139.93
PAY_17454,415cd93e67f4,card,success,,1,29.17
PAY_17455,8504b8277a4f,card,success,,1,253.32
PAY_17456,4ddae84d876a,card,success,,1,135.78
PAY_17457,1fff5735fc95,card,success,,1,415.93
PAY_17458,94f3438a6367,card,failed,bank_decline,1,153.7
PAY_17459,1d37d1adff9f,card,success,,1,70.54
PAY_17460,d69225427d07,card,success,,1,47.52
PAY_17461,ef1c68f0427d,card,success,,1,108.97
PAY_17462,0167744d970b,card,success,,1,87.86
PAY_17463,2d0280c5d25c,card,success,,1,232.5
PAY_17464,354a0cf02893,card,success,,1,42.82
PAY_17465,5fa4957ef57e,card,success,,1,453.38
PAY_17466,3400a7639d42,card,success,,1,249.59
PAY_17467,7fc7437d67ad,card,success,,1,76.49
PAY_17468,386f502acc94,card,success,,1,379.27
PAY_17469,b46bc20e272b,card,success,,1,48.11
PAY_17470,c5c081da0cbe,card,success,,1,106.11
PAY_17471,1abf953cbdfd,card,success,,1,32.42
PAY_17472,8ddd83348f9a,card,success,,1,394.36
PAY_17473,583f6203c52e,card,success,,1,24.1
PAY_17474,615d9cc306aa,card,success,,1,28.44
PAY_17475,432426d0a790,card,failed,otp_failed,1,54.18
PAY_17476,d6b76a702e7d,card,success,,1,259.27
PAY_17477,b92ed48bb5c7,card,success,,1,193.23
PAY_17478,fd6e4f095f5f,card,success,,1,99.25
PAY_17479,95257160eac7,card,success,,1,203.39
PAY_17480,25ed5fe53973,card,success,,1,82.08
PAY_17481,928412a067e9,card,success,,1,126.21
PAY_17482,498db3acaa85,card,success,,1,337.44
PAY_17483,7faef92d19a8,card,success,,1,131.14
PAY_17484,d54efc08a9b4,card,success,,1,162.75
PAY_17485,f0bb8a3e35a3,card,success,,1,200.88
PAY_17486,8ceba3c3ac43,card,failed,timeout,1,76.63
PAY_17487,8cef9eb8c642,card,success,,1,99.69
PAY_17488,d4c9725c9aae,card,success,,1,121.47
PAY_17489,9a1048263a1b,card,success,,1,113.28
PAY_17490,330028503780,card,success,,1,327.21
PAY_17491,1082ba2542be,card,success,,1,120.98
PAY_17492,9e0b859e971c,card,success,,1,70.59
PAY_17493,f79e51a21649,card,success,,1,137.33
PAY_17494,d0710273ec1c,card,success,,1,201.76
PAY_17495,09c62fb7bd98,card,success,,1,167.23
PAY_17496,d686f93060c2,card,success,,1,159.98
PAY_17497,4616da0dcdfd,card,success,,1,27.15
PAY_17498,f2578a9c8df2,card,success,,1,12.26
PAY_17499,2260b91a53bc,card,success,,1,249.69
PAY_17500,81286021bd86,card,success,,1,127.88
PAY_17501,ae02f7855f57,card,success,,1,88.48
PAY_17502,181d16ff45bc,card,success,,1,156.88
PAY_17503,6e0bfac9bf7e,card,success,,1,420.67
PAY_17504,8f72600778e7,card,success,,1,278.89
PAY_17505,39227e42763c,card,success,,1,194.37
PAY_17506,4300c6b6dd79,card,success,,1,44.28
PAY_17507,8cf1fec20ffd,card,success,,1,49.13
PAY_17508,0443e8ef91d2,card,success,,1,13.34
PAY_17509,e9923281d7fb,card,success,,1,149.43
PAY_17510,94a3e292aa15,card,success,,1,218.53
PAY_17511,a6fc12dc96fa,card,success,,1,233.26
PAY_17512,40807756b731,card,success,,1,154.52
PAY_17513,5e54bedbd490,card,success,,1,79.58
PAY_17514,58755381d746,card,success,,1,57.32
PAY_17515,70c945667bb4,card,success,,1,46.51
PAY_17516,8351fa7d01a5,card,success,,1,78.99
PAY_17517,13035aca512b,card,success,,1,41.17
PAY_17518,24159c5c8ec8,card,success,,1,366.78
PAY_17519,0b74519bc85f,card,success,,1,31.76
PAY_17520,a4dad9ece3db,card,success,,1,76.89
PAY_17521,f23d92387128,card,success,,1,19.13
PAY_17522,6dd0b627e9d9,card,success,,1,114.12
PAY_17523,aace3779479f,card,success,,1,89.85
PAY_17524,2c7881dd9ee6,card,success,,1,67.66
PAY_17525,ea095d774468,card,success,,1,42.68
PAY_17526,e0f56f80fff1,card,success,,1,90.19
PAY_17527,e663ca509b12,card,failed,timeout,1,58.23
PAY_17528,e663ca509b12,card,failed,bank_decline,2,58.23
PAY_17529,9d4a91028741,card,success,,1,80.68
PAY_17530,f85b44cfa816,card,failed,otp_failed,1,430.93
PAY_17531,f85b44cfa816,netbanking,failed,otp_failed,2,430.93
PAY_17532,3e6a330d03fa,card,success,,1,103.31
PAY_17533,0ae4aabfb84c,card,success,,1,137.87
PAY_17534,570894ceb0a4,card,success,,1,62.08
PAY_17535,7e8463dfbbd3,card,success,,1,48.06
PAY_17536,e86edf079778,card,success,,1,88.38
PAY_17537,35f1c62075ea,card,success,,1,667.23
PAY_17538,76d37d1e57a4,card,success,,1,71.53
PAY_17539,b48efba2ddef,card,success,,1,120.2
PAY_17540,c83bce848294,card,success,,1,46.4
PAY_17541,acea19c91c63,card,success,,1,9.93
PAY_17542,ed47fe5cf253,card,success,,1,47.85
PAY_17543,479a87b56f20,card,success,,1,604.6
PAY_17544,f14c183bd7de,card,success,,1,144.94
PAY_17545,158ed6f70c3a,card,success,,1,334.53
PAY_17546,7dbbf7163488,card,success,,1,68.16
PAY_17547,8a751f1bcc95,card,success,,1,13.66
PAY_17548,b90263f350ca,card,success,,1,37.08
PAY_17549,9dc5d3f91011,card,success,,1,123.67
PAY_17550,1adcbe7c7b62,card,success,,1,108.86
PAY_17551,4544b53b86da,card,success,,1,89.27
PAY_17552,f1d3b6e3eafb,card,success,,1,58.9
PAY_17553,541d50fcb28e,card,success,,1,190.9
PAY_17554,6362d90f4c89,card,success,,1,60.28
PAY_17555,38027b87e951,card,failed,otp_failed,1,115.15
PAY_17556,38027b87e951,card,failed,timeout,2,115.15
PAY_17557,b4e72b40ec0c,card,success,,1,105.24
PAY_17558,822e579fadb5,card,success,,1,67.03
PAY_17559,645d9a3f2ff6,card,success,,1,44.48
PAY_17560,833abee6d9d6,card,success,,1,63.95
PAY_17561,68303d472076,card,success,,1,402.98
PAY_17562,6c68f84567f7,card,success,,1,219.19
PAY_17563,9e1018c1e61b,card,success,,1,203.63
PAY_17564,e87c3736fe80,card,success,,1,47.98
PAY_17565,79fce23269b0,card,success,,1,28.5
PAY_17566,f19ce648cc9f,card,success,,1,216.41
PAY_17567,aab65955e819,card,success,,1,185.64
PAY_17568,daf5235cfb06,card,success,,1,100.46
PAY_17569,3e1220771ee6,card,success,,1,66.92
PAY_17570,3f97bbf70f49,card,success,,1,27.91
PAY_17571,0d8ead50981b,card,success,,1,180.17
PAY_17572,65961d469b8c,card,success,,1,232.5
PAY_17573,ea692c5043fe,card,success,,1,52.29
PAY_17574,972e6f9263f4,card,success,,1,48.91
PAY_17575,8b8192a3f3ff,card,success,,1,242.95
PAY_17576,f668eecd90b1,card,success,,1,53.87
PAY_17577,599e1b486e52,card,success,,1,373.62
PAY_17578,ed440304ae0f,card,success,,1,82.5
PAY_17579,4a238c938a52,card,failed,otp_failed,1,66.07
PAY_17580,4a238c938a52,card,failed,bank_decline,2,66.07
PAY_17581,4a238c938a52,card,failed,timeout,3,66.07
PAY_17582,4a238c938a52,card,failed,otp_failed,4,66.07
PAY_17583,2c5fd4c5322a,card,success,,1,93.32
PAY_17584,5655caa0b626,card,success,,1,66.07
PAY_17585,f3b08e4abba9,card,success,,1,221.62
PAY_17586,4cac9dfe4d75,card,success,,1,182.85
PAY_17587,142e84f4f4eb,card,success,,1,214.97
PAY_17588,99984b63adab,card,success,,1,62.48
PAY_17589,ef87da5fbc21,card,success,,1,89.37
PAY_17590,0bf1c516426b,card,success,,1,64.04
PAY_17591,6f85951584bf,card,success,,1,290.99
PAY_17592,4158752613e0,card,success,,1,200.7
PAY_17593,a8fc6e397388,card,success,,1,83.66
PAY_17594,e293ead16db9,card,success,,1,42.9
PAY_17595,5a183c29ad3f,card,success,,1,308.79
PAY_17596,95c34dbef6e5,card,success,,1,100.42
PAY_17597,aaa6b0f72f69,card,success,,1,81.11
PAY_17598,54c9816999c8,card,success,,1,310.98
PAY_17599,6d269f0d85c0,card,success,,1,59.86
PAY_17600,dd0e2973696e,card,success,,1,69.75
PAY_17601,e55fca60268e,card,success,,1,31.4
PAY_17602,d90faced2b29,card,success,,1,115.88
PAY_17603,6f876f313d67,card,success,,1,48.92
PAY_17604,3d47ee4b1125,card,success,,1,51.24
PAY_17605,cd70a6b6c238,card,success,,1,56.28
PAY_17606,8996b05ea867,card,success,,1,46.01
PAY_17607,19138f5977fb,card,success,,1,109.7
PAY_17608,a8efba900788,card,success,,1,79.48
PAY_17609,6b23e4b0be1c,card,success,,1,93.54
PAY_17610,0365c5acbd78,card,success,,1,591.72
PAY_17611,a57149d458b4,card,success,,1,79.48
PAY_17612,aff4c4dcd5f6,card,success,,1,146.05
PAY_17613,e25cb59cc200,card,failed,bank_decline,1,159.97
PAY_17614,e25cb59cc200,card,failed,otp_failed,2,159.97
PAY_17615,e25cb59cc200,card,failed,timeout,3,159.97
PAY_17616,e25cb59cc200,card,failed,timeout,4,159.97
PAY_17617,bb4b53bf2688,card,success,,1,85.6
PAY_17618,1ac1a93c5921,card,success,,1,112.06
PAY_17619,c03d8b1029e0,card,success,,1,91.52
PAY_17620,b21309f89f27,card,success,,1,105.85
PAY_17621,9a44e33621cc,card,success,,1,60.62
PAY_17622,4ea8c98aac90,card,success,,1,91.24
PAY_17623,7d0ce3f18cc6,card,success,,1,18.59
PAY_17624,a38790e717ff,card,success,,1,297.93
PAY_17625,f81deec29516,card,success,,1,507.09
PAY_17626,fa56dcc83865,card,success,,1,103.16
PAY_17627,31a3b73054e1,card,success,,1,153.3
PAY_17628,8b5a2dff9ce7,card,success,,1,213.76
PAY_17629,c07e3b6ea17c,card,success,,1,31.2
PAY_17630,e3c0457bc07e,card,success,,1,189.17
PAY_17631,cfe31af7f486,card,success,,1,64.0
PAY_17632,218ad24f93c2,card,success,,1,562.61
PAY_17633,555c02e3ff05,card,success,,1,77.43
PAY_17634,fb7f3e388f5e,card,failed,timeout,1,186.15
PAY_17635,fb7f3e388f5e,card,failed,otp_failed,2,186.15
PAY_17636,fb7f3e388f5e,card,failed,otp_failed,3,186.15
PAY_17637,75bc3f42d46b,card,failed,bank_decline,1,78.04
PAY_17638,75bc3f42d46b,card,failed,otp_failed,2,78.04
PAY_17639,1a1dc6462784,card,success,,1,521.84
PAY_17640,7bb463aac732,card,success,,1,59.75
PAY_17641,82dda8a3033f,card,success,,1,228.62
PAY_17642,4e290c97dd4e,card,success,,1,148.61
PAY_17643,501a8ac7c7c2,card,success,,1,108.12
PAY_17644,1934e997dc06,card,success,,1,52.79
PAY_17645,1fb1d920c9d5,card,success,,1,11.37
PAY_17646,12ede1f719e2,card,success,,1,212.62
PAY_17647,9287b2df857f,card,success,,1,60.88
PAY_17648,b08427ab355a,card,success,,1,229.45
PAY_17649,5b77e66b1950,card,success,,1,119.27
PAY_17650,147d92a18b52,card,success,,1,235.15
PAY_17651,41f6b82b14ef,card,success,,1,170.97
PAY_17652,a55d92af2442,card,success,,1,12.53
PAY_17653,f47ea48874de,card,success,,1,147.22
PAY_17654,dffe2268b947,card,success,,1,68.38
PAY_17655,89162d5ede05,card,success,,1,228.61
PAY_17656,711a334097b7,card,success,,1,144.45
PAY_17657,82180c2f4934,card,success,,1,145.82
PAY_17658,6b5ec97e6c13,card,success,,1,72.4
PAY_17659,c2ef05f64f0e,card,success,,1,43.38
PAY_17660,0c3b35bb4cc3,card,success,,1,63.67
PAY_17661,fb2d3665c4f6,card,success,,1,21.33
PAY_17662,d09fde31241a,card,success,,1,56.13
PAY_17663,9e9335503cdf,card,success,,1,27.9
PAY_17664,c159b0f347a4,card,success,,1,28.5
PAY_17665,cb8d4c317e68,card,success,,1,98.81
PAY_17666,3633b49395f3,card,success,,1,138.0
PAY_17667,5ba2d344dcb3,card,success,,1,87.76
PAY_17668,749f10edd6a0,card,success,,1,60.4
PAY_17669,f36d68c2a69c,card,success,,1,42.19
PAY_17670,4695e53c5e35,card,success,,1,69.84
PAY_17671,5e9c1800430d,card,success,,1,46.63
PAY_17672,828df3acdca5,card,success,,1,85.6
PAY_17673,750d688cd20d,card,success,,1,26.65
PAY_17674,380cd18959ae,card,success,,1,157.76
PAY_17675,e14e8663ec9a,card,success,,1,121.63
PAY_17676,74961e17eee7,card,success,,1,183.05
PAY_17677,9729f29a4b4a,card,success,,1,117.01
PAY_17678,f73bb2b24f0d,card,success,,1,170.6
PAY_17679,40a2191c7d82,card,success,,1,17.23
PAY_17680,fd206feaa8f8,card,success,,1,60.69
PAY_17681,888a8cba08db,card,success,,1,217.56
PAY_17682,4a0f30d48c89,card,success,,1,135.28
PAY_17683,d059f828b873,card,success,,1,394.95
PAY_17684,a628b8930bcf,card,success,,1,114.4
PAY_17685,a2046040612f,card,success,,1,73.58
PAY_17686,2f0346173d3a,card,success,,1,41.81
PAY_17687,9957afb17ca3,card,success,,1,61.52
PAY_17688,dd5886a32942,card,success,,1,64.94
PAY_17689,b7abd36623cd,card,success,,1,56.0
PAY_17690,7e3f94c82032,card,success,,1,43.18
PAY_17691,71f733726994,card,success,,1,124.12
PAY_17692,cd3cb2e42686,card,success,,1,349.78
PAY_17693,f74a1fd779d6,card,success,,1,189.92
PAY_17694,db9e0ee02ff3,card,success,,1,69.55
PAY_17695,b95bf43d23bc,card,success,,1,202.6
PAY_17696,7ee31079b0b2,card,success,,1,118.79
PAY_17697,5a2446842f86,card,success,,1,87.13
PAY_17698,7cb07de34a19,card,success,,1,82.89
PAY_17699,4ce81617552f,card,success,,1,76.71
PAY_17700,10cd780c9323,card,success,,1,151.54
PAY_17701,989ea2307af2,card,success,,1,100.66
PAY_17702,62f7e755609b,card,success,,1,50.26
PAY_17703,db11f45dd33b,card,success,,1,48.35
PAY_17704,a01236eb0302,card,success,,1,114.98
PAY_17705,2d76fa4b1649,card,success,,1,70.07
PAY_17706,f38d0efee152,card,success,,1,36.39
PAY_17707,0c357d11dd21,card,success,,1,244.88
PAY_17708,cf547689d6dd,card,success,,1,206.62
PAY_17709,0c3b931d10a8,card,success,,1,18.36
PAY_17710,f0f44eb30c7f,card,success,,1,262.87
PAY_17711,ee8b20588c96,card,success,,1,76.16
PAY_17712,7729b4c5b8e0,card,success,,1,104.79
PAY_17713,0576d020103c,card,success,,1,223.76
PAY_17714,ecbc878723b1,card,success,,1,337.66
PAY_17715,8c2303bf5b00,card,success,,1,200.8
PAY_17716,6ca1c204c52e,card,success,,1,109.16
PAY_17717,0e5747ce3696,card,success,,1,29.95
PAY_17718,4d1ca0beb461,card,success,,1,17.8
PAY_17719,b5dac3d316a0,card,success,,1,181.73
PAY_17720,3f20de5d4102,card,success,,1,263.39
PAY_17721,785b2929cacf,card,success,,1,46.91
PAY_17722,ee3f0ffe3e95,card,success,,1,72.54
PAY_17723,167b00a34563,card,success,,1,57.64
PAY_17724,1b8b46b1a722,card,success,,1,56.42
PAY_17725,83f174f7e3dd,card,success,,1,212.72
PAY_17726,fe36d7bebd9b,card,success,,1,107.2
PAY_17727,94c06a3f5505,card,success,,1,74.94
PAY_17728,067fcd2899c4,card,success,,1,754.47
PAY_17729,b46438fdc6fb,card,success,,1,28.57
PAY_17730,58238f2e0ff0,card,success,,1,139.54
PAY_17731,f14267bd4e1a,card,success,,1,38.89
PAY_17732,7b79cdf0a450,card,success,,1,79.36
PAY_17733,c5025dd0d8ef,card,success,,1,101.38
PAY_17734,6798a063ab94,card,success,,1,176.92
PAY_17735,efe6a22e0ba4,card,success,,1,73.04
PAY_17736,5565ef7dc0be,card,success,,1,67.12
PAY_17737,8c98d84c7738,card,success,,1,72.0
PAY_17738,b5b53d1674d9,card,success,,1,37.94
PAY_17739,db414cb8f191,card,success,,1,149.28
PAY_17740,07204fa2ef89,card,success,,1,112.74
PAY_17741,9c789cee3eed,card,success,,1,127.5
PAY_17742,9c2ac15aa360,card,success,,1,85.15
PAY_17743,0b130311cdca,card,success,,1,77.15
PAY_17744,14fa7fe0f529,card,success,,1,230.55
PAY_17745,dcbe6ac9c6d0,card,success,,1,203.86
PAY_17746,902f8eb5eb28,card,success,,1,279.18
PAY_17747,01901ba1bb68,card,success,,1,121.28
PAY_17748,8f3353e65be6,card,success,,1,265.64
PAY_17749,fda5920c3621,card,success,,1,64.53
PAY_17750,ed1bcac49c55,card,success,,1,76.66
PAY_17751,50be294b6d62,card,success,,1,234.18
PAY_17752,92ce6ece89d9,card,success,,1,176.75
PAY_17753,71cbac5ed868,card,success,,1,71.35
PAY_17754,3b752595a4f2,card,success,,1,38.98
PAY_17755,204f3c4fb041,card,success,,1,76.46
PAY_17756,c871dd555e57,card,success,,1,52.04
PAY_17757,8127315ea3e4,card,success,,1,357.67
PAY_17758,db3396f71d62,card,success,,1,165.34
PAY_17759,430bff9577d5,card,success,,1,48.78
PAY_17760,f94cc7e6168c,card,success,,1,39.02
PAY_17761,9b1389bd2ef4,card,success,,1,48.3
PAY_17762,9110d58b628e,card,success,,1,57.57
PAY_17763,b094a48a2b18,card,success,,1,78.78
PAY_17764,159184b31a1c,card,success,,1,219.56
PAY_17765,39287d7182eb,card,success,,1,41.55
PAY_17766,8a418fcd5820,card,success,,1,562.07
PAY_17767,92288a7517fa,card,success,,1,42.32
PAY_17768,e9a6114a1b38,card,success,,1,29.16
PAY_17769,b2973a29391a,card,success,,1,347.46
PAY_17770,8e5c50fc113d,card,failed,bank_decline,1,259.05
PAY_17771,3e9783b77b91,card,success,,1,77.8
PAY_17772,3dc4b973e6b5,card,success,,1,122.13
PAY_17773,f11b94e3680a,card,success,,1,124.62
PAY_17774,039646b408e0,card,success,,1,100.42
PAY_17775,9322251f6ebf,card,success,,1,31.91
PAY_17776,04ba50543acf,card,success,,1,12.36
PAY_17777,14c842c2ad0f,card,success,,1,45.8
PAY_17778,78f3515814ff,card,success,,1,384.88
PAY_17779,4cfbdf9614e4,card,success,,1,397.16
PAY_17780,723f7ca3c544,card,success,,1,73.01
PAY_17781,bb018052da24,card,success,,1,41.83
PAY_17782,cc1bc00ad351,card,success,,1,112.45
PAY_17783,a318fb60c8f3,card,success,,1,127.89
PAY_17784,08404ee94c50,card,success,,1,145.56
PAY_17785,5f6dce7f39ae,card,success,,1,11.92
PAY_17786,c095e5532199,card,success,,1,1125.75
PAY_17787,1d91bf4ef384,card,success,,1,222.73
PAY_17788,9794fb4f469a,card,success,,1,76.84
PAY_17789,ac4d77840c22,card,success,,1,198.31
PAY_17790,f7709ecf3a2d,card,success,,1,133.8
PAY_17791,6732890eee2b,card,success,,1,96.9
PAY_17792,63bf1a18771e,card,success,,1,129.89
PAY_17793,cc1619c4f9c3,card,success,,1,82.26
PAY_17794,522eb179caf4,card,success,,1,124.15
PAY_17795,22a98d1ef49d,card,success,,1,160.95
PAY_17796,9d63cee91e21,card,success,,1,118.47
PAY_17797,3cbb9773519f,card,success,,1,113.61
PAY_17798,e9d2331a3ae2,card,success,,1,274.32
PAY_17799,ef6d3069e0b7,card,success,,1,25.09
PAY_17800,b1c3cdbd968a,card,success,,1,47.55
PAY_17801,253db6468c39,card,success,,1,91.95
PAY_17802,49ec57902c3f,card,success,,1,50.2
PAY_17803,2344cab94d54,card,success,,1,65.57
PAY_17804,83c3b88e0051,card,success,,1,252.19
PAY_17805,1ad5405328f4,card,success,,1,79.9
PAY_17806,e762556de62e,card,success,,1,20.83
PAY_17807,9bb818fd8e52,card,success,,1,64.16
PAY_17808,d380a8040b10,card,success,,1,94.3
PAY_17809,e71561799b19,card,success,,1,92.92
PAY_17810,fd4ae863e5a4,card,success,,1,140.45
PAY_17811,7785ce02882f,card,success,,1,131.57
PAY_17812,2d82b9467aef,card,success,,1,80.55
PAY_17813,e898b1fe4860,card,success,,1,34.66
PAY_17814,88ab2c7a5c2f,card,failed,otp_failed,1,63.25
PAY_17815,88ab2c7a5c2f,card,failed,timeout,2,63.25
PAY_17816,88ab2c7a5c2f,card,failed,timeout,3,63.25
PAY_17817,88ab2c7a5c2f,card,failed,otp_failed,4,63.25
PAY_17818,ec276ae0e17c,card,success,,1,54.7
PAY_17819,273e0cceeb57,card,success,,1,71.66
PAY_17820,97a183ea9e59,card,success,,1,156.48
PAY_17821,2b7a8d962116,card,success,,1,124.37
PAY_17822,65ea5be01667,card,success,,1,174.03
PAY_17823,a94515155a2d,card,success,,1,66.2
PAY_17824,a2213d0b2ec5,card,success,,1,300.87
PAY_17825,3b1783965543,card,success,,1,154.2
PAY_17826,9bfb3cfe3ad9,card,success,,1,98.47
PAY_17827,2e5c7cf0bbc4,card,success,,1,145.86
PAY_17828,58e1171ac14a,card,success,,1,52.43
PAY_17829,052244df61ae,card,success,,1,55.4
PAY_17830,d2c8217059a5,card,success,,1,163.69
PAY_17831,e15bd7d6f8b3,card,success,,1,80.68
PAY_17832,b616d410a8e0,card,success,,1,45.68
PAY_17833,ef312e607a21,card,success,,1,18.83
PAY_17834,cb4974e50e42,card,success,,1,281.43
PAY_17835,c8271a29698e,card,success,,1,76.22
PAY_17836,3f00a3c1579b,card,success,,1,63.84
PAY_17837,26f20b94cfa2,card,success,,1,52.6
PAY_17838,1cfa7e52106c,card,success,,1,245.58
PAY_17839,c541d4dfc510,card,success,,1,182.2
PAY_17840,54076d2d3ae7,card,success,,1,41.52
PAY_17841,e7cf807f1f81,card,success,,1,228.52
PAY_17842,0b22ee6be6f7,card,success,,1,80.15
PAY_17843,616a9b45d1fe,card,failed,otp_failed,1,55.23
PAY_17844,616a9b45d1fe,UPI,failed,bank_decline,2,55.23
PAY_17845,4deb89547105,card,success,,1,71.17
PAY_17846,6054b3a52b06,card,success,,1,48.1
PAY_17847,6bf1ab0ff8b3,card,success,,1,31.29
PAY_17848,15ff6aacd067,card,success,,1,167.49
PAY_17849,1c2f2f11be8f,card,success,,1,75.45
PAY_17850,c1fec75bbdbf,card,success,,1,147.49
PAY_17851,c79bf422930d,card,success,,1,113.27
PAY_17852,9b9ac899a6d3,card,success,,1,139.61
PAY_17853,66579a8438b4,card,success,,1,17.52
PAY_17854,805926d81eee,card,success,,1,45.0
PAY_17855,e2dc6ecc6ea7,card,success,,1,141.95
PAY_17856,210c5e594704,card,success,,1,32.46
PAY_17857,fb72f1f4e389,card,success,,1,121.32
PAY_17858,fa71fa78bef4,card,success,,1,29.59
PAY_17859,10b5b33c1387,card,success,,1,91.21
PAY_17860,5a5dcd49d83c,card,success,,1,326.36
PAY_17861,583f5acf5845,card,success,,1,167.28
PAY_17862,46eeb3b35bc9,card,success,,1,20.48
PAY_17863,902e1cebcd84,card,success,,1,177.45
PAY_17864,84a0bc677aca,card,failed,bank_decline,1,386.75
PAY_17865,9063809d6525,card,success,,1,843.54
PAY_17866,49677d352bd5,card,success,,1,131.64
PAY_17867,42dccd8deb24,card,success,,1,30.22
PAY_17868,7894d02e5ff8,card,success,,1,127.45
PAY_17869,ce1ec5fb7d7f,card,success,,1,322.73
PAY_17870,0fe76c15e21b,card,failed,otp_failed,1,77.5
PAY_17871,0fe76c15e21b,card,failed,otp_failed,2,77.5
PAY_17872,a3bf080f559b,card,success,,1,207.37
PAY_17873,743929f510d0,card,success,,1,45.99
PAY_17874,16e6166d0118,card,success,,1,121.25
PAY_17875,153ca7962e61,card,success,,1,12.28
PAY_17876,254c07dbddc2,card,success,,1,42.09
PAY_17877,e3b184f64441,card,failed,bank_decline,1,89.58
PAY_17878,e3b184f64441,card,failed,timeout,2,89.58
PAY_17879,f9022a3f91bf,card,success,,1,67.31
PAY_17880,0d6ceeeac868,card,success,,1,31.8
PAY_17881,fbe50abf7d03,card,success,,1,60.36
PAY_17882,2163d70c1067,card,success,,1,117.18
PAY_17883,405c48422a8f,card,success,,1,84.02
PAY_17884,4573a53798cf,card,success,,1,94.51
PAY_17885,bb743160857a,card,success,,1,161.67
PAY_17886,7e87efba6dc7,card,success,,1,68.41
PAY_17887,28214e244af6,card,success,,1,267.03
PAY_17888,2f4e44d0bf5f,card,success,,1,40.8
PAY_17889,5d187764fb4e,card,success,,1,420.9
PAY_17890,bdb9b862ca64,card,failed,otp_failed,1,219.3
PAY_17891,bdb9b862ca64,card,failed,timeout,2,219.3
PAY_17892,2ba6dc116704,card,failed,bank_decline,1,71.42
PAY_17893,9c79a6caceee,card,success,,1,106.21
PAY_17894,dbeea1fc7cd4,card,success,,1,145.32
PAY_17895,111d98dc5bb6,card,success,,1,216.08
PAY_17896,1bd73a148a8e,card,success,,1,30.8
PAY_17897,d8cbc267bb5e,card,success,,1,127.73
PAY_17898,d38833454526,card,success,,1,16.56
PAY_17899,0ed261997052,card,success,,1,78.11
PAY_17900,4c0a5eaf9720,card,success,,1,28.96
PAY_17901,a31b17638814,card,success,,1,25.04
PAY_17902,0718e6384520,card,success,,1,107.41
PAY_17903,75644b88e627,card,success,,1,273.13
PAY_17904,feb669a25eb3,card,success,,1,116.78
PAY_17905,4ab386b976e7,card,success,,1,19.62
PAY_17906,ab077e976d4d,card,success,,1,23.42
PAY_17907,fe7a9ad778d8,card,success,,1,97.34
PAY_17908,27b534f4f34b,card,success,,1,35.04
PAY_17909,120a69366626,card,success,,1,100.42
PAY_17910,ce8001aa0faa,card,success,,1,105.3
PAY_17911,39a71e16e328,card,success,,1,60.84
PAY_17912,671b36861792,card,success,,1,144.37
PAY_17913,5a246ca070b2,card,success,,1,237.29
PAY_17914,56a3eaa5b177,card,failed,timeout,1,188.0
PAY_17915,56a3eaa5b177,card,failed,bank_decline,2,188.0
PAY_17916,56a3eaa5b177,card,failed,timeout,3,188.0
PAY_17917,4906cdd37ad6,card,success,,1,79.83
PAY_17918,a643dbe6ab9d,card,success,,1,77.05
PAY_17919,a59720fe6104,card,success,,1,70.94
PAY_17920,197323860d41,card,success,,1,155.23
PAY_17921,7103164e9988,card,success,,1,53.5
PAY_17922,9d3274431e91,card,failed,bank_decline,1,357.82
PAY_17923,9d3274431e91,UPI,failed,timeout,2,357.82
PAY_17924,9d3274431e91,UPI,failed,timeout,3,357.82
PAY_17925,07b868ef7dd4,card,success,,1,49.57
PAY_17926,5f7af76f1b93,card,success,,1,106.87
PAY_17927,308fef64ad96,card,success,,1,74.94
PAY_17928,22dd44c7b0ba,card,success,,1,62.76
PAY_17929,4a03ba8e8ba1,card,success,,1,511.77
PAY_17930,b38517a737a8,card,success,,1,63.36
PAY_17931,190ea2a021f4,card,success,,1,70.54
PAY_17932,429d263397cd,card,success,,1,52.92
PAY_17933,95405debccde,card,success,,1,93.02
PAY_17934,a923c59ad9a9,card,success,,1,83.01
PAY_17935,b9efd4e7888d,card,success,,1,64.1
PAY_17936,72999377bf02,card,success,,1,146.61
PAY_17937,36a965ae2fa0,card,failed,otp_failed,1,204.71
PAY_17938,a3d2a9329365,card,success,,1,91.76
PAY_17939,9e196f8334aa,card,success,,1,94.37
PAY_17940,2f4041d9e809,card,success,,1,67.44
PAY_17941,5becba6c7941,card,success,,1,60.22
PAY_17942,2bf3958ae864,card,success,,1,43.14
PAY_17943,d788a0700756,card,success,,1,25.91
PAY_17944,bbdb1c5294b5,card,success,,1,51.32
PAY_17945,b190ca483fac,card,success,,1,185.53
PAY_17946,d843da25989a,card,success,,1,64.1
PAY_17947,82761bf71ca1,card,success,,1,68.25
PAY_17948,98852def6fb3,card,success,,1,67.2
PAY_17949,58263696f845,card,success,,1,243.66
PAY_17950,c2e786084104,card,success,,1,42.83
PAY_17951,59b7ac18840f,card,success,,1,112.35
PAY_17952,54accf359f2e,card,success,,1,85.22
PAY_17953,e16fc8f3e264,card,success,,1,95.04
PAY_17954,639fba3616d7,card,success,,1,109.45
PAY_17955,6272f7526dd0,card,success,,1,94.23
PAY_17956,05ba49bd2695,card,success,,1,169.77
PAY_17957,3d145264277b,card,success,,1,87.93
PAY_17958,e6d708af8da0,card,success,,1,363.4
PAY_17959,d76b082b91b0,card,success,,1,93.28
PAY_17960,e21964425c03,card,success,,1,23.04
PAY_17961,4c8863f627f4,card,success,,1,150.0
PAY_17962,23d661d201f2,card,success,,1,123.18
PAY_17963,52239403389f,card,success,,1,92.39
PAY_17964,55eb86f87f74,card,success,,1,73.14
PAY_17965,8ccae716e988,card,success,,1,16.58
PAY_17966,ddcf0b227d3f,card,success,,1,18.96
PAY_17967,a59bd1c9448e,card,success,,1,336.3
PAY_17968,f3b306aabe1c,card,success,,1,56.35
PAY_17969,db7ac3725e9b,card,success,,1,194.9
PAY_17970,f9a7ca663512,card,success,,1,24.97
PAY_17971,f547102c5817,card,success,,1,38.96
PAY_17972,2c27dbc02827,card,success,,1,154.92
PAY_17973,16fba6a4a9fa,card,success,,1,82.93
PAY_17974,43a6f1929049,card,success,,1,138.4
PAY_17975,44fd7dac96f7,card,success,,1,89.04
PAY_17976,3df665ec5de2,card,success,,1,76.24
PAY_17977,48b080e300ad,card,success,,1,52.25
PAY_17978,71e71a7b4d17,card,success,,1,34.63
PAY_17979,65ee645e561d,card,success,,1,276.49
PAY_17980,196c2dbd05ff,card,success,,1,315.4
PAY_17981,093ca8f12a74,card,success,,1,39.21
PAY_17982,afb2b6b20357,card,success,,1,37.22
PAY_17983,01b678f54a5b,card,success,,1,68.15
PAY_17984,faa444707107,card,success,,1,118.2
PAY_17985,d23b48c7eafe,card,success,,1,77.83
PAY_17986,ba013ead8562,card,success,,1,134.24
PAY_17987,1bee899b9246,card,success,,1,86.54
PAY_17988,7f41373960a7,card,success,,1,82.13
PAY_17989,c67e2123b9f6,card,success,,1,620.46
PAY_17990,ff6b36e141e5,card,success,,1,59.14
PAY_17991,d8443a1e92ca,card,success,,1,334.27
PAY_17992,f780fd17ee61,card,success,,1,286.43
PAY_17993,a1f0a83d3190,card,success,,1,134.73
PAY_17994,7621232e6faa,card,success,,1,19.28
PAY_17995,cc90e9e46364,card,success,,1,59.64
PAY_17996,d52a774b0222,card,success,,1,91.48
PAY_17997,97477d6c1187,card,success,,1,38.46
PAY_17998,42ee12669f10,card,success,,1,164.85
PAY_17999,20787b75c90a,card,success,,1,197.94
PAY_18000,1b57d51a5c7b,card,success,,1,229.53
PAY_18001,de71cd618652,card,success,,1,66.3
PAY_18002,81a30ae6e84f,card,success,,1,38.57
PAY_18003,80309dafb741,card,success,,1,119.26
PAY_18004,7b3cdd09940a,card,success,,1,366.82
PAY_18005,03d49109f6fb,card,success,,1,95.16
PAY_18006,2834c438fb22,card,success,,1,129.26
PAY_18007,2d57d40b75ed,card,success,,1,74.59
PAY_18008,9cd47da97145,card,success,,1,60.17
PAY_18009,be1c9c9c6674,card,success,,1,82.69
PAY_18010,45e3b008c102,card,success,,1,124.31
PAY_18011,b7a356eb88b4,card,success,,1,135.1
PAY_18012,e36ab3582240,card,success,,1,118.87
PAY_18013,bea4eacc8ed1,card,success,,1,140.65
PAY_18014,b3518b99da96,card,success,,1,45.49
PAY_18015,4335b5180404,card,success,,1,43.33
PAY_18016,7aae8aba7d13,card,success,,1,87.0
PAY_18017,c17edce5f55f,card,success,,1,88.69
PAY_18018,15f733234202,card,success,,1,59.27
PAY_18019,7164076f3090,card,success,,1,109.16
PAY_18020,09d245b229fc,card,success,,1,186.15
PAY_18021,0b40431f30e7,card,success,,1,232.76
PAY_18022,a985168de9d5,card,success,,1,278.61
PAY_18023,a114bb8f6f9a,card,success,,1,31.44
PAY_18024,e61f18e0587c,card,success,,1,35.5
PAY_18025,3e77753e93e6,card,success,,1,71.4
PAY_18026,a7cbfb68f8e1,card,success,,1,95.99
PAY_18027,897a871492ea,card,success,,1,74.39
PAY_18028,c087cb912fea,card,success,,1,57.85
PAY_18029,98cf942f051e,card,success,,1,70.56
PAY_18030,64a3c5e2756d,card,success,,1,132.51
PAY_18031,2d154af70d69,card,failed,otp_failed,1,31.07
PAY_18032,046266d3165c,card,failed,otp_failed,1,586.8
PAY_18033,046266d3165c,card,failed,bank_decline,2,586.8
PAY_18034,046266d3165c,card,failed,timeout,3,586.8
PAY_18035,e609caff7e53,card,success,,1,91.54
PAY_18036,30e6d02e12b6,card,success,,1,208.65
PAY_18037,524d0827b859,card,success,,1,56.6
PAY_18038,8ccfacbb7a9a,card,success,,1,142.52
PAY_18039,710bc485cdf8,card,success,,1,97.52
PAY_18040,87737b727afb,card,success,,1,178.65
PAY_18041,8f4a82442e60,card,success,,1,76.79
PAY_18042,d031db0180d3,card,failed,timeout,1,311.45
PAY_18043,d031db0180d3,netbanking,failed,timeout,2,311.45
PAY_18044,d031db0180d3,netbanking,failed,bank_decline,3,311.45
PAY_18045,461c2268f9ac,card,success,,1,27.29
PAY_18046,2444309e8af5,card,success,,1,192.39
PAY_18047,debaa8da8c66,card,success,,1,98.99
PAY_18048,fa5c8981ef0d,card,success,,1,39.86
PAY_18049,b2ff553580b4,card,success,,1,429.08
PAY_18050,cdd06449678c,card,success,,1,395.03
PAY_18051,a7f60cbc5d94,card,success,,1,17.13
PAY_18052,8132c3d7d6d6,card,success,,1,103.69
PAY_18053,8e034bfcdf11,card,success,,1,158.31
PAY_18054,30a5d40f21ee,card,success,,1,128.17
PAY_18055,56ce915c2082,card,success,,1,302.6
PAY_18056,3f8f10f122fb,card,success,,1,256.24
PAY_18057,51ee03ede23e,card,success,,1,111.29
PAY_18058,50c95327c27c,card,failed,bank_decline,1,556.51
PAY_18059,50c95327c27c,card,failed,timeout,2,556.51
PAY_18060,50c95327c27c,card,failed,otp_failed,3,556.51
PAY_18061,50c95327c27c,card,failed,bank_decline,4,556.51
PAY_18062,f2d296f4d1fd,card,success,,1,190.47
PAY_18063,ceb72bb63ccd,card,success,,1,67.96
PAY_18064,48d72f84cd1f,card,success,,1,57.87
PAY_18065,66940004af65,card,success,,1,243.39
PAY_18066,dc2eb2410603,card,success,,1,47.73
PAY_18067,bd41dadd3765,card,failed,bank_decline,1,64.86
PAY_18068,bd41dadd3765,UPI,failed,otp_failed,2,64.86
PAY_18069,bd41dadd3765,UPI,failed,bank_decline,3,64.86
PAY_18070,68258789130d,card,success,,1,74.32
PAY_18071,b7177f93b3ea,card,success,,1,119.64
PAY_18072,fdfc9776212d,card,success,,1,77.11
PAY_18073,7f63c7c9b0cb,card,success,,1,31.39
PAY_18074,828e972ab808,card,success,,1,228.07
PAY_18075,6c058c6abed4,card,success,,1,65.14
PAY_18076,36138c802d11,card,success,,1,453.03
PAY_18077,b2b775bee33c,card,success,,1,114.8
PAY_18078,a5ce5e123488,card,success,,1,248.08
PAY_18079,55de073255fa,card,success,,1,149.11
PAY_18080,8c0f1637fe68,card,success,,1,257.76
PAY_18081,a34b375fc43e,card,success,,1,142.06
PAY_18082,3f8c651c61a1,card,success,,1,108.65
PAY_18083,8d5495c5add8,card,success,,1,215.85
PAY_18084,7a53a7edc0a5,card,success,,1,657.72
PAY_18085,ce56742ba8fb,card,success,,1,170.02
PAY_18086,d98523a32b24,card,success,,1,89.64
PAY_18087,b749b5b41137,card,success,,1,134.94
PAY_18088,c98224d2ec35,card,success,,1,93.1
PAY_18089,737dc04c62bf,card,success,,1,16.02
PAY_18090,6c4841ecb6ce,card,success,,1,76.7
PAY_18091,a34c9f5d04bf,card,success,,1,200.27
PAY_18092,dea42f47abfc,card,success,,1,48.81
PAY_18093,1bac95f2a1bc,card,success,,1,188.06
PAY_18094,0ce97419dd23,card,failed,bank_decline,1,104.26
PAY_18095,a3c8f20486a2,card,success,,1,77.23
PAY_18096,563c473c661a,card,failed,bank_decline,1,185.8
PAY_18097,89821969e657,card,success,,1,155.22
PAY_18098,aee3f2b51c85,card,success,,1,126.02
PAY_18099,6cadc694d0d2,card,success,,1,202.9
PAY_18100,26a72f577003,card,success,,1,105.9
PAY_18101,693f7263998e,card,success,,1,24.15
PAY_18102,d291a31af14b,card,success,,1,66.52
PAY_18103,fefe031c3cd4,card,success,,1,21.25
PAY_18104,ad13a9365a5c,card,success,,1,152.31
PAY_18105,430ead23c219,card,success,,1,184.37
PAY_18106,c46a6e2a0b80,card,success,,1,191.21
PAY_18107,f4e46513bc10,card,success,,1,133.12
PAY_18108,0341e7771302,card,success,,1,195.26
PAY_18109,9fa6720530ba,card,success,,1,25.5
PAY_18110,1fc8b35fe3a3,card,success,,1,82.59
PAY_18111,38cd08dba7e2,card,success,,1,29.02
PAY_18112,39d36c321ae9,card,failed,timeout,1,67.58
PAY_18113,04debd82e99b,card,success,,1,328.0
PAY_18114,7a94817e2cb8,card,success,,1,152.91
PAY_18115,5d70c83c0ec4,card,success,,1,77.84
PAY_18116,177797f4e877,card,success,,1,40.66
PAY_18117,00858c54da79,card,success,,1,104.55
PAY_18118,16e6d4714004,card,success,,1,124.95
PAY_18119,e7cba6f70c69,card,success,,1,25.32
PAY_18120,9cc4a031aff3,card,success,,1,97.87
PAY_18121,2546850145cb,card,success,,1,19.48
PAY_18122,f68bd8274efa,card,success,,1,171.29
PAY_18123,ccc632c292d1,card,success,,1,51.71
PAY_18124,5d529fd6212f,card,success,,1,33.84
PAY_18125,2068571366ba,card,success,,1,173.18
PAY_18126,dab7681f9c7d,card,success,,1,140.82
PAY_18127,155801f49b77,card,success,,1,108.41
PAY_18128,7862fc3bb9b4,card,success,,1,519.76
PAY_18129,3e3c092f160e,card,success,,1,149.61
PAY_18130,f064c392d89a,card,success,,1,53.73
PAY_18131,fc6ac0d936c4,card,success,,1,136.37
PAY_18132,0d2472ad2742,card,success,,1,71.6
PAY_18133,1dc61f0b3138,card,success,,1,247.99
PAY_18134,8dfc7cf7c831,card,success,,1,112.71
PAY_18135,0ff3205cdc15,card,success,,1,121.99
PAY_18136,4b5894342fb7,card,success,,1,28.39
PAY_18137,7da07ce542a9,card,success,,1,94.55
PAY_18138,5e9074309b16,card,success,,1,86.06
PAY_18139,48d955aec979,card,success,,1,39.67
PAY_18140,44ce934db8a2,card,success,,1,75.4
PAY_18141,a174d7ee0ff7,card,success,,1,89.7
PAY_18142,384c1178b422,card,success,,1,29.09
PAY_18143,02a63c16fcd2,card,success,,1,72.34
PAY_18144,36c55917c0d6,card,success,,1,61.9
PAY_18145,1a38ef7fe8a7,card,success,,1,105.09
PAY_18146,5198124a2526,card,success,,1,96.39
PAY_18147,18fcabd5bd7a,card,success,,1,64.76
PAY_18148,be6013185806,card,success,,1,62.77
PAY_18149,ef1f7cdfff93,card,success,,1,94.99
PAY_18150,0f9011ea5428,card,success,,1,194.49
PAY_18151,6359d294cfc1,card,success,,1,112.5
PAY_18152,21daca4d027d,card,success,,1,281.03
PAY_18153,4a3ce5b8d9fd,card,success,,1,222.86
PAY_18154,2dc489677910,card,success,,1,298.08
PAY_18155,9041ba47b232,card,success,,1,269.05
PAY_18156,5bb6707568f1,card,success,,1,314.3
PAY_18157,3c7dc0047db9,card,success,,1,35.78
PAY_18158,5d02eaaa594f,card,success,,1,151.1
PAY_18159,66f90b4a67f5,card,success,,1,238.57
PAY_18160,536ee66115cb,card,success,,1,275.67
PAY_18161,d8e2e2e6f168,card,success,,1,48.59
PAY_18162,eea87e1d0227,card,success,,1,152.31
PAY_18163,f8acf51fcbc9,card,success,,1,95.6
PAY_18164,8eaeb388dfb7,card,failed,timeout,1,394.51
PAY_18165,8eaeb388dfb7,card,failed,timeout,2,394.51
PAY_18166,8eaeb388dfb7,card,failed,bank_decline,3,394.51
PAY_18167,557572da702a,card,success,,1,29.67
PAY_18168,89f0d8b912a0,card,success,,1,48.65
PAY_18169,579fe67f9cdd,card,success,,1,21.15
PAY_18170,72d5c4353c13,card,success,,1,101.06
PAY_18171,a63572bc4022,card,success,,1,550.64
PAY_18172,3335e9514f27,card,success,,1,86.88
PAY_18173,13c95935a43a,card,success,,1,97.6
PAY_18174,1537b15ea625,card,success,,1,139.8
PAY_18175,af7ad6d0196c,card,success,,1,82.02
PAY_18176,a4b4902c55a8,card,success,,1,120.64
PAY_18177,9004bbc617e4,card,success,,1,123.2
PAY_18178,701ffb57b80e,card,success,,1,83.49
PAY_18179,3180cab0bfbd,card,success,,1,162.97
PAY_18180,472eb8771a48,card,failed,bank_decline,1,189.21
PAY_18181,472eb8771a48,card,failed,timeout,2,189.21
PAY_18182,472eb8771a48,card,failed,timeout,3,189.21
PAY_18183,472eb8771a48,card,failed,otp_failed,4,189.21
PAY_18184,766f06fd45ab,card,success,,1,254.37
PAY_18185,18bfee5c0a33,card,success,,1,117.72
PAY_18186,40ff08b79c22,card,failed,timeout,1,119.66
PAY_18187,40ff08b79c22,card,failed,bank_decline,2,119.66
PAY_18188,40ff08b79c22,card,failed,bank_decline,3,119.66
PAY_18189,40ff08b79c22,card,failed,timeout,4,119.66
PAY_18190,0c885b831e36,card,success,,1,164.05
PAY_18191,bb458cd7320c,card,success,,1,55.93
PAY_18192,f8ca3bae887f,card,success,,1,54.13
PAY_18193,62171ac07286,card,success,,1,81.46
PAY_18194,1dcaabed2078,card,success,,1,32.46
PAY_18195,5cd56b8f157d,card,success,,1,124.65
PAY_18196,1b7fe0acfdc2,card,success,,1,208.36
PAY_18197,89c3f7fdc9db,card,success,,1,51.01
PAY_18198,18f19d75c37b,card,success,,1,127.5
PAY_18199,e97808ed4505,card,success,,1,54.42
PAY_18200,819f6adda3e3,card,success,,1,39.91
PAY_18201,35bcfc71bd8c,card,success,,1,466.12
PAY_18202,e759b6ac7d8b,card,success,,1,40.38
PAY_18203,766aba633535,card,success,,1,32.35
PAY_18204,20decfb126cd,card,success,,1,106.89
PAY_18205,8aba4ba7603a,card,failed,bank_decline,1,111.59
PAY_18206,8aba4ba7603a,UPI,failed,bank_decline,2,111.59
PAY_18207,8aba4ba7603a,UPI,failed,bank_decline,3,111.59
PAY_18208,0b7d8a7aed41,card,success,,1,153.51
PAY_18209,ba0511b57280,card,success,,1,446.3
PAY_18210,ecac5e3cda74,card,success,,1,56.67
PAY_18211,ce10cbc6d1ce,card,success,,1,326.05
PAY_18212,80bcb948997d,card,success,,1,190.81
PAY_18213,654e88558a33,card,success,,1,170.73
PAY_18214,d2e9199cda25,card,success,,1,56.15
PAY_18215,ea03af30f692,card,success,,1,221.56
PAY_18216,177c9aadbe29,card,success,,1,171.15
PAY_18217,468c8025938b,card,success,,1,104.76
PAY_18218,bfb3ecb0078e,card,success,,1,56.38
PAY_18219,ebd64788bc02,card,success,,1,98.04
PAY_18220,f478ff0ab009,card,success,,1,336.56
PAY_18221,e080425a105f,card,success,,1,37.52
PAY_18222,4b41dc261c65,card,success,,1,47.47
PAY_18223,c250aff93828,card,failed,timeout,1,54.48
PAY_18224,c250aff93828,card,failed,otp_failed,2,54.48
PAY_18225,c04b32b513fb,card,success,,1,64.8
PAY_18226,3e762e78a018,card,success,,1,88.89
PAY_18227,2642cd538d4a,card,success,,1,193.81
PAY_18228,c3dea60c8de3,card,failed,otp_failed,1,130.21
PAY_18229,e5707d1174c5,card,success,,1,94.51
PAY_18230,0fbbcd6d0937,card,success,,1,112.35
PAY_18231,c1bd613ea773,card,success,,1,148.29
PAY_18232,e5a397e63ed4,card,success,,1,23.44
PAY_18233,36f8d6b278cf,card,success,,1,212.14
PAY_18234,c8d548c24416,card,success,,1,46.47
PAY_18235,4c2106041c0a,card,success,,1,63.13
PAY_18236,7690c1b77cd2,card,success,,1,118.2
PAY_18237,6dc3aa5995af,card,failed,otp_failed,1,84.75
PAY_18238,6dc3aa5995af,card,failed,otp_failed,2,84.75
PAY_18239,6dc3aa5995af,card,failed,bank_decline,3,84.75
PAY_18240,6dc3aa5995af,card,failed,timeout,4,84.75
PAY_18241,adfb743efe3e,card,success,,1,132.89
PAY_18242,10bf6af30de8,card,success,,1,100.83
PAY_18243,53207f3f9e35,card,success,,1,71.42
PAY_18244,b0f19c111252,card,success,,1,305.82
PAY_18245,4ccab88c91d5,card,success,,1,158.61
PAY_18246,3230745b07b3,card,success,,1,114.63
PAY_18247,6e76a049bcb4,card,success,,1,156.65
PAY_18248,4c390cdd852a,card,success,,1,51.2
PAY_18249,38e1dfc2368f,card,success,,1,512.76
PAY_18250,895140673c30,card,success,,1,37.71
PAY_18251,a5eb5815c7ff,card,success,,1,98.55
PAY_18252,1b6c8621066b,card,success,,1,71.58
PAY_18253,8bc1e4660ed4,card,success,,1,69.44
PAY_18254,4cf4b936fc0a,card,success,,1,62.59
PAY_18255,bf37456e896d,card,success,,1,48.55
PAY_18256,9b7c051a7c08,card,success,,1,232.92
PAY_18257,6eea686f6fc0,card,success,,1,34.34
PAY_18258,946dc10f21bd,card,success,,1,197.72
PAY_18259,f79d0ef467ab,card,success,,1,151.23
PAY_18260,f7d240a50fc8,card,success,,1,66.37
PAY_18261,d84f14869643,card,success,,1,137.84
PAY_18262,9b7e94b0ea99,card,success,,1,79.34
PAY_18263,493059843347,card,success,,1,37.31
PAY_18264,52ed0058cf3b,card,success,,1,37.62
PAY_18265,7f89524e5adb,card,success,,1,152.07
PAY_18266,63b239e65735,card,success,,1,145.89
PAY_18267,5671b6d111ce,card,success,,1,65.81
PAY_18268,85838c4280e5,card,success,,1,77.3
PAY_18269,8ab1baa81e2e,card,success,,1,69.38
PAY_18270,0c2c38943045,card,success,,1,22.25
PAY_18271,7b56ac7e2efb,card,success,,1,94.54
PAY_18272,5f7206274747,card,success,,1,136.72
PAY_18273,c26cd8456b2e,card,success,,1,95.02
PAY_18274,9a97147c6e62,card,success,,1,370.67
PAY_18275,626f8ad454e0,card,success,,1,40.3
PAY_18276,34ac699313c4,card,success,,1,53.04
PAY_18277,a646e8304b20,card,success,,1,100.12
PAY_18278,6ae32498284a,card,success,,1,109.4
PAY_18279,ed13bdde928a,card,success,,1,19.67
PAY_18280,a09755148fa3,card,success,,1,145.79
PAY_18281,053e83199dc0,card,success,,1,109.8
PAY_18282,9cba74452da8,card,success,,1,16.52
PAY_18283,bcc79f3b2973,card,success,,1,81.99
PAY_18284,5b7e12c29b89,card,success,,1,47.14
PAY_18285,ad70cb202905,card,success,,1,62.64
PAY_18286,fb4ab4eccb3b,card,success,,1,30.86
PAY_18287,039602b7e999,card,success,,1,125.58
PAY_18288,0b2f0c253a5d,card,success,,1,368.49
PAY_18289,6a197ad5e719,card,success,,1,111.28
PAY_18290,13f7f5285057,card,success,,1,16.0
PAY_18291,b2a7916a224b,card,success,,1,77.04
PAY_18292,efb472e1d5bf,card,success,,1,37.31
PAY_18293,571c13ce6c5f,card,success,,1,119.45
PAY_18294,74c9f58a6aca,card,success,,1,181.96
PAY_18295,72bd310415a5,card,success,,1,52.73
PAY_18296,d62fb8f01249,card,success,,1,24.17
PAY_18297,4ba4d13e5ea3,card,success,,1,18.01
PAY_18298,61c226ac6e3e,card,success,,1,52.85
PAY_18299,c8c4470d6fad,card,success,,1,79.49
PAY_18300,054ba1043043,card,success,,1,59.57
PAY_18301,800cddf5e8df,card,success,,1,52.11
PAY_18302,ee4179d4b764,card,success,,1,141.79
PAY_18303,ece058d8eb3e,card,success,,1,130.35
PAY_18304,02a9b29b46bd,card,success,,1,105.6
PAY_18305,120f8c2824b2,card,success,,1,172.98
PAY_18306,13a6e5f376aa,card,success,,1,53.25
PAY_18307,1671fd5bb65e,card,success,,1,37.5
PAY_18308,68ce53384382,card,success,,1,59.27
PAY_18309,00cab9f2738b,card,success,,1,56.09
PAY_18310,f95283060d85,card,success,,1,17.44
PAY_18311,8bc38beec246,card,success,,1,58.18
PAY_18312,15872303762f,card,success,,1,217.87
PAY_18313,6e48c75dc769,card,success,,1,137.02
PAY_18314,83b501ca91cf,card,success,,1,100.01
PAY_18315,3eb72b5d53bf,card,success,,1,286.9
PAY_18316,32af988035c9,card,success,,1,38.55
PAY_18317,6b6de19008c5,card,success,,1,41.6
PAY_18318,5e8ce89e6b40,card,success,,1,221.28
PAY_18319,18ff6d5f6b40,card,success,,1,92.03
PAY_18320,31ef355bae49,card,success,,1,52.62
PAY_18321,1cfc3d115707,card,success,,1,139.99
PAY_18322,1d021fa93cb0,card,success,,1,63.38
PAY_18323,338901749adf,card,success,,1,46.06
PAY_18324,03eed67a751d,card,success,,1,45.05
PAY_18325,dab8d84f59f8,card,success,,1,116.42
PAY_18326,61b62bdf01d7,card,success,,1,106.13
PAY_18327,5de9961eafbc,card,success,,1,302.9
PAY_18328,cba490b239b1,card,success,,1,71.37
PAY_18329,9b455ba80114,card,success,,1,70.41
PAY_18330,adeb9ec6fc41,card,success,,1,284.78
PAY_18331,2aa3286a4b23,card,success,,1,198.05
PAY_18332,a75a7ab6658d,card,success,,1,101.08
PAY_18333,b0ab6ae7d9e7,card,success,,1,25.82
PAY_18334,55d2929e6e6f,card,success,,1,47.02
PAY_18335,2ffd84f502fb,card,success,,1,38.73
PAY_18336,4fa43b818cb9,card,failed,otp_failed,1,92.68
PAY_18337,056cf47ab6bb,card,success,,1,59.94
PAY_18338,a90084f286e8,card,success,,1,324.51
PAY_18339,647798b4909d,card,success,,1,25.61
PAY_18340,800411b696b4,card,success,,1,35.55
PAY_18341,445cf18da439,card,success,,1,109.48
PAY_18342,a88649682571,card,failed,bank_decline,1,11.36
PAY_18343,a88649682571,card,failed,bank_decline,2,11.36
PAY_18344,a24cfe53d5ab,card,failed,bank_decline,1,22.46
PAY_18345,a24cfe53d5ab,card,failed,timeout,2,22.46
PAY_18346,a24cfe53d5ab,card,failed,bank_decline,3,22.46
PAY_18347,a24cfe53d5ab,card,failed,bank_decline,4,22.46
PAY_18348,591bd066a94a,card,success,,1,72.9
PAY_18349,b054fcbcbe47,card,success,,1,266.36
PAY_18350,e3fae8414c39,card,failed,timeout,1,407.57
PAY_18351,e3fae8414c39,card,failed,timeout,2,407.57
PAY_18352,92b819f98eda,card,success,,1,64.61
PAY_18353,d50ad31638c7,card,success,,1,78.53
PAY_18354,2240df6e1e7a,card,success,,1,46.09
PAY_18355,1341b447be28,card,success,,1,149.39
PAY_18356,54c708a21d7f,card,success,,1,305.77
PAY_18357,5f39a2ddad7c,card,success,,1,245.87
PAY_18358,82e9016f8e81,card,success,,1,87.95
PAY_18359,c30b48542487,card,success,,1,46.02
PAY_18360,f75be05c2359,card,success,,1,90.61
PAY_18361,a29c97210da9,card,success,,1,271.68
PAY_18362,8e98675ae9d2,card,success,,1,65.34
PAY_18363,4c91a1147423,card,success,,1,21.07
PAY_18364,c8218799a85a,card,success,,1,67.49
PAY_18365,7202e85f02a4,card,success,,1,72.01
PAY_18366,62f308c99141,card,success,,1,20.97
PAY_18367,674899357433,card,success,,1,108.38
PAY_18368,f89ead9e5f61,card,success,,1,134.94
PAY_18369,d7bf0b7f6b98,card,success,,1,398.58
PAY_18370,1de4e78bcb52,card,success,,1,31.0
PAY_18371,c2913cd6afc3,card,success,,1,161.49
PAY_18372,b642d0ec75ec,card,success,,1,195.09
PAY_18373,6ac769fd7fbf,card,success,,1,136.41
PAY_18374,15f725b145a3,card,success,,1,40.23
PAY_18375,0061814216ae,card,success,,1,97.3
PAY_18376,153fe3d83979,card,success,,1,96.75
PAY_18377,d752ccffc8cd,card,success,,1,57.54
PAY_18378,92c48cd6db65,card,success,,1,252.98
PAY_18379,c0554eb118c6,card,failed,otp_failed,1,65.33
PAY_18380,c0554eb118c6,netbanking,failed,otp_failed,2,65.33
PAY_18381,c0554eb118c6,netbanking,failed,otp_failed,3,65.33
PAY_18382,c0554eb118c6,netbanking,failed,bank_decline,4,65.33
PAY_18383,8c06b5cce9af,card,success,,1,19.79
PAY_18384,8a1999171fa9,card,success,,1,75.25
PAY_18385,7dbb3e00c82b,card,failed,otp_failed,1,132.19
PAY_18386,7dbb3e00c82b,netbanking,failed,timeout,2,132.19
PAY_18387,7dbb3e00c82b,netbanking,failed,timeout,3,132.19
PAY_18388,7dbb3e00c82b,netbanking,failed,bank_decline,4,132.19
PAY_18389,f5ebffab09f3,card,success,,1,118.34
PAY_18390,55c17f78b2ee,card,success,,1,117.61
PAY_18391,9a43c8c8c1a2,card,success,,1,297.43
PAY_18392,1952c9279acf,card,success,,1,36.9
PAY_18393,c975d5c10231,card,success,,1,64.14
PAY_18394,0f4e9d4a4f05,card,success,,1,309.84
PAY_18395,917296c83161,card,success,,1,18.66
PAY_18396,58453aef1db7,card,success,,1,86.23
PAY_18397,ede181300e2a,card,success,,1,240.6
PAY_18398,987fa6c78fd3,card,success,,1,237.75
PAY_18399,9be308302b97,card,success,,1,152.64
PAY_18400,34abfc91ceee,card,success,,1,155.77
PAY_18401,f67342deb608,card,success,,1,39.14
PAY_18402,c3d18bd77fd0,card,success,,1,270.03
PAY_18403,d032c7678f54,card,success,,1,34.47
PAY_18404,3a989648a960,card,success,,1,36.15
PAY_18405,b73c621a765a,card,success,,1,122.77
PAY_18406,eca07a782661,card,success,,1,60.68
PAY_18407,6456d37efbbc,card,success,,1,106.2
PAY_18408,bb9cb244ff13,card,success,,1,127.05
PAY_18409,80f185ec46b2,card,success,,1,373.34
PAY_18410,ccb2c78cd8eb,card,success,,1,127.36
PAY_18411,caee58bcef99,card,success,,1,54.88
PAY_18412,ee872ee2fc88,card,success,,1,154.65
PAY_18413,aecd9164e87c,card,success,,1,46.27
PAY_18414,00a17913c3e0,card,success,,1,186.89
PAY_18415,30ae10215fa4,card,success,,1,124.02
PAY_18416,11cb83d0a0cb,card,success,,1,21.66
PAY_18417,b4a20b0ef031,card,success,,1,14.87
PAY_18418,cd3811ac3954,card,success,,1,27.08
PAY_18419,ac09e5a0f8e6,card,success,,1,363.8
PAY_18420,a2800fb7d0d5,card,success,,1,35.93
PAY_18421,37c865292a32,card,success,,1,161.72
PAY_18422,0bfdbe5bf4a8,card,success,,1,53.86
PAY_18423,e2edb6768ffd,card,success,,1,74.29
PAY_18424,0d217614a74d,card,success,,1,86.85
PAY_18425,d7bad0e143b3,card,success,,1,335.3
PAY_18426,85a4eb81761e,card,success,,1,143.68
PAY_18427,e436948e0727,card,success,,1,122.49
PAY_18428,e8f715f84386,card,success,,1,254.01
PAY_18429,147c9dfcdd68,card,success,,1,54.24
PAY_18430,d541bdff161d,card,success,,1,211.6
PAY_18431,a0a025a708cf,card,success,,1,185.13
PAY_18432,ed994cfd228d,card,success,,1,183.45
PAY_18433,61aba65acebf,card,success,,1,63.44
PAY_18434,a5fd63356805,card,success,,1,44.89
PAY_18435,8bf518cf0886,card,success,,1,47.19
PAY_18436,d1ed745ca697,card,success,,1,43.22
PAY_18437,51910d2f1d3f,card,success,,1,120.72
PAY_18438,2e572228ace5,card,success,,1,74.99
PAY_18439,00aff04bb4fd,card,success,,1,127.12
PAY_18440,5264fe968e4f,card,success,,1,132.99
PAY_18441,ded856c945e6,card,success,,1,38.56
PAY_18442,ec4ebe6c5b5e,card,success,,1,37.64
PAY_18443,cc26455d1a13,card,success,,1,74.97
PAY_18444,40281a3fc984,card,success,,1,48.42
PAY_18445,03e11c9ee658,card,success,,1,44.51
PAY_18446,afc02cff90f4,card,success,,1,349.52
PAY_18447,8a315d1269ed,card,success,,1,26.4
PAY_18448,88fb8ffd6b70,card,success,,1,454.16
PAY_18449,096b7088f373,card,success,,1,113.42
PAY_18450,5394d07f895c,card,success,,1,180.31
PAY_18451,435ee2af86ed,card,success,,1,147.46
PAY_18452,57f41b43b0db,card,success,,1,340.18
PAY_18453,b4c8f99523d4,card,success,,1,37.87
PAY_18454,1a99e53bf820,card,success,,1,79.43
PAY_18455,a92886109462,card,success,,1,45.5
PAY_18456,bc28787a513e,card,success,,1,23.18
PAY_18457,799fe5622772,card,success,,1,53.04
PAY_18458,f2442d95a0d8,card,success,,1,402.64
PAY_18459,9cd7802a4d93,card,success,,1,78.35
PAY_18460,c735af38fc35,card,success,,1,440.02
PAY_18461,6327d8fa1826,card,success,,1,477.55
PAY_18462,0fb99a11cf66,card,success,,1,988.42
PAY_18463,1ea05cde4add,card,success,,1,413.39
PAY_18464,0e42a8777c91,card,success,,1,593.78
PAY_18465,719f6f90b742,card,success,,1,116.76
PAY_18466,c0886b7b6a9b,card,success,,1,108.06
PAY_18467,c9bfb697f023,card,success,,1,90.02
PAY_18468,d17651a3dbcd,card,success,,1,101.47
PAY_18469,b9ec105fcb1a,card,success,,1,62.01
PAY_18470,5723b15cb0e6,card,success,,1,29.9
PAY_18471,9c56eed273c0,card,success,,1,120.41
PAY_18472,03a6bd6aba01,card,success,,1,51.72
PAY_18473,97bcbc3a9258,card,success,,1,56.18
PAY_18474,a478c023a9d6,card,success,,1,80.3
PAY_18475,ff3b819b539a,card,failed,timeout,1,66.84
PAY_18476,ff3b819b539a,card,failed,bank_decline,2,66.84
PAY_18477,ff3b819b539a,card,failed,bank_decline,3,66.84
PAY_18478,ba403d6f96c5,card,success,,1,218.77
PAY_18479,b243a41decb1,card,success,,1,78.78
PAY_18480,b4241527284e,card,success,,1,227.78
PAY_18481,b09e5c7eb30b,card,success,,1,106.15
PAY_18482,70f2a1c1eaf5,card,success,,1,83.86
PAY_18483,9134eb81f8b8,card,success,,1,102.16
PAY_18484,9a9bc2a5b459,card,success,,1,32.03
PAY_18485,8704ed0b5abd,card,success,,1,117.97
PAY_18486,3e33ee668c14,card,success,,1,177.57
PAY_18487,19e0a94e2dca,card,success,,1,198.88
PAY_18488,bc8ac7b9594b,card,success,,1,30.52
PAY_18489,4453bd857a09,card,success,,1,26.7
PAY_18490,7d7ab6327dea,card,success,,1,58.59
PAY_18491,2748f859ed23,card,failed,timeout,1,272.52
PAY_18492,2748f859ed23,netbanking,failed,timeout,2,272.52
PAY_18493,8e10e6e85838,card,success,,1,107.42
PAY_18494,74227c78eeee,card,success,,1,48.44
PAY_18495,3a7550e58473,card,success,,1,52.08
PAY_18496,ef7a70a10068,card,success,,1,49.34
PAY_18497,71935dc94da3,card,success,,1,190.28
PAY_18498,ec076768be36,card,success,,1,202.36
PAY_18499,e28272981640,card,success,,1,38.86
PAY_18500,667ca3069bbc,card,success,,1,164.44
PAY_18501,34b14c5037e9,card,success,,1,151.5
PAY_18502,fc0d865ee5ad,card,success,,1,35.03
PAY_18503,64e172684d2c,card,success,,1,84.18
PAY_18504,41d99d3572d0,card,success,,1,118.23
PAY_18505,cd72bbfd8356,card,success,,1,102.57
PAY_18506,dc5d5083b20a,card,success,,1,22.91
PAY_18507,7754aac5a2cb,card,success,,1,99.98
PAY_18508,7e593d6a6af8,card,failed,timeout,1,149.76
PAY_18509,7e593d6a6af8,card,failed,otp_failed,2,149.76
PAY_18510,4e1807c42a30,card,success,,1,318.52
PAY_18511,540f287c7210,card,success,,1,52.72
PAY_18512,a4539522f99a,card,success,,1,58.19
PAY_18513,4b82cbc5f4d5,card,success,,1,76.17
PAY_18514,6fab054fa49b,card,success,,1,113.63
PAY_18515,7074e258d67b,card,success,,1,97.28
PAY_18516,0e6dc2fcc002,card,success,,1,145.98
PAY_18517,81ae40b2b10a,card,success,,1,36.59
PAY_18518,3169173b09bf,card,success,,1,123.65
PAY_18519,db00bd8a9167,card,success,,1,49.71
PAY_18520,0a6859947e66,card,success,,1,80.26
PAY_18521,233d5cc5bbfd,card,success,,1,352.98
PAY_18522,dad00661298d,card,success,,1,29.41
PAY_18523,78722cb95740,card,success,,1,71.98
PAY_18524,c3262399dddd,card,success,,1,32.47
PAY_18525,2fe147821209,card,success,,1,101.74
PAY_18526,4682573cc6aa,card,success,,1,208.22
PAY_18527,50731930bc2d,card,success,,1,103.1
PAY_18528,87fd5c1b4048,card,success,,1,260.53
PAY_18529,6f95be51a6f1,card,success,,1,117.26
PAY_18530,80592cede13b,card,success,,1,173.41
PAY_18531,366801b75672,card,success,,1,159.53
PAY_18532,fc17823473dc,card,success,,1,9.02
PAY_18533,14d1bc54648f,card,success,,1,84.66
PAY_18534,add08bfc9618,card,success,,1,38.0
PAY_18535,833a5ffa6c70,card,failed,bank_decline,1,46.37
PAY_18536,833a5ffa6c70,netbanking,failed,timeout,2,46.37
PAY_18537,a918bc656dc3,card,success,,1,292.85
PAY_18538,e1841dde2ecc,card,failed,timeout,1,66.7
PAY_18539,e1841dde2ecc,card,failed,bank_decline,2,66.7
PAY_18540,e1841dde2ecc,card,failed,timeout,3,66.7
PAY_18541,e1841dde2ecc,card,failed,bank_decline,4,66.7
PAY_18542,f0b5bacfe9d3,card,success,,1,409.14
PAY_18543,e591bf8850b7,card,success,,1,29.19
PAY_18544,cdaf9dbb85cc,card,success,,1,37.83
PAY_18545,d45a2e11cafb,card,success,,1,165.65
PAY_18546,badebaf29630,card,success,,1,68.5
PAY_18547,f882c86f9607,card,success,,1,115.11
PAY_18548,71014bc354b9,card,success,,1,82.28
PAY_18549,8c575b8b72f5,card,success,,1,70.57
PAY_18550,b48e19390f1e,card,success,,1,103.92
PAY_18551,b522a449841c,card,success,,1,150.4
PAY_18552,57d2681fffc8,card,success,,1,327.52
PAY_18553,f46cc17d7d59,card,success,,1,76.55
PAY_18554,604177342b83,card,success,,1,65.7
PAY_18555,9c8c6905328f,card,success,,1,59.27
PAY_18556,e8c474d1498d,card,success,,1,291.73
PAY_18557,7f1484145838,card,success,,1,156.38
PAY_18558,ef4ef25f7ccc,card,success,,1,19.7
PAY_18559,c00d1be8d53c,card,success,,1,19.02
PAY_18560,05294298d219,card,success,,1,46.34
PAY_18561,7aa5d966ba59,card,failed,otp_failed,1,87.64
PAY_18562,7aa5d966ba59,card,failed,otp_failed,2,87.64
PAY_18563,c93f14ac506e,card,success,,1,135.89
PAY_18564,54a2268bc6c1,card,success,,1,78.23
PAY_18565,4fdf8fbc28b9,card,success,,1,275.32
PAY_18566,bd523339ee8f,card,success,,1,166.95
PAY_18567,420385342b37,card,success,,1,95.78
PAY_18568,a98dd6e90f8c,card,success,,1,225.04
PAY_18569,4ab510f5e3dd,card,success,,1,24.07
PAY_18570,01a92a0504ce,card,success,,1,84.09
PAY_18571,86853160ec15,card,success,,1,100.49
PAY_18572,cb38b0881fae,card,failed,timeout,1,145.71
PAY_18573,cb38b0881fae,card,failed,timeout,2,145.71
PAY_18574,cb38b0881fae,card,failed,bank_decline,3,145.71
PAY_18575,cb38b0881fae,card,failed,bank_decline,4,145.71
PAY_18576,e5e722f0850b,card,success,,1,22.83
PAY_18577,3c41ffbe4fc6,card,success,,1,73.09
PAY_18578,5f59bb8de774,card,failed,bank_decline,1,131.86
PAY_18579,5f59bb8de774,card,failed,otp_failed,2,131.86
PAY_18580,fee5ea52b17a,card,success,,1,232.5
PAY_18581,88875a6588e0,card,success,,1,165.54
PAY_18582,36ea25a7c452,card,success,,1,85.74
PAY_18583,b114ae7e0bb7,card,success,,1,154.47
PAY_18584,24ff2c69691e,card,success,,1,76.62
PAY_18585,ef07cbc71a7f,card,success,,1,101.23
PAY_18586,783d813e8ae9,card,failed,timeout,1,170.01
PAY_18587,42c5454dca0c,card,success,,1,86.81
PAY_18588,45d46dac20f1,card,success,,1,120.25
PAY_18589,948d86bd7009,card,success,,1,194.23
PAY_18590,3fd7b7536a6d,card,success,,1,159.13
PAY_18591,ab5b44ca493b,card,success,,1,241.48
PAY_18592,a1cc250ae273,card,success,,1,157.96
PAY_18593,90e9b110b36b,card,success,,1,62.24
PAY_18594,08963c7b67b5,card,success,,1,135.57
PAY_18595,1140c6f62897,card,success,,1,130.98
PAY_18596,f199dc4513e6,card,success,,1,147.06
PAY_18597,8a41b09f5e49,card,success,,1,297.68
PAY_18598,596a8f0dae0d,card,success,,1,23.4
PAY_18599,0f85ff9ab44d,card,success,,1,302.19
PAY_18600,463f84d6b3b8,card,success,,1,395.57
PAY_18601,05eaf247e1a9,card,success,,1,141.81
PAY_18602,c2789bef5e7d,card,success,,1,144.56
PAY_18603,17689c3e9f1d,card,success,,1,74.19
PAY_18604,99be5869ac8e,card,success,,1,90.47
PAY_18605,291c9de45a9f,card,failed,timeout,1,157.33
PAY_18606,291c9de45a9f,card,failed,bank_decline,2,157.33
PAY_18607,291c9de45a9f,card,failed,timeout,3,157.33
PAY_18608,291c9de45a9f,card,failed,bank_decline,4,157.33
PAY_18609,3ba0c09a30d3,card,success,,1,149.43
PAY_18610,ce502be8ebfe,card,success,,1,160.22
PAY_18611,ded0e8c31f06,card,success,,1,148.61
PAY_18612,a5b2e975002c,card,success,,1,184.7
PAY_18613,c93d8bfcde61,card,success,,1,168.9
PAY_18614,960463a0ca47,card,success,,1,39.67
PAY_18615,a8df0d85ef04,card,success,,1,175.18
PAY_18616,8b57470199c1,card,success,,1,398.17
PAY_18617,3bcd9b5afd61,card,success,,1,88.12
PAY_18618,2049ec62c335,card,success,,1,298.74
PAY_18619,4f0fe4fa4c64,card,success,,1,43.21
PAY_18620,f42fe8ed1925,card,success,,1,87.9
PAY_18621,d0d1265b1fff,card,success,,1,53.9
PAY_18622,108a60cf4565,card,success,,1,271.34
PAY_18623,46ae6b178447,card,failed,otp_failed,1,334.41
PAY_18624,46ae6b178447,card,failed,bank_decline,2,334.41
PAY_18625,46ae6b178447,card,failed,otp_failed,3,334.41
PAY_18626,bf8ba094f175,card,success,,1,83.15
PAY_18627,d923813fae6a,card,success,,1,229.72
PAY_18628,04ca8fe21a54,card,success,,1,337.14
PAY_18629,b1728e58e69f,card,success,,1,87.68
PAY_18630,f91a98afcfac,card,success,,1,99.86
PAY_18631,bbcc26ed3f3e,card,success,,1,161.89
PAY_18632,8668879ef152,card,success,,1,45.88
PAY_18633,1ed680758708,card,failed,timeout,1,98.31
PAY_18634,1ed680758708,card,failed,bank_decline,2,98.31
PAY_18635,1ed680758708,card,failed,otp_failed,3,98.31
PAY_18636,1124a0f424c6,card,success,,1,499.81
PAY_18637,4fd8cd618a46,card,success,,1,60.34
PAY_18638,d7283b9b6621,card,success,,1,178.23
PAY_18639,70f39fad4e83,card,success,,1,136.87
PAY_18640,157655c7250d,card,success,,1,78.96
PAY_18641,6308bc4f6aaa,card,success,,1,107.48
PAY_18642,f283da747142,card,success,,1,365.8
PAY_18643,2a2b382f8bf1,card,success,,1,140.17
PAY_18644,a53008de41a8,card,success,,1,158.83
PAY_18645,45940ee678ad,card,success,,1,323.98
PAY_18646,2e73564c2df5,card,success,,1,71.41
PAY_18647,6e18c76f3542,card,success,,1,38.96
PAY_18648,eca8326b333e,card,success,,1,370.43
PAY_18649,b4ca243a9f78,card,success,,1,183.99
PAY_18650,9feda992a5e4,card,success,,1,48.92
PAY_18651,da4f224fa261,card,success,,1,122.83
PAY_18652,656eddf74871,card,failed,otp_failed,1,37.43
PAY_18653,656eddf74871,card,failed,bank_decline,2,37.43
PAY_18654,656eddf74871,card,failed,timeout,3,37.43
PAY_18655,f64ccba7ec70,card,success,,1,94.73
PAY_18656,8bdd66f964fa,card,success,,1,53.61
PAY_18657,f1f2766969b8,card,success,,1,44.61
PAY_18658,f94c2ad35e1c,card,success,,1,70.63
PAY_18659,d231c2cace82,card,success,,1,14.37
PAY_18660,bf4e9b94a144,card,success,,1,35.59
PAY_18661,994417adb8d8,card,success,,1,168.33
PAY_18662,b11904f15b47,card,success,,1,118.88
PAY_18663,db23d48c2c48,card,success,,1,38.12
PAY_18664,70dd815fe2ed,card,success,,1,139.53
PAY_18665,8ff6c0a62bb9,card,success,,1,44.59
PAY_18666,27fae49469cd,card,failed,timeout,1,160.38
PAY_18667,27fae49469cd,card,failed,timeout,2,160.38
PAY_18668,f4c41611f758,card,success,,1,69.4
PAY_18669,845f84026e7a,card,success,,1,697.58
PAY_18670,327126ced72a,card,success,,1,49.06
PAY_18671,17d0a7c52f4e,card,success,,1,107.9
PAY_18672,ca451648d4c5,card,success,,1,168.19
PAY_18673,e4ee6b223cd4,card,success,,1,41.68
PAY_18674,93196485e933,card,success,,1,25.14
PAY_18675,0d9bfa68d910,card,success,,1,55.65
PAY_18676,36d89ff5de8e,card,success,,1,165.27
PAY_18677,66271dda15ef,card,success,,1,68.47
PAY_18678,8e1a3a6a472c,card,success,,1,74.82
PAY_18679,6c6500978208,card,success,,1,186.53
PAY_18680,509f25f0f57a,card,success,,1,47.23
PAY_18681,ada593eee32c,card,success,,1,83.85
PAY_18682,b6cd4c68c906,card,success,,1,26.81
PAY_18683,12ef885b349a,card,success,,1,116.35
PAY_18684,274931b90d95,card,success,,1,108.16
PAY_18685,5e751fd8f1a5,card,success,,1,170.11
PAY_18686,00cf94602d25,card,success,,1,36.01
PAY_18687,a30a13d13f56,card,success,,1,32.37
PAY_18688,bd3f3d28a513,card,success,,1,73.93
PAY_18689,a51c579943be,card,success,,1,294.54
PAY_18690,17a8c0642057,card,success,,1,69.64
PAY_18691,e47884ce3158,card,success,,1,30.18
PAY_18692,fbb6cdfa36f2,card,success,,1,52.25
PAY_18693,065861a820c2,card,success,,1,24.81
PAY_18694,472a038562e7,card,success,,1,31.92
PAY_18695,b5e8e95b7ada,card,success,,1,153.97
PAY_18696,c1926eeda8e6,card,success,,1,28.3
PAY_18697,dc848282e798,card,success,,1,115.57
PAY_18698,d767bd55e6f5,card,failed,timeout,1,91.89
PAY_18699,d767bd55e6f5,card,failed,bank_decline,2,91.89
PAY_18700,d767bd55e6f5,card,failed,timeout,3,91.89
PAY_18701,5d395a254749,card,success,,1,58.84
PAY_18702,efb1c79e3eff,card,success,,1,107.97
PAY_18703,d0cf5845e6d7,card,success,,1,42.52
PAY_18704,0c294f66c1e3,card,success,,1,176.39
PAY_18705,5783ac3a930c,card,success,,1,51.49
PAY_18706,d08992f0e833,card,success,,1,66.08
PAY_18707,80b5a7cb17a2,card,success,,1,60.08
PAY_18708,50f7c2fe9f11,card,success,,1,156.27
PAY_18709,bcc8a1bea2ec,card,success,,1,139.15
PAY_18710,7b15fec675aa,card,success,,1,110.32
PAY_18711,29e6235f3568,card,success,,1,22.29
PAY_18712,6cfb9b919288,card,success,,1,68.51
PAY_18713,2616debfaec3,card,success,,1,82.55
PAY_18714,fc61a3524aaf,card,success,,1,67.92
PAY_18715,6677d4aefa7c,card,failed,timeout,1,160.14
PAY_18716,2ea89f8cb1f1,card,success,,1,48.48
PAY_18717,103f5c590c11,card,success,,1,47.09
PAY_18718,b36368db57d9,card,success,,1,87.46
PAY_18719,cdf8ff4370d2,card,success,,1,26.18
PAY_18720,ae3fc06f591f,card,success,,1,61.46
PAY_18721,045739fb14ab,card,success,,1,264.66
PAY_18722,00b9f27597d5,card,success,,1,26.98
PAY_18723,5ecb5be02406,card,success,,1,68.57
PAY_18724,4dc2c3b037c8,card,success,,1,56.05
PAY_18725,2371f0c34fd0,card,success,,1,447.74
PAY_18726,5317f668643f,card,success,,1,58.54
PAY_18727,d5d8a0bd90fa,card,success,,1,61.32
PAY_18728,67f7dc9e625f,card,success,,1,39.46
PAY_18729,ee7230ed8fb5,card,success,,1,90.69
PAY_18730,6a449d138fd5,card,success,,1,111.74
PAY_18731,a08f5ab76fd8,card,success,,1,44.32
PAY_18732,fb3ea7299e9a,card,success,,1,198.54
PAY_18733,d83c24750de9,card,success,,1,111.82
PAY_18734,283ee4506473,card,success,,1,177.95
PAY_18735,ac24cf2fa238,card,success,,1,69.23
PAY_18736,60ecb8d71f9d,card,success,,1,109.35
PAY_18737,59466300c512,card,success,,1,75.91
PAY_18738,98be45bdfe79,card,success,,1,288.92
PAY_18739,76b045c5afbf,card,success,,1,98.79
PAY_18740,aed15d420563,card,success,,1,90.65
PAY_18741,880f4031cd51,card,success,,1,62.39
PAY_18742,ded812fbd6d9,card,failed,bank_decline,1,59.57
PAY_18743,ded812fbd6d9,netbanking,failed,timeout,2,59.57
PAY_18744,ded812fbd6d9,netbanking,failed,timeout,3,59.57
PAY_18745,a8343abadf43,card,success,,1,108.87
PAY_18746,feb6ab06354e,card,success,,1,173.41
PAY_18747,2ab428943bea,card,success,,1,52.06
PAY_18748,d5e0d870a9dd,card,success,,1,99.61
PAY_18749,dd261bf7f2dc,card,success,,1,104.31
PAY_18750,453d3d606a85,card,success,,1,119.9
PAY_18751,2e3417c067bc,card,success,,1,22.97
PAY_18752,5639d784fb00,card,success,,1,42.96
PAY_18753,d024299c4a6e,card,success,,1,30.18
PAY_18754,c34c098d258a,card,success,,1,92.42
PAY_18755,77e1c5544f82,card,success,,1,43.78
PAY_18756,385de9b7ba10,card,success,,1,60.52
PAY_18757,e3205ef80a6b,card,success,,1,34.62
PAY_18758,946c88e5c539,card,success,,1,65.2
PAY_18759,1de89f1b4021,card,success,,1,36.62
PAY_18760,9cee05937ae5,card,success,,1,165.06
PAY_18761,9882847bec29,card,success,,1,132.08
PAY_18762,8ccb45bc0af8,card,success,,1,101.51
PAY_18763,b279fba75ace,card,failed,otp_failed,1,70.7
PAY_18764,b279fba75ace,UPI,failed,timeout,2,70.7
PAY_18765,ec92a9caf02a,card,success,,1,17.63
PAY_18766,8f164c7874b4,card,success,,1,62.39
PAY_18767,98d18cfd8bb9,card,success,,1,48.95
PAY_18768,ee434de940ef,card,success,,1,109.71
PAY_18769,263fde0266ac,card,success,,1,116.71
PAY_18770,c1bb1d07e27c,card,success,,1,247.26
PAY_18771,12b5475940fd,card,success,,1,57.13
PAY_18772,3f5cea8ee31d,card,success,,1,55.27
PAY_18773,b57e5fce149e,card,success,,1,206.5
PAY_18774,fffbf83eb34b,card,success,,1,102.82
PAY_18775,4c8729e5a89d,card,success,,1,73.88
PAY_18776,115a717c68d6,card,success,,1,77.29
PAY_18777,e3ee7dc9913c,card,success,,1,52.0
PAY_18778,308404b39dda,card,success,,1,260.14
PAY_18779,ed1c2db846ca,card,success,,1,106.23
PAY_18780,bfecebb99eb7,card,success,,1,91.8
PAY_18781,4c4cec70571d,card,success,,1,154.63
PAY_18782,6a73bfb3e6ec,card,success,,1,182.01
PAY_18783,86b2dd7d2f1a,card,success,,1,139.76
PAY_18784,d3f5eab98611,card,success,,1,182.58
PAY_18785,7ed3f769aecc,card,success,,1,129.17
PAY_18786,5b20eaf9f87d,card,success,,1,140.32
PAY_18787,0d78f8535e93,card,success,,1,50.13
PAY_18788,7f96bf616b18,card,failed,timeout,1,383.1
PAY_18789,825659110e96,card,success,,1,33.55
PAY_18790,4ff1db031e1a,card,success,,1,115.3
PAY_18791,9865335bc934,card,success,,1,30.89
PAY_18792,8c4b577bbc13,card,success,,1,83.22
PAY_18793,5275057057d1,card,success,,1,57.0
PAY_18794,1ba1c4e17699,card,success,,1,100.34
PAY_18795,dd5a37a16f9c,card,success,,1,118.32
PAY_18796,85b3a203317a,card,success,,1,41.89
PAY_18797,e43dbf8143e4,card,success,,1,87.92
PAY_18798,c401a4be4570,card,success,,1,274.5
PAY_18799,eec864a196f0,card,success,,1,31.51
PAY_18800,4cfd13e07c40,card,success,,1,45.46
PAY_18801,54810552b4fd,card,failed,otp_failed,1,179.22
PAY_18802,db7ccb0773cf,card,failed,timeout,1,95.78
PAY_18803,db7ccb0773cf,card,failed,otp_failed,2,95.78
PAY_18804,db7ccb0773cf,card,failed,timeout,3,95.78
PAY_18805,db7ccb0773cf,card,failed,bank_decline,4,95.78
PAY_18806,a419350112f0,card,success,,1,101.59
PAY_18807,a3cff4921c41,card,success,,1,203.94
PAY_18808,ad8a6a54e272,card,success,,1,47.69
PAY_18809,2aad0009b4ea,card,success,,1,59.41
PAY_18810,bacf9e80b175,card,success,,1,53.83
PAY_18811,64076ce0597a,card,success,,1,68.13
PAY_18812,625ec9552e7d,card,success,,1,262.86
PAY_18813,a74e019dfe6c,card,success,,1,23.08
PAY_18814,d634feca97ee,card,failed,otp_failed,1,34.63
PAY_18815,7e3e97fb8b6f,card,success,,1,30.19
PAY_18816,31b272df0105,card,success,,1,276.26
PAY_18817,a11be75dca12,card,success,,1,55.06
PAY_18818,aebbe15c449e,card,success,,1,69.31
PAY_18819,5a69e8c0a80e,card,success,,1,24.74
PAY_18820,396f643582a6,card,success,,1,72.97
PAY_18821,cdfdc4569b1f,card,success,,1,180.05
PAY_18822,6d33b2f3def7,card,success,,1,110.21
PAY_18823,ee22aa729821,card,success,,1,82.58
PAY_18824,ff96c3549a73,card,success,,1,25.74
PAY_18825,fff02a083581,card,success,,1,69.24
PAY_18826,5186ab078b0a,card,success,,1,101.24
PAY_18827,c6c1a4b22cce,card,success,,1,40.71
PAY_18828,b4df793818cd,card,success,,1,152.0
PAY_18829,75edf169fcd6,card,success,,1,182.74
PAY_18830,c39aad9b5a86,card,success,,1,58.97
PAY_18831,f67f8f5be0e2,card,success,,1,160.88
PAY_18832,c7bc5746de6b,card,success,,1,82.45
PAY_18833,70a692acfafb,card,success,,1,225.36
PAY_18834,649a8b5cbf59,card,success,,1,458.21
PAY_18835,aff325027e14,card,success,,1,37.53
PAY_18836,22380ab19883,card,success,,1,166.6
PAY_18837,f12a73f36a09,card,success,,1,255.69
PAY_18838,343cc489f17e,card,success,,1,41.41
PAY_18839,dc388fd29959,card,success,,1,56.82
PAY_18840,56a8c3a1641e,card,success,,1,56.31
PAY_18841,9a8d5ff2feb5,card,success,,1,80.95
PAY_18842,d01a38fb4909,card,success,,1,67.69
PAY_18843,40781194f428,card,success,,1,76.81
PAY_18844,5ccb53a3ce83,card,success,,1,175.98
PAY_18845,69db8f667435,card,success,,1,19.75
PAY_18846,a8888e3aaaec,card,success,,1,41.3
PAY_18847,fe17d9f49d2b,card,success,,1,153.84
PAY_18848,7b0a01440ce3,card,success,,1,140.08
PAY_18849,cbb0da5b7ee8,card,success,,1,38.6
PAY_18850,e1cd6f4d5a1e,card,success,,1,140.86
PAY_18851,78a26ae729cc,card,success,,1,260.21
PAY_18852,d21c3a5259ce,card,success,,1,86.55
PAY_18853,aba634cce0a8,card,success,,1,40.19
PAY_18854,9047388453bd,card,success,,1,181.27
PAY_18855,4b4a387c0f72,card,success,,1,357.25
PAY_18856,2331cca49ebb,card,success,,1,44.3
PAY_18857,607a1915dbf6,card,success,,1,92.89
PAY_18858,e308a3853285,card,success,,1,215.32
PAY_18859,b3df5d435238,card,success,,1,22.25
PAY_18860,07285fcf9d4e,card,success,,1,128.35
PAY_18861,630f6b1f9a87,card,success,,1,41.14
PAY_18862,a324d0546e72,card,success,,1,32.57
PAY_18863,cc30606a5e22,card,success,,1,22.6
PAY_18864,56c483089f54,card,success,,1,233.3
PAY_18865,42d527b7a06e,card,success,,1,46.17
PAY_18866,1806e4c9913d,card,success,,1,117.53
PAY_18867,010715cb6537,card,success,,1,114.12
PAY_18868,5350f8c35193,card,success,,1,122.1
PAY_18869,f3e6b111c6b9,card,success,,1,100.53
PAY_18870,b21707665400,card,success,,1,49.0
PAY_18871,c66f5f2ed795,card,success,,1,45.63
PAY_18872,8938fd1b00c2,card,success,,1,82.77
PAY_18873,ee6fced7f3fe,card,success,,1,81.38
PAY_18874,79e703b45153,card,success,,1,126.91
PAY_18875,92115a47a3d1,card,success,,1,217.31
PAY_18876,5b921fed4c8d,card,success,,1,118.53
PAY_18877,e2a42e462fa2,card,success,,1,47.05
PAY_18878,d22ecb137853,card,success,,1,15.72
PAY_18879,435ea3f3f9ba,card,failed,timeout,1,48.66
PAY_18880,435ea3f3f9ba,card,failed,bank_decline,2,48.66
PAY_18881,435ea3f3f9ba,card,failed,timeout,3,48.66
PAY_18882,435ea3f3f9ba,card,failed,timeout,4,48.66
PAY_18883,9b12385fcf31,card,success,,1,30.7
PAY_18884,deb1756a4703,card,success,,1,50.18
PAY_18885,df358ab69fb1,card,success,,1,109.27
PAY_18886,86735a493f9f,card,success,,1,96.3
PAY_18887,f378f925a022,card,success,,1,398.04
PAY_18888,3a96a5072246,card,success,,1,132.48
PAY_18889,a8940a05c017,card,success,,1,414.61
PAY_18890,1fa4ebb80a47,card,success,,1,159.51
PAY_18891,e7729a0601b7,card,success,,1,214.55
PAY_18892,bb1f845ed662,card,success,,1,67.55
PAY_18893,7e50aa1ed7fc,card,success,,1,38.11
PAY_18894,c6b5740fc27a,card,success,,1,62.86
PAY_18895,1ad7399eb8eb,card,failed,timeout,1,89.17
PAY_18896,1ad7399eb8eb,card,failed,otp_failed,2,89.17
PAY_18897,1ad7399eb8eb,card,failed,timeout,3,89.17
PAY_18898,4e0d36236594,card,success,,1,54.46
PAY_18899,d1da516da520,card,success,,1,40.41
PAY_18900,e427e9007fa2,card,success,,1,125.65
PAY_18901,9a5a218fcbf7,card,success,,1,40.27
PAY_18902,92e1add7e5d9,card,success,,1,26.4
PAY_18903,278ae0d4daa3,card,success,,1,36.68
PAY_18904,6eb3fc770fab,card,success,,1,74.63
PAY_18905,f1037faaf614,card,success,,1,40.74
PAY_18906,9c5c1780e65b,card,success,,1,75.0
PAY_18907,9ebc250102fa,card,success,,1,145.53
PAY_18908,7df77d7236ad,card,success,,1,142.53
PAY_18909,8839b85f75a7,card,success,,1,53.06
PAY_18910,c5e2dd2d6d2f,card,success,,1,31.72
PAY_18911,05c00e8b4eea,card,success,,1,56.8
PAY_18912,ab2fa1f7b84f,card,success,,1,152.1
PAY_18913,920618c1b570,card,success,,1,183.34
PAY_18914,7586dabff00d,card,success,,1,119.38
PAY_18915,17af9892a389,card,success,,1,235.37
PAY_18916,a09c3df55d64,card,success,,1,359.01
PAY_18917,6732d8e62708,card,success,,1,61.16
PAY_18918,396e79538dbf,card,failed,timeout,1,295.67
PAY_18919,396e79538dbf,netbanking,failed,bank_decline,2,295.67
PAY_18920,396e79538dbf,netbanking,failed,otp_failed,3,295.67
PAY_18921,f017406706b7,card,success,,1,73.08
PAY_18922,f02a46d6393d,card,success,,1,203.54
PAY_18923,fcce8625f5e5,card,success,,1,158.67
PAY_18924,ec1a2542f56b,card,success,,1,18.51
PAY_18925,108f09f3b78d,card,success,,1,41.56
PAY_18926,ef1b47eae0f8,card,success,,1,33.88
PAY_18927,0ca18d69066a,card,success,,1,21.64
PAY_18928,0c89bf726f29,card,success,,1,181.9
PAY_18929,4181b1d2cbd3,card,success,,1,471.08
PAY_18930,7f13d82c28af,card,success,,1,295.21
PAY_18931,67d1d799dbaf,card,success,,1,106.34
PAY_18932,2de02d621f9b,card,success,,1,88.21
PAY_18933,7e85dc2b23c1,card,success,,1,73.95
PAY_18934,4c1dfd783578,card,failed,otp_failed,1,181.23
PAY_18935,4c1dfd783578,card,failed,timeout,2,181.23
PAY_18936,4c1dfd783578,card,failed,otp_failed,3,181.23
PAY_18937,2aac0d5692bb,card,success,,1,130.25
PAY_18938,21ed25af6484,card,success,,1,126.72
PAY_18939,1d29ffd85221,card,success,,1,86.4
PAY_18940,ef76a2ca50c9,card,success,,1,25.17
PAY_18941,a539a03dd620,card,success,,1,184.6
PAY_18942,2a25925d8b9c,card,success,,1,32.21
PAY_18943,e3feefff238d,card,success,,1,147.75
PAY_18944,8da850e19cac,card,success,,1,164.78
PAY_18945,8dbe30ced5c9,card,success,,1,36.15
PAY_18946,209ce0670842,card,success,,1,55.35
PAY_18947,5bc57d56b67c,card,success,,1,491.36
PAY_18948,ae402334d909,card,success,,1,84.47
PAY_18949,ac880da781aa,card,success,,1,170.84
PAY_18950,e2facccc5668,card,success,,1,48.51
PAY_18951,bb5437cf12af,card,success,,1,19.37
PAY_18952,4c4e46b19c66,card,success,,1,136.43
PAY_18953,1c1dc5ab61ef,card,success,,1,43.24
PAY_18954,05c68ba42f60,card,success,,1,116.39
PAY_18955,c0ce18ef5ebb,card,success,,1,46.99
PAY_18956,a9180705367c,card,success,,1,104.25
PAY_18957,758c88fe238d,card,success,,1,11.34
PAY_18958,beaf8cb4612f,card,success,,1,122.19
PAY_18959,59a6f45ec711,card,success,,1,71.39
PAY_18960,7b9e3af6c667,card,success,,1,279.6
PAY_18961,dd60a2102174,card,success,,1,123.49
PAY_18962,b844037ba5c3,card,success,,1,164.83
PAY_18963,15308f6f4b0f,card,success,,1,50.99
PAY_18964,764bfa86424b,card,success,,1,47.84
PAY_18965,3c12f62f2278,card,success,,1,88.19
PAY_18966,92accb4df786,card,success,,1,67.46
PAY_18967,b9a29595cf34,card,failed,bank_decline,1,262.54
PAY_18968,b9a29595cf34,card,failed,timeout,2,262.54
PAY_18969,64f7f8b63aac,card,success,,1,79.63
PAY_18970,db8bca8fc8e0,card,success,,1,33.79
PAY_18971,665ec1645625,card,success,,1,46.43
PAY_18972,22cfd40cb9bd,card,success,,1,194.81
PAY_18973,c89abb365238,card,success,,1,78.74
PAY_18974,894c37923f70,card,success,,1,75.45
PAY_18975,9b5ecb7f8170,card,success,,1,210.22
PAY_18976,31036728a18f,card,success,,1,43.3
PAY_18977,57c02594c6a9,card,success,,1,15.06
PAY_18978,7aa76ccfe0e7,card,success,,1,73.73
PAY_18979,c342c5b1863a,card,success,,1,25.83
PAY_18980,eb887ce94947,card,success,,1,202.93
PAY_18981,3b448e2270ce,card,success,,1,102.6
PAY_18982,b5bb1b20e7fb,card,success,,1,122.88
PAY_18983,b0673184ee72,card,failed,timeout,1,125.93
PAY_18984,60b8abd68d74,card,success,,1,31.85
PAY_18985,86d4cc540446,card,success,,1,114.7
PAY_18986,530581682274,card,success,,1,186.04
PAY_18987,39e9721338f9,card,success,,1,224.13
PAY_18988,28969136141b,card,success,,1,160.29
PAY_18989,f870d44250a7,card,success,,1,135.71
PAY_18990,97b8bec5bb0e,card,success,,1,22.42
PAY_18991,5fdf025e0d90,card,success,,1,88.95
PAY_18992,6c7822544014,card,success,,1,41.88
PAY_18993,7095ea6e3248,card,success,,1,251.07
PAY_18994,6fc14df325bf,card,success,,1,222.36
PAY_18995,3669b10b407d,card,success,,1,42.08
PAY_18996,c2aaa0b588fc,card,success,,1,86.77
PAY_18997,949d96f54a9a,card,success,,1,109.82
PAY_18998,8020f4a3fe06,card,success,,1,185.05
PAY_18999,a6147e765df4,card,success,,1,23.56
PAY_19000,3d4d8b12d1d8,card,success,,1,15.37
PAY_19001,cc9ecd411b47,card,success,,1,92.81
PAY_19002,1623dd4977ba,card,success,,1,11.88
PAY_19003,b4146cd76591,card,success,,1,102.19
PAY_19004,f91dad9df701,card,success,,1,144.57
PAY_19005,4f68623514b8,card,failed,timeout,1,241.98
PAY_19006,4f68623514b8,netbanking,failed,otp_failed,2,241.98
PAY_19007,fab4339ab54b,card,success,,1,54.7
PAY_19008,cf01388cb65d,card,success,,1,102.41
PAY_19009,93ddc4efcc68,card,success,,1,151.59
PAY_19010,f165fe283812,card,success,,1,35.14
PAY_19011,a9ba9b92c227,card,success,,1,187.22
PAY_19012,09ab4626cf4a,card,success,,1,112.11
PAY_19013,60a902cbdabb,card,success,,1,55.46
PAY_19014,5ee744b8d29d,card,success,,1,100.8
PAY_19015,0dbbe5fcc6d7,card,success,,1,80.52
PAY_19016,44eeb00ec6f5,card,success,,1,168.02
PAY_19017,cdb2135642af,card,success,,1,67.47
PAY_19018,3229e353b82d,card,success,,1,107.95
PAY_19019,66d96b254e3f,card,success,,1,54.78
PAY_19020,a1143cd44e3d,card,success,,1,42.51
PAY_19021,d683d1b378db,card,success,,1,103.26
PAY_19022,d1c996665e92,card,success,,1,43.93
PAY_19023,16d8eff5cb22,card,success,,1,170.8
PAY_19024,5173881a7661,card,success,,1,144.57
PAY_19025,0e66989ba22c,card,success,,1,48.81
PAY_19026,9ce0f2d57e97,card,success,,1,48.63
PAY_19027,cc7a1f11ab64,card,success,,1,24.94
PAY_19028,ee49e7033bd0,card,success,,1,55.82
PAY_19029,2e84449471f4,card,success,,1,86.47
PAY_19030,8f2bae1ab683,card,success,,1,136.61
PAY_19031,d690450a9021,card,success,,1,101.45
PAY_19032,9245f59661e3,card,success,,1,186.07
PAY_19033,e6b759366615,card,success,,1,41.06
PAY_19034,c7a665938ca0,card,success,,1,66.6
PAY_19035,f5f7159cfe62,card,failed,bank_decline,1,335.46
PAY_19036,f5f7159cfe62,card,failed,otp_failed,2,335.46
PAY_19037,f5f7159cfe62,card,failed,bank_decline,3,335.46
PAY_19038,f5f7159cfe62,card,failed,bank_decline,4,335.46
PAY_19039,b8f45de34f43,card,success,,1,19.2
PAY_19040,66a4c0f5c310,card,success,,1,62.7
PAY_19041,7cdb44132eec,card,success,,1,38.2
PAY_19042,9e9c3a2e5a86,card,success,,1,76.99
PAY_19043,dd38ab39eacc,card,success,,1,63.59
PAY_19044,4d1997611d9a,card,success,,1,145.73
PAY_19045,dc9570b6acee,card,success,,1,110.43
PAY_19046,dd6d459c5912,card,success,,1,31.67
PAY_19047,e84304ab0fa6,card,success,,1,56.23
PAY_19048,fd37350f00b8,card,success,,1,90.01
PAY_19049,02d010d859a8,card,success,,1,162.63
PAY_19050,a6105d3a23e6,card,success,,1,630.41
PAY_19051,b419b499924a,card,success,,1,157.94
PAY_19052,2e841c5850de,card,success,,1,83.51
PAY_19053,f45ad9646ee4,card,success,,1,104.04
PAY_19054,aafee6d7ae2a,card,success,,1,59.41
PAY_19055,7558f237a36e,card,failed,otp_failed,1,131.13
PAY_19056,7558f237a36e,card,failed,otp_failed,2,131.13
PAY_19057,867b7fb2604a,card,success,,1,14.63
PAY_19058,76146e763676,card,success,,1,140.12
PAY_19059,494eec8a3592,card,success,,1,61.49
PAY_19060,9fddf8c1e751,card,success,,1,82.45
PAY_19061,ec4cb57b4763,card,success,,1,290.78
PAY_19062,94876f8fa458,card,success,,1,32.81
PAY_19063,5306ee378574,card,failed,otp_failed,1,111.96
PAY_19064,a62492da99ab,card,success,,1,169.89
PAY_19065,157be7b07d1c,card,success,,1,103.16
PAY_19066,3767d0bb41d8,card,success,,1,24.75
PAY_19067,193889d6c2a7,card,success,,1,265.16
PAY_19068,833deadcadfa,card,success,,1,76.01
PAY_19069,3944257523c2,card,success,,1,59.03
PAY_19070,0ba486fa9515,card,success,,1,70.22
PAY_19071,764a03980c45,card,success,,1,66.31
PAY_19072,ef9c52f15a5b,card,success,,1,34.74
PAY_19073,6470e67ca277,card,success,,1,102.72
PAY_19074,e9477f4cdbf7,card,success,,1,55.82
PAY_19075,15e3a594db71,card,success,,1,153.96
PAY_19076,729e60c298b1,card,success,,1,136.19
PAY_19077,28c1eeab6b81,card,success,,1,330.48
PAY_19078,822294bb2255,card,success,,1,76.0
PAY_19079,8c607209a46d,card,success,,1,47.34
PAY_19080,942327ea0308,card,success,,1,27.78
PAY_19081,61028351ed2c,card,success,,1,520.44
PAY_19082,eaf956fec73c,card,success,,1,152.89
PAY_19083,d54d60caef63,card,success,,1,348.81
PAY_19084,3ad0b4e368f9,card,success,,1,266.38
PAY_19085,281fe90f2813,card,success,,1,30.54
PAY_19086,1716140a9e8b,card,success,,1,49.27
PAY_19087,5cbc8010f50e,card,success,,1,80.97
PAY_19088,683b9925bf84,card,success,,1,38.24
PAY_19089,73d3e87ffba9,card,success,,1,83.32
PAY_19090,1963db6d40a7,card,success,,1,159.11
PAY_19091,c728f493a1ea,card,success,,1,30.01
PAY_19092,9581d5234bd7,card,success,,1,113.8
PAY_19093,2940c9a77ed9,card,success,,1,123.99
PAY_19094,2a5017b36e61,card,success,,1,84.73
PAY_19095,604307005d86,card,success,,1,52.75
PAY_19096,ae9d0d986086,card,success,,1,174.98
PAY_19097,2c1a6e53577b,card,success,,1,109.31
PAY_19098,21411e661690,card,success,,1,91.87
PAY_19099,5808761030c5,card,success,,1,221.51
PAY_19100,8af8ceb3a5b1,card,success,,1,56.48
PAY_19101,dc0318fb4b75,card,success,,1,60.45
PAY_19102,ca4c623d45df,card,success,,1,33.33
PAY_19103,0a31bd0af3bd,card,success,,1,127.72
PAY_19104,abde742ca51a,card,success,,1,64.13
PAY_19105,03cff47a46be,card,success,,1,45.17
PAY_19106,40e3f19a210b,card,failed,timeout,1,48.74
PAY_19107,40e3f19a210b,card,failed,bank_decline,2,48.74
PAY_19108,40e3f19a210b,card,failed,otp_failed,3,48.74
PAY_19109,40e3f19a210b,card,failed,bank_decline,4,48.74
PAY_19110,cb0e3823719e,card,success,,1,37.25
PAY_19111,f0d5a37919dc,card,success,,1,39.99
PAY_19112,dd71bcc22d91,card,success,,1,184.4
PAY_19113,c7f8a296b5b3,card,success,,1,78.82
PAY_19114,1304e6db1451,card,success,,1,193.32
PAY_19115,4e9839b55b4f,card,success,,1,67.53
PAY_19116,a8139dbf2457,card,success,,1,89.94
PAY_19117,a2946851a64a,card,failed,otp_failed,1,102.01
PAY_19118,a2946851a64a,UPI,failed,bank_decline,2,102.01
PAY_19119,941447146fe6,card,success,,1,273.1
PAY_19120,dab4f34fc7eb,card,success,,1,255.88
PAY_19121,2592f36898da,card,success,,1,226.46
PAY_19122,75feba45a74f,card,success,,1,54.43
PAY_19123,7520555d237f,card,success,,1,40.88
PAY_19124,560076f18ad5,card,success,,1,165.44
PAY_19125,36c5fd2e65a3,card,success,,1,270.81
PAY_19126,9df6b9987fe4,card,success,,1,228.21
PAY_19127,6042e53feace,card,success,,1,90.96
PAY_19128,9eb7cbdd1ad6,card,success,,1,161.14
PAY_19129,f21201b5f35f,card,success,,1,163.42
PAY_19130,b7ce8e876b61,card,success,,1,101.41
PAY_19131,8a68a7a6b9f5,card,success,,1,104.99
PAY_19132,3906bc268a3a,card,success,,1,97.37
PAY_19133,44b633a4a663,card,success,,1,47.92
PAY_19134,4ce6f83f5511,card,success,,1,52.0
PAY_19135,6e4d0a07c626,card,success,,1,51.36
PAY_19136,430c8c34a3c0,card,success,,1,25.04
PAY_19137,28e6901412ca,card,success,,1,100.92
PAY_19138,1ce97034f6a3,card,success,,1,87.14
PAY_19139,ae31e468430b,card,success,,1,165.6
PAY_19140,ce825af44e4b,card,success,,1,246.8
PAY_19141,9a4499d2ba53,card,success,,1,259.68
PAY_19142,6ede6f32c1b3,card,success,,1,280.0
PAY_19143,3413fc1ebf2d,card,success,,1,49.12
PAY_19144,fe6266bd993d,card,success,,1,28.63
PAY_19145,12181cfc26e2,card,success,,1,189.54
PAY_19146,568ce8d0998e,card,success,,1,271.97
PAY_19147,6764c8720c85,card,success,,1,312.56
PAY_19148,e74e31415d18,card,success,,1,132.69
PAY_19149,828f4fc7696f,card,success,,1,18.22
PAY_19150,d8503a1f3a39,card,success,,1,120.6
PAY_19151,975e55d67ff2,card,success,,1,140.38
PAY_19152,7a47eab3b540,card,success,,1,245.1
PAY_19153,fc7563cf8ca9,card,success,,1,282.51
PAY_19154,b37b864ee679,card,success,,1,186.36
PAY_19155,a1eecd847a23,card,success,,1,56.27
PAY_19156,be5ceca8fa65,card,success,,1,39.52
PAY_19157,5a24aaf5383c,card,success,,1,137.99
PAY_19158,69bd59d15e2d,card,success,,1,47.75
PAY_19159,39cfc3025aca,card,success,,1,292.98
PAY_19160,b18fa07143d9,card,success,,1,23.02
PAY_19161,169ce59c451c,card,success,,1,141.67
PAY_19162,3a143d49dd4c,card,success,,1,116.24
PAY_19163,6171cfc8def9,card,success,,1,76.29
PAY_19164,985867dd7e59,card,success,,1,17.3
PAY_19165,9d7225fe3010,card,success,,1,59.67
PAY_19166,69a7953e7334,card,success,,1,219.07
PAY_19167,35b400244f5d,card,success,,1,48.12
PAY_19168,edffac711bc5,card,success,,1,129.31
PAY_19169,dd09d4265bbc,card,success,,1,32.02
PAY_19170,2d03a6e7a5ae,card,success,,1,132.18
PAY_19171,2c0899821649,card,success,,1,15.03
PAY_19172,37d39bc0efe7,card,success,,1,80.41
PAY_19173,4661f5510e9c,card,success,,1,9.63
PAY_19174,2c83e861cfbc,card,success,,1,50.69
PAY_19175,6dea0e45694e,card,success,,1,44.68
PAY_19176,cc8e953e611d,card,success,,1,53.27
PAY_19177,1195d662c365,card,success,,1,67.24
PAY_19178,b5238d8c706b,card,success,,1,52.98
PAY_19179,9759bad8c524,card,success,,1,46.85
PAY_19180,a5db43c6670b,card,success,,1,35.63
PAY_19181,12d43a655e1e,card,success,,1,173.72
PAY_19182,c026145f0ae4,card,success,,1,235.31
PAY_19183,62670ca7cb73,card,success,,1,73.43
PAY_19184,b9205e0c2af3,card,success,,1,88.76
PAY_19185,68c751380366,card,success,,1,36.56
PAY_19186,28f5623a6171,card,success,,1,95.28
PAY_19187,77b7dec7fd76,card,success,,1,108.2
PAY_19188,9359bb22659d,card,success,,1,75.53
PAY_19189,5cfed182d550,card,success,,1,123.58
PAY_19190,4fa41be0310a,card,success,,1,115.23
PAY_19191,bbc8004d246c,card,success,,1,38.73
PAY_19192,27020ac3093b,card,success,,1,76.24
PAY_19193,c25e6235dd46,card,success,,1,343.94
PAY_19194,10acd9a43b7d,card,success,,1,126.01
PAY_19195,d1850e04c18c,card,success,,1,435.61
PAY_19196,e3c9df040850,card,success,,1,230.49
PAY_19197,bdbfb0383f05,card,success,,1,107.96
PAY_19198,758db5c32791,card,success,,1,50.48
PAY_19199,2fff7186aa1d,card,success,,1,51.35
PAY_19200,5a4def25b57f,card,success,,1,137.89
PAY_19201,d9b74deb26ab,card,success,,1,100.94
PAY_19202,13dde8bda19e,card,success,,1,56.19
PAY_19203,44021804a68e,card,success,,1,175.29
PAY_19204,f7111b5c81ca,card,success,,1,92.85
PAY_19205,5a043a5e7b28,card,success,,1,176.13
PAY_19206,9ac3129dd176,card,success,,1,41.25
PAY_19207,284400b9e1ed,card,success,,1,200.25
PAY_19208,2092912b3b88,card,success,,1,134.4
PAY_19209,b8897d5911a3,card,success,,1,234.64
PAY_19210,682edd2a5bb4,card,success,,1,196.75
PAY_19211,65c62449541d,card,success,,1,84.1
PAY_19212,01d16003ec17,card,success,,1,78.86
PAY_19213,f0ec687f18c4,card,failed,otp_failed,1,374.81
PAY_19214,f0ec687f18c4,card,failed,bank_decline,2,374.81
PAY_19215,f0ec687f18c4,card,failed,otp_failed,3,374.81
PAY_19216,3ab34a673739,card,success,,1,71.35
PAY_19217,6011ddf209b0,card,success,,1,163.82
PAY_19218,66bf83415179,card,success,,1,66.35
PAY_19219,1f7bcc4ca1b7,card,success,,1,20.3
PAY_19220,dc2170f9011b,card,success,,1,33.72
PAY_19221,7b4c0dcd1860,card,success,,1,124.55
PAY_19222,720c8fd55773,card,success,,1,157.73
PAY_19223,8cc99c5a0a9e,card,success,,1,124.88
PAY_19224,3ecf7ae5224c,card,success,,1,225.15
PAY_19225,c3ca5b68701a,card,success,,1,123.1
PAY_19226,93347926c87b,card,failed,timeout,1,48.42
PAY_19227,93347926c87b,card,failed,otp_failed,2,48.42
PAY_19228,16f4373cd358,card,success,,1,144.81
PAY_19229,cc1cf451d910,card,success,,1,103.1
PAY_19230,807e65b20e98,card,success,,1,56.8
PAY_19231,2f54f8137582,card,success,,1,131.37
PAY_19232,6ca80a17c7b7,card,success,,1,95.92
PAY_19233,0b221dcd3af9,card,success,,1,55.48
PAY_19234,afba075ba9cf,card,success,,1,78.08
PAY_19235,ad2feaf9d0f7,card,success,,1,278.9
PAY_19236,c11dc58a5e07,card,success,,1,271.7
PAY_19237,69e1c073efa0,card,success,,1,104.64
PAY_19238,7ff29ef2878c,card,success,,1,94.24
PAY_19239,18c279647500,card,success,,1,28.6
PAY_19240,e524b0c2f206,card,success,,1,356.2
PAY_19241,0b78d6ac5021,card,success,,1,206.25
PAY_19242,3821c4051385,card,success,,1,164.28
PAY_19243,b7e0a3b8db7e,card,success,,1,14.59
PAY_19244,59ff52f8ee06,card,success,,1,93.01
PAY_19245,719e1506361e,card,success,,1,81.31
PAY_19246,4c46cb01ba44,card,success,,1,155.44
PAY_19247,e6ab8efb9794,card,success,,1,62.75
PAY_19248,0031264007df,card,success,,1,74.79
PAY_19249,0a8168521d5c,card,success,,1,147.75
PAY_19250,3a98e986a940,card,success,,1,48.48
PAY_19251,7edb85d1881f,card,success,,1,56.87
PAY_19252,61194f367d0f,card,success,,1,105.07
PAY_19253,faf0e617c4d0,card,success,,1,262.64
PAY_19254,93abc5ce384a,card,success,,1,171.88
PAY_19255,24f12483db5b,card,failed,otp_failed,1,212.79
PAY_19256,24f12483db5b,card,failed,timeout,2,212.79
PAY_19257,ce9fdb2c394c,card,success,,1,94.69
PAY_19258,ac3ceb8c7d9d,card,success,,1,297.69
PAY_19259,76509e1b3236,card,success,,1,22.36
PAY_19260,996cd8f4d9ad,card,success,,1,453.86
PAY_19261,2212b91b93a8,card,success,,1,503.41
PAY_19262,4e3b6e01a2a3,card,success,,1,129.71
PAY_19263,5a467158031e,card,failed,otp_failed,1,175.18
PAY_19264,fd30c075ce9d,card,success,,1,87.32
PAY_19265,04096c30908a,card,success,,1,55.22
PAY_19266,8f2e28bccccb,card,success,,1,86.56
PAY_19267,2f5f0dc7e425,card,success,,1,140.44
PAY_19268,6dff3c255983,card,success,,1,125.95
PAY_19269,ad0dd075749a,card,success,,1,441.1
PAY_19270,19d52c9a8bb7,card,success,,1,97.54
PAY_19271,c355e21fb40a,card,success,,1,27.36
PAY_19272,824c64f99745,card,success,,1,335.44
PAY_19273,07e44e86f2a3,card,success,,1,33.89
PAY_19274,8dfb27656879,card,success,,1,57.54
PAY_19275,b545d377de09,card,success,,1,111.88
PAY_19276,f1570f5dfcee,card,success,,1,125.68
PAY_19277,79a04cda7e5b,card,success,,1,28.32
PAY_19278,240843d136bd,card,success,,1,49.54
PAY_19279,2d9a22893af4,card,success,,1,27.53
PAY_19280,ec732fe4404e,card,success,,1,148.02
PAY_19281,19ce4fcf15ed,card,success,,1,231.99
PAY_19282,7bc527b21047,card,success,,1,33.87
PAY_19283,70482cc03b53,card,success,,1,199.64
PAY_19284,2fdf8d23740b,card,success,,1,189.54
PAY_19285,228b95fb7f7e,card,success,,1,53.13
PAY_19286,555f3dd93961,card,success,,1,18.43
PAY_19287,84d6c4a74447,card,success,,1,38.21
PAY_19288,2fa139b9fba6,card,success,,1,55.91
PAY_19289,c0f4fdb6bc60,card,success,,1,309.0
PAY_19290,6c5cfb20f9f2,card,success,,1,81.89
PAY_19291,7c026cdb0166,card,success,,1,40.23
PAY_19292,c917c3340eda,card,success,,1,101.32
PAY_19293,b97b99cbc1c7,card,success,,1,31.94
PAY_19294,681a2d954373,card,success,,1,135.84
PAY_19295,ce986a0de02b,card,success,,1,41.18
PAY_19296,8c44e8e45e3b,card,success,,1,46.25
PAY_19297,e2303cfc8c64,card,success,,1,121.56
PAY_19298,b186750a9e49,card,success,,1,365.11
PAY_19299,dbfb2a1612e4,card,success,,1,522.29
PAY_19300,257165c96fb4,card,success,,1,39.18
PAY_19301,3e0c5600cc31,card,success,,1,55.85
PAY_19302,9dc7536aa475,card,success,,1,135.97
PAY_19303,4481da0e6b6d,card,success,,1,229.3
PAY_19304,766f47ce7f86,card,success,,1,15.94
PAY_19305,33a63a3f1e4c,card,success,,1,96.53
PAY_19306,57c5c017d20a,card,success,,1,60.96
PAY_19307,5610e3e2b975,card,success,,1,19.31
PAY_19308,2af799f22fc5,card,success,,1,30.88
PAY_19309,13bf4dba7de2,card,success,,1,57.16
PAY_19310,00e965ec6786,card,success,,1,94.35
PAY_19311,dfbcca4afb7e,card,success,,1,201.64
PAY_19312,e8ac9e42cc64,card,success,,1,119.52
PAY_19313,9830a9357b72,card,success,,1,192.1
PAY_19314,ab5511ac8110,card,success,,1,91.96
PAY_19315,a37711a50216,card,success,,1,51.22
PAY_19316,4bc6bc8bc8ff,card,success,,1,77.71
PAY_19317,c81af789b2fa,card,success,,1,157.03
PAY_19318,0b8e4a812a6a,card,success,,1,205.62
PAY_19319,8b4dbcafa544,card,success,,1,79.97
PAY_19320,596bbb4beced,card,success,,1,42.81
PAY_19321,c96c2836f420,card,failed,timeout,1,117.75
PAY_19322,c96c2836f420,UPI,failed,timeout,2,117.75
PAY_19323,8eb5c1c5cd81,card,success,,1,131.94
PAY_19324,1679e3bb09af,card,success,,1,241.33
PAY_19325,1a82eb91de5e,card,success,,1,52.3
PAY_19326,e3241bf07c96,card,success,,1,52.76
PAY_19327,b60deab3aa6f,card,success,,1,164.83
PAY_19328,a34ec2fc0eda,card,success,,1,64.98
PAY_19329,40f035f153f4,card,success,,1,62.82
PAY_19330,c3be35b77230,card,success,,1,245.5
PAY_19331,572d716fa44f,card,failed,bank_decline,1,30.06
PAY_19332,6e344eabf992,card,success,,1,466.36
PAY_19333,263d2d1f6216,card,success,,1,55.14
PAY_19334,f2485fff556a,card,success,,1,180.08
PAY_19335,0600144f0506,card,success,,1,82.51
PAY_19336,fd84dbfed4df,card,success,,1,111.84
PAY_19337,1b1688737e77,card,success,,1,72.95
PAY_19338,ce2b5ce0a4e9,card,success,,1,178.62
PAY_19339,77b45b43bb9e,card,success,,1,68.18
PAY_19340,62526be785f3,card,success,,1,56.92
PAY_19341,3b949f126b15,card,success,,1,384.01
PAY_19342,c158c35ba32b,card,success,,1,92.16
PAY_19343,cfad4bd7b28d,card,success,,1,52.43
PAY_19344,208305f6a031,card,success,,1,27.32
PAY_19345,a809831f6d81,card,success,,1,400.4
PAY_19346,d413dbd43e58,card,success,,1,57.89
PAY_19347,63a651d90361,card,success,,1,468.47
PAY_19348,c76155628038,card,success,,1,123.85
PAY_19349,5a41c74ba7c9,card,success,,1,100.92
PAY_19350,34d49b00f3cb,card,success,,1,103.12
PAY_19351,1aec280acac6,card,success,,1,15.58
PAY_19352,72a003357d7c,card,success,,1,106.86
PAY_19353,f1c29a059751,card,success,,1,72.81
PAY_19354,859d223a2be3,card,success,,1,75.91
PAY_19355,a0332e8e4431,card,success,,1,101.44
PAY_19356,b1b0b310115e,card,success,,1,72.75
PAY_19357,45cd162d34c4,card,success,,1,104.64
PAY_19358,330661ecc0b5,card,success,,1,88.34
PAY_19359,b06ee00f465e,card,success,,1,31.47
PAY_19360,db62c518e6c2,card,success,,1,122.13
PAY_19361,40538f1534c9,card,success,,1,159.63
PAY_19362,be05ffe9ddaf,card,success,,1,58.34
PAY_19363,bbbc9cfbe7e7,card,success,,1,401.14
PAY_19364,08e74d25a965,card,success,,1,262.03
PAY_19365,ba54ad5c12ef,card,success,,1,176.83
PAY_19366,745232cfdd7b,card,success,,1,175.12
PAY_19367,72699865b394,card,success,,1,92.21
PAY_19368,da998ff00a96,card,success,,1,224.33
PAY_19369,bda919439e76,card,success,,1,316.27
PAY_19370,b4cc3ddd61d8,card,success,,1,57.04
PAY_19371,eaf26de8c075,card,success,,1,87.2
PAY_19372,03fc10bce4e1,card,success,,1,142.44
PAY_19373,107c3c47ba5e,card,success,,1,175.95
PAY_19374,57a498b63de5,card,failed,timeout,1,84.61
PAY_19375,3a9854574988,card,success,,1,57.2
PAY_19376,d5b58fb47acc,card,success,,1,319.69
PAY_19377,8e9e1a6caa2b,card,success,,1,38.17
PAY_19378,3fb56842b28a,card,success,,1,42.39
PAY_19379,0e98f1567361,card,success,,1,31.13
PAY_19380,a4b0db816017,card,success,,1,42.32
PAY_19381,eaa50526bb2c,card,success,,1,244.17
PAY_19382,e1175b193a7d,card,success,,1,250.8
PAY_19383,c3020c98c16a,card,failed,timeout,1,84.84
PAY_19384,c3020c98c16a,netbanking,failed,timeout,2,84.84
PAY_19385,c3020c98c16a,netbanking,failed,otp_failed,3,84.84
PAY_19386,c3020c98c16a,netbanking,failed,otp_failed,4,84.84
PAY_19387,10b6aa49d38e,card,failed,bank_decline,1,133.89
PAY_19388,10b6aa49d38e,UPI,failed,bank_decline,2,133.89
PAY_19389,10b6aa49d38e,UPI,failed,otp_failed,3,133.89
PAY_19390,10b6aa49d38e,UPI,failed,bank_decline,4,133.89
PAY_19391,57ad056e017c,card,success,,1,89.26
PAY_19392,e8c322631f72,card,success,,1,34.69
PAY_19393,670277758ae2,card,success,,1,530.85
PAY_19394,73093b3319f9,card,success,,1,270.37
PAY_19395,124ee52a6869,card,success,,1,119.53
PAY_19396,abf6ce582beb,card,success,,1,45.39
PAY_19397,8a04438b349c,card,success,,1,75.19
PAY_19398,535c3cd8f392,card,success,,1,51.73
PAY_19399,b7413109d2cd,card,success,,1,97.33
PAY_19400,ea46dcb7e9f8,card,success,,1,115.35
PAY_19401,dc2ccce446c0,card,success,,1,68.52
PAY_19402,9bfd3f95a8ec,card,success,,1,28.12
PAY_19403,cba171abaea1,card,success,,1,495.54
PAY_19404,b04125bffec2,card,success,,1,108.86
PAY_19405,dcd413349a7b,card,success,,1,129.71
PAY_19406,56e74efa410b,card,success,,1,64.2
PAY_19407,e0d4bc7d31e1,card,success,,1,25.8
PAY_19408,32cdba819efc,card,success,,1,84.21
PAY_19409,ecea42cdebb1,card,success,,1,69.51
PAY_19410,b542cef28de1,card,success,,1,158.8
PAY_19411,2b96902af188,card,success,,1,185.84
PAY_19412,b3ced253dd01,card,success,,1,166.01
PAY_19413,4b26193bbad9,card,failed,otp_failed,1,198.47
PAY_19414,4b26193bbad9,card,failed,timeout,2,198.47
PAY_19415,4b26193bbad9,card,failed,timeout,3,198.47
PAY_19416,4b26193bbad9,card,failed,bank_decline,4,198.47
PAY_19417,7343830d5466,card,success,,1,381.05
PAY_19418,15813a29a586,card,success,,1,122.96
PAY_19419,d447b5778663,card,success,,1,216.89
PAY_19420,4670434a4734,card,success,,1,133.63
PAY_19421,0480bbe88967,card,success,,1,19.69
PAY_19422,700889cd92c3,card,success,,1,79.55
PAY_19423,0d02ad4e022f,card,success,,1,44.96
PAY_19424,5501349f52c1,card,success,,1,47.81
PAY_19425,85e5dfb5361f,card,success,,1,146.14
PAY_19426,b8622f739559,card,success,,1,197.32
PAY_19427,ee4f4c9f50df,card,success,,1,235.77
PAY_19428,5eb33c8d04b8,card,success,,1,328.79
PAY_19429,b4c8331b1fd9,card,success,,1,23.55
PAY_19430,1b871645356e,card,success,,1,34.49
PAY_19431,f80f02aaeb30,card,success,,1,936.6
PAY_19432,04eaeaf5e03c,card,success,,1,201.87
PAY_19433,d38187560d4f,card,success,,1,107.72
PAY_19434,6016cb9253a4,card,success,,1,92.35
PAY_19435,0a9d74c27206,card,success,,1,86.01
PAY_19436,d620d76073da,card,success,,1,19.16
PAY_19437,3558831cb048,card,success,,1,48.53
PAY_19438,3e8695c23ce7,card,failed,otp_failed,1,82.31
PAY_19439,3e8695c23ce7,card,failed,otp_failed,2,82.31
PAY_19440,3e8695c23ce7,card,failed,otp_failed,3,82.31
PAY_19441,3e8695c23ce7,card,failed,otp_failed,4,82.31
PAY_19442,4beb807c8559,card,success,,1,50.77
PAY_19443,1a812dec1dec,card,success,,1,56.37
PAY_19444,9b6c5850c099,card,success,,1,697.14
PAY_19445,c4886e87ca22,card,success,,1,73.6
PAY_19446,53d1f786c9ac,card,success,,1,112.45
PAY_19447,0739522e024b,card,success,,1,109.29
PAY_19448,83538135fda9,card,success,,1,144.25
PAY_19449,50946c9d0760,card,success,,1,61.45
PAY_19450,8d4890daba2a,card,success,,1,244.1
PAY_19451,5877bd896082,card,success,,1,128.36
PAY_19452,046ed5032f11,card,success,,1,32.15
PAY_19453,3a36156caed3,card,success,,1,82.6
PAY_19454,bc2662cb9ca2,card,success,,1,78.44
PAY_19455,85d43ad67102,card,failed,otp_failed,1,75.6
PAY_19456,85d43ad67102,netbanking,failed,bank_decline,2,75.6
PAY_19457,85d43ad67102,netbanking,failed,otp_failed,3,75.6
PAY_19458,85d43ad67102,netbanking,failed,timeout,4,75.6
PAY_19459,25a4dfd59b49,card,success,,1,135.29
PAY_19460,f495fd8be6a6,card,success,,1,149.57
PAY_19461,213200fc20e4,card,success,,1,136.09
PAY_19462,0ab060243f75,card,success,,1,118.05
PAY_19463,a4855d44ed96,card,success,,1,96.4
PAY_19464,a5a23ec5902a,card,success,,1,16.1
PAY_19465,534333eca702,card,success,,1,167.72
PAY_19466,1aac6b02dfd6,card,success,,1,133.04
PAY_19467,4e68f46582f7,card,success,,1,40.94
PAY_19468,10811e0985be,card,success,,1,112.67
PAY_19469,7975becef986,card,success,,1,151.16
PAY_19470,8c7ffc30014a,card,success,,1,229.75
PAY_19471,dd0cd2900659,card,success,,1,135.4
PAY_19472,7d92d8e5fc7d,card,success,,1,116.43
PAY_19473,12ed3b4507a0,card,success,,1,191.99
PAY_19474,d552d064e6f2,card,success,,1,70.44
PAY_19475,1de16e9d9a59,card,success,,1,125.16
PAY_19476,36259938eab9,card,success,,1,54.77
PAY_19477,4d8344ac0060,card,success,,1,218.82
PAY_19478,ad0b7c80cf1b,card,success,,1,24.83
PAY_19479,daaf1dcddebf,card,success,,1,173.02
PAY_19480,aff9df8bd8e1,card,success,,1,91.3
PAY_19481,b3914cbb6207,card,success,,1,194.87
PAY_19482,cbb9498beb2a,card,success,,1,48.21
PAY_19483,fb26a2c4ac08,card,success,,1,96.74
PAY_19484,46ebf3df4290,card,success,,1,94.49
PAY_19485,76537b13df49,card,success,,1,127.37
PAY_19486,09b2edce09af,card,success,,1,38.94
PAY_19487,4b128e50dd20,card,success,,1,149.75
PAY_19488,55b43d97e186,card,success,,1,20.56
PAY_19489,8017e0a351fa,card,success,,1,52.76
PAY_19490,32f366336e1c,card,success,,1,25.79
PAY_19491,ab3749ea8a83,card,success,,1,174.61
PAY_19492,e51c8b555a3b,card,success,,1,123.98
PAY_19493,52fbaeb54d36,card,success,,1,129.65
PAY_19494,a4b92cb01984,card,failed,bank_decline,1,292.53
PAY_19495,7f15728ffcd7,card,success,,1,69.91
PAY_19496,957ed529da13,card,success,,1,146.59
PAY_19497,e50fcf0cd571,card,success,,1,94.9
PAY_19498,289393342813,card,success,,1,84.02
PAY_19499,ce1554c5a61d,card,success,,1,256.03
PAY_19500,79e7e43a7d79,card,success,,1,476.04
PAY_19501,e3db5c2ae839,card,success,,1,63.74
PAY_19502,d7f34f202070,card,success,,1,175.38
PAY_19503,5efd17183cb4,card,success,,1,116.2
PAY_19504,1287259a6b8f,card,failed,timeout,1,117.32
PAY_19505,0ea09df22318,card,success,,1,109.7
PAY_19506,96333d4c1032,card,success,,1,68.96
PAY_19507,8fbe73f6c0a7,card,success,,1,5.11
PAY_19508,00b42102823c,card,success,,1,307.31
PAY_19509,7ef9a059adbd,card,success,,1,51.64
PAY_19510,5518c055aee2,card,success,,1,74.2
PAY_19511,1d123b1272a3,card,success,,1,75.47
PAY_19512,fc9f8b8e4b53,card,success,,1,48.08
PAY_19513,749b94d6e890,card,success,,1,109.09
PAY_19514,546c78097824,card,success,,1,86.88
PAY_19515,40d3e2e599ec,card,success,,1,50.74
PAY_19516,138f748cfe49,card,success,,1,101.44
PAY_19517,effdca743560,card,success,,1,87.67
PAY_19518,f69cd51204dd,card,success,,1,189.1
PAY_19519,b443ee00b725,card,success,,1,30.81
PAY_19520,d27761a1756f,card,success,,1,47.26
PAY_19521,26c6e86309f8,card,success,,1,160.81
PAY_19522,d356ea1605c4,card,success,,1,53.96
PAY_19523,d415a8896706,card,success,,1,43.7
PAY_19524,9bf07786a544,card,success,,1,56.14
PAY_19525,c7c6b002539b,card,success,,1,83.03
PAY_19526,240c7080ed64,card,success,,1,83.28
PAY_19527,96b9673fe024,card,success,,1,76.1
PAY_19528,1eab8ed545f2,card,success,,1,39.53
PAY_19529,fd0396fad063,card,success,,1,167.09
PAY_19530,248ba3303092,card,success,,1,260.08
PAY_19531,6fa9b9856b4f,card,success,,1,19.52
PAY_19532,7b6bf8f58662,card,success,,1,25.98
PAY_19533,104ae53628ec,card,success,,1,200.8
PAY_19534,7fb4ce7416a9,card,success,,1,316.03
PAY_19535,264f70542a06,card,success,,1,16.39
PAY_19536,a844850b0df6,card,success,,1,172.84
PAY_19537,bded82fc98a8,card,success,,1,333.72
PAY_19538,0f8912ff129c,card,success,,1,45.15
PAY_19539,a1caf4355c23,card,success,,1,318.54
PAY_19540,62cc8bfa100c,card,success,,1,78.07
PAY_19541,3c359e54dffa,card,success,,1,115.78
PAY_19542,73d155dadb01,card,success,,1,50.63
PAY_19543,34ee91e665ba,card,success,,1,200.5
PAY_19544,35d9b150d66b,card,success,,1,175.49
PAY_19545,79638be42953,card,failed,bank_decline,1,357.73
PAY_19546,a79ea22f5eb2,card,success,,1,285.0
PAY_19547,901916b7db66,card,success,,1,89.36
PAY_19548,39a760d5c549,card,success,,1,1082.15
PAY_19549,dd7a5d1fe714,card,success,,1,265.24
PAY_19550,46d0f3bc0cd9,card,success,,1,138.71
PAY_19551,9b7fa2dda697,card,success,,1,40.54
PAY_19552,b9b2d9c62ce6,card,success,,1,26.47
PAY_19553,3a5182e3f201,card,success,,1,28.33
PAY_19554,3a950fe7d7ea,card,success,,1,42.65
PAY_19555,2def129e3d5d,card,success,,1,270.93
PAY_19556,cb262f474e23,card,success,,1,55.11
PAY_19557,31812a678808,card,success,,1,73.24
PAY_19558,eefc7c9c1d59,card,failed,timeout,1,170.72
PAY_19559,eefc7c9c1d59,card,failed,otp_failed,2,170.72
PAY_19560,eefc7c9c1d59,card,failed,bank_decline,3,170.72
PAY_19561,951ca1a11bf1,card,success,,1,44.57
PAY_19562,9a6eae35a340,card,success,,1,119.07
PAY_19563,6dc7adc585c2,card,success,,1,114.44
PAY_19564,5bac237c7280,card,success,,1,45.65
PAY_19565,ee1d2f3ad39e,card,success,,1,320.67
PAY_19566,297ed9df4e28,card,success,,1,71.06
PAY_19567,45669a5231cd,card,success,,1,40.68
PAY_19568,abe8769b1612,card,success,,1,178.09
PAY_19569,a6d0121daba7,card,success,,1,94.03
PAY_19570,0fe15ab7c2eb,card,success,,1,34.89
PAY_19571,ad7fd423944d,card,failed,timeout,1,172.42
PAY_19572,ad7fd423944d,UPI,failed,otp_failed,2,172.42
PAY_19573,ad7fd423944d,UPI,failed,otp_failed,3,172.42
PAY_19574,158dd03e31c0,card,failed,timeout,1,511.8
PAY_19575,a518658f2728,card,success,,1,32.78
PAY_19576,6e2970a4d62a,card,success,,1,119.51
PAY_19577,54411f7b28e1,card,success,,1,48.03
PAY_19578,7d75a36433d3,card,success,,1,774.09
PAY_19579,1dda9c6f56aa,card,success,,1,242.67
PAY_19580,2067d4f38c9a,card,success,,1,112.81
PAY_19581,7e921959bff1,card,success,,1,33.71
PAY_19582,decf5ee8a405,card,success,,1,40.9
PAY_19583,408f37365315,card,success,,1,163.53
PAY_19584,09ceb8d7e1eb,card,success,,1,30.27
PAY_19585,d0743bbc6178,card,success,,1,31.03
PAY_19586,ba5bae085c01,card,success,,1,90.66
PAY_19587,4e16dcb0e57e,card,failed,bank_decline,1,100.16
PAY_19588,b1fc78744242,card,success,,1,122.0
PAY_19589,cc692fd691b5,card,success,,1,63.33
PAY_19590,71329080066e,card,failed,otp_failed,1,187.94
PAY_19591,71329080066e,card,failed,bank_decline,2,187.94
PAY_19592,71329080066e,card,failed,bank_decline,3,187.94
PAY_19593,110027772aab,card,success,,1,45.18
PAY_19594,ab09d50f4382,card,success,,1,148.61
PAY_19595,c557b72d0e6b,card,success,,1,106.84
PAY_19596,172e0e8378b6,card,success,,1,145.55
PAY_19597,dc4810ff68e9,card,success,,1,231.74
PAY_19598,3f38f3afe4bf,card,success,,1,62.54
PAY_19599,c84ed94908e8,card,success,,1,53.04
PAY_19600,6561bd46a824,card,success,,1,23.32
PAY_19601,d8aca534bf32,card,success,,1,17.9
PAY_19602,75f2a385cc45,card,success,,1,78.2
PAY_19603,e06e4e024c18,card,success,,1,82.6
PAY_19604,5e027d48b323,card,success,,1,37.76
PAY_19605,37e92863ab5c,card,success,,1,304.53
PAY_19606,a755d6bcd87b,card,success,,1,181.39
PAY_19607,b13b140e8ff8,card,success,,1,32.81
PAY_19608,2f9757773e72,card,success,,1,63.19
PAY_19609,7653e0b7523e,card,success,,1,124.56
PAY_19610,7b6c25e37ac5,card,success,,1,47.14
PAY_19611,27d7096ddc58,card,success,,1,68.68
PAY_19612,326ba0f3da08,card,failed,timeout,1,215.41
PAY_19613,8201672960d1,card,success,,1,231.63
PAY_19614,f468c83a1387,card,success,,1,49.98
PAY_19615,5cb7bcdf659e,card,success,,1,130.12
PAY_19616,e030ad0b2124,card,success,,1,89.56
PAY_19617,84838f87e942,card,success,,1,40.18
PAY_19618,a69851ad94b1,card,success,,1,70.98
PAY_19619,3a5db3c7a40c,card,success,,1,32.74
PAY_19620,7ef730e9aa9a,card,failed,otp_failed,1,228.25
PAY_19621,7ef730e9aa9a,card,failed,bank_decline,2,228.25
PAY_19622,7ef730e9aa9a,card,failed,otp_failed,3,228.25
PAY_19623,7ef730e9aa9a,card,failed,timeout,4,228.25
PAY_19624,5e013e20513c,card,success,,1,311.68
PAY_19625,ae6c1b04337a,card,failed,otp_failed,1,64.82
PAY_19626,ae6c1b04337a,UPI,failed,timeout,2,64.82
PAY_19627,ae6c1b04337a,UPI,failed,otp_failed,3,64.82
PAY_19628,ae6c1b04337a,UPI,failed,timeout,4,64.82
PAY_19629,2822777f7a79,card,success,,1,209.28
PAY_19630,993f71db95eb,card,success,,1,238.15
PAY_19631,f336b1059654,card,success,,1,36.91
PAY_19632,969b4172240f,card,success,,1,79.96
PAY_19633,b6a81e3a1f37,card,success,,1,48.59
PAY_19634,0154b23291a3,card,success,,1,122.58
PAY_19635,7873ab8efb85,card,success,,1,51.42
PAY_19636,85386d91c020,card,success,,1,58.43
PAY_19637,80758f99bcf6,card,success,,1,83.01
PAY_19638,49e3e3614508,card,success,,1,27.35
PAY_19639,9410b9e646ad,card,success,,1,17.37
PAY_19640,5c7d75ec1ee3,card,success,,1,187.66
PAY_19641,2a03256c0be8,card,success,,1,49.79
PAY_19642,f449998d44f0,card,success,,1,496.65
PAY_19643,18677f71f7aa,card,success,,1,435.93
PAY_19644,3ab7ef4d05b5,card,success,,1,60.03
PAY_19645,daecb94c375a,card,success,,1,584.78
PAY_19646,bb753f9bcab8,card,success,,1,190.58
PAY_19647,5c91b715957e,card,success,,1,53.72
PAY_19648,18b0e137de70,card,success,,1,11.41
PAY_19649,24b376ee0c4a,card,success,,1,156.1
PAY_19650,eb37d875bf2c,card,success,,1,92.3
PAY_19651,b665b5430ff6,card,success,,1,127.11
PAY_19652,bfd25cfddd19,card,success,,1,74.96
PAY_19653,3cf220f2a7d5,card,success,,1,36.05
PAY_19654,231b22d7669a,card,success,,1,63.97
PAY_19655,bcbdeb3b7125,card,success,,1,158.43
PAY_19656,10b79e503353,card,success,,1,67.8
PAY_19657,ef55087a50b2,card,success,,1,67.47
PAY_19658,05ec9b25951b,card,success,,1,26.7
PAY_19659,c4f45f992c0b,card,success,,1,96.83
PAY_19660,ccd479780f79,card,success,,1,36.98
PAY_19661,a189982db34a,card,success,,1,187.7
PAY_19662,8c0768183331,card,success,,1,50.03
PAY_19663,72287c9548b3,card,success,,1,71.05
PAY_19664,67c0cd3e4c41,card,success,,1,508.36
PAY_19665,76a1972ad354,card,success,,1,70.44
PAY_19666,0ebcad844080,card,success,,1,63.28
PAY_19667,f75b3cf3b16b,card,success,,1,143.81
PAY_19668,1bdb1748308d,card,success,,1,21.58
PAY_19669,c3b6f9e1f048,card,success,,1,244.85
PAY_19670,0a9e460460f1,card,success,,1,199.37
PAY_19671,14102963b607,card,success,,1,136.94
PAY_19672,927ee65df866,card,success,,1,6.04
PAY_19673,a34f010c0a99,card,success,,1,73.15
PAY_19674,f0d8245a4882,card,success,,1,32.52
PAY_19675,4312f32a2db1,card,success,,1,221.25
PAY_19676,08eff850fa42,card,success,,1,208.94
PAY_19677,6e50caf436ee,card,success,,1,122.78
PAY_19678,3001d7c4a469,card,success,,1,34.38
PAY_19679,ef3185d803b7,card,success,,1,297.51
PAY_19680,a5a36a32eb18,card,failed,timeout,1,72.98
PAY_19681,a5a36a32eb18,card,failed,otp_failed,2,72.98
PAY_19682,a5a36a32eb18,card,failed,timeout,3,72.98
PAY_19683,b4f3b08b6e49,card,success,,1,381.57
PAY_19684,ae72ed771389,card,success,,1,111.31
PAY_19685,7f0817d369a0,card,success,,1,135.02
PAY_19686,e8d550e75405,card,success,,1,62.29
PAY_19687,b82442af9260,card,success,,1,277.43
PAY_19688,70998172d797,card,success,,1,146.46
PAY_19689,e4422c214493,card,success,,1,285.52
PAY_19690,40b170c7e687,card,success,,1,103.76
PAY_19691,c231a01fe7c9,card,success,,1,86.69
PAY_19692,b2ec1943df86,card,success,,1,144.91
PAY_19693,d0f724f6952e,card,success,,1,285.44
PAY_19694,d62851aabf3e,card,success,,1,203.04
PAY_19695,ec7f362af856,card,success,,1,100.54
PAY_19696,87caa5cfd32c,card,success,,1,20.37
PAY_19697,e75dbe68a249,card,success,,1,172.14
PAY_19698,fda731ad4288,card,success,,1,28.48
PAY_19699,c08e99176da8,card,success,,1,92.57
PAY_19700,5f80a513c27a,card,success,,1,82.05
PAY_19701,bbd5c6bdc9cf,card,success,,1,28.96
PAY_19702,0f7c4e13b71a,card,success,,1,121.27
PAY_19703,ec2dcca25531,card,success,,1,70.1
PAY_19704,92102280b9e8,card,success,,1,166.12
PAY_19705,eeff79c20be1,card,success,,1,592.62
PAY_19706,0159494f1fc7,card,success,,1,179.48
PAY_19707,05fa9704bad8,card,success,,1,53.74
PAY_19708,b5226969e6e7,card,success,,1,108.81
PAY_19709,c296f26fc2cf,card,success,,1,132.24
PAY_19710,15a26f4861bd,card,success,,1,283.45
PAY_19711,2e15c73d8c33,card,success,,1,237.75
PAY_19712,e5a2b7b9ff7d,card,success,,1,9.82
PAY_19713,b20a0d05e738,card,failed,timeout,1,45.38
PAY_19714,b20a0d05e738,UPI,failed,bank_decline,2,45.38
PAY_19715,b20a0d05e738,UPI,failed,otp_failed,3,45.38
PAY_19716,1f5a77e29fa6,card,success,,1,85.11
PAY_19717,73dcbeee2840,card,success,,1,39.96
PAY_19718,88a117cf9a95,card,success,,1,4.66
PAY_19719,fa0491c4b788,card,success,,1,50.38
PAY_19720,8b836c9fc013,card,success,,1,89.76
PAY_19721,c0be83fe049c,card,success,,1,59.13
PAY_19722,029b8465f76f,card,success,,1,40.55
PAY_19723,97b4f67a6cc0,card,failed,timeout,1,93.05
PAY_19724,97b4f67a6cc0,card,failed,otp_failed,2,93.05
PAY_19725,97b4f67a6cc0,card,failed,bank_decline,3,93.05
PAY_19726,96dc3843090c,card,success,,1,118.45
PAY_19727,12c70a773de1,card,success,,1,61.88
PAY_19728,9b1729350ecb,card,success,,1,269.72
PAY_19729,2e771f118a01,card,success,,1,94.27
PAY_19730,ba673e805cdb,card,success,,1,44.83
PAY_19731,f08fbc9f2427,card,success,,1,36.61
PAY_19732,1ca792a63ade,card,success,,1,75.92
PAY_19733,5965fb8c72ae,card,success,,1,219.36
PAY_19734,2118708a3cb7,card,success,,1,46.57
PAY_19735,8bbe46f3913d,card,success,,1,145.0
PAY_19736,19b9579af369,card,success,,1,97.09
PAY_19737,76cfc7e1e889,card,success,,1,443.45
PAY_19738,c11326e7c85f,card,success,,1,123.0
PAY_19739,7fc5be8e1b94,card,success,,1,51.49
PAY_19740,1b93a59ec64d,card,failed,bank_decline,1,162.24
PAY_19741,1b93a59ec64d,card,failed,bank_decline,2,162.24
PAY_19742,1b93a59ec64d,card,failed,otp_failed,3,162.24
PAY_19743,a8d5c85ea191,card,success,,1,166.67
PAY_19744,59c4e7773a57,card,success,,1,65.52
PAY_19745,7301e3835ff5,card,success,,1,35.47
PAY_19746,2ca7518602e5,card,success,,1,138.22
PAY_19747,fd063344d00d,card,success,,1,94.71
PAY_19748,09e922980687,card,success,,1,26.76
PAY_19749,4ada2a27493d,card,success,,1,54.08
PAY_19750,637150ecc7a3,card,success,,1,67.92
PAY_19751,61e866342fbf,card,success,,1,251.22
PAY_19752,d32663644c66,card,success,,1,236.62
PAY_19753,46ad9b4a8f80,card,success,,1,191.98
PAY_19754,9d39d61218ec,card,success,,1,111.65
PAY_19755,e07ed13ab2a6,card,success,,1,144.99
PAY_19756,f18b83f1ed89,card,success,,1,97.41
PAY_19757,7598a3b282c7,card,success,,1,37.19
PAY_19758,7c4b389519b9,card,success,,1,43.62
PAY_19759,1cb3ae97e45d,card,success,,1,55.38
PAY_19760,77bf2c0e2cbd,card,success,,1,276.19
PAY_19761,62d204c705ad,card,success,,1,213.01
PAY_19762,9553cb6c921e,card,success,,1,37.94
PAY_19763,55ca8813f1e7,card,success,,1,93.95
PAY_19764,03877f07670a,card,success,,1,65.23
PAY_19765,3ae57ead3a5b,card,success,,1,79.51
PAY_19766,68b43a033b74,card,failed,timeout,1,58.63
PAY_19767,849b497fb616,card,success,,1,277.15
PAY_19768,ddff6f0ee736,card,success,,1,88.67
PAY_19769,d533504201aa,card,failed,otp_failed,1,107.01
PAY_19770,d533504201aa,UPI,failed,timeout,2,107.01
PAY_19771,d533504201aa,UPI,failed,timeout,3,107.01
PAY_19772,d533504201aa,UPI,failed,timeout,4,107.01
PAY_19773,abf92242fba6,card,success,,1,107.71
PAY_19774,98f952da5eaa,card,success,,1,39.56
PAY_19775,bc69b3610c91,card,success,,1,98.18
PAY_19776,41651ba41385,card,success,,1,210.58
PAY_19777,fbbb0f965370,card,success,,1,292.41
PAY_19778,23ead3499f5d,card,success,,1,35.94
PAY_19779,0ca7574c77ea,card,success,,1,94.6
PAY_19780,954001bca996,card,success,,1,218.62
PAY_19781,6aa6c622a329,card,success,,1,120.02
PAY_19782,8c1cd7ef7a30,card,success,,1,155.13
PAY_19783,d3d7d5771864,card,success,,1,56.96
PAY_19784,c2d263b567fd,card,success,,1,15.54
PAY_19785,8c690ac2c036,card,success,,1,80.32
PAY_19786,6f8630c6631a,card,failed,timeout,1,15.94
PAY_19787,938b821cdf25,card,success,,1,261.42
PAY_19788,441154deed60,card,success,,1,312.27
PAY_19789,ac7b947e33fa,card,success,,1,100.74
PAY_19790,9a9dd4b8b28d,card,success,,1,26.84
PAY_19791,ea14e0670ff9,card,success,,1,121.58
PAY_19792,e24c94c59b6d,card,success,,1,398.34
PAY_19793,886b160bbf99,card,success,,1,131.71
PAY_19794,43ceb4f2390a,card,success,,1,232.29
PAY_19795,ae7313639ff8,card,success,,1,61.06
PAY_19796,6c8d28313cbb,card,success,,1,44.84
PAY_19797,85466d9cd273,card,success,,1,85.06
PAY_19798,767b8fca4498,card,success,,1,19.27
PAY_19799,6506dfb74bc1,card,success,,1,550.74
PAY_19800,00fef7f830d1,card,success,,1,100.66
PAY_19801,ce80a15ffacf,card,success,,1,180.08
PAY_19802,1090cc69ef73,card,success,,1,62.23
PAY_19803,089e50eb07be,card,success,,1,26.19
PAY_19804,62353ec1515a,card,success,,1,281.65
PAY_19805,72eeac13cafc,card,success,,1,36.62
PAY_19806,f0784e4cbcd2,card,success,,1,118.99
PAY_19807,6bd58eee1eb2,card,success,,1,128.31
PAY_19808,82c5df35189e,card,success,,1,95.5
PAY_19809,41fb2b286d48,card,success,,1,48.05
PAY_19810,31cd358437ae,card,success,,1,79.86
PAY_19811,2aa4d987d87a,card,failed,otp_failed,1,42.1
PAY_19812,2aa4d987d87a,netbanking,failed,timeout,2,42.1
PAY_19813,c783b73c4932,card,success,,1,171.97
PAY_19814,c1544709f513,card,success,,1,142.2
PAY_19815,a4600b926860,card,success,,1,88.49
PAY_19816,167fd3973023,card,success,,1,57.13
PAY_19817,885675857d23,card,success,,1,485.83
PAY_19818,c9dae909b551,card,success,,1,31.76
PAY_19819,3d312060251c,card,success,,1,26.16
PAY_19820,8d966d2c6a49,card,success,,1,84.3
PAY_19821,044cd816c717,card,success,,1,73.23
PAY_19822,1fe3d64e5d0d,card,success,,1,216.6
PAY_19823,ed074cc7a506,card,success,,1,150.94
PAY_19824,3a3c9dcc3335,card,success,,1,92.17
PAY_19825,ab4de7b6575f,card,success,,1,134.33
PAY_19826,dffa1fefabc1,card,success,,1,132.39
PAY_19827,6005afb52079,card,success,,1,484.37
PAY_19828,7e648e86fe58,card,success,,1,110.24
PAY_19829,3a059c1e6751,card,success,,1,52.2
PAY_19830,9f0e5c81db79,card,success,,1,105.51
PAY_19831,51e7150e4160,card,success,,1,11.08
PAY_19832,82a52e67eba9,card,success,,1,87.7
PAY_19833,db7d46e54fd9,card,success,,1,215.81
PAY_19834,3f8eddce83d0,card,success,,1,145.73
PAY_19835,63e5ccf9e642,card,success,,1,114.3
PAY_19836,753c2c807635,card,success,,1,151.32
PAY_19837,7d822c0d4e63,card,success,,1,217.59
PAY_19838,ad5b7efc4ab3,card,failed,otp_failed,1,281.52
PAY_19839,ad5b7efc4ab3,UPI,failed,timeout,2,281.52
PAY_19840,ad5b7efc4ab3,UPI,failed,otp_failed,3,281.52
PAY_19841,ad5b7efc4ab3,UPI,failed,otp_failed,4,281.52
PAY_19842,3988f486d7dc,card,success,,1,128.76
PAY_19843,5b1d038f6238,card,success,,1,69.9
PAY_19844,0a493e4eae78,card,success,,1,14.14
PAY_19845,836032ca2265,card,success,,1,196.87
PAY_19846,c6caffebe4aa,card,success,,1,135.93
PAY_19847,e881fc606dbe,card,success,,1,101.71
PAY_19848,0d68d52b6c6e,card,success,,1,51.91
PAY_19849,72dccb9d12e5,card,success,,1,194.83
PAY_19850,32e456d06eff,card,success,,1,73.27
PAY_19851,94157b3de624,card,success,,1,87.57
PAY_19852,553c9957949a,card,success,,1,86.07
PAY_19853,4081fd8a4767,card,success,,1,129.01
PAY_19854,7316306519ce,card,success,,1,141.18
PAY_19855,f43ef0acb152,card,success,,1,50.57
PAY_19856,69be9afe717d,card,success,,1,52.01
PAY_19857,c1fb2bdb4d5b,card,success,,1,182.76
PAY_19858,3f9b81c06bf6,card,success,,1,182.5
PAY_19859,a9de9c1fb77f,card,success,,1,97.62
PAY_19860,5ebf49d5e13d,card,success,,1,24.08
PAY_19861,5603926cb424,card,success,,1,268.16
PAY_19862,2f7bf9c65624,card,success,,1,115.38
PAY_19863,04fdf0945edf,card,success,,1,123.38
PAY_19864,cb01f665d065,card,success,,1,201.5
PAY_19865,0cf6cbd8033f,card,success,,1,298.68
PAY_19866,98c929c6c0f0,card,success,,1,105.72
PAY_19867,ebb2b8c2bd2c,card,success,,1,147.5
PAY_19868,a0bcd42eca34,card,success,,1,121.14
PAY_19869,573d8fe9022b,card,success,,1,68.42
PAY_19870,a008edddcf9a,card,success,,1,25.36
PAY_19871,63e2f932f773,card,success,,1,106.9
PAY_19872,bffe66bb276b,card,success,,1,271.28
PAY_19873,9a65eb9e8463,card,success,,1,143.55
PAY_19874,5fe508f07a4e,card,success,,1,38.32
PAY_19875,8242522ff7f5,card,success,,1,216.59
PAY_19876,31d9ffbd21aa,card,success,,1,70.28
PAY_19877,0ec038d6370a,card,success,,1,16.88
PAY_19878,35f2efdd3407,card,success,,1,203.23
PAY_19879,3baf81d78e99,card,success,,1,42.25
PAY_19880,79abaacfb521,card,success,,1,374.12
PAY_19881,bd6a7e5fd4a5,card,success,,1,225.48
PAY_19882,eb79ccc749fd,card,success,,1,75.02
PAY_19883,514b912dd1b8,card,success,,1,129.99
PAY_19884,0a5438355b8b,card,success,,1,625.87
PAY_19885,946f3598abb2,card,success,,1,200.34
PAY_19886,3d40906352eb,card,success,,1,108.91
PAY_19887,016b3ba99900,card,success,,1,908.07
PAY_19888,de0e6829cb0b,card,success,,1,98.9
PAY_19889,b4301e03c72f,card,success,,1,143.37
PAY_19890,c9b5c1af5f29,card,success,,1,42.56
PAY_19891,bc90d6a7ebc3,card,success,,1,23.58
PAY_19892,a7ba7ad54a13,card,success,,1,71.5
PAY_19893,99bba4255400,card,success,,1,92.83
PAY_19894,8238059012e0,card,success,,1,117.14
PAY_19895,aae2bb5a671b,card,success,,1,28.91
PAY_19896,46e6bbc3d3f3,card,success,,1,152.71
PAY_19897,7dc68e1b5773,card,success,,1,46.33
PAY_19898,3e508fa3f304,card,success,,1,146.49
PAY_19899,aa818966e394,card,success,,1,190.17
PAY_19900,af0c516a41a5,card,success,,1,65.6
PAY_19901,8b179c3080e2,card,success,,1,41.64
PAY_19902,bdf331cdb087,card,success,,1,309.49
PAY_19903,47839edc3dec,card,success,,1,180.97
PAY_19904,cc810cebdc09,card,success,,1,101.65
PAY_19905,2b6d36ca78d9,card,success,,1,291.41
PAY_19906,f41a0b16b904,card,success,,1,96.22
PAY_19907,50f7845df3d6,card,success,,1,54.79
PAY_19908,ab3bdcda2cca,card,success,,1,40.39
PAY_19909,404faf0128cd,card,success,,1,82.58
PAY_19910,c3f542d7ef3a,card,success,,1,166.9
PAY_19911,eb8a5756ece7,card,success,,1,273.64
PAY_19912,eb254de02cb6,card,success,,1,91.73
PAY_19913,90513264f814,card,success,,1,237.58
PAY_19914,88f2c0e18db3,card,success,,1,75.84
PAY_19915,16ce8992ab1f,card,success,,1,48.17
PAY_19916,d66732e597f1,card,success,,1,31.66
PAY_19917,b7417ced7e99,card,success,,1,60.04
PAY_19918,35378baba296,card,success,,1,32.62
PAY_19919,7c91442404ab,card,success,,1,449.26
PAY_19920,36a3af055bc4,card,success,,1,127.92
PAY_19921,fa79c9c7f736,card,success,,1,83.39
PAY_19922,6d3393e9e97b,card,success,,1,356.95
PAY_19923,4086f0c550a7,card,success,,1,31.76
PAY_19924,dfb3cada06d1,card,success,,1,80.66
PAY_19925,c757260c2305,card,success,,1,445.74
PAY_19926,43783dd46972,card,success,,1,80.22
PAY_19927,b5542b9517f0,card,success,,1,637.43
PAY_19928,223498c2b4ff,card,success,,1,168.76
PAY_19929,df738635f01b,card,success,,1,261.89
PAY_19930,8978392af333,card,success,,1,90.13
PAY_19931,2fa01a4fe5a9,card,success,,1,82.08
PAY_19932,7cbece9d642a,card,success,,1,40.87
PAY_19933,e89a52a3967e,card,success,,1,85.39
PAY_19934,57db65f208c1,card,success,,1,89.7
PAY_19935,c7544b8b52fa,card,success,,1,347.72
PAY_19936,e7d24cd4f27f,card,success,,1,144.69
PAY_19937,40dfbc8ec190,card,success,,1,595.91
PAY_19938,5d02ea6bbec8,card,success,,1,16.0
PAY_19939,3fd43925bd5e,card,failed,timeout,1,34.0
PAY_19940,3fd43925bd5e,card,failed,bank_decline,2,34.0
PAY_19941,bbff96e23c22,card,success,,1,67.74
PAY_19942,37dcb662835e,card,success,,1,297.08
PAY_19943,660aa4dc25ce,card,failed,timeout,1,82.46
PAY_19944,660aa4dc25ce,card,failed,bank_decline,2,82.46
PAY_19945,660aa4dc25ce,card,failed,timeout,3,82.46
PAY_19946,660aa4dc25ce,card,failed,otp_failed,4,82.46
PAY_19947,f94149c985e1,card,success,,1,27.82
PAY_19948,1edf02a4605c,card,success,,1,73.99
PAY_19949,36348b14ed0b,card,success,,1,34.53
PAY_19950,b640c54a6371,card,success,,1,29.52
PAY_19951,8b5e385b3c79,card,success,,1,445.44
PAY_19952,2a18ac358941,card,success,,1,67.95
PAY_19953,86bd6bed647c,card,success,,1,103.39
PAY_19954,3f29154d5274,card,success,,1,83.57
PAY_19955,b0f3300e4bb7,card,success,,1,73.61
PAY_19956,afaebe951931,card,success,,1,45.95
PAY_19957,ba2d3ffc2cc8,card,success,,1,70.21
PAY_19958,b94c77f4b1cd,card,success,,1,117.89
PAY_19959,2753b2d162d5,card,failed,bank_decline,1,280.03
PAY_19960,2753b2d162d5,UPI,failed,timeout,2,280.03
PAY_19961,2753b2d162d5,UPI,failed,bank_decline,3,280.03
PAY_19962,2753b2d162d5,UPI,failed,otp_failed,4,280.03
PAY_19963,0e90c4960d20,card,success,,1,192.09
PAY_19964,c79f42d4aafa,card,success,,1,33.95
PAY_19965,c96bf18c745d,card,failed,otp_failed,1,198.51
PAY_19966,c96bf18c745d,card,failed,otp_failed,2,198.51
PAY_19967,17f25c8e8693,card,success,,1,131.68
PAY_19968,10f073b691b7,card,success,,1,54.61
PAY_19969,21fa1a15bafe,card,success,,1,104.13
PAY_19970,1d53ec28862a,card,success,,1,142.28
PAY_19971,c4ad3b033195,card,success,,1,93.47
PAY_19972,01c5c8f16a5b,card,success,,1,132.18
PAY_19973,f474f27362f8,card,success,,1,45.13
PAY_19974,bed00c89c240,card,success,,1,443.31
PAY_19975,88775d9afaf1,card,success,,1,19.23
PAY_19976,d0f829a249f3,card,success,,1,142.92
PAY_19977,4bb8d01563e3,card,success,,1,120.71
PAY_19978,9328cc56efed,card,success,,1,150.56
PAY_19979,48010704d21a,card,success,,1,51.08
PAY_19980,98fc81e24115,card,success,,1,229.37
PAY_19981,48cb8eddb1ac,card,success,,1,82.57
PAY_19982,9e182bbfeb05,card,success,,1,34.85
PAY_19983,09c572256680,card,success,,1,37.49
PAY_19984,7b26b2cbb2f6,card,success,,1,99.46
PAY_19985,046213b668ae,card,success,,1,25.1
PAY_19986,517a7d64ec11,card,success,,1,380.09
PAY_19987,c64f91f1d479,card,success,,1,208.33
PAY_19988,c3649aba650f,card,success,,1,388.18
PAY_19989,483143ccde71,card,success,,1,356.79
PAY_19990,edc39d1b3ace,card,success,,1,67.93
PAY_19991,36cabf6ffdf3,card,success,,1,44.9
PAY_19992,fa423dd75d38,card,success,,1,10.57
PAY_19993,1ddc39fc33a0,card,success,,1,65.04
PAY_19994,04b17d819056,card,success,,1,369.64
PAY_19995,f5a473ef56db,card,success,,1,46.42
PAY_19996,1f42892b818a,card,success,,1,76.1
PAY_19997,820ee1dceb19,card,success,,1,57.76
PAY_19998,a34e6782c1c7,card,success,,1,121.51
PAY_19999,398a7c930a80,card,success,,1,251.86
PAY_20000,58cb05a68193,card,success,,1,30.62
PAY_20001,e0d91f979f20,card,success,,1,295.69
PAY_20002,46152aa567b8,card,success,,1,161.81
PAY_20003,5579989bb536,card,failed,bank_decline,1,73.15
PAY_20004,5579989bb536,card,failed,otp_failed,2,73.15
PAY_20005,5579989bb536,card,failed,timeout,3,73.15
PAY_20006,5579989bb536,card,failed,timeout,4,73.15
PAY_20007,4c236ea28f2e,card,success,,1,352.72
PAY_20008,b5ea0f3027e2,card,success,,1,30.2
PAY_20009,4aac69489953,card,success,,1,189.61
PAY_20010,56145a294ddf,card,success,,1,85.23
PAY_20011,cf5ee7776688,card,success,,1,146.24
PAY_20012,81165694d185,card,success,,1,13.33
PAY_20013,b017b54e1898,card,success,,1,73.07
PAY_20014,a08c6bac6621,card,failed,timeout,1,162.3
PAY_20015,a08c6bac6621,card,failed,otp_failed,2,162.3
PAY_20016,a08c6bac6621,card,failed,otp_failed,3,162.3
PAY_20017,a08c6bac6621,card,failed,timeout,4,162.3
PAY_20018,cca8af9c0674,card,success,,1,85.57
PAY_20019,eacfaaef2148,card,success,,1,245.73
PAY_20020,86bb8a17edfa,card,success,,1,239.23
PAY_20021,7118f457f7f2,card,success,,1,41.81
PAY_20022,435e4518c4c6,card,success,,1,174.02
PAY_20023,0a7ab59ef2f3,card,success,,1,40.69
PAY_20024,7caa3d3b9803,card,success,,1,93.99
PAY_20025,fec8f3296ce5,card,success,,1,152.16
PAY_20026,3310d097ddbc,card,success,,1,46.14
PAY_20027,036e5ada707a,card,success,,1,168.94
PAY_20028,2288ef221b4a,card,success,,1,60.08
PAY_20029,689dfcbf03d2,card,success,,1,56.57
PAY_20030,7ba8b593483c,card,success,,1,158.43
PAY_20031,5cc090c9a9ee,card,success,,1,46.12
PAY_20032,997252fd625f,card,success,,1,44.28
PAY_20033,221875c2cd36,card,success,,1,207.04
PAY_20034,60d8c9a2f3c2,card,success,,1,98.18
PAY_20035,37f2f1add5de,card,success,,1,28.13
PAY_20036,a96fa4332b89,card,success,,1,178.49
PAY_20037,98373e54e1b0,card,success,,1,65.02
PAY_20038,360cc6e28962,card,success,,1,29.3
PAY_20039,677a47e833f3,card,success,,1,12.11
PAY_20040,ca7cc995839c,card,failed,otp_failed,1,185.44
PAY_20041,ca7cc995839c,card,failed,bank_decline,2,185.44
PAY_20042,0271ddf68594,card,success,,1,45.24
PAY_20043,eeca5837e68d,card,success,,1,150.13
PAY_20044,f370bdcfd6f7,card,success,,1,171.51
PAY_20045,e8fa0f5dc7fd,card,success,,1,47.96
PAY_20046,4590311bc6db,card,success,,1,186.81
PAY_20047,86bca2595792,card,success,,1,465.87
PAY_20048,d433ab4d7072,card,failed,timeout,1,233.42
PAY_20049,d433ab4d7072,card,failed,bank_decline,2,233.42
PAY_20050,8ec2c31eb04b,card,success,,1,115.74
PAY_20051,64ba59147569,card,success,,1,63.12
PAY_20052,e743a23ba1ff,card,success,,1,86.08
PAY_20053,44e564b27b92,card,failed,otp_failed,1,128.07
PAY_20054,55ceb087a9cc,card,success,,1,32.92
PAY_20055,952f73af910e,card,success,,1,48.64
PAY_20056,e12da4784617,card,success,,1,28.73
PAY_20057,ca2990becca2,card,success,,1,108.65
PAY_20058,2442921eb8f0,card,failed,timeout,1,96.2
PAY_20059,75988a8860ca,card,success,,1,53.4
PAY_20060,bdb70fa18a80,card,success,,1,173.54
PAY_20061,d25e210d4234,card,success,,1,39.03
PAY_20062,3d6be7ba049e,card,success,,1,51.84
PAY_20063,103db277e838,card,success,,1,168.08
PAY_20064,17030ddb3e7d,card,success,,1,189.25
PAY_20065,efc73dec4279,card,success,,1,47.63
PAY_20066,045aa34eb620,card,success,,1,108.38
PAY_20067,6506304b9cbe,card,success,,1,48.28
PAY_20068,95f52d110684,card,success,,1,76.87
PAY_20069,6d026c224a3e,card,success,,1,100.99
PAY_20070,b6263880c3c7,card,success,,1,140.93
PAY_20071,eac2a715eb29,card,success,,1,116.05
PAY_20072,bb42e942ab1f,card,success,,1,112.0
PAY_20073,45bbc7eefa75,card,success,,1,37.99
PAY_20074,ebc1fb27faab,card,success,,1,122.81
PAY_20075,b09bb31863d6,card,success,,1,139.89
PAY_20076,e7158e5f993c,card,success,,1,156.2
PAY_20077,59176fc21260,card,failed,bank_decline,1,50.62
PAY_20078,59176fc21260,card,failed,timeout,2,50.62
PAY_20079,59176fc21260,card,failed,otp_failed,3,50.62
PAY_20080,59176fc21260,card,failed,timeout,4,50.62
PAY_20081,5e633f141eb4,card,success,,1,187.25
PAY_20082,d91525c11473,card,success,,1,31.38
PAY_20083,33846f81f27b,card,success,,1,63.77
PAY_20084,cca93b26915e,card,success,,1,72.21
PAY_20085,e8aed44f1caf,card,success,,1,71.34
PAY_20086,b66280492484,card,success,,1,107.47
PAY_20087,761446f019a5,card,success,,1,20.89
PAY_20088,9afd5ee3d220,card,success,,1,65.64
PAY_20089,4892562acdb6,card,success,,1,22.23
PAY_20090,43d7c44cc26a,card,success,,1,460.92
PAY_20091,6be5243b3209,card,success,,1,106.7
PAY_20092,4314ff82cd0e,card,success,,1,99.55
PAY_20093,3506485c950c,card,success,,1,108.38
PAY_20094,4ebe1350e566,card,success,,1,146.0
PAY_20095,90441fad6e47,card,success,,1,25.77
PAY_20096,3e85e39d09c4,card,success,,1,256.76
PAY_20097,7b2da4c567f1,card,success,,1,85.36
PAY_20098,e8d6f2e4e795,card,success,,1,81.86
PAY_20099,31d2da7026fe,card,success,,1,7.52
PAY_20100,977f6955a148,card,success,,1,33.28
PAY_20101,1899c0be48f6,card,success,,1,136.33
PAY_20102,c075ac1d9ad6,card,success,,1,235.21
PAY_20103,8aa7ed8b2dff,card,success,,1,161.27
PAY_20104,d5a92a07e323,card,success,,1,420.19
PAY_20105,65c27c2c6f3f,card,success,,1,201.17
PAY_20106,aca46756343e,card,success,,1,65.69
PAY_20107,385d863a45e8,card,success,,1,515.78
PAY_20108,846420ffa8ac,card,success,,1,37.45
PAY_20109,da423afa6509,card,success,,1,27.73
PAY_20110,c42ca163b890,card,success,,1,64.27
PAY_20111,7f9bd23269dc,card,success,,1,49.06
PAY_20112,c407b0aac448,card,success,,1,67.23
PAY_20113,cc762dfb2a1f,card,success,,1,170.46
PAY_20114,5d192c8c7efe,card,success,,1,87.6
PAY_20115,16a048de4dff,card,success,,1,89.42
PAY_20116,0451e6d80aa6,card,success,,1,94.35
PAY_20117,1823aa8f458b,card,success,,1,14.16
PAY_20118,01701bb278df,card,success,,1,26.78
PAY_20119,b0dd2f32fa30,card,success,,1,66.14
PAY_20120,d6bba8804c16,card,success,,1,45.86
PAY_20121,4ef65a2a2d6f,card,success,,1,74.78
PAY_20122,a58772d95c7d,card,success,,1,276.8
PAY_20123,567fe019f139,card,failed,bank_decline,1,84.81
PAY_20124,567fe019f139,netbanking,failed,timeout,2,84.81
PAY_20125,567fe019f139,netbanking,failed,timeout,3,84.81
PAY_20126,567fe019f139,netbanking,failed,otp_failed,4,84.81
PAY_20127,f908ca4770c9,card,success,,1,31.26
PAY_20128,5f5c71b2735c,card,success,,1,47.73
PAY_20129,65ce4b013b2b,card,success,,1,353.7
PAY_20130,4ecd644509fc,card,success,,1,306.74
PAY_20131,c51912e6d877,card,success,,1,145.0
PAY_20132,e25c87c83949,card,success,,1,25.79
PAY_20133,68e8fe1aba54,card,success,,1,115.06
PAY_20134,7dea0bbc10d3,card,success,,1,122.36
PAY_20135,c54baab7a62c,card,success,,1,91.88
PAY_20136,c8e2d2c7c727,card,success,,1,57.05
PAY_20137,ac48d8a5e69f,card,success,,1,53.96
PAY_20138,26f14f079915,card,success,,1,36.02
PAY_20139,0cdf35d80566,card,success,,1,268.48
PAY_20140,6f4dbe1aedaf,card,success,,1,182.34
PAY_20141,813121ea0c09,card,success,,1,71.67
PAY_20142,7cb62e4e7e53,card,success,,1,119.31
PAY_20143,4a052da61f2e,card,success,,1,122.95
PAY_20144,9b4ec228ae97,card,success,,1,586.58
PAY_20145,faa886e4fce1,card,success,,1,180.92
PAY_20146,e5fae00ac0f2,card,success,,1,175.53
PAY_20147,3f0106622957,card,success,,1,92.79
PAY_20148,5132c66d7d19,card,success,,1,63.59
PAY_20149,444b8b99c313,card,failed,bank_decline,1,272.1
PAY_20150,444b8b99c313,card,failed,otp_failed,2,272.1
PAY_20151,c2d5cc44563a,card,success,,1,151.69
PAY_20152,6f51d388b720,card,success,,1,129.42
PAY_20153,7541ff04c7fe,card,success,,1,175.9
PAY_20154,bfa269ad2a69,card,success,,1,16.83
PAY_20155,6d96c105d970,card,success,,1,43.04
PAY_20156,e6d6500d149b,card,success,,1,120.33
PAY_20157,0986f8c16ff6,card,success,,1,19.31
PAY_20158,bc33964b7bd8,card,success,,1,21.91
PAY_20159,473a8b3733d7,card,success,,1,72.5
PAY_20160,3fe7c5ef6533,card,success,,1,133.38
PAY_20161,3b337c194444,card,success,,1,138.41
PAY_20162,932f6899d1df,card,success,,1,319.23
PAY_20163,154de8165470,card,success,,1,96.14
PAY_20164,bec23d464281,card,success,,1,66.81
PAY_20165,2281c979567a,card,success,,1,31.63
PAY_20166,aba95b292485,card,success,,1,66.17
PAY_20167,00fcae0b374b,card,success,,1,158.54
PAY_20168,0a35caf7edef,card,success,,1,164.38
PAY_20169,3e14fe032d0d,card,success,,1,111.24
PAY_20170,e5d9a2acfcd6,card,success,,1,139.45
PAY_20171,335d6d38d533,card,success,,1,249.91
PAY_20172,13252ad6b7c1,card,success,,1,95.6
PAY_20173,4b9cc06a7229,card,success,,1,268.77
PAY_20174,35cdfbb0a176,card,success,,1,50.33
PAY_20175,53817d784150,card,success,,1,84.89
PAY_20176,c6dc21b47767,card,success,,1,61.27
PAY_20177,cc917b04bccf,card,success,,1,169.72
PAY_20178,758acf3f81fa,card,success,,1,69.59
PAY_20179,46937ce63028,card,success,,1,20.33
PAY_20180,4edc7bade59b,card,success,,1,144.82
PAY_20181,7a72fd26c0f3,card,success,,1,186.53
PAY_20182,fa6e0191b4b1,card,success,,1,172.45
PAY_20183,549cecb84f2d,card,success,,1,176.18
PAY_20184,2b4affbe4215,card,success,,1,157.55
PAY_20185,d4fabc2414bc,card,success,,1,147.16
PAY_20186,d2cc59b1a3d4,card,success,,1,154.95
PAY_20187,f2608805df23,card,success,,1,53.27
PAY_20188,1ee95019468e,card,success,,1,76.7
PAY_20189,70c25915dab6,card,success,,1,95.22
PAY_20190,f2bdfdb96004,card,success,,1,68.82
PAY_20191,375dc557a4a9,card,success,,1,25.71
PAY_20192,f18382ac1d49,card,success,,1,108.2
PAY_20193,42c4597f2469,card,success,,1,185.79
PAY_20194,bdd42463b3c2,card,success,,1,90.69
PAY_20195,bd63c6dde6f4,card,success,,1,822.1
PAY_20196,c4cbc4b9beab,card,success,,1,43.13
PAY_20197,76e50a5b0892,card,success,,1,128.5
PAY_20198,fbf587bf95e3,card,success,,1,252.89
PAY_20199,eb5537e4f86d,card,success,,1,211.14
PAY_20200,2ce15dba0f70,card,success,,1,152.03
PAY_20201,4ebaf636fadd,card,success,,1,211.92
PAY_20202,2bbbd852a44c,card,success,,1,94.1
PAY_20203,f6b407b12d00,card,success,,1,340.46
PAY_20204,7cdcf1ae904b,card,success,,1,251.27
PAY_20205,ecb1e56d4620,card,success,,1,45.52
PAY_20206,c7c103e6020e,card,success,,1,116.43
PAY_20207,2617b5f72e2b,card,success,,1,304.12
PAY_20208,540769d8e12b,card,success,,1,107.7
PAY_20209,0c2b81684660,card,success,,1,264.81
PAY_20210,995324983a6e,card,success,,1,82.48
PAY_20211,96b0da7401c0,card,success,,1,20.39
PAY_20212,7d19642596c3,card,success,,1,742.4
PAY_20213,8de2111605dc,card,success,,1,99.97
PAY_20214,7063a59a4206,card,success,,1,40.44
PAY_20215,1eb21fb2e4e0,card,success,,1,225.11
PAY_20216,ee4f7f4a8a89,card,success,,1,458.83
PAY_20217,7621ef1fde93,card,success,,1,76.56
PAY_20218,2209a9da17bc,card,success,,1,83.15
PAY_20219,a0f2c18dee06,card,failed,bank_decline,1,108.9
PAY_20220,a0f2c18dee06,card,failed,bank_decline,2,108.9
PAY_20221,d1751bd583b3,card,failed,otp_failed,1,37.01
PAY_20222,d1751bd583b3,UPI,failed,bank_decline,2,37.01
PAY_20223,d1751bd583b3,UPI,failed,otp_failed,3,37.01
PAY_20224,d1751bd583b3,UPI,failed,otp_failed,4,37.01
PAY_20225,f0c15ad519e5,card,success,,1,374.48
PAY_20226,1d12884fbc61,card,success,,1,80.98
PAY_20227,89877b9f3763,card,success,,1,46.06
PAY_20228,172565f6392b,card,success,,1,62.7
PAY_20229,721382e97db7,card,success,,1,212.35
PAY_20230,e653092617ea,card,success,,1,18.53
PAY_20231,fe892dd4227e,card,success,,1,110.36
PAY_20232,4073f266367e,card,failed,timeout,1,645.34
PAY_20233,4073f266367e,UPI,failed,bank_decline,2,645.34
PAY_20234,4073f266367e,UPI,failed,otp_failed,3,645.34
PAY_20235,4073f266367e,UPI,failed,bank_decline,4,645.34
PAY_20236,dafcad89e8f6,card,success,,1,457.08
PAY_20237,2a8850151eb6,card,success,,1,142.39
PAY_20238,587002459a07,card,success,,1,258.05
PAY_20239,d43a7dc654df,card,success,,1,81.4
PAY_20240,a9db0f52700f,card,success,,1,188.64
PAY_20241,3b800931fecf,card,success,,1,376.48
PAY_20242,b8a41b0be451,card,success,,1,32.75
PAY_20243,385871bb712e,card,success,,1,142.78
PAY_20244,5c6aaff1079d,card,success,,1,120.2
PAY_20245,5d40318f3d3e,card,success,,1,97.76
PAY_20246,adff6fa419aa,card,success,,1,91.08
PAY_20247,c12b91e259b7,card,failed,bank_decline,1,108.35
PAY_20248,c12b91e259b7,card,failed,otp_failed,2,108.35
PAY_20249,2a562fdee045,card,success,,1,115.87
PAY_20250,06a3b82cf1ab,card,success,,1,220.28
PAY_20251,c975719362a6,card,success,,1,131.79
PAY_20252,aeb380627393,card,success,,1,78.08
PAY_20253,f4dd3d7e69b4,card,success,,1,45.97
PAY_20254,cbd91b643f76,card,success,,1,61.69
PAY_20255,531dd72ca26a,card,success,,1,110.93
PAY_20256,41eeb428b667,card,success,,1,51.17
PAY_20257,04e3a297eb09,card,success,,1,191.85
PAY_20258,35ee26a58462,card,success,,1,126.98
PAY_20259,69e68bccf2ae,card,success,,1,224.71
PAY_20260,cf01b1c20f78,card,success,,1,54.0
PAY_20261,c588ddf4de66,card,success,,1,46.3
PAY_20262,4249d9def6f1,card,success,,1,223.37
PAY_20263,de3f3585c983,card,success,,1,99.88
PAY_20264,0e3ee6104b1a,card,success,,1,76.55
PAY_20265,efb78222126b,card,success,,1,157.42
PAY_20266,71b22bbe0203,card,success,,1,152.8
PAY_20267,9ded02096897,card,success,,1,32.96
PAY_20268,00a2304f678f,card,success,,1,272.52
PAY_20269,e01a7930d68a,card,success,,1,64.82
PAY_20270,34b92950ca87,card,success,,1,350.73
PAY_20271,7d687b650610,card,success,,1,30.97
PAY_20272,5f34a7f47160,card,success,,1,116.04
PAY_20273,a61325066104,card,success,,1,77.6
PAY_20274,c7cad3e5077e,card,success,,1,18.54
PAY_20275,3528cf0a018d,card,success,,1,152.41
PAY_20276,83d93d5fad63,card,success,,1,19.31
PAY_20277,a70200e098c0,card,success,,1,71.28
PAY_20278,40248c6e7021,card,success,,1,217.77
PAY_20279,0be4e8525aa9,card,success,,1,58.91
PAY_20280,cc1beb08c1bf,card,success,,1,43.69
PAY_20281,b0638a1a514b,card,success,,1,170.76
PAY_20282,8c8753337edf,card,failed,timeout,1,73.73
PAY_20283,8c8753337edf,UPI,failed,timeout,2,73.73
PAY_20284,9f7c02abe0fe,card,success,,1,65.1
PAY_20285,c35ee4a8f030,card,success,,1,249.63
PAY_20286,9883a7993a6f,card,success,,1,35.38
PAY_20287,7a23fd304bec,card,success,,1,62.32
PAY_20288,91788008af45,card,success,,1,180.04
PAY_20289,e9852543e0f4,card,success,,1,33.6
PAY_20290,61baa867b654,card,failed,timeout,1,372.52
PAY_20291,61baa867b654,netbanking,failed,otp_failed,2,372.52
PAY_20292,37636e6f0365,card,success,,1,181.2
PAY_20293,8f95ae0a0a44,card,success,,1,180.9
PAY_20294,356db37895ad,card,success,,1,79.69
PAY_20295,27b75a193a6d,card,success,,1,61.36
PAY_20296,9146135a5312,card,success,,1,86.98
PAY_20297,8ded583b514f,card,success,,1,159.2
PAY_20298,a9e661be1774,card,success,,1,40.89
PAY_20299,a787e50b4261,card,success,,1,34.38
PAY_20300,b5767782841f,card,success,,1,295.11
PAY_20301,7dc4bfc7ef15,card,success,,1,50.0
PAY_20302,ae4c65641589,card,success,,1,119.49
PAY_20303,c70a12364bff,card,success,,1,76.57
PAY_20304,fe001935d5d2,card,success,,1,79.34
PAY_20305,2c7116edb0e6,card,success,,1,282.68
PAY_20306,abe0416abcd2,card,success,,1,84.09
PAY_20307,ff35fbe0e95a,card,success,,1,67.66
PAY_20308,ef4af2899695,card,success,,1,72.55
PAY_20309,a56a3804580d,card,success,,1,60.17
PAY_20310,a3f4e46d44e5,card,success,,1,52.66
PAY_20311,1083244fc84b,card,success,,1,60.37
PAY_20312,f1a565483c0c,card,success,,1,340.55
PAY_20313,305a4d7f414c,card,success,,1,159.05
PAY_20314,38b638ea36a6,card,success,,1,68.3
PAY_20315,6375ce9b535d,card,success,,1,197.42
PAY_20316,c6128b56e9bb,card,success,,1,25.29
PAY_20317,96abbeef02a8,card,success,,1,270.57
PAY_20318,2705f60ddf94,card,success,,1,253.69
PAY_20319,4e85a16bc5cd,card,success,,1,538.65
PAY_20320,04c61c7245af,card,success,,1,202.2
PAY_20321,7b0548618daf,card,success,,1,127.71
PAY_20322,63101c6f6f4d,card,success,,1,252.88
PAY_20323,3cf5c3cb51ef,card,success,,1,54.56
PAY_20324,7217a8825a6b,card,success,,1,65.61
PAY_20325,543642c4d325,card,success,,1,85.51
PAY_20326,2bfb66c462cc,card,success,,1,269.11
PAY_20327,e341ab638651,card,success,,1,45.39
PAY_20328,9b542e4e4284,card,success,,1,41.69
PAY_20329,0530606818d7,card,success,,1,108.77
PAY_20330,aa9c9451fc13,card,success,,1,159.82
PAY_20331,c7028a3efd49,card,success,,1,51.29
PAY_20332,b97c5b731e5c,card,success,,1,153.9
PAY_20333,4d8e4515abb7,card,success,,1,269.0
PAY_20334,b0b7608934c1,card,success,,1,235.18
PAY_20335,2eca2f9bb67c,card,success,,1,119.42
PAY_20336,5697519637c5,card,success,,1,83.72
PAY_20337,cb0793c7889a,card,success,,1,360.86
PAY_20338,eee03deee48a,card,success,,1,91.13
PAY_20339,cc6706e4a79d,card,failed,otp_failed,1,191.0
PAY_20340,550faaee3a51,card,success,,1,431.22
PAY_20341,8b662f7fae9f,card,success,,1,175.6
PAY_20342,78f7fcc350a5,card,success,,1,40.54
PAY_20343,1d73611e5b09,card,success,,1,33.41
PAY_20344,3490c3dc51f5,card,success,,1,70.94
PAY_20345,358497aab6e9,card,success,,1,158.79
PAY_20346,cbafbbdc2acd,card,success,,1,128.49
PAY_20347,51b6ccec460b,card,failed,bank_decline,1,526.19
PAY_20348,51b6ccec460b,card,failed,otp_failed,2,526.19
PAY_20349,df19619ac2e1,card,success,,1,127.49
PAY_20350,a67caa885715,card,success,,1,69.27
PAY_20351,8a82823cbc38,card,success,,1,36.35
PAY_20352,b3f2b31f7d4a,card,success,,1,231.45
PAY_20353,8ca1448bc2da,card,success,,1,89.58
PAY_20354,9cd9b7c842c4,card,success,,1,26.98
PAY_20355,e2d3d303ab72,card,success,,1,91.63
PAY_20356,b8ae2a8d2c37,card,success,,1,40.59
PAY_20357,65804ad5ea17,card,success,,1,90.46
PAY_20358,5b0b3c32ec41,card,success,,1,43.63
PAY_20359,441c035dca75,card,success,,1,60.94
PAY_20360,14caeccf5493,card,success,,1,49.64
PAY_20361,467c4fab8fe3,card,success,,1,50.71
PAY_20362,81533c9051f5,card,success,,1,40.19
PAY_20363,f8f84f73767a,card,success,,1,61.18
PAY_20364,b829aa074ea7,card,success,,1,44.0
PAY_20365,ff8fc10e099b,card,success,,1,143.92
PAY_20366,80088f8463a7,card,success,,1,105.7
PAY_20367,0b4a5abe6083,card,success,,1,234.11
PAY_20368,157cbe3a1040,card,success,,1,407.22
PAY_20369,1cc837078458,card,success,,1,154.76
PAY_20370,ce3b4037020f,card,success,,1,128.98
PAY_20371,6a4df5cf87d9,card,success,,1,162.76
PAY_20372,991729751521,card,success,,1,130.75
PAY_20373,a3154968b5ef,card,success,,1,87.93
PAY_20374,3f406050dec5,card,success,,1,39.75
PAY_20375,ee50494557ea,card,success,,1,176.11
PAY_20376,0119a7e32fe1,card,success,,1,87.79
PAY_20377,c197aa01ca2c,card,success,,1,287.04
PAY_20378,7c98b1f2cb61,card,success,,1,187.19
PAY_20379,265a5b256fe4,card,success,,1,54.56
PAY_20380,41b46fcdf0fe,card,success,,1,244.05
PAY_20381,a88fd97d3b19,card,success,,1,421.65
PAY_20382,176a70c5942f,card,success,,1,30.85
PAY_20383,10f10c914713,card,success,,1,133.77
PAY_20384,b5a5e1af0b23,card,success,,1,126.71
PAY_20385,f4981b355666,card,success,,1,221.18
PAY_20386,75141e879d9c,card,success,,1,69.2
PAY_20387,e3837fd10be8,card,success,,1,16.18
PAY_20388,63ced53b1ff7,card,success,,1,69.28
PAY_20389,03044d2bcc9d,card,success,,1,75.54
PAY_20390,ad91ab38b632,card,success,,1,17.47
PAY_20391,06b2610ef861,card,success,,1,93.34
PAY_20392,6f41aea6d01f,card,success,,1,38.07
PAY_20393,d70a1fd7c205,card,success,,1,151.3
PAY_20394,bb09b214d405,card,success,,1,73.93
PAY_20395,707b886291f5,card,success,,1,432.19
PAY_20396,0fa71c16988a,card,success,,1,73.34
PAY_20397,2f408a00d2e9,card,success,,1,127.02
PAY_20398,53e60c16f73b,card,success,,1,75.91
PAY_20399,f929aa602f63,card,success,,1,24.57
PAY_20400,a0b57bd21326,card,success,,1,76.42
PAY_20401,fd46cd9f8bd3,card,success,,1,164.47
PAY_20402,8642e3243a55,card,success,,1,145.71
PAY_20403,5b1f9b23c040,card,success,,1,71.19
PAY_20404,b83746b4e94c,card,success,,1,28.07
PAY_20405,793719a90b5a,card,success,,1,150.74
PAY_20406,facbe3cf2398,card,success,,1,125.91
PAY_20407,b59a80945e42,card,success,,1,176.75
PAY_20408,923310166819,card,success,,1,72.29
PAY_20409,997839c4a0fe,card,success,,1,23.39
PAY_20410,d0e837e83fb5,card,success,,1,137.97
PAY_20411,a5e830b23740,card,success,,1,89.36
PAY_20412,1971d7ba7c62,card,success,,1,274.06
PAY_20413,d99f4b7030bf,card,failed,bank_decline,1,92.11
PAY_20414,d99f4b7030bf,netbanking,failed,bank_decline,2,92.11
PAY_20415,00d98111ff53,card,success,,1,86.8
PAY_20416,2cd607b16cb4,card,success,,1,125.69
PAY_20417,66bcf1c03f2f,card,success,,1,55.84
PAY_20418,c40dc0fdf81d,card,success,,1,53.73
PAY_20419,dcb0caab8525,card,success,,1,83.24
PAY_20420,7ac88f6627b6,card,success,,1,43.11
PAY_20421,c6982261414b,card,success,,1,74.94
PAY_20422,8cfc5af7c5ff,card,success,,1,424.81
PAY_20423,3524ba1f6ce8,card,success,,1,207.29
PAY_20424,cdf7a18702c1,card,failed,timeout,1,115.17
PAY_20425,cdf7a18702c1,UPI,failed,timeout,2,115.17
PAY_20426,cdf7a18702c1,UPI,failed,timeout,3,115.17
PAY_20427,aa539e37fac3,card,success,,1,311.48
PAY_20428,ca8fe22c2941,card,success,,1,46.53
PAY_20429,0c29263111f6,card,success,,1,660.07
PAY_20430,878303a93495,card,success,,1,62.28
PAY_20431,730fb2456124,card,success,,1,447.22
PAY_20432,9bec760dc296,card,success,,1,445.64
PAY_20433,74b8551f29fc,card,success,,1,291.1
PAY_20434,007dd3e3e922,card,success,,1,71.73
PAY_20435,f4115c9f1a4a,card,success,,1,57.15
PAY_20436,a07788c1acaf,card,success,,1,136.96
PAY_20437,a735d3310615,card,success,,1,40.19
PAY_20438,104f0b6b09ba,card,success,,1,134.5
PAY_20439,4bf556251008,card,success,,1,42.41
PAY_20440,d67e35fdf0c8,card,success,,1,261.99
PAY_20441,2324f3945a7d,card,success,,1,122.64
PAY_20442,e0261c3949e2,card,success,,1,67.5
PAY_20443,03d4d7ab2847,card,success,,1,138.81
PAY_20444,64d931408860,card,success,,1,29.22
PAY_20445,dbe5369edc91,card,success,,1,46.01
PAY_20446,042091265232,card,success,,1,63.8
PAY_20447,6f9eb3af97c9,card,success,,1,168.93
PAY_20448,241e621048d7,card,success,,1,124.54
PAY_20449,f1f4754be2a8,card,success,,1,138.12
PAY_20450,1db0c109bc69,card,success,,1,88.07
PAY_20451,1b8e91b30b4a,card,success,,1,47.92
PAY_20452,978bc0f7955f,card,success,,1,296.04
PAY_20453,c8352efcf031,card,success,,1,51.51
PAY_20454,8c32a2cd40b8,card,success,,1,125.87
PAY_20455,a4b12a513d0c,card,success,,1,82.3
PAY_20456,580b48448118,card,success,,1,141.23
PAY_20457,7f4ee985ae56,card,success,,1,55.46
PAY_20458,0d8c4b058e0f,card,success,,1,208.96
PAY_20459,ca49158ef685,card,success,,1,271.14
PAY_20460,d840774b8c75,card,success,,1,198.95
PAY_20461,35d3db3610be,card,success,,1,102.12
PAY_20462,69bc2661286a,card,failed,otp_failed,1,63.55
PAY_20463,69bc2661286a,card,failed,timeout,2,63.55
PAY_20464,69bc2661286a,card,failed,timeout,3,63.55
PAY_20465,69bc2661286a,card,failed,timeout,4,63.55
PAY_20466,437b040ac085,card,success,,1,860.65
PAY_20467,338e8f05dc6e,card,success,,1,40.72
PAY_20468,81c9df3f3345,card,success,,1,182.18
PAY_20469,f5c781772a4d,card,success,,1,117.48
PAY_20470,7f12a6faa52a,card,success,,1,85.62
PAY_20471,fe4855fc4e40,card,failed,bank_decline,1,104.39
PAY_20472,fe4855fc4e40,card,failed,otp_failed,2,104.39
PAY_20473,fe4855fc4e40,card,failed,otp_failed,3,104.39
PAY_20474,475a64f770fe,card,success,,1,59.85
PAY_20475,face65edf7a9,card,success,,1,126.68
PAY_20476,253c3524d6f0,card,success,,1,115.98
PAY_20477,9931230f1d35,card,failed,otp_failed,1,766.72
PAY_20478,9931230f1d35,UPI,failed,timeout,2,766.72
PAY_20479,9931230f1d35,UPI,failed,timeout,3,766.72
PAY_20480,cf3c80da30f2,card,success,,1,212.02
PAY_20481,d17c06f4c4d1,card,success,,1,136.01
PAY_20482,d29323966736,card,success,,1,142.66
PAY_20483,959c8f853dd7,card,success,,1,392.14
PAY_20484,e59988077301,card,success,,1,41.42
PAY_20485,00dca988f244,card,success,,1,77.77
PAY_20486,0f595f78d1b8,card,success,,1,19.58
PAY_20487,dccd639f98ac,card,success,,1,140.75
PAY_20488,741acb9a2970,card,success,,1,177.42
PAY_20489,e270c8faa060,card,success,,1,40.59
PAY_20490,aa7b6a5a33bb,card,success,,1,283.74
PAY_20491,0cb51ab9040f,card,success,,1,50.65
PAY_20492,f44f5ced104c,card,failed,otp_failed,1,68.44
PAY_20493,03e5e9ad8ca4,card,success,,1,99.05
PAY_20494,4f361d99d883,card,success,,1,322.26
PAY_20495,4c1823b79026,card,success,,1,45.31
PAY_20496,cec406091587,card,success,,1,113.64
PAY_20497,18902f3a421b,card,success,,1,167.31
PAY_20498,84dbc3e5a377,card,success,,1,141.85
PAY_20499,1680058ebbe5,card,success,,1,146.1
PAY_20500,95ce02e8b810,card,success,,1,165.54
PAY_20501,3d704097c46f,card,success,,1,57.76
PAY_20502,3d7f4f0f074a,card,success,,1,347.31
PAY_20503,8088eae303ed,card,success,,1,82.36
PAY_20504,895ece19c96c,card,success,,1,74.06
PAY_20505,e5f1ecfe36b3,card,success,,1,264.57
PAY_20506,3878af8841dc,card,success,,1,54.36
PAY_20507,96ae3c8a1b32,card,success,,1,116.31
PAY_20508,ba9535b09221,card,success,,1,50.49
PAY_20509,ca5952126735,card,success,,1,675.46
PAY_20510,d9c82b0d567c,card,success,,1,570.73
PAY_20511,583f9e713358,card,success,,1,82.42
PAY_20512,4db54c234ea4,card,success,,1,136.44
PAY_20513,ef251874305b,card,failed,otp_failed,1,90.39
PAY_20514,ef251874305b,card,failed,otp_failed,2,90.39
PAY_20515,14f040edc4db,card,success,,1,68.11
PAY_20516,06076f801568,card,success,,1,99.06
PAY_20517,9819bde210d5,card,success,,1,87.14
PAY_20518,7fc18344f4a3,card,success,,1,26.67
PAY_20519,e1f484fae279,card,success,,1,111.1
PAY_20520,1a1827d12f21,card,success,,1,87.02
PAY_20521,5b7f14e29a18,card,success,,1,115.56
PAY_20522,d91bd3ae2ef0,card,success,,1,84.6
PAY_20523,eee333bb5ee1,card,success,,1,67.47
PAY_20524,6f689353cd47,card,success,,1,181.26
PAY_20525,e61b19f44a12,card,success,,1,137.9
PAY_20526,a788cb93d6eb,card,success,,1,275.02
PAY_20527,7212c362b817,card,success,,1,133.72
PAY_20528,c327d4abcf48,card,success,,1,76.85
PAY_20529,fd2b74f303b4,card,success,,1,18.46
PAY_20530,514cf99d3583,card,success,,1,484.42
PAY_20531,bdd586ba2dcc,card,success,,1,112.11
PAY_20532,a06b1919854b,card,success,,1,516.75
PAY_20533,2b1b430e6a7c,card,success,,1,44.9
PAY_20534,255a8632b3cf,card,failed,timeout,1,36.81
PAY_20535,255a8632b3cf,netbanking,failed,timeout,2,36.81
PAY_20536,255a8632b3cf,netbanking,failed,bank_decline,3,36.81
PAY_20537,255a8632b3cf,netbanking,failed,otp_failed,4,36.81
PAY_20538,730d9bb3aa2d,card,failed,bank_decline,1,120.62
PAY_20539,730d9bb3aa2d,card,failed,otp_failed,2,120.62
PAY_20540,730d9bb3aa2d,card,failed,timeout,3,120.62
PAY_20541,730d9bb3aa2d,card,failed,otp_failed,4,120.62
PAY_20542,a0b3cbcec34a,card,success,,1,120.3
PAY_20543,c1f6557a7cf7,card,success,,1,117.99
PAY_20544,5a9b948eacbd,card,success,,1,104.45
PAY_20545,779133199617,card,success,,1,54.46
PAY_20546,72a7e6c41db0,card,success,,1,27.43
PAY_20547,c9646ab7bc17,card,success,,1,112.9
PAY_20548,1d9e7d857a6e,card,success,,1,32.26
PAY_20549,8aff5830c349,card,success,,1,29.92
PAY_20550,88f1c7cef9f3,card,success,,1,66.39
PAY_20551,6d699dc899c5,card,success,,1,127.04
PAY_20552,feeed51eaddc,card,success,,1,441.51
PAY_20553,2042fbcfd503,card,failed,timeout,1,197.04
PAY_20554,a11b4e4f5386,card,success,,1,283.32
PAY_20555,cf131df0a93d,card,success,,1,151.86
PAY_20556,4c07a3d1cfa0,card,success,,1,120.72
PAY_20557,fd88119e497a,card,success,,1,668.23
PAY_20558,0db95fa238d8,card,success,,1,31.24
PAY_20559,416b3b37397e,card,success,,1,64.68
PAY_20560,a04df780f59f,card,success,,1,68.84
PAY_20561,0ae3bb893563,card,success,,1,183.98
PAY_20562,016420e8f43b,card,success,,1,41.14
PAY_20563,48dc0fb38483,card,success,,1,165.79
PAY_20564,6c3ef9ce6f1e,card,success,,1,143.13
PAY_20565,77a50fa37fc1,card,success,,1,172.55
PAY_20566,a772aeef876f,card,success,,1,170.06
PAY_20567,8667648fd275,card,success,,1,308.17
PAY_20568,f77b1e763761,card,success,,1,86.54
PAY_20569,f133fd6ca59b,card,success,,1,137.57
PAY_20570,19c9bd79fb67,card,success,,1,49.94
PAY_20571,97ded2d94abd,card,success,,1,41.6
PAY_20572,7754b84776f4,card,success,,1,369.39
PAY_20573,e44d70f3a6fa,card,success,,1,47.01
PAY_20574,a881753a6a19,card,success,,1,150.36
PAY_20575,e67d6c140660,card,success,,1,230.44
PAY_20576,27c1541846f4,card,success,,1,23.89
PAY_20577,8170dafb3c3a,card,success,,1,183.64
PAY_20578,b73da9391723,card,success,,1,85.93
PAY_20579,0ac3c961ff8e,card,success,,1,55.71
PAY_20580,b21e6dfa26d3,card,success,,1,73.65
PAY_20581,df7fac348a5e,card,success,,1,206.32
PAY_20582,2c371a9040e3,card,success,,1,161.58
PAY_20583,f8dc397ffdd6,card,success,,1,81.26
PAY_20584,38daed3dcec3,card,success,,1,36.19
PAY_20585,47d0cbc61191,card,success,,1,164.42
PAY_20586,61571fd5fdb0,card,success,,1,32.39
PAY_20587,7d7a86fd097b,card,success,,1,81.9
PAY_20588,e01dbad3ba20,card,success,,1,768.82
PAY_20589,b63abd12b963,card,success,,1,130.01
PAY_20590,1730980e4eb8,card,success,,1,163.01
PAY_20591,033516689838,card,success,,1,38.52
PAY_20592,0d28f8b3953e,card,success,,1,33.72
PAY_20593,6d16d249af46,card,success,,1,170.15
PAY_20594,5cdf6b9a6d30,card,success,,1,71.82
PAY_20595,1a303bd106e4,card,success,,1,230.19
PAY_20596,c6328e05f360,card,success,,1,100.94
PAY_20597,3cfca2cf873d,card,success,,1,61.69
PAY_20598,17145d0b7f73,card,success,,1,122.89
PAY_20599,4518fd4cc973,card,success,,1,47.69
PAY_20600,d4b48e462cdb,card,success,,1,222.66
PAY_20601,f3ac3063b5cd,card,success,,1,138.71
PAY_20602,8b86760879c1,card,success,,1,45.2
PAY_20603,ec4d6a9af164,card,success,,1,75.65
PAY_20604,edb9751b950a,card,success,,1,292.21
PAY_20605,6d5a98d70325,card,success,,1,265.43
PAY_20606,0984b0fae9de,card,success,,1,31.45
PAY_20607,f7d6d820c9eb,card,success,,1,67.17
PAY_20608,e1d2fe1d9ed2,card,success,,1,418.68
PAY_20609,c7acf451fea4,card,success,,1,85.31
PAY_20610,4f5c7d6f0493,card,success,,1,112.93
PAY_20611,66079c8b5bf8,card,success,,1,221.75
PAY_20612,56e2d9108f63,card,success,,1,33.59
PAY_20613,902d27be8a36,card,success,,1,45.98
PAY_20614,d8fb1a62cd68,card,success,,1,75.27
PAY_20615,6c5b4d4cbfe7,card,success,,1,255.62
PAY_20616,20164696afe5,card,success,,1,220.48
PAY_20617,81ead639d9a3,card,success,,1,173.44
PAY_20618,6e6d40e68ad4,card,success,,1,87.24
PAY_20619,28f6bc91d650,card,failed,bank_decline,1,240.73
PAY_20620,28f6bc91d650,card,failed,otp_failed,2,240.73
PAY_20621,28f6bc91d650,card,failed,timeout,3,240.73
PAY_20622,d86b979eb8ef,card,success,,1,86.3
PAY_20623,44d7867d0c98,card,failed,timeout,1,154.84
PAY_20624,44d7867d0c98,card,failed,timeout,2,154.84
PAY_20625,44d7867d0c98,card,failed,bank_decline,3,154.84
PAY_20626,44d7867d0c98,card,failed,otp_failed,4,154.84
PAY_20627,8ab83c7ed198,card,success,,1,202.28
PAY_20628,44b44ad02a30,card,success,,1,378.97
PAY_20629,1e6cd472e058,card,success,,1,93.22
PAY_20630,0964f09e71a9,card,success,,1,72.96
PAY_20631,ebe0c7496b27,card,success,,1,274.8
PAY_20632,b57057ca7022,card,success,,1,292.21
PAY_20633,5f4323db310f,card,success,,1,63.14
PAY_20634,e364d3dfc10d,card,success,,1,40.28
PAY_20635,0efd35394683,card,success,,1,258.59
PAY_20636,d4938c53765b,card,success,,1,26.22
PAY_20637,07b0551afea7,card,success,,1,25.17
PAY_20638,70cc759db3c1,card,success,,1,78.68
PAY_20639,1ebc02911980,card,success,,1,97.7
PAY_20640,17b4cb5f4363,card,success,,1,38.55
PAY_20641,7a0c80132e8b,card,success,,1,107.5
PAY_20642,61a1612f78ec,card,success,,1,111.41
PAY_20643,ea041b3c041b,card,failed,bank_decline,1,61.29
PAY_20644,ea041b3c041b,netbanking,failed,bank_decline,2,61.29
PAY_20645,ea041b3c041b,netbanking,failed,bank_decline,3,61.29
PAY_20646,cd0d9741caeb,card,success,,1,457.96
PAY_20647,86fd8d9a9a17,card,success,,1,126.95
PAY_20648,2cea483472f8,card,success,,1,222.03
PAY_20649,11772bf499f9,card,success,,1,28.08
PAY_20650,3052856ee0c2,card,success,,1,27.89
PAY_20651,1ae7736a581a,card,success,,1,130.07
PAY_20652,203efa84daf9,card,success,,1,396.98
PAY_20653,ecf4928a6c04,card,success,,1,40.13
PAY_20654,d11f642ac929,card,success,,1,100.96
PAY_20655,1e8bbbd74aea,card,success,,1,50.66
PAY_20656,522070a98d09,card,success,,1,105.06
PAY_20657,158e7d748799,card,success,,1,60.7
PAY_20658,28b572c6fc45,card,success,,1,31.68
PAY_20659,7b12590a78f3,card,success,,1,31.11
PAY_20660,6c246fe759c8,card,success,,1,19.91
PAY_20661,255ea9afa753,card,success,,1,131.8
PAY_20662,e40f0ca88f0f,card,success,,1,145.19
PAY_20663,d00d105c597f,card,success,,1,144.61
PAY_20664,96ec1488e711,card,success,,1,43.5
PAY_20665,c37997efbaf8,card,success,,1,201.29
PAY_20666,efec5358fa5b,card,success,,1,158.45
PAY_20667,2bc9f03d8919,card,success,,1,90.54
PAY_20668,4076b2135367,card,success,,1,79.4
PAY_20669,2efe90b461b7,card,failed,otp_failed,1,53.55
PAY_20670,c1316ddcef37,card,success,,1,104.98
PAY_20671,129177573851,card,success,,1,328.26
PAY_20672,1a6808fe73d6,card,success,,1,223.7
PAY_20673,d2b14dc8b835,card,success,,1,73.33
PAY_20674,1419af1e2b32,card,success,,1,138.5
PAY_20675,2689100e7ebf,card,success,,1,37.29
PAY_20676,cef786a7b8ab,card,success,,1,161.43
PAY_20677,8ac01cc1d994,card,success,,1,46.31
PAY_20678,b5c6ce6a9f05,card,success,,1,156.37
PAY_20679,6609a9b33bc3,card,success,,1,968.02
PAY_20680,143acf2f95f3,card,success,,1,57.05
PAY_20681,c0e2b52b2686,card,success,,1,932.85
PAY_20682,96598c16135c,card,success,,1,133.29
PAY_20683,8ce96b9f636a,card,success,,1,49.42
PAY_20684,ecfa0a7ad365,card,success,,1,597.03
PAY_20685,344137b50fa3,card,success,,1,133.54
PAY_20686,84147ea08983,card,success,,1,57.23
PAY_20687,2f7c81a15c52,card,failed,otp_failed,1,76.5
PAY_20688,d7a1cf03422a,card,failed,timeout,1,127.06
PAY_20689,80ad413a6e00,card,success,,1,89.39
PAY_20690,0b1236e989d1,card,success,,1,118.71
PAY_20691,c9aaade07c23,card,success,,1,372.0
PAY_20692,d90a2b731db1,card,success,,1,36.51
PAY_20693,90586484aa72,card,success,,1,150.76
PAY_20694,565d87c25068,card,success,,1,84.92
PAY_20695,06c0f095c03f,card,success,,1,60.39
PAY_20696,4977261591f7,card,success,,1,27.96
PAY_20697,20a23dc258b2,card,success,,1,13.56
PAY_20698,07dd22e36ae0,card,success,,1,107.73
PAY_20699,58d875fac159,card,success,,1,80.6
PAY_20700,adac3ee3bcf2,card,success,,1,30.5
PAY_20701,56949b3fbab0,card,success,,1,22.91
PAY_20702,94d2b20150cc,card,success,,1,421.79
PAY_20703,7c62aee66f15,card,success,,1,130.37
PAY_20704,f963cc757d7d,card,success,,1,91.44
PAY_20705,9266cf7244f1,card,success,,1,521.23
PAY_20706,0c71c626e1f4,card,success,,1,203.9
PAY_20707,7d97b416ab67,card,success,,1,370.71
PAY_20708,e8d4faba3140,card,success,,1,35.02
PAY_20709,4ad1dbda9f44,card,success,,1,33.99
PAY_20710,551827d24b54,card,success,,1,147.48
PAY_20711,9879ef723730,card,success,,1,125.41
PAY_20712,d77f8988c2b5,card,success,,1,244.63
PAY_20713,bd8324603bcd,card,success,,1,24.42
PAY_20714,a08efa71ba96,card,success,,1,158.04
PAY_20715,7b2828a546d4,card,success,,1,198.62
PAY_20716,e8c8ffb764b3,card,failed,bank_decline,1,190.36
PAY_20717,e8c8ffb764b3,card,failed,bank_decline,2,190.36
PAY_20718,65608651fb81,card,success,,1,65.02
PAY_20719,5e9c1b4eaeed,card,success,,1,136.3
PAY_20720,4405535b00d8,card,success,,1,48.4
PAY_20721,7304b5bb4333,card,success,,1,71.21
PAY_20722,d10b767208a4,card,success,,1,39.08
PAY_20723,c380547770ff,card,success,,1,49.06
PAY_20724,f77ba13773d6,card,success,,1,74.23
PAY_20725,8e6e47983aad,card,success,,1,60.78
PAY_20726,273357c1f2d0,card,success,,1,49.06
PAY_20727,911a9d6fe649,card,success,,1,31.83
PAY_20728,183ac6f8e3b7,card,success,,1,432.19
PAY_20729,856a8b6bd9b4,card,success,,1,60.31
PAY_20730,0c957a0d0d41,card,success,,1,22.04
PAY_20731,e08c25a79953,card,success,,1,266.7
PAY_20732,70ccb3b84c67,card,success,,1,102.9
PAY_20733,8966da5d06c8,card,success,,1,63.11
PAY_20734,0ced53c1ffa9,card,success,,1,63.55
PAY_20735,5ccdc1a037ff,card,success,,1,180.46
PAY_20736,34606bab40b7,card,success,,1,8.48
PAY_20737,c772f3add875,card,success,,1,81.09
PAY_20738,2f4fe3a021d9,card,success,,1,667.97
PAY_20739,7c655bce1fc8,card,success,,1,68.71
PAY_20740,eee1c24d2327,card,failed,timeout,1,198.78
PAY_20741,eee1c24d2327,UPI,failed,bank_decline,2,198.78
PAY_20742,eee1c24d2327,UPI,failed,bank_decline,3,198.78
PAY_20743,eee1c24d2327,UPI,failed,bank_decline,4,198.78
PAY_20744,790a19d7b88c,card,success,,1,383.49
PAY_20745,a23a4c645eda,card,success,,1,153.93
PAY_20746,ad72ba998605,card,success,,1,52.51
PAY_20747,8ada22ad809f,card,success,,1,163.42
PAY_20748,ef8f489a3d76,card,success,,1,335.63
PAY_20749,b7dcb5d900e5,card,success,,1,139.32
PAY_20750,67b1dbfd1a7f,card,success,,1,241.47
PAY_20751,c54815e94478,card,success,,1,175.9
PAY_20752,208d49c8a247,card,success,,1,37.32
PAY_20753,579b9c0e5dfb,card,success,,1,269.39
PAY_20754,f64f8184f620,card,success,,1,73.77
PAY_20755,982ac4011078,card,success,,1,300.23
PAY_20756,729bf1c9ef1c,card,success,,1,85.32
PAY_20757,25e0a8a4cbce,card,success,,1,117.62
PAY_20758,2d2ea507562d,card,success,,1,67.99
PAY_20759,7aef3d820922,card,success,,1,102.27
PAY_20760,40323b6cb256,card,success,,1,106.69
PAY_20761,1643b0597be9,card,success,,1,24.86
PAY_20762,1c4e8640f10c,card,success,,1,63.23
PAY_20763,62e5d6753059,card,success,,1,33.56
PAY_20764,a49c9a8dcfc5,card,success,,1,65.0
PAY_20765,c50a0d0da9eb,card,success,,1,47.65
PAY_20766,6d8acb327687,card,success,,1,202.24
PAY_20767,e0200ec29763,card,success,,1,204.12
PAY_20768,0b8b5064cff8,card,success,,1,140.93
PAY_20769,ef7e130b4af6,card,success,,1,32.65
PAY_20770,6769d3db964c,card,failed,bank_decline,1,83.22
PAY_20771,6769d3db964c,card,failed,otp_failed,2,83.22
PAY_20772,1eac5e7cf147,card,success,,1,30.64
PAY_20773,10e5a621a398,card,success,,1,80.01
PAY_20774,6d8c82f82fca,card,success,,1,151.1
PAY_20775,1ce2f096a306,card,failed,bank_decline,1,199.08
PAY_20776,6bb6d2c71a25,card,success,,1,131.4
PAY_20777,0b7354043b4c,card,success,,1,246.36
PAY_20778,24487fe8fd49,card,success,,1,110.81
PAY_20779,666c64b772f2,card,success,,1,74.68
PAY_20780,bc403255d104,card,success,,1,181.08
PAY_20781,216775506706,card,success,,1,185.89
PAY_20782,de59ddb8e7a6,card,success,,1,59.18
PAY_20783,d9c28e20493e,card,success,,1,121.9
PAY_20784,6111cae01e6e,card,success,,1,71.13
PAY_20785,2f532e1fe30d,card,success,,1,18.05
PAY_20786,b23f3c4f1cfd,card,success,,1,128.01
PAY_20787,5fc7af547847,card,success,,1,31.96
PAY_20788,dd1d5b51b718,card,success,,1,117.05
PAY_20789,73e80b4835d5,card,success,,1,26.36
PAY_20790,d7f059932179,card,success,,1,50.62
PAY_20791,30cce8f574ae,card,success,,1,63.63
PAY_20792,07bb7059a185,card,success,,1,235.42
PAY_20793,ecbe1958d65d,card,success,,1,58.74
PAY_20794,a2f47fb7b498,card,success,,1,38.09
PAY_20795,30f504365a7d,card,success,,1,120.48
PAY_20796,d16504f3c3bb,card,success,,1,75.67
PAY_20797,e0fe6f924624,card,success,,1,40.06
PAY_20798,f4037f22dff1,card,success,,1,106.56
PAY_20799,2b9196a3738b,card,success,,1,649.14
PAY_20800,37fd0faa1f89,card,success,,1,74.33
PAY_20801,7648771ff7b4,card,success,,1,104.52
PAY_20802,eb6d8878d0c9,card,success,,1,23.84
PAY_20803,6fc8e45161da,card,success,,1,45.5
PAY_20804,060cc462525f,card,success,,1,130.03
PAY_20805,06cd53f34f87,card,success,,1,69.14
PAY_20806,d83e3dea5dfa,card,success,,1,147.16
PAY_20807,53aaa5a85dda,card,success,,1,126.46
PAY_20808,7cba988d8817,card,success,,1,31.36
PAY_20809,d6a3f1e47d32,card,success,,1,202.81
PAY_20810,3cd8756a7123,card,success,,1,33.31
PAY_20811,738344fd9716,card,success,,1,48.82
PAY_20812,3cf383f237a9,card,success,,1,315.33
PAY_20813,e7b4e5f26d0a,card,success,,1,40.32
PAY_20814,8206aea9c1bd,card,success,,1,101.31
PAY_20815,7b905afae62e,card,success,,1,101.98
PAY_20816,1e3e4bf1408b,card,success,,1,152.31
PAY_20817,c2608447b41c,card,success,,1,232.11
PAY_20818,b69aa5f5ff04,card,success,,1,65.15
PAY_20819,82cd05e61e2a,card,failed,bank_decline,1,202.24
PAY_20820,f696bd276aee,card,success,,1,260.93
PAY_20821,aad97b4a576c,card,success,,1,375.09
PAY_20822,7407c759ff77,card,success,,1,134.5
PAY_20823,156d517bdaa3,card,success,,1,102.1
PAY_20824,8da828684657,card,failed,bank_decline,1,61.58
PAY_20825,8da828684657,card,failed,timeout,2,61.58
PAY_20826,8da828684657,card,failed,bank_decline,3,61.58
PAY_20827,8da828684657,card,failed,timeout,4,61.58
PAY_20828,4ecfbeabff86,card,success,,1,28.02
PAY_20829,526fbdcbf7b0,card,success,,1,72.07
PAY_20830,7a9b7688b61f,card,success,,1,98.48
PAY_20831,e36082144ba9,card,success,,1,82.47
PAY_20832,e7c69bb82a83,card,failed,bank_decline,1,145.21
PAY_20833,63c762e46820,card,success,,1,28.13
PAY_20834,c1338d4196f9,card,success,,1,77.82
PAY_20835,21d938a24918,card,success,,1,444.0
PAY_20836,a20fac6ca328,card,success,,1,199.63
PAY_20837,93c6744cd920,card,success,,1,147.37
PAY_20838,0b57f1965202,card,success,,1,123.04
PAY_20839,7153cdca568f,card,success,,1,67.2
PAY_20840,f3de73c669ed,card,success,,1,22.13
PAY_20841,b52a29ae9a24,card,success,,1,129.76
PAY_20842,bafa9528ca44,card,success,,1,12.7
PAY_20843,3411ad04866c,card,success,,1,69.38
PAY_20844,0ea3d5e48e00,card,success,,1,89.75
PAY_20845,31ecc5f730dc,card,success,,1,62.94
PAY_20846,8e9ab29e2617,card,success,,1,511.38
PAY_20847,94402aa7f1d7,card,success,,1,387.41
PAY_20848,e6cee0915614,card,success,,1,205.67
PAY_20849,0d53ec9b154c,card,success,,1,42.94
PAY_20850,476bd1322017,card,success,,1,418.69
PAY_20851,795255517d6b,card,success,,1,147.7
PAY_20852,4ccf936f0fcd,card,success,,1,42.37
PAY_20853,794e2d1fce23,card,success,,1,92.4
PAY_20854,5c0f0c010142,card,success,,1,193.81
PAY_20855,261310eeb57b,card,success,,1,55.75
PAY_20856,c910e98f3939,card,success,,1,100.73
PAY_20857,ce12bfeb85ba,card,success,,1,115.95
PAY_20858,69c62e685b10,card,success,,1,37.31
PAY_20859,e5193d63e721,card,success,,1,72.52
PAY_20860,511e5dee5f77,card,success,,1,39.63
PAY_20861,a69677ed2a33,card,success,,1,180.36
PAY_20862,b3475bea9bf9,card,success,,1,43.53
PAY_20863,99012e8e7ccb,card,success,,1,113.69
PAY_20864,bdbd4f373ba9,card,success,,1,29.6
PAY_20865,bd4dbc5086b2,card,success,,1,36.35
PAY_20866,504b751126ee,card,success,,1,34.97
PAY_20867,9aa803efbe22,card,success,,1,71.4
PAY_20868,13afe1bc134f,card,success,,1,103.99
PAY_20869,508f631902f4,card,success,,1,120.52
PAY_20870,f8a5368c135d,card,success,,1,21.81
PAY_20871,bcd34d7cc2e6,card,success,,1,78.66
PAY_20872,7df237151437,card,success,,1,49.38
PAY_20873,139e3296591a,card,success,,1,138.01
PAY_20874,6593c96341d1,card,success,,1,72.67
PAY_20875,dcb201b78f94,card,success,,1,84.38
PAY_20876,231b42e9b7fc,card,success,,1,49.6
PAY_20877,0d60683d22d2,card,success,,1,357.71
PAY_20878,2ddb64222b56,card,success,,1,32.24
PAY_20879,46fac87a4d50,card,success,,1,65.38
PAY_20880,51a64953aa23,card,success,,1,98.11
PAY_20881,05475ddf434d,card,success,,1,73.62
PAY_20882,5d23b9e9f594,card,success,,1,48.85
PAY_20883,c119c33e7429,card,success,,1,21.13
PAY_20884,2328ebba87c7,card,success,,1,51.77
PAY_20885,c0997567162d,card,success,,1,41.78
PAY_20886,52caafe27a57,card,success,,1,344.94
PAY_20887,3eff32bc3558,card,success,,1,551.01
PAY_20888,1fd3f3f7c588,card,success,,1,86.43
PAY_20889,86008736cdf9,card,success,,1,29.26
PAY_20890,47f3f2bd543b,card,success,,1,162.46
PAY_20891,41acf01f27ba,card,success,,1,41.06
PAY_20892,43851481f75a,card,success,,1,58.01
PAY_20893,5e92c9af93e3,card,success,,1,54.43
PAY_20894,9c74e6e6b8ca,card,success,,1,60.32
PAY_20895,a6fbd13bbb66,card,success,,1,67.78
PAY_20896,6549be085f0b,card,success,,1,31.48
PAY_20897,4a55153df64a,card,success,,1,51.34
PAY_20898,b4bf2ebce6df,card,success,,1,203.56
PAY_20899,aeddcb720d22,card,failed,bank_decline,1,87.63
PAY_20900,203d3a6f6918,card,success,,1,99.51
PAY_20901,8639492add65,card,success,,1,15.09
PAY_20902,1cd01475f2b7,card,success,,1,52.02
PAY_20903,dba854d8dce4,card,success,,1,221.22
PAY_20904,f3c177069dee,card,success,,1,101.84
PAY_20905,19af4586df7e,card,success,,1,57.42
PAY_20906,803c905bb301,card,success,,1,23.52
PAY_20907,e66200176151,card,success,,1,512.8
PAY_20908,f20fb100cab7,card,success,,1,171.16
PAY_20909,656f45354179,card,failed,bank_decline,1,179.55
PAY_20910,656f45354179,card,failed,bank_decline,2,179.55
PAY_20911,656f45354179,card,failed,bank_decline,3,179.55
PAY_20912,656f45354179,card,failed,timeout,4,179.55
PAY_20913,2a33958ab215,card,success,,1,107.69
PAY_20914,ab2221696c32,card,success,,1,265.58
PAY_20915,046ebe1c81e9,card,success,,1,61.38
PAY_20916,4ba5f516ff4c,card,success,,1,162.4
PAY_20917,0e2aaa3d8fb8,card,success,,1,54.38
PAY_20918,561da7cc5000,card,success,,1,60.15
PAY_20919,3a33901290ce,card,success,,1,97.28
PAY_20920,8cf3b5704f9b,card,success,,1,32.66
PAY_20921,7cf572d2ba0e,card,success,,1,117.16
PAY_20922,723ae18272a3,card,success,,1,70.14
PAY_20923,aec48eafd37b,card,success,,1,18.36
PAY_20924,274e47e8e7ba,card,failed,otp_failed,1,62.42
PAY_20925,274e47e8e7ba,card,failed,otp_failed,2,62.42
PAY_20926,00a9138d77fc,card,success,,1,68.3
PAY_20927,01b768577d19,card,success,,1,113.09
PAY_20928,88208f405699,card,success,,1,286.57
PAY_20929,f5ae933dab03,card,success,,1,136.47
PAY_20930,8b2c147acfe5,card,success,,1,57.79
PAY_20931,834fcbeaa48f,card,success,,1,85.91
PAY_20932,87050ebcec8e,card,failed,timeout,1,68.14
PAY_20933,ab900c497d04,card,success,,1,133.0
PAY_20934,265cbbdb92dc,card,success,,1,94.43
PAY_20935,a1e35cceca9a,card,success,,1,54.44
PAY_20936,bce755e388a3,card,success,,1,90.64
PAY_20937,921f79c89576,card,success,,1,130.18
PAY_20938,a994711d6626,card,success,,1,40.24
PAY_20939,bd6de3d6dc85,card,success,,1,116.0
PAY_20940,e62e42ccd71e,card,success,,1,25.46
PAY_20941,a1f0db36db3f,card,success,,1,217.99
PAY_20942,5ed0efef3ad9,card,success,,1,137.24
PAY_20943,77896718285f,card,success,,1,331.43
PAY_20944,2a9b5bafce59,card,success,,1,36.85
PAY_20945,0a31c0ab03a5,card,success,,1,222.91
PAY_20946,84c6f92ef17a,card,success,,1,190.3
PAY_20947,b17f80730fde,card,success,,1,77.81
PAY_20948,6037c67f6000,card,success,,1,66.6
PAY_20949,559e94410529,card,success,,1,37.78
PAY_20950,0918414786e3,card,failed,timeout,1,30.67
PAY_20951,2a31ddd5e720,card,success,,1,49.35
PAY_20952,c2770ac8f6d1,card,success,,1,32.96
PAY_20953,6112e1bacf13,card,success,,1,322.65
PAY_20954,3fa6cebbf964,card,success,,1,27.07
PAY_20955,94833488b28b,card,success,,1,101.4
PAY_20956,a9a0b7249a48,card,success,,1,127.56
PAY_20957,f9ff2669e3df,card,success,,1,119.82
PAY_20958,9d8e736388fd,card,success,,1,128.54
PAY_20959,6820b14731c3,card,success,,1,191.93
PAY_20960,63cfe4d15862,card,success,,1,63.01
PAY_20961,fd489eac1302,card,success,,1,96.55
PAY_20962,188a5a28b534,card,success,,1,71.18
PAY_20963,e046d1d0b84a,card,success,,1,255.19
PAY_20964,66c89bb3da36,card,success,,1,482.94
PAY_20965,4def42bb361c,card,success,,1,141.93
PAY_20966,eff4be32afb4,card,success,,1,211.94
PAY_20967,a4ce16bb3049,card,success,,1,430.77
PAY_20968,849768c22a4f,card,success,,1,162.44
PAY_20969,3ece54a48101,card,success,,1,274.96
PAY_20970,52c313bf2970,card,success,,1,339.7
PAY_20971,3731a50e8b6a,card,success,,1,290.56
PAY_20972,c8d65da6542b,card,success,,1,182.17
PAY_20973,7c3574bb474f,card,success,,1,89.42
PAY_20974,921a6d62ec1e,card,success,,1,114.44
PAY_20975,5a78db01f103,card,success,,1,83.11
PAY_20976,48373ba3768c,card,success,,1,87.31
PAY_20977,f908811fa204,card,success,,1,315.38
PAY_20978,ef6b77217d8e,card,success,,1,49.13
PAY_20979,63ab55b39f0d,card,success,,1,170.59
PAY_20980,33f40d9f5864,card,success,,1,115.95
PAY_20981,87421e2e7247,card,success,,1,45.33
PAY_20982,d1a8f51f8348,card,success,,1,38.04
PAY_20983,2bad78dc7c83,card,success,,1,23.08
PAY_20984,e7e75ce20430,card,success,,1,132.75
PAY_20985,1f7421654c25,card,success,,1,85.58
PAY_20986,3de9181206aa,card,success,,1,46.5
PAY_20987,5348682b8195,card,success,,1,20.07
PAY_20988,09b67142b657,card,success,,1,127.25
PAY_20989,eb96159a6f6a,card,success,,1,78.34
PAY_20990,33863c295e17,card,success,,1,50.86
PAY_20991,a7a4836b2d14,card,success,,1,74.38
PAY_20992,9f6182a46b50,card,success,,1,131.1
PAY_20993,869f6b0367c3,card,success,,1,69.13
PAY_20994,2b079226e920,card,success,,1,34.78
PAY_20995,af499cd4e20f,card,success,,1,85.93
PAY_20996,8922c550d5c5,card,success,,1,207.77
PAY_20997,af608c099203,card,success,,1,92.96
PAY_20998,6996ca5b4acc,card,success,,1,95.08
PAY_20999,859902f0e5ef,card,success,,1,69.37
PAY_21000,6bebb17b2b75,card,success,,1,44.18
PAY_21001,857544615844,card,success,,1,43.02
PAY_21002,5735f5160bb4,card,success,,1,23.82
PAY_21003,3644912fec0a,card,failed,bank_decline,1,231.59
PAY_21004,3644912fec0a,card,failed,timeout,2,231.59
PAY_21005,74e6de27b936,card,success,,1,130.32
PAY_21006,1b9a861fb26e,card,success,,1,96.16
PAY_21007,0df38b02584d,card,success,,1,114.03
PAY_21008,23626b16f256,card,success,,1,118.11
PAY_21009,cad200aca676,card,success,,1,50.02
PAY_21010,b270ddb76a9a,card,success,,1,69.39
PAY_21011,b862aeccea23,card,success,,1,61.6
PAY_21012,e51090e6862a,card,failed,bank_decline,1,671.25
PAY_21013,e51090e6862a,card,failed,bank_decline,2,671.25
PAY_21014,e74dccfbcbc4,card,success,,1,203.6
PAY_21015,80a19370a870,card,success,,1,102.96
PAY_21016,bc7dba83bab7,card,success,,1,268.48
PAY_21017,886df1464002,card,success,,1,242.68
PAY_21018,7ab90b3d9711,card,success,,1,29.83
PAY_21019,7bfbbacff325,card,success,,1,75.32
PAY_21020,926ce2bb4c1e,card,success,,1,88.85
PAY_21021,9363319fcb96,card,success,,1,146.82
PAY_21022,4b2f9f742aa8,card,success,,1,75.25
PAY_21023,df4aea3f8ebc,card,success,,1,83.19
PAY_21024,e6fe22924e93,card,success,,1,62.24
PAY_21025,2f40953b5c46,card,success,,1,208.34
PAY_21026,23e38ccf87ba,card,success,,1,28.37
PAY_21027,f91c6f9bfa55,card,success,,1,63.95
PAY_21028,43ad205d53d4,card,success,,1,20.6
PAY_21029,5ba25bca5a50,card,success,,1,39.5
PAY_21030,2c585e8c3a1f,card,success,,1,116.02
PAY_21031,28925b9bb4fc,card,success,,1,117.79
PAY_21032,dee7db2bc011,card,success,,1,70.07
PAY_21033,03c834a8a156,card,failed,otp_failed,1,221.23
PAY_21034,5ec1003e46b7,card,success,,1,265.93
PAY_21035,68620b5616f1,card,success,,1,85.17
PAY_21036,84ef36d9839c,card,success,,1,109.99
PAY_21037,9c9658777f41,card,success,,1,62.68
PAY_21038,e756d1fdd7e2,card,success,,1,148.64
PAY_21039,26f6154bbde9,card,success,,1,378.67
PAY_21040,006439a8ffa2,card,success,,1,224.08
PAY_21041,c0376fc6118d,card,success,,1,34.5
PAY_21042,d1e1d5bc9272,card,success,,1,47.88
PAY_21043,b418db355cba,card,success,,1,126.09
PAY_21044,c0b4ae7d364e,card,success,,1,68.68
PAY_21045,57919b62bc09,card,success,,1,139.17
PAY_21046,9dc39ded3fef,card,success,,1,67.52
PAY_21047,76e1a5930655,card,success,,1,304.86
PAY_21048,016dd82ebc54,card,success,,1,90.62
PAY_21049,c9bbc842cac3,card,success,,1,624.18
PAY_21050,36617afc71d3,card,success,,1,145.79
PAY_21051,7269f53777db,card,success,,1,30.58
PAY_21052,0e4810bac650,card,success,,1,477.8
PAY_21053,af43c3828943,card,success,,1,216.79
PAY_21054,5fe59dd70851,card,success,,1,122.01
PAY_21055,c11bef48b611,card,success,,1,151.0
PAY_21056,05b6802cac23,card,success,,1,34.77
PAY_21057,a9bb998d8cc0,card,success,,1,87.06
PAY_21058,01ad3c7f9ed6,card,success,,1,271.24
PAY_21059,491915e4d3a9,card,success,,1,123.54
PAY_21060,1c6cef333e1d,card,success,,1,353.31
PAY_21061,0cc4d3d706af,card,success,,1,259.04
PAY_21062,5c2b9603fc70,card,success,,1,91.51
PAY_21063,13d60f51b449,card,success,,1,232.06
PAY_21064,322622f24110,card,success,,1,304.32
PAY_21065,bd2b6710a3fb,card,success,,1,84.42
PAY_21066,f50054936fee,card,success,,1,75.87
PAY_21067,b569b654fc95,card,failed,timeout,1,100.72
PAY_21068,75d0e46fb06c,card,success,,1,13.07
PAY_21069,fd6c263ac2a3,card,success,,1,112.66
PAY_21070,bbe22a915396,card,success,,1,160.19
PAY_21071,8396ffc4bcd9,card,success,,1,101.05
PAY_21072,8e82a18977e1,card,success,,1,118.6
PAY_21073,53ee146806ef,card,success,,1,86.94
PAY_21074,9dec008400b6,card,success,,1,18.22
PAY_21075,bc8b31f7e0ef,card,success,,1,340.38
PAY_21076,8a77f3679356,card,success,,1,67.07
PAY_21077,75d4e99196ab,card,success,,1,54.91
PAY_21078,636322bf8958,card,success,,1,266.77
PAY_21079,83ed3c1f37aa,card,failed,timeout,1,196.95
PAY_21080,83ed3c1f37aa,card,failed,timeout,2,196.95
PAY_21081,83ed3c1f37aa,card,failed,bank_decline,3,196.95
PAY_21082,34aa96f76c46,card,success,,1,111.99
PAY_21083,e3ec73649486,card,success,,1,166.58
PAY_21084,3e7b0d2d4890,card,success,,1,35.73
PAY_21085,b6792a347cf5,card,success,,1,84.38
PAY_21086,b23c97fc0990,card,success,,1,253.62
PAY_21087,b2ce3b258c0d,card,success,,1,52.37
PAY_21088,f97da2088543,card,failed,timeout,1,40.5
PAY_21089,f97da2088543,card,failed,bank_decline,2,40.5
PAY_21090,f97da2088543,card,failed,otp_failed,3,40.5
PAY_21091,f97da2088543,card,failed,bank_decline,4,40.5
PAY_21092,ebf54acd0b77,card,failed,timeout,1,95.86
PAY_21093,ebf54acd0b77,card,failed,otp_failed,2,95.86
PAY_21094,ebf54acd0b77,card,failed,otp_failed,3,95.86
PAY_21095,632b5f55343d,card,success,,1,97.67
PAY_21096,d6461c82f1bc,card,success,,1,151.12
PAY_21097,da202376b4a6,card,success,,1,29.89
PAY_21098,96fb86f120fa,card,success,,1,11.71
PAY_21099,c549ccae1d42,card,success,,1,188.1
PAY_21100,93b5edb637eb,card,failed,timeout,1,37.85
PAY_21101,c3c7e0b1f58a,card,success,,1,55.26
PAY_21102,cc0890137f85,card,success,,1,15.7
PAY_21103,45363f810f4f,card,success,,1,204.04
PAY_21104,529af82c98ae,card,success,,1,119.14
PAY_21105,5419eae33bd8,card,success,,1,115.37
PAY_21106,11fac513a11d,card,failed,timeout,1,114.75
PAY_21107,11fac513a11d,card,failed,bank_decline,2,114.75
PAY_21108,11fac513a11d,card,failed,timeout,3,114.75
PAY_21109,e73e20eab309,card,success,,1,40.93
PAY_21110,37e3943726d9,card,success,,1,62.72
PAY_21111,8ef698be9fbe,card,success,,1,49.45
PAY_21112,1a07a7981f20,card,success,,1,72.44
PAY_21113,7f63f9b6b2f5,card,success,,1,109.61
PAY_21114,3f7a0f8b5fb8,card,success,,1,201.37
PAY_21115,378d4343d448,card,failed,bank_decline,1,27.55
PAY_21116,378d4343d448,card,failed,timeout,2,27.55
PAY_21117,378d4343d448,card,failed,timeout,3,27.55
PAY_21118,378d4343d448,card,failed,timeout,4,27.55
PAY_21119,5ef03329470b,card,success,,1,89.38
PAY_21120,cec692367287,card,failed,timeout,1,159.05
PAY_21121,cec692367287,card,failed,timeout,2,159.05
PAY_21122,3c3608687e24,card,success,,1,42.98
PAY_21123,fd76773a62cf,card,success,,1,77.15
PAY_21124,25215a32914e,card,success,,1,130.74
PAY_21125,ec8646e3e515,card,failed,timeout,1,90.83
PAY_21126,ec8646e3e515,netbanking,failed,bank_decline,2,90.83
PAY_21127,9734125ca935,card,success,,1,154.37
PAY_21128,1a434e5b45c8,card,success,,1,97.1
PAY_21129,9137243ec99a,card,success,,1,70.14
PAY_21130,38fcff11cf24,card,success,,1,35.23
PAY_21131,69db1ba926a8,card,success,,1,109.7
PAY_21132,ea760bf325ed,card,success,,1,97.51
PAY_21133,87fadc0d0180,card,success,,1,40.68
PAY_21134,9aa2f4afa980,card,success,,1,143.4
PAY_21135,3f2345322a7e,card,success,,1,248.23
PAY_21136,98eb64c6c1ae,card,success,,1,53.09
PAY_21137,7952bba4897e,card,success,,1,50.29
PAY_21138,394cc021aa2b,card,success,,1,48.85
PAY_21139,5694c8bc9920,card,success,,1,23.5
PAY_21140,21a30261277b,card,success,,1,447.46
PAY_21141,6d4c37b10c6a,card,success,,1,62.86
PAY_21142,09c48c2cffd0,card,failed,timeout,1,45.3
PAY_21143,09c48c2cffd0,UPI,failed,timeout,2,45.3
PAY_21144,09c48c2cffd0,UPI,failed,timeout,3,45.3
PAY_21145,09c48c2cffd0,UPI,failed,timeout,4,45.3
PAY_21146,3d10208aeb67,card,success,,1,36.55
PAY_21147,0062f5aa5801,card,failed,bank_decline,1,66.0
PAY_21148,0062f5aa5801,card,failed,otp_failed,2,66.0
PAY_21149,0062f5aa5801,card,failed,bank_decline,3,66.0
PAY_21150,667321547d0d,card,success,,1,51.62
PAY_21151,2aa27ca747fa,card,success,,1,284.42
PAY_21152,4aee871ba070,card,success,,1,33.15
PAY_21153,be84f9d50e87,card,success,,1,26.29
PAY_21154,c385499f458b,card,success,,1,139.97
PAY_21155,92f1e638d26e,card,failed,timeout,1,82.62
PAY_21156,32c824585093,card,success,,1,75.31
PAY_21157,21de548fbb67,card,success,,1,140.85
PAY_21158,174ed9c1b1fb,card,success,,1,100.42
PAY_21159,aa48ebee0aa9,card,success,,1,86.71
PAY_21160,49edb0c07674,card,success,,1,29.24
PAY_21161,9ccde901fda0,card,success,,1,23.7
PAY_21162,64652f49beee,card,success,,1,51.4
PAY_21163,9417b3780e98,card,success,,1,37.81
PAY_21164,e081d6028a68,card,success,,1,111.65
PAY_21165,ca819ab48f37,card,success,,1,21.35
PAY_21166,62d0865b290f,card,success,,1,62.95
PAY_21167,0749694b7475,card,success,,1,78.38
PAY_21168,c2176f15f811,card,success,,1,87.21
PAY_21169,3bffd39ed129,card,success,,1,123.86
PAY_21170,68a5aeb2d9bb,card,success,,1,69.32
PAY_21171,b7d03c937f02,card,success,,1,52.77
PAY_21172,6ebf348d6860,card,success,,1,243.61
PAY_21173,f4508a44446a,card,success,,1,69.68
PAY_21174,fe01f290ed9b,card,success,,1,280.14
PAY_21175,5644677f5d8e,card,success,,1,69.4
PAY_21176,62b3b2966ba8,card,success,,1,88.85
PAY_21177,41aadada8636,card,success,,1,80.56
PAY_21178,668082278712,card,success,,1,108.31
PAY_21179,79a91cd3f048,card,success,,1,64.34
PAY_21180,fa1517083358,card,success,,1,97.21
PAY_21181,d5628c8a6d21,card,success,,1,306.33
PAY_21182,3175647ed1f9,card,success,,1,208.32
PAY_21183,ee26c188defa,card,success,,1,209.47
PAY_21184,b96eea127913,card,success,,1,30.77
PAY_21185,2b10e4818d88,card,success,,1,35.02
PAY_21186,1b916e080f15,card,success,,1,107.15
PAY_21187,81a0d684ffd6,card,success,,1,166.77
PAY_21188,de8f61ae8642,card,success,,1,59.42
PAY_21189,b9fa10968087,card,failed,otp_failed,1,51.52
PAY_21190,b9fa10968087,card,failed,otp_failed,2,51.52
PAY_21191,8fcd8b4023c5,card,success,,1,274.53
PAY_21192,e9abc9558600,card,success,,1,155.82
PAY_21193,de5c47bbb276,card,success,,1,209.85
PAY_21194,7344b5ea2c49,card,success,,1,63.23
PAY_21195,806a7c2430b6,card,success,,1,59.38
PAY_21196,2dc6b64fd2b3,card,success,,1,72.95
PAY_21197,14d5963c8c9c,card,success,,1,55.22
PAY_21198,1613efc8577d,card,success,,1,43.36
PAY_21199,7e546b549c09,card,success,,1,181.28
PAY_21200,2e0a17f381d5,card,success,,1,26.9
PAY_21201,b4b7b61468b3,card,failed,otp_failed,1,148.9
PAY_21202,b4b7b61468b3,card,failed,otp_failed,2,148.9
PAY_21203,b4b7b61468b3,card,failed,otp_failed,3,148.9
PAY_21204,7560c8a0075a,card,success,,1,51.08
PAY_21205,5c7fc992a6a6,card,success,,1,76.08
PAY_21206,9efa56f2fea6,card,success,,1,80.08
PAY_21207,14d4c4e24c18,card,success,,1,71.54
PAY_21208,45a39ab4b3c5,card,success,,1,63.09
PAY_21209,d69e0b5b10cf,card,success,,1,56.99
PAY_21210,b2e485d0bd36,card,success,,1,258.74
PAY_21211,3c48908e4940,card,success,,1,81.39
PAY_21212,efb460c1c6d1,card,success,,1,53.9
PAY_21213,bbf61637a170,card,success,,1,166.05
PAY_21214,ee634df43d91,card,success,,1,49.26
PAY_21215,7126b47c2a42,card,success,,1,14.92
PAY_21216,cb358b09cbe8,card,success,,1,94.32
PAY_21217,a320e36e9d60,card,success,,1,71.99
PAY_21218,f18c04be9182,card,success,,1,56.34
PAY_21219,4655370a0c30,card,success,,1,186.65
PAY_21220,11dfb8c1c8b7,card,success,,1,10.11
PAY_21221,3e1d2b4eba92,card,success,,1,317.66
PAY_21222,50ee036a7987,card,success,,1,209.29
PAY_21223,51a67444f158,card,success,,1,54.46
PAY_21224,0e92745f8c76,card,success,,1,62.76
PAY_21225,aca0e8bcca5c,card,success,,1,134.76
PAY_21226,9a97659f8700,card,success,,1,137.69
PAY_21227,0449b079e547,card,success,,1,54.21
PAY_21228,39d71a40f626,card,success,,1,24.69
PAY_21229,c168564833ab,card,success,,1,488.31
PAY_21230,b99cfce91d23,card,success,,1,193.43
PAY_21231,d9bc40b555d2,card,success,,1,102.05
PAY_21232,3c2bd874e9e7,card,success,,1,103.61
PAY_21233,ee4eea3c6e94,card,success,,1,147.98
PAY_21234,6a3394946b90,card,success,,1,162.85
PAY_21235,1e338511b8d7,card,success,,1,16.96
PAY_21236,43b2873f25c0,card,success,,1,67.99
PAY_21237,c5afe5d44176,card,success,,1,62.56
PAY_21238,4824bbffb62a,card,failed,otp_failed,1,79.11
PAY_21239,4824bbffb62a,card,failed,timeout,2,79.11
PAY_21240,4824bbffb62a,card,failed,timeout,3,79.11
PAY_21241,4824bbffb62a,card,failed,otp_failed,4,79.11
PAY_21242,5ec2d692eb4e,card,success,,1,166.77
PAY_21243,09164e5bf996,card,success,,1,21.5
PAY_21244,09a9611e82ca,card,success,,1,30.59
PAY_21245,a95e88449c60,card,success,,1,52.18
PAY_21246,b5b21d7ef0ca,card,success,,1,101.85
PAY_21247,1cfd4b90c6ba,card,success,,1,175.16
PAY_21248,41ddd5daa02f,card,success,,1,331.97
PAY_21249,c618e5eec55f,card,success,,1,158.88
PAY_21250,9bedd41ee746,card,success,,1,138.84
PAY_21251,894535d0abe3,card,success,,1,88.29
PAY_21252,76c672c79a22,card,success,,1,65.39
PAY_21253,339461b26f05,card,failed,bank_decline,1,38.39
PAY_21254,339461b26f05,card,failed,bank_decline,2,38.39
PAY_21255,4377bd6b230d,card,success,,1,118.83
PAY_21256,abfb0a707813,card,success,,1,86.18
PAY_21257,6dd99eebf439,card,success,,1,64.56
PAY_21258,332497421b27,card,success,,1,153.22
PAY_21259,a16cefda91a0,card,success,,1,76.68
PAY_21260,52725e22f82a,card,success,,1,43.36
PAY_21261,52f8a47df99f,card,success,,1,72.73
PAY_21262,9d23feeb036f,card,success,,1,173.56
PAY_21263,52c33a11b159,card,success,,1,39.69
PAY_21264,fb309e087709,card,success,,1,106.42
PAY_21265,b0c5386a08fc,card,success,,1,86.11
PAY_21266,567b008cc702,card,success,,1,48.98
PAY_21267,1e05ef06dc64,card,success,,1,71.19
PAY_21268,f0681cf383f2,card,success,,1,25.6
PAY_21269,6b2b928fdc5e,card,success,,1,98.27
PAY_21270,e74bf8aa7f1f,card,success,,1,30.21
PAY_21271,5d882a200c8a,card,success,,1,212.29
PAY_21272,44e442a2d6e9,card,success,,1,83.63
PAY_21273,8c319ce30ec3,card,success,,1,56.97
PAY_21274,6d69e2efb9db,card,success,,1,227.8
PAY_21275,c5d0f6efd27b,card,success,,1,39.43
PAY_21276,4f4be3914e43,card,success,,1,49.49
PAY_21277,4cb5e34ef8a4,card,success,,1,20.83
PAY_21278,b3a5178eebf4,card,success,,1,256.62
PAY_21279,a8af6664a86b,card,success,,1,402.74
PAY_21280,9a89b13c7667,card,success,,1,23.6
PAY_21281,5d4554624e94,card,success,,1,46.87
PAY_21282,c7c737f785bc,card,success,,1,95.19
PAY_21283,bcdd02c70816,card,success,,1,59.59
PAY_21284,79a3096088be,card,success,,1,87.79
PAY_21285,a1e53c66542f,card,success,,1,81.93
PAY_21286,d18dd5c04f3c,card,success,,1,105.02
PAY_21287,286896ce338c,card,success,,1,36.86
PAY_21288,c4114f1fc1cf,card,success,,1,64.75
PAY_21289,80eed9d4fbd3,card,success,,1,22.43
PAY_21290,24b66dd48cbc,card,success,,1,65.13
PAY_21291,073f59495802,card,success,,1,56.93
PAY_21292,b0c49eac486d,card,success,,1,191.5
PAY_21293,4a0f65f8799b,card,success,,1,85.85
PAY_21294,99c00d87c6cf,card,success,,1,99.29
PAY_21295,44c67764e6d3,card,success,,1,88.41
PAY_21296,4b488a5df518,card,success,,1,16.39
PAY_21297,6192eb2e7857,card,success,,1,18.22
PAY_21298,4087197871ac,card,success,,1,69.76
PAY_21299,35652a7d0844,card,success,,1,112.49
PAY_21300,7e568f5c7f01,card,success,,1,74.6
PAY_21301,b760bc6feec8,card,success,,1,45.09
PAY_21302,afd811058f10,card,success,,1,74.27
PAY_21303,101824039a72,card,success,,1,69.29
PAY_21304,0e74c657126c,card,success,,1,167.87
PAY_21305,5fbd6e0502b7,card,success,,1,160.52
PAY_21306,9b072d67b2cc,card,success,,1,57.82
PAY_21307,186e0628c70e,card,success,,1,86.49
PAY_21308,5f2503ff6335,card,success,,1,112.28
PAY_21309,11920f40e6c3,card,success,,1,126.43
PAY_21310,bd83c77d8d1b,card,success,,1,337.67
PAY_21311,2fb286fd3844,card,success,,1,88.01
PAY_21312,4d41a0a3090e,card,success,,1,229.29
PAY_21313,b9b191fc33f6,card,success,,1,35.59
PAY_21314,bfd29c70ff53,card,success,,1,54.05
PAY_21315,a7d3de386d98,card,success,,1,16.3
PAY_21316,a8c6dbc6f73d,card,success,,1,101.6
PAY_21317,ed5d8ccfb0e4,card,success,,1,151.11
PAY_21318,1328b23d4539,card,success,,1,11.65
PAY_21319,265eb55ca460,card,success,,1,145.97
PAY_21320,e4853ac0009c,card,success,,1,139.46
PAY_21321,aca7dd385315,card,success,,1,34.58
PAY_21322,70a409670378,card,success,,1,167.08
PAY_21323,96f182d1655e,card,success,,1,90.69
PAY_21324,7c05ba3d0571,card,success,,1,144.44
PAY_21325,9ee0ce2141bb,card,success,,1,81.39
PAY_21326,4169de34f618,card,success,,1,122.1
PAY_21327,3275d518fd45,card,success,,1,218.63
PAY_21328,5329b9ddf377,card,success,,1,112.99
PAY_21329,f752714d259f,card,success,,1,244.65
PAY_21330,48038caf82f5,card,success,,1,80.92
PAY_21331,aa9f06d2ab9f,card,success,,1,36.59
PAY_21332,7ba70562d492,card,success,,1,154.6
PAY_21333,ee5ec3f35093,card,success,,1,283.7
PAY_21334,e59aefe6ab0e,card,failed,bank_decline,1,252.4
PAY_21335,5eea406f4d2e,card,success,,1,159.49
PAY_21336,d4e4bf216743,card,success,,1,13.8
PAY_21337,556083505323,card,failed,bank_decline,1,54.13
PAY_21338,556083505323,netbanking,failed,otp_failed,2,54.13
PAY_21339,556083505323,netbanking,failed,timeout,3,54.13
PAY_21340,d45882b54443,card,success,,1,56.39
PAY_21341,7491cb974644,card,success,,1,93.31
PAY_21342,2d3e9a27baf1,card,success,,1,347.45
PAY_21343,523e3d00be84,card,success,,1,37.92
PAY_21344,6fdd904c06d9,card,success,,1,541.19
PAY_21345,1af4128eea72,card,success,,1,66.3
PAY_21346,4311a1fb7858,card,success,,1,48.74
PAY_21347,e1e888fa3830,card,success,,1,177.0
PAY_21348,bbea6ced01ed,card,success,,1,188.57
PAY_21349,49aa7ccc4ced,card,success,,1,151.4
PAY_21350,55672adc1889,card,failed,otp_failed,1,48.64
PAY_21351,55672adc1889,card,failed,timeout,2,48.64
PAY_21352,55672adc1889,card,failed,bank_decline,3,48.64
PAY_21353,56cc65dbc3f9,card,success,,1,134.51
PAY_21354,dffb3216c558,card,success,,1,39.38
PAY_21355,167c836fa874,card,success,,1,47.57
PAY_21356,983e3c8f79af,card,success,,1,83.44
PAY_21357,cea5a70a5ed1,card,success,,1,46.71
PAY_21358,b0c7ccbc98eb,card,success,,1,208.97
PAY_21359,812993bc38e6,card,success,,1,56.68
PAY_21360,8099d406aac8,card,success,,1,75.46
PAY_21361,23a7e150ee87,card,success,,1,206.46
PAY_21362,5bea4442d315,card,success,,1,52.83
PAY_21363,c184a3989a2f,card,success,,1,224.44
PAY_21364,2a523c569371,card,success,,1,211.63
PAY_21365,c570d4c1e9d2,card,success,,1,63.01
PAY_21366,68f45d9bd159,card,success,,1,92.18
PAY_21367,f5ba6ab9dc9f,card,success,,1,61.62
