return_id,order_id,requested_at,reason,pickup_completed_at,refund_initiated_at,refund_completed_at,refund_status
RET_1,ORD_4,2026-09-02 18:46:53.846963116,defective,2026-09-03 18:46:53.846963116,2026-09-04 18:46:53.846963116,2026-09-05 18:46:53.846963116,completed
RET_2,ORD_24,2026-07-19 04:41:03.805157566,did_not_like,2026-07-20 04:41:03.805157566,2026-07-21 04:41:03.805157566,2026-07-23 04:41:03.805157566,completed
RET_3,ORD_32,2026-08-08 17:06:11.042813628,size_issue,2026-08-09 17:06:11.042813628,2026-08-10 17:06:11.042813628,2026-08-11 17:06:11.042813628,completed
RET_4,ORD_38,2026-10-03 14:59:04.943998129,wrong_item,2026-10-04 14:59:04.943998129,2026-10-05 14:59:04.943998129,2026-10-07 14:59:04.943998129,completed
RET_5,ORD_51,2026-08-19 08:51:45.199594647,size_issue,2026-08-20 08:51:45.199594647,2026-08-21 08:51:45.199594647,2026-08-22 08:51:45.199594647,completed
RET_6,ORD_62,2026-08-22 19:12:17.636337162,did_not_like,2026-08-23 19:12:17.636337162,2026-08-24 19:12:17.636337162,2026-08-27 19:12:17.636337162,completed
RET_7,ORD_63,2026-07-29 23:40:48.300288639,defective,2026-07-31 23:40:48.300288639,2026-08-01 23:40:48.300288639,2026-08-04 23:40:48.300288639,completed
RET_8,ORD_81,2026-09-02 20:43:03.893814340,size_issue,2026-09-04 20:43:03.893814340,2026-09-05 20:43:03.893814340,2026-09-06 20:43:03.893814340,completed
RET_9,ORD_82,2026-07-14 09:16:29.200353415,did_not_like,2026-07-16 09:16:29.200353415,2026-07-17 09:16:29.200353415,2026-07-18 09:16:29.200353415,completed
RET_10,ORD_83,2026-08-24 01:26:15.253201754,did_not_like,2026-08-25 01:26:15.253201754,2026-08-26 01:26:15.253201754,2026-08-27 01:26:15.253201754,completed
RET_11,ORD_89,2026-09-17 06:47:03.350951029,did_not_like,2026-09-19 06:47:03.350951029,2026-09-20 06:47:03.350951029,2026-09-21 06:47:03.350951029,completed
RET_12,ORD_100,2026-08-06 16:14:38.144149690,did_not_like,2026-08-07 16:14:38.144149690,2026-08-08 16:14:38.144149690,2026-08-10 16:14:38.144149690,completed
RET_13,ORD_111,2026-10-06 21:26:55.519019362,did_not_like,2026-10-08 21:26:55.519019362,2026-10-09 21:26:55.519019362,2026-10-11 21:26:55.519019362,completed
RET_14,ORD_118,2026-09-24 18:32:20.485462253,did_not_like,2026-09-26 18:32:20.485462253,2026-09-27 18:32:20.485462253,2026-09-29 18:32:20.485462253,completed
RET_15,ORD_128,2026-10-06 13:31:08.380345608,wrong_item,2026-10-07 13:31:08.380345608,2026-10-08 13:31:08.380345608,2026-10-09 13:31:08.380345608,completed
RET_16,ORD_149,2026-09-23 02:44:13.409832311,wrong_item,2026-09-24 02:44:13.409832311,2026-09-25 02:44:13.409832311,2026-09-28 02:44:13.409832311,completed
RET_17,ORD_163,2026-08-17 15:22:17.614675523,size_issue,2026-08-18 15:22:17.614675523,2026-08-19 15:22:17.614675523,2026-08-20 15:22:17.614675523,completed
RET_18,ORD_165,2026-08-07 20:19:49.765154135,size_issue,2026-08-08 20:19:49.765154135,2026-08-09 20:19:49.765154135,2026-08-10 20:19:49.765154135,completed
RET_19,ORD_175,2026-09-17 07:49:03.929265309,did_not_like,2026-09-19 07:49:03.929265309,2026-09-20 07:49:03.929265309,2026-09-21 07:49:03.929265309,completed
RET_20,ORD_186,2026-10-03 06:48:45.393695700,size_issue,2026-10-04 06:48:45.393695700,2026-10-05 06:48:45.393695700,2026-10-07 06:48:45.393695700,completed
RET_21,ORD_189,2026-08-13 01:50:09.072234540,defective,2026-08-14 01:50:09.072234540,2026-08-15 01:50:09.072234540,2026-08-16 01:50:09.072234540,completed
RET_22,ORD_204,2026-09-30 10:06:02.972510223,wrong_item,2026-10-02 10:06:02.972510223,2026-10-03 10:06:02.972510223,2026-10-06 10:06:02.972510223,completed
RET_23,ORD_207,2026-09-20 09:58:50.264418576,did_not_like,2026-09-21 09:58:50.264418576,2026-09-22 09:58:50.264418576,2026-09-24 09:58:50.264418576,completed
RET_24,ORD_223,2026-08-26 00:47:28.379317644,did_not_like,2026-08-27 00:47:28.379317644,2026-08-28 00:47:28.379317644,2026-08-30 00:47:28.379317644,completed
RET_25,ORD_237,2026-09-18 00:50:10.063979791,did_not_like,2026-09-20 00:50:10.063979791,2026-09-21 00:50:10.063979791,2026-09-22 00:50:10.063979791,completed
RET_26,ORD_249,2026-07-18 16:52:04.768714094,did_not_like,2026-07-20 16:52:04.768714094,2026-07-21 16:52:04.768714094,2026-07-23 16:52:04.768714094,completed
RET_27,ORD_259,2026-08-30 15:32:11.137945288,wrong_item,2026-09-01 15:32:11.137945288,2026-09-02 15:32:11.137945288,2026-09-05 15:32:11.137945288,completed
RET_28,ORD_264,2026-08-13 16:53:51.030600385,wrong_item,2026-08-14 16:53:51.030600385,2026-08-15 16:53:51.030600385,2026-08-17 16:53:51.030600385,completed
RET_29,ORD_277,2026-08-20 13:56:55.999925251,did_not_like,2026-08-21 13:56:55.999925251,2026-08-22 13:56:55.999925251,2026-08-24 13:56:55.999925251,completed
RET_30,ORD_296,2026-08-19 12:40:00.134814402,size_issue,2026-08-20 12:40:00.134814402,2026-08-21 12:40:00.134814402,2026-08-24 12:40:00.134814402,completed
RET_31,ORD_297,2026-08-20 14:40:47.850220949,did_not_like,2026-08-22 14:40:47.850220949,2026-08-23 14:40:47.850220949,2026-08-24 14:40:47.850220949,completed
RET_32,ORD_311,2026-07-21 20:10:06.312934926,size_issue,2026-07-23 20:10:06.312934926,2026-07-24 20:10:06.312934926,2026-07-25 20:10:06.312934926,completed
RET_33,ORD_347,2026-09-29 03:50:30.211689758,wrong_item,2026-09-30 03:50:30.211689758,2026-10-01 03:50:30.211689758,2026-10-04 03:50:30.211689758,completed
RET_34,ORD_349,2026-08-17 21:47:34.121494291,did_not_like,2026-08-19 21:47:34.121494291,2026-08-20 21:47:34.121494291,2026-08-21 21:47:34.121494291,completed
RET_35,ORD_353,2026-07-17 03:11:06.452465795,size_issue,2026-07-19 03:11:06.452465795,2026-07-20 03:11:06.452465795,2026-07-23 03:11:06.452465795,completed
RET_36,ORD_360,2026-08-01 13:22:01.085055245,size_issue,2026-08-03 13:22:01.085055245,2026-08-04 13:22:01.085055245,2026-08-05 13:22:01.085055245,completed
RET_37,ORD_378,2026-09-28 07:21:54.545824494,did_not_like,2026-09-29 07:21:54.545824494,2026-09-30 07:21:54.545824494,2026-10-01 07:21:54.545824494,completed
RET_38,ORD_385,2026-07-31 22:55:09.735241958,did_not_like,2026-08-01 22:55:09.735241958,2026-08-02 22:55:09.735241958,2026-08-05 22:55:09.735241958,completed
RET_39,ORD_386,2026-08-09 10:05:43.120504272,did_not_like,2026-08-10 10:05:43.120504272,2026-08-11 10:05:43.120504272,2026-08-14 10:05:43.120504272,completed
RET_40,ORD_418,2026-10-04 23:19:06.435256378,did_not_like,2026-10-06 23:19:06.435256378,2026-10-07 23:19:06.435256378,2026-10-09 23:19:06.435256378,completed
RET_41,ORD_422,2026-08-18 20:56:00.169880945,did_not_like,2026-08-19 20:56:00.169880945,2026-08-20 20:56:00.169880945,2026-08-22 20:56:00.169880945,completed
RET_42,ORD_445,2026-10-07 06:52:58.479272716,wrong_item,2026-10-09 06:52:58.479272716,2026-10-10 06:52:58.479272716,2026-10-12 06:52:58.479272716,completed
RET_43,ORD_447,2026-09-16 11:37:49.419773703,defective,2026-09-17 11:37:49.419773703,2026-09-18 11:37:49.419773703,2026-09-21 11:37:49.419773703,completed
RET_44,ORD_452,2026-07-20 05:51:19.700731323,size_issue,2026-07-22 05:51:19.700731323,2026-07-23 05:51:19.700731323,2026-07-25 05:51:19.700731323,completed
RET_45,ORD_467,2026-10-10 11:16:18.441921396,did_not_like,2026-10-12 11:16:18.441921396,2026-10-13 11:16:18.441921396,2026-10-14 11:16:18.441921396,completed
RET_46,ORD_481,2026-09-09 04:46:59.139982186,defective,2026-09-10 04:46:59.139982186,2026-09-11 04:46:59.139982186,2026-09-13 04:46:59.139982186,completed
RET_47,ORD_483,2026-09-07 11:26:37.854289478,did_not_like,2026-09-08 11:26:37.854289478,2026-09-09 11:26:37.854289478,2026-09-11 11:26:37.854289478,completed
RET_48,ORD_485,2026-07-26 21:13:43.363671614,wrong_item,2026-07-27 21:13:43.363671614,2026-07-28 21:13:43.363671614,2026-07-31 21:13:43.363671614,completed
RET_49,ORD_494,2026-07-22 21:28:22.596688982,size_issue,2026-07-24 21:28:22.596688982,2026-07-25 21:28:22.596688982,2026-07-26 21:28:22.596688982,completed
RET_50,ORD_500,2026-09-24 00:07:49.439190365,did_not_like,2026-09-26 00:07:49.439190365,2026-09-27 00:07:49.439190365,2026-09-28 00:07:49.439190365,completed
RET_51,ORD_501,2026-10-09 04:11:52.990217799,wrong_item,2026-10-10 04:11:52.990217799,2026-10-11 04:11:52.990217799,2026-10-12 04:11:52.990217799,completed
RET_52,ORD_519,2026-08-27 15:37:51.670504189,wrong_item,2026-08-29 15:37:51.670504189,2026-08-30 15:37:51.670504189,2026-09-02 15:37:51.670504189,completed
RET_53,ORD_534,2026-08-30 14:18:34.383399862,did_not_like,2026-08-31 14:18:34.383399862,2026-09-01 14:18:34.383399862,2026-09-03 14:18:34.383399862,completed
RET_54,ORD_545,2026-07-26 00:39:12.803811297,did_not_like,2026-07-28 00:39:12.803811297,2026-07-29 00:39:12.803811297,2026-07-30 00:39:12.803811297,completed
RET_55,ORD_546,2026-08-19 20:23:55.189730405,defective,2026-08-21 20:23:55.189730405,2026-08-22 20:23:55.189730405,2026-08-25 20:23:55.189730405,completed
RET_56,ORD_547,2026-09-12 12:42:42.213709411,did_not_like,2026-09-14 12:42:42.213709411,2026-09-15 12:42:42.213709411,2026-09-17 12:42:42.213709411,completed
RET_57,ORD_557,2026-09-18 09:07:53.524040806,wrong_item,2026-09-19 09:07:53.524040806,2026-09-20 09:07:53.524040806,2026-09-21 09:07:53.524040806,completed
RET_58,ORD_558,2026-07-22 06:49:42.409029959,size_issue,2026-07-23 06:49:42.409029959,2026-07-24 06:49:42.409029959,2026-07-25 06:49:42.409029959,completed
RET_59,ORD_570,2026-08-17 06:58:08.849499032,size_issue,2026-08-19 06:58:08.849499032,2026-08-20 06:58:08.849499032,2026-08-23 06:58:08.849499032,completed
RET_60,ORD_574,2026-09-24 01:44:42.721741950,wrong_item,2026-09-25 01:44:42.721741950,2026-09-26 01:44:42.721741950,2026-09-29 01:44:42.721741950,completed
RET_61,ORD_603,2026-09-17 20:13:24.662852711,size_issue,2026-09-19 20:13:24.662852711,2026-09-20 20:13:24.662852711,2026-09-22 20:13:24.662852711,completed
RET_62,ORD_610,2026-09-04 08:14:59.358113269,size_issue,2026-09-05 08:14:59.358113269,2026-09-06 08:14:59.358113269,2026-09-09 08:14:59.358113269,completed
RET_63,ORD_616,2026-08-15 11:42:33.818423781,size_issue,2026-08-17 11:42:33.818423781,2026-08-18 11:42:33.818423781,2026-08-21 11:42:33.818423781,completed
RET_64,ORD_627,2026-09-14 06:09:00.762107195,size_issue,2026-09-15 06:09:00.762107195,2026-09-16 06:09:00.762107195,2026-09-19 06:09:00.762107195,completed
RET_65,ORD_631,2026-08-20 09:40:41.428089641,defective,2026-08-21 09:40:41.428089641,2026-08-22 09:40:41.428089641,2026-08-23 09:40:41.428089641,completed
RET_66,ORD_646,2026-09-15 10:39:31.171958205,did_not_like,2026-09-16 10:39:31.171958205,2026-09-17 10:39:31.171958205,2026-09-18 10:39:31.171958205,completed
RET_67,ORD_662,2026-09-23 04:13:27.467274308,defective,2026-09-25 04:13:27.467274308,2026-09-26 04:13:27.467274308,2026-09-27 04:13:27.467274308,completed
RET_68,ORD_667,2026-10-03 03:27:13.336994401,wrong_item,2026-10-04 03:27:13.336994401,2026-10-05 03:27:13.336994401,2026-10-07 03:27:13.336994401,completed
RET_69,ORD_677,2026-10-04 15:15:31.323764802,wrong_item,2026-10-06 15:15:31.323764802,2026-10-07 15:15:31.323764802,2026-10-09 15:15:31.323764802,completed
RET_70,ORD_684,2026-08-30 17:53:04.877237047,defective,2026-09-01 17:53:04.877237047,2026-09-02 17:53:04.877237047,2026-09-05 17:53:04.877237047,completed
RET_71,ORD_698,2026-08-25 09:24:13.876327935,defective,2026-08-26 09:24:13.876327935,2026-08-27 09:24:13.876327935,2026-08-30 09:24:13.876327935,completed
RET_72,ORD_700,2026-08-26 03:04:48.504581710,size_issue,2026-08-28 03:04:48.504581710,2026-08-29 03:04:48.504581710,2026-08-31 03:04:48.504581710,completed
RET_73,ORD_710,2026-08-02 08:02:18.930308960,did_not_like,2026-08-03 08:02:18.930308960,2026-08-04 08:02:18.930308960,2026-08-05 08:02:18.930308960,completed
RET_74,ORD_722,2026-08-19 17:23:22.154782520,wrong_item,2026-08-20 17:23:22.154782520,2026-08-21 17:23:22.154782520,2026-08-24 17:23:22.154782520,completed
RET_75,ORD_732,2026-08-27 08:24:56.461711205,defective,2026-08-29 08:24:56.461711205,2026-08-30 08:24:56.461711205,2026-08-31 08:24:56.461711205,completed
RET_76,ORD_742,2026-08-27 23:44:36.968404185,did_not_like,2026-08-28 23:44:36.968404185,2026-08-29 23:44:36.968404185,2026-08-31 23:44:36.968404185,completed
RET_77,ORD_748,2026-09-29 04:17:11.790305999,did_not_like,2026-10-01 04:17:11.790305999,2026-10-02 04:17:11.790305999,2026-10-03 04:17:11.790305999,completed
RET_78,ORD_754,2026-09-29 20:20:07.787757033,wrong_item,2026-09-30 20:20:07.787757033,2026-10-01 20:20:07.787757033,2026-10-02 20:20:07.787757033,completed
RET_79,ORD_759,2026-07-12 01:23:12.149362600,defective,2026-07-13 01:23:12.149362600,2026-07-14 01:23:12.149362600,2026-07-16 01:23:12.149362600,completed
RET_80,ORD_762,2026-08-03 11:52:06.060410776,did_not_like,2026-08-05 11:52:06.060410776,2026-08-06 11:52:06.060410776,2026-08-09 11:52:06.060410776,completed
RET_81,ORD_774,2026-07-20 09:35:41.940841656,defective,2026-07-22 09:35:41.940841656,2026-07-23 09:35:41.940841656,2026-07-24 09:35:41.940841656,completed
RET_82,ORD_775,2026-09-22 09:48:53.917596626,size_issue,2026-09-24 09:48:53.917596626,2026-09-25 09:48:53.917596626,2026-09-28 09:48:53.917596626,completed
RET_83,ORD_782,2026-08-26 07:12:56.922255411,wrong_item,2026-08-27 07:12:56.922255411,2026-08-28 07:12:56.922255411,2026-08-30 07:12:56.922255411,completed
RET_84,ORD_783,2026-10-01 18:10:48.548960218,did_not_like,2026-10-02 18:10:48.548960218,2026-10-03 18:10:48.548960218,2026-10-04 18:10:48.548960218,completed
RET_85,ORD_784,2026-09-12 23:38:14.706877919,did_not_like,2026-09-13 23:38:14.706877919,2026-09-14 23:38:14.706877919,2026-09-17 23:38:14.706877919,completed
RET_86,ORD_791,2026-08-20 10:06:12.971627138,did_not_like,2026-08-22 10:06:12.971627138,2026-08-23 10:06:12.971627138,2026-08-26 10:06:12.971627138,completed
RET_87,ORD_792,2026-08-22 22:07:20.660567729,wrong_item,2026-08-24 22:07:20.660567729,2026-08-25 22:07:20.660567729,2026-08-27 22:07:20.660567729,completed
RET_88,ORD_795,2026-08-30 11:38:26.056668636,did_not_like,2026-08-31 11:38:26.056668636,2026-09-01 11:38:26.056668636,2026-09-03 11:38:26.056668636,completed
RET_89,ORD_804,2026-08-07 09:42:03.591376396,did_not_like,2026-08-09 09:42:03.591376396,2026-08-10 09:42:03.591376396,2026-08-11 09:42:03.591376396,completed
RET_90,ORD_814,2026-09-26 11:39:30.654164951,wrong_item,2026-09-28 11:39:30.654164951,2026-09-29 11:39:30.654164951,2026-09-30 11:39:30.654164951,completed
RET_91,ORD_816,2026-08-06 08:33:39.389560511,size_issue,2026-08-07 08:33:39.389560511,2026-08-08 08:33:39.389560511,2026-08-10 08:33:39.389560511,completed
RET_92,ORD_818,2026-08-30 17:50:32.452693922,size_issue,2026-09-01 17:50:32.452693922,2026-09-02 17:50:32.452693922,2026-09-04 17:50:32.452693922,completed
RET_93,ORD_825,2026-08-20 09:10:07.791744185,size_issue,2026-08-21 09:10:07.791744185,2026-08-22 09:10:07.791744185,2026-08-25 09:10:07.791744185,completed
RET_94,ORD_830,2026-07-18 14:40:29.579213929,wrong_item,2026-07-19 14:40:29.579213929,2026-07-20 14:40:29.579213929,2026-07-22 14:40:29.579213929,completed
RET_95,ORD_831,2026-09-09 05:03:34.877152221,size_issue,2026-09-10 05:03:34.877152221,2026-09-11 05:03:34.877152221,2026-09-14 05:03:34.877152221,completed
RET_96,ORD_845,2026-07-23 04:20:27.025353583,size_issue,2026-07-24 04:20:27.025353583,2026-07-25 04:20:27.025353583,2026-07-28 04:20:27.025353583,completed
RET_97,ORD_849,2026-09-08 13:12:55.631971749,size_issue,2026-09-10 13:12:55.631971749,2026-09-11 13:12:55.631971749,2026-09-12 13:12:55.631971749,completed
RET_98,ORD_851,2026-10-03 15:55:47.933211383,did_not_like,2026-10-04 15:55:47.933211383,2026-10-05 15:55:47.933211383,2026-10-08 15:55:47.933211383,completed
RET_99,ORD_852,2026-09-25 18:03:59.489720697,size_issue,2026-09-26 18:03:59.489720697,2026-09-27 18:03:59.489720697,2026-09-28 18:03:59.489720697,completed
RET_100,ORD_853,2026-07-25 18:24:47.327751414,size_issue,2026-07-27 18:24:47.327751414,2026-07-28 18:24:47.327751414,2026-07-31 18:24:47.327751414,completed
RET_101,ORD_856,2026-09-11 14:44:02.246902650,did_not_like,2026-09-13 14:44:02.246902650,2026-09-14 14:44:02.246902650,2026-09-17 14:44:02.246902650,completed
RET_102,ORD_861,2026-10-14 13:39:52.656006849,size_issue,2026-10-15 13:39:52.656006849,2026-10-16 13:39:52.656006849,2026-10-17 13:39:52.656006849,completed
RET_103,ORD_871,2026-09-22 19:32:20.344080067,wrong_item,2026-09-24 19:32:20.344080067,2026-09-25 19:32:20.344080067,2026-09-28 19:32:20.344080067,completed
RET_104,ORD_890,2026-07-22 11:18:06.566659372,did_not_like,2026-07-23 11:18:06.566659372,2026-07-24 11:18:06.566659372,2026-07-25 11:18:06.566659372,completed
RET_105,ORD_892,2026-08-05 07:06:52.734802877,defective,2026-08-06 07:06:52.734802877,2026-08-07 07:06:52.734802877,2026-08-09 07:06:52.734802877,completed
RET_106,ORD_894,2026-08-06 07:57:13.604615153,size_issue,2026-08-08 07:57:13.604615153,2026-08-09 07:57:13.604615153,2026-08-11 07:57:13.604615153,completed
RET_107,ORD_920,2026-07-15 10:59:08.850187770,defective,2026-07-16 10:59:08.850187770,2026-07-17 10:59:08.850187770,2026-07-18 10:59:08.850187770,completed
RET_108,ORD_943,2026-09-18 22:53:11.895874261,size_issue,2026-09-19 22:53:11.895874261,2026-09-20 22:53:11.895874261,2026-09-21 22:53:11.895874261,completed
RET_109,ORD_945,2026-07-29 17:40:12.822227005,defective,2026-07-31 17:40:12.822227005,2026-08-01 17:40:12.822227005,2026-08-02 17:40:12.822227005,completed
RET_110,ORD_949,2026-08-03 03:36:15.155296328,wrong_item,2026-08-04 03:36:15.155296328,2026-08-05 03:36:15.155296328,2026-08-07 03:36:15.155296328,completed
RET_111,ORD_974,2026-10-01 04:08:52.392604042,size_issue,2026-10-02 04:08:52.392604042,2026-10-03 04:08:52.392604042,2026-10-04 04:08:52.392604042,completed
RET_112,ORD_1002,2026-07-31 21:33:53.943242610,size_issue,2026-08-02 21:33:53.943242610,2026-08-03 21:33:53.943242610,2026-08-04 21:33:53.943242610,completed
RET_113,ORD_1009,2026-07-21 02:17:05.635475428,size_issue,2026-07-22 02:17:05.635475428,2026-07-23 02:17:05.635475428,2026-07-24 02:17:05.635475428,completed
RET_114,ORD_1011,2026-09-27 02:16:42.974824633,did_not_like,2026-09-28 02:16:42.974824633,2026-09-29 02:16:42.974824633,2026-09-30 02:16:42.974824633,completed
RET_115,ORD_1014,2026-09-17 08:47:31.330751924,defective,2026-09-19 08:47:31.330751924,2026-09-20 08:47:31.330751924,2026-09-22 08:47:31.330751924,completed
RET_116,ORD_1019,2026-10-02 20:11:13.468574503,wrong_item,2026-10-04 20:11:13.468574503,2026-10-05 20:11:13.468574503,2026-10-08 20:11:13.468574503,completed
RET_117,ORD_1033,2026-08-07 02:01:33.021643898,did_not_like,2026-08-08 02:01:33.021643898,2026-08-09 02:01:33.021643898,2026-08-11 02:01:33.021643898,completed
RET_118,ORD_1040,2026-09-10 07:17:13.165303503,defective,2026-09-12 07:17:13.165303503,2026-09-13 07:17:13.165303503,2026-09-16 07:17:13.165303503,completed
RET_119,ORD_1044,2026-07-30 08:21:43.561078020,defective,2026-07-31 08:21:43.561078020,2026-08-01 08:21:43.561078020,2026-08-04 08:21:43.561078020,completed
RET_120,ORD_1050,2026-08-13 00:16:54.064939371,did_not_like,2026-08-14 00:16:54.064939371,2026-08-15 00:16:54.064939371,2026-08-18 00:16:54.064939371,completed
RET_121,ORD_1051,2026-09-29 14:41:57.299874705,defective,2026-09-30 14:41:57.299874705,2026-10-01 14:41:57.299874705,2026-10-03 14:41:57.299874705,completed
RET_122,ORD_1058,2026-08-25 08:41:09.913534465,size_issue,2026-08-27 08:41:09.913534465,2026-08-28 08:41:09.913534465,2026-08-31 08:41:09.913534465,completed
RET_123,ORD_1060,2026-08-02 06:46:00.996515898,defective,2026-08-04 06:46:00.996515898,2026-08-05 06:46:00.996515898,2026-08-07 06:46:00.996515898,completed
RET_124,ORD_1067,2026-09-30 09:27:33.996641719,defective,2026-10-02 09:27:33.996641719,2026-10-03 09:27:33.996641719,2026-10-06 09:27:33.996641719,completed
RET_125,ORD_1075,2026-07-25 14:10:22.239498747,did_not_like,2026-07-26 14:10:22.239498747,2026-07-27 14:10:22.239498747,2026-07-30 14:10:22.239498747,completed
RET_126,ORD_1105,2026-08-10 06:38:16.618300883,wrong_item,2026-08-12 06:38:16.618300883,2026-08-13 06:38:16.618300883,2026-08-14 06:38:16.618300883,completed
RET_127,ORD_1110,2026-08-29 11:30:50.856064097,size_issue,2026-08-31 11:30:50.856064097,2026-09-01 11:30:50.856064097,2026-09-02 11:30:50.856064097,completed
RET_128,ORD_1113,2026-09-18 15:40:08.294333971,size_issue,2026-09-19 15:40:08.294333971,2026-09-20 15:40:08.294333971,2026-09-22 15:40:08.294333971,completed
RET_129,ORD_1120,2026-09-04 06:57:19.483454037,wrong_item,2026-09-06 06:57:19.483454037,2026-09-07 06:57:19.483454037,2026-09-08 06:57:19.483454037,completed
RET_130,ORD_1132,2026-08-03 16:16:52.749183431,did_not_like,2026-08-04 16:16:52.749183431,2026-08-05 16:16:52.749183431,2026-08-06 16:16:52.749183431,completed
RET_131,ORD_1133,2026-07-14 21:40:08.537307019,size_issue,2026-07-15 21:40:08.537307019,2026-07-16 21:40:08.537307019,2026-07-19 21:40:08.537307019,completed
RET_132,ORD_1135,2026-07-10 10:33:17.985332190,wrong_item,2026-07-12 10:33:17.985332190,2026-07-13 10:33:17.985332190,2026-07-15 10:33:17.985332190,completed
RET_133,ORD_1149,2026-08-01 02:25:50.783401778,defective,2026-08-03 02:25:50.783401778,2026-08-04 02:25:50.783401778,2026-08-05 02:25:50.783401778,completed
RET_134,ORD_1169,2026-09-29 04:10:49.234162770,did_not_like,2026-10-01 04:10:49.234162770,2026-10-02 04:10:49.234162770,2026-10-05 04:10:49.234162770,completed
RET_135,ORD_1173,2026-10-06 03:44:41.678986516,wrong_item,2026-10-07 03:44:41.678986516,2026-10-08 03:44:41.678986516,2026-10-09 03:44:41.678986516,completed
RET_136,ORD_1175,2026-07-30 20:45:06.459761749,did_not_like,2026-08-01 20:45:06.459761749,2026-08-02 20:45:06.459761749,2026-08-05 20:45:06.459761749,completed
RET_137,ORD_1184,2026-07-18 11:02:41.210237031,size_issue,2026-07-20 11:02:41.210237031,2026-07-21 11:02:41.210237031,2026-07-24 11:02:41.210237031,completed
RET_138,ORD_1192,2026-08-17 15:40:14.020164859,did_not_like,2026-08-19 15:40:14.020164859,2026-08-20 15:40:14.020164859,2026-08-23 15:40:14.020164859,completed
RET_139,ORD_1202,2026-08-07 15:31:11.044814783,size_issue,2026-08-09 15:31:11.044814783,2026-08-10 15:31:11.044814783,2026-08-12 15:31:11.044814783,completed
RET_140,ORD_1212,2026-09-30 16:10:06.448779603,wrong_item,2026-10-01 16:10:06.448779603,2026-10-02 16:10:06.448779603,2026-10-05 16:10:06.448779603,completed
RET_141,ORD_1218,2026-07-13 08:32:39.525354068,size_issue,2026-07-15 08:32:39.525354068,2026-07-16 08:32:39.525354068,2026-07-19 08:32:39.525354068,completed
RET_142,ORD_1225,2026-10-10 07:42:51.672393308,size_issue,2026-10-11 07:42:51.672393308,2026-10-12 07:42:51.672393308,2026-10-15 07:42:51.672393308,completed
RET_143,ORD_1239,2026-09-18 02:16:01.361934453,wrong_item,2026-09-20 02:16:01.361934453,2026-09-21 02:16:01.361934453,2026-09-23 02:16:01.361934453,completed
RET_144,ORD_1241,2026-09-13 20:00:25.478874746,wrong_item,2026-09-15 20:00:25.478874746,2026-09-16 20:00:25.478874746,2026-09-19 20:00:25.478874746,completed
RET_145,ORD_1248,2026-07-24 08:48:37.297520134,defective,2026-07-25 08:48:37.297520134,2026-07-26 08:48:37.297520134,2026-07-28 08:48:37.297520134,completed
RET_146,ORD_1255,2026-08-25 21:12:47.004037247,size_issue,2026-08-26 21:12:47.004037247,2026-08-27 21:12:47.004037247,2026-08-29 21:12:47.004037247,completed
RET_147,ORD_1264,2026-07-13 11:21:54.257267556,size_issue,2026-07-15 11:21:54.257267556,2026-07-16 11:21:54.257267556,2026-07-17 11:21:54.257267556,completed
RET_148,ORD_1272,2026-09-28 09:44:59.493476184,size_issue,2026-09-30 09:44:59.493476184,2026-10-01 09:44:59.493476184,2026-10-03 09:44:59.493476184,completed
RET_149,ORD_1288,2026-09-13 00:27:14.656863132,size_issue,2026-09-15 00:27:14.656863132,2026-09-16 00:27:14.656863132,2026-09-17 00:27:14.656863132,completed
RET_150,ORD_1292,2026-08-14 05:08:18.798422523,did_not_like,2026-08-16 05:08:18.798422523,2026-08-17 05:08:18.798422523,2026-08-20 05:08:18.798422523,completed
RET_151,ORD_1295,2026-09-15 05:38:25.171466532,size_issue,2026-09-16 05:38:25.171466532,2026-09-17 05:38:25.171466532,2026-09-20 05:38:25.171466532,completed
RET_152,ORD_1329,2026-09-17 12:23:07.371283931,wrong_item,2026-09-18 12:23:07.371283931,2026-09-19 12:23:07.371283931,2026-09-21 12:23:07.371283931,completed
RET_153,ORD_1340,2026-09-04 20:23:05.548858229,did_not_like,2026-09-05 20:23:05.548858229,2026-09-06 20:23:05.548858229,2026-09-07 20:23:05.548858229,completed
RET_154,ORD_1346,2026-08-30 05:48:37.350956552,did_not_like,2026-09-01 05:48:37.350956552,2026-09-02 05:48:37.350956552,2026-09-03 05:48:37.350956552,completed
RET_155,ORD_1357,2026-09-15 19:31:07.782918421,wrong_item,2026-09-16 19:31:07.782918421,2026-09-17 19:31:07.782918421,2026-09-18 19:31:07.782918421,completed
RET_156,ORD_1390,2026-08-23 21:40:25.766988155,did_not_like,2026-08-24 21:40:25.766988155,2026-08-25 21:40:25.766988155,2026-08-26 21:40:25.766988155,completed
RET_157,ORD_1392,2026-09-22 22:58:16.021274664,defective,2026-09-23 22:58:16.021274664,2026-09-24 22:58:16.021274664,2026-09-27 22:58:16.021274664,completed
RET_158,ORD_1398,2026-10-06 07:36:13.183082489,defective,2026-10-07 07:36:13.183082489,2026-10-08 07:36:13.183082489,2026-10-11 07:36:13.183082489,completed
RET_159,ORD_1399,2026-08-18 04:26:50.455154366,did_not_like,2026-08-19 04:26:50.455154366,2026-08-20 04:26:50.455154366,2026-08-22 04:26:50.455154366,completed
RET_160,ORD_1401,2026-07-26 17:59:45.898282324,did_not_like,2026-07-27 17:59:45.898282324,2026-07-28 17:59:45.898282324,2026-07-30 17:59:45.898282324,completed
RET_161,ORD_1408,2026-08-10 01:22:54.852888625,defective,2026-08-11 01:22:54.852888625,2026-08-12 01:22:54.852888625,2026-08-13 01:22:54.852888625,completed
RET_162,ORD_1424,2026-07-20 00:44:34.663911059,did_not_like,2026-07-22 00:44:34.663911059,2026-07-23 00:44:34.663911059,2026-07-26 00:44:34.663911059,completed
RET_163,ORD_1437,2026-07-14 15:08:46.941439689,size_issue,2026-07-15 15:08:46.941439689,2026-07-16 15:08:46.941439689,2026-07-19 15:08:46.941439689,completed
RET_164,ORD_1451,2026-09-24 12:33:26.087934381,wrong_item,2026-09-26 12:33:26.087934381,2026-09-27 12:33:26.087934381,2026-09-30 12:33:26.087934381,completed
RET_165,ORD_1454,2026-07-11 18:52:24.171771446,defective,2026-07-13 18:52:24.171771446,2026-07-14 18:52:24.171771446,2026-07-15 18:52:24.171771446,completed
RET_166,ORD_1456,2026-09-02 05:00:25.877310085,wrong_item,2026-09-04 05:00:25.877310085,2026-09-05 05:00:25.877310085,2026-09-08 05:00:25.877310085,completed
RET_167,ORD_1462,2026-08-30 13:54:08.593136743,did_not_like,2026-09-01 13:54:08.593136743,2026-09-02 13:54:08.593136743,2026-09-04 13:54:08.593136743,completed
RET_168,ORD_1512,2026-08-03 11:55:04.972477189,defective,2026-08-05 11:55:04.972477189,2026-08-06 11:55:04.972477189,2026-08-08 11:55:04.972477189,completed
RET_169,ORD_1514,2026-07-17 11:55:02.753915569,wrong_item,2026-07-18 11:55:02.753915569,2026-07-19 11:55:02.753915569,2026-07-22 11:55:02.753915569,completed
RET_170,ORD_1517,2026-09-23 08:32:18.520896341,size_issue,2026-09-24 08:32:18.520896341,2026-09-25 08:32:18.520896341,2026-09-28 08:32:18.520896341,completed
RET_171,ORD_1526,2026-08-09 06:32:45.001585546,size_issue,2026-08-10 06:32:45.001585546,2026-08-11 06:32:45.001585546,2026-08-13 06:32:45.001585546,completed
RET_172,ORD_1532,2026-09-25 19:11:30.695648125,size_issue,2026-09-27 19:11:30.695648125,2026-09-28 19:11:30.695648125,2026-09-30 19:11:30.695648125,completed
RET_173,ORD_1549,2026-08-29 08:28:40.789745762,size_issue,2026-08-31 08:28:40.789745762,2026-09-01 08:28:40.789745762,2026-09-02 08:28:40.789745762,completed
RET_174,ORD_1552,2026-09-29 06:42:27.772034358,did_not_like,2026-09-30 06:42:27.772034358,2026-10-01 06:42:27.772034358,2026-10-04 06:42:27.772034358,completed
RET_175,ORD_1557,2026-09-08 21:12:41.336059192,did_not_like,2026-09-10 21:12:41.336059192,2026-09-11 21:12:41.336059192,2026-09-12 21:12:41.336059192,completed
RET_176,ORD_1562,2026-07-16 18:50:11.662503336,did_not_like,2026-07-18 18:50:11.662503336,2026-07-19 18:50:11.662503336,2026-07-22 18:50:11.662503336,completed
RET_177,ORD_1564,2026-07-31 04:36:21.982950912,size_issue,2026-08-01 04:36:21.982950912,2026-08-02 04:36:21.982950912,2026-08-03 04:36:21.982950912,completed
RET_178,ORD_1582,2026-08-30 22:37:13.378652293,defective,2026-08-31 22:37:13.378652293,2026-09-01 22:37:13.378652293,2026-09-03 22:37:13.378652293,completed
RET_179,ORD_1595,2026-09-19 04:24:56.496256176,defective,2026-09-21 04:24:56.496256176,2026-09-22 04:24:56.496256176,2026-09-23 04:24:56.496256176,completed
RET_180,ORD_1598,2026-09-04 15:55:01.062772777,wrong_item,2026-09-06 15:55:01.062772777,2026-09-07 15:55:01.062772777,2026-09-08 15:55:01.062772777,completed
RET_181,ORD_1650,2026-09-09 05:29:54.761237427,size_issue,2026-09-11 05:29:54.761237427,2026-09-12 05:29:54.761237427,2026-09-14 05:29:54.761237427,completed
RET_182,ORD_1652,2026-08-05 06:57:21.031602339,size_issue,2026-08-06 06:57:21.031602339,2026-08-07 06:57:21.031602339,2026-08-08 06:57:21.031602339,completed
RET_183,ORD_1661,2026-10-03 23:03:58.322443710,size_issue,2026-10-04 23:03:58.322443710,2026-10-05 23:03:58.322443710,2026-10-07 23:03:58.322443710,completed
RET_184,ORD_1663,2026-07-20 21:54:19.478495957,did_not_like,2026-07-22 21:54:19.478495957,2026-07-23 21:54:19.478495957,2026-07-24 21:54:19.478495957,completed
RET_185,ORD_1667,2026-07-15 00:19:19.493633527,did_not_like,2026-07-17 00:19:19.493633527,2026-07-18 00:19:19.493633527,2026-07-20 00:19:19.493633527,completed
RET_186,ORD_1701,2026-08-29 04:37:20.813670938,defective,2026-08-31 04:37:20.813670938,2026-09-01 04:37:20.813670938,2026-09-03 04:37:20.813670938,completed
RET_187,ORD_1717,2026-10-01 20:53:27.536106743,defective,2026-10-03 20:53:27.536106743,2026-10-04 20:53:27.536106743,2026-10-05 20:53:27.536106743,completed
RET_188,ORD_1726,2026-09-12 18:21:33.282192749,did_not_like,2026-09-13 18:21:33.282192749,2026-09-14 18:21:33.282192749,2026-09-16 18:21:33.282192749,completed
RET_189,ORD_1729,2026-08-26 20:55:16.029864716,wrong_item,2026-08-27 20:55:16.029864716,2026-08-28 20:55:16.029864716,2026-08-29 20:55:16.029864716,completed
RET_190,ORD_1730,2026-09-20 23:39:59.080821151,did_not_like,2026-09-21 23:39:59.080821151,2026-09-22 23:39:59.080821151,2026-09-23 23:39:59.080821151,completed
RET_191,ORD_1731,2026-08-13 10:45:32.756323119,wrong_item,2026-08-15 10:45:32.756323119,2026-08-16 10:45:32.756323119,2026-08-19 10:45:32.756323119,completed
RET_192,ORD_1733,2026-08-06 01:17:06.541721440,wrong_item,2026-08-08 01:17:06.541721440,2026-08-09 01:17:06.541721440,2026-08-11 01:17:06.541721440,completed
RET_193,ORD_1750,2026-09-06 19:41:28.129834148,wrong_item,2026-09-08 19:41:28.129834148,2026-09-09 19:41:28.129834148,2026-09-10 19:41:28.129834148,completed
RET_194,ORD_1754,2026-08-14 07:52:20.404841439,defective,2026-08-16 07:52:20.404841439,2026-08-17 07:52:20.404841439,2026-08-19 07:52:20.404841439,completed
RET_195,ORD_1760,2026-09-20 21:37:23.178852988,wrong_item,2026-09-21 21:37:23.178852988,2026-09-22 21:37:23.178852988,2026-09-25 21:37:23.178852988,completed
RET_196,ORD_1789,2026-07-27 16:33:50.695170153,did_not_like,2026-07-28 16:33:50.695170153,2026-07-29 16:33:50.695170153,2026-07-30 16:33:50.695170153,completed
RET_197,ORD_1791,2026-09-01 06:31:36.488214559,wrong_item,2026-09-03 06:31:36.488214559,2026-09-04 06:31:36.488214559,2026-09-06 06:31:36.488214559,completed
RET_198,ORD_1792,2026-08-22 15:27:40.032473987,did_not_like,2026-08-24 15:27:40.032473987,2026-08-25 15:27:40.032473987,2026-08-28 15:27:40.032473987,completed
RET_199,ORD_1808,2026-07-11 09:29:50.354709800,defective,2026-07-13 09:29:50.354709800,2026-07-14 09:29:50.354709800,2026-07-17 09:29:50.354709800,completed
RET_200,ORD_1811,2026-08-18 22:38:32.354543618,defective,2026-08-19 22:38:32.354543618,2026-08-20 22:38:32.354543618,2026-08-21 22:38:32.354543618,completed
RET_201,ORD_1816,2026-09-25 20:20:28.540344243,size_issue,2026-09-26 20:20:28.540344243,2026-09-27 20:20:28.540344243,2026-09-28 20:20:28.540344243,completed
RET_202,ORD_1824,2026-09-04 13:31:37.562762679,did_not_like,2026-09-06 13:31:37.562762679,2026-09-07 13:31:37.562762679,2026-09-09 13:31:37.562762679,completed
RET_203,ORD_1831,2026-09-06 19:36:01.668392165,did_not_like,2026-09-08 19:36:01.668392165,2026-09-09 19:36:01.668392165,2026-09-11 19:36:01.668392165,completed
RET_204,ORD_1833,2026-08-12 03:18:00.620496324,did_not_like,2026-08-13 03:18:00.620496324,2026-08-14 03:18:00.620496324,2026-08-15 03:18:00.620496324,completed
RET_205,ORD_1844,2026-07-16 13:48:40.371682123,defective,2026-07-17 13:48:40.371682123,2026-07-18 13:48:40.371682123,2026-07-19 13:48:40.371682123,completed
RET_206,ORD_1845,2026-08-09 03:21:31.737132605,defective,2026-08-11 03:21:31.737132605,2026-08-12 03:21:31.737132605,2026-08-13 03:21:31.737132605,completed
RET_207,ORD_1852,2026-09-09 13:10:00.242760158,did_not_like,2026-09-10 13:10:00.242760158,2026-09-11 13:10:00.242760158,2026-09-12 13:10:00.242760158,completed
RET_208,ORD_1860,2026-09-17 06:14:38.142913852,defective,2026-09-19 06:14:38.142913852,2026-09-20 06:14:38.142913852,2026-09-23 06:14:38.142913852,completed
RET_209,ORD_1874,2026-09-17 21:10:57.302635847,wrong_item,2026-09-18 21:10:57.302635847,2026-09-19 21:10:57.302635847,2026-09-22 21:10:57.302635847,completed
RET_210,ORD_1875,2026-07-27 06:34:11.506991601,did_not_like,2026-07-28 06:34:11.506991601,2026-07-29 06:34:11.506991601,2026-07-31 06:34:11.506991601,completed
RET_211,ORD_1892,2026-09-18 01:55:45.630200473,wrong_item,2026-09-20 01:55:45.630200473,2026-09-21 01:55:45.630200473,2026-09-24 01:55:45.630200473,completed
RET_212,ORD_1914,2026-07-28 14:35:15.830314526,did_not_like,2026-07-29 14:35:15.830314526,2026-07-30 14:35:15.830314526,2026-07-31 14:35:15.830314526,completed
RET_213,ORD_1922,2026-08-11 05:13:59.403040215,defective,2026-08-13 05:13:59.403040215,2026-08-14 05:13:59.403040215,2026-08-16 05:13:59.403040215,completed
RET_214,ORD_1925,2026-07-10 03:17:47.768001652,wrong_item,2026-07-11 03:17:47.768001652,2026-07-12 03:17:47.768001652,2026-07-13 03:17:47.768001652,completed
RET_215,ORD_1940,2026-07-27 07:42:48.246264727,defective,2026-07-29 07:42:48.246264727,2026-07-30 07:42:48.246264727,2026-07-31 07:42:48.246264727,completed
RET_216,ORD_1953,2026-09-15 19:53:09.006722710,did_not_like,2026-09-17 19:53:09.006722710,2026-09-18 19:53:09.006722710,2026-09-20 19:53:09.006722710,completed
RET_217,ORD_1958,2026-08-10 14:52:33.804221591,defective,2026-08-12 14:52:33.804221591,2026-08-13 14:52:33.804221591,2026-08-16 14:52:33.804221591,completed
RET_218,ORD_1965,2026-08-16 23:02:34.632964146,size_issue,2026-08-17 23:02:34.632964146,2026-08-18 23:02:34.632964146,2026-08-20 23:02:34.632964146,completed
RET_219,ORD_1977,2026-07-23 10:33:36.063398999,did_not_like,2026-07-25 10:33:36.063398999,2026-07-26 10:33:36.063398999,2026-07-29 10:33:36.063398999,completed
RET_220,ORD_1995,2026-09-05 17:42:27.665380607,wrong_item,2026-09-06 17:42:27.665380607,2026-09-07 17:42:27.665380607,2026-09-10 17:42:27.665380607,completed
RET_221,ORD_1997,2026-09-19 16:04:17.923000095,defective,2026-09-21 16:04:17.923000095,2026-09-22 16:04:17.923000095,2026-09-25 16:04:17.923000095,completed
RET_222,ORD_1999,2026-09-03 17:24:35.150934602,size_issue,2026-09-04 17:24:35.150934602,2026-09-05 17:24:35.150934602,2026-09-07 17:24:35.150934602,completed
RET_223,ORD_2029,2026-08-12 19:52:54.127636236,did_not_like,2026-08-14 19:52:54.127636236,2026-08-15 19:52:54.127636236,2026-08-16 19:52:54.127636236,completed
RET_224,ORD_2046,2026-08-12 04:04:13.146997491,wrong_item,2026-08-14 04:04:13.146997491,2026-08-15 04:04:13.146997491,2026-08-17 04:04:13.146997491,completed
RET_225,ORD_2049,2026-07-18 18:43:02.669072901,did_not_like,2026-07-20 18:43:02.669072901,2026-07-21 18:43:02.669072901,2026-07-24 18:43:02.669072901,completed
RET_226,ORD_2052,2026-09-14 22:54:01.872869493,size_issue,2026-09-15 22:54:01.872869493,2026-09-16 22:54:01.872869493,2026-09-18 22:54:01.872869493,completed
RET_227,ORD_2074,2026-08-24 07:57:00.570570315,defective,2026-08-25 07:57:00.570570315,2026-08-26 07:57:00.570570315,2026-08-27 07:57:00.570570315,completed
RET_228,ORD_2078,2026-08-26 10:08:22.182448837,defective,2026-08-28 10:08:22.182448837,2026-08-29 10:08:22.182448837,2026-08-31 10:08:22.182448837,completed
RET_229,ORD_2079,2026-08-29 08:57:14.059808355,size_issue,2026-08-31 08:57:14.059808355,2026-09-01 08:57:14.059808355,2026-09-04 08:57:14.059808355,completed
RET_230,ORD_2095,2026-08-12 01:27:15.036463538,did_not_like,2026-08-13 01:27:15.036463538,2026-08-14 01:27:15.036463538,2026-08-16 01:27:15.036463538,completed
RET_231,ORD_2099,2026-07-12 11:11:01.661731226,size_issue,2026-07-14 11:11:01.661731226,2026-07-15 11:11:01.661731226,2026-07-17 11:11:01.661731226,completed
RET_232,ORD_2100,2026-09-30 23:56:50.906515931,size_issue,2026-10-01 23:56:50.906515931,2026-10-02 23:56:50.906515931,2026-10-04 23:56:50.906515931,completed
RET_233,ORD_2109,2026-07-22 01:26:26.682092668,did_not_like,2026-07-23 01:26:26.682092668,2026-07-24 01:26:26.682092668,2026-07-26 01:26:26.682092668,completed
RET_234,ORD_2115,2026-10-14 11:21:23.632712410,did_not_like,2026-10-16 11:21:23.632712410,2026-10-17 11:21:23.632712410,2026-10-19 11:21:23.632712410,completed
RET_235,ORD_2124,2026-08-04 23:38:00.495495561,wrong_item,2026-08-05 23:38:00.495495561,2026-08-06 23:38:00.495495561,2026-08-07 23:38:00.495495561,completed
RET_236,ORD_2135,2026-10-10 18:47:21.439680039,did_not_like,2026-10-12 18:47:21.439680039,2026-10-13 18:47:21.439680039,2026-10-15 18:47:21.439680039,completed
RET_237,ORD_2136,2026-09-25 05:16:18.807268716,did_not_like,2026-09-26 05:16:18.807268716,2026-09-27 05:16:18.807268716,2026-09-30 05:16:18.807268716,completed
RET_238,ORD_2138,2026-09-20 06:43:27.097611541,defective,2026-09-22 06:43:27.097611541,2026-09-23 06:43:27.097611541,2026-09-25 06:43:27.097611541,completed
RET_239,ORD_2140,2026-08-17 06:45:48.514647405,defective,2026-08-19 06:45:48.514647405,2026-08-20 06:45:48.514647405,2026-08-22 06:45:48.514647405,completed
RET_240,ORD_2155,2026-08-25 00:55:08.258187163,wrong_item,2026-08-27 00:55:08.258187163,2026-08-28 00:55:08.258187163,2026-08-30 00:55:08.258187163,completed
RET_241,ORD_2188,2026-09-12 04:25:35.738818386,size_issue,2026-09-13 04:25:35.738818386,2026-09-14 04:25:35.738818386,2026-09-15 04:25:35.738818386,completed
RET_242,ORD_2202,2026-07-16 03:06:55.876150144,did_not_like,2026-07-18 03:06:55.876150144,2026-07-19 03:06:55.876150144,2026-07-20 03:06:55.876150144,completed
RET_243,ORD_2213,2026-08-28 05:58:32.219101128,wrong_item,2026-08-29 05:58:32.219101128,2026-08-30 05:58:32.219101128,2026-09-02 05:58:32.219101128,completed
RET_244,ORD_2214,2026-09-07 08:33:56.547777546,defective,2026-09-09 08:33:56.547777546,2026-09-10 08:33:56.547777546,2026-09-12 08:33:56.547777546,completed
RET_245,ORD_2222,2026-09-27 10:20:49.325110978,size_issue,2026-09-28 10:20:49.325110978,2026-09-29 10:20:49.325110978,2026-09-30 10:20:49.325110978,completed
RET_246,ORD_2236,2026-07-18 09:09:43.462017771,did_not_like,2026-07-19 09:09:43.462017771,2026-07-20 09:09:43.462017771,2026-07-23 09:09:43.462017771,completed
RET_247,ORD_2240,2026-07-19 23:54:28.114290631,wrong_item,2026-07-21 23:54:28.114290631,2026-07-22 23:54:28.114290631,2026-07-23 23:54:28.114290631,completed
RET_248,ORD_2262,2026-09-16 05:27:28.337625355,size_issue,2026-09-18 05:27:28.337625355,2026-09-19 05:27:28.337625355,2026-09-22 05:27:28.337625355,completed
RET_249,ORD_2266,2026-08-25 10:34:10.017178689,size_issue,2026-08-27 10:34:10.017178689,2026-08-28 10:34:10.017178689,2026-08-30 10:34:10.017178689,completed
RET_250,ORD_2274,2026-09-26 02:20:59.702328423,size_issue,2026-09-28 02:20:59.702328423,2026-09-29 02:20:59.702328423,2026-10-02 02:20:59.702328423,completed
RET_251,ORD_2280,2026-08-10 13:13:35.328105440,size_issue,2026-08-12 13:13:35.328105440,2026-08-13 13:13:35.328105440,2026-08-15 13:13:35.328105440,completed
RET_252,ORD_2282,2026-07-13 16:22:51.719629913,defective,2026-07-15 16:22:51.719629913,2026-07-16 16:22:51.719629913,2026-07-17 16:22:51.719629913,completed
RET_253,ORD_2288,2026-09-04 14:47:43.048412884,did_not_like,2026-09-05 14:47:43.048412884,2026-09-06 14:47:43.048412884,2026-09-08 14:47:43.048412884,completed
RET_254,ORD_2295,2026-07-20 00:36:13.562723442,wrong_item,2026-07-21 00:36:13.562723442,2026-07-22 00:36:13.562723442,2026-07-25 00:36:13.562723442,completed
RET_255,ORD_2312,2026-08-17 02:34:22.601698928,wrong_item,2026-08-18 02:34:22.601698928,2026-08-19 02:34:22.601698928,2026-08-20 02:34:22.601698928,completed
RET_256,ORD_2314,2026-08-12 15:42:51.261088702,did_not_like,2026-08-13 15:42:51.261088702,2026-08-14 15:42:51.261088702,2026-08-17 15:42:51.261088702,completed
RET_257,ORD_2320,2026-07-30 17:00:57.524468216,wrong_item,2026-08-01 17:00:57.524468216,2026-08-02 17:00:57.524468216,2026-08-03 17:00:57.524468216,completed
RET_258,ORD_2324,2026-08-20 23:52:22.287758455,size_issue,2026-08-21 23:52:22.287758455,2026-08-22 23:52:22.287758455,2026-08-24 23:52:22.287758455,completed
RET_259,ORD_2325,2026-09-09 00:50:01.267212859,size_issue,2026-09-11 00:50:01.267212859,2026-09-12 00:50:01.267212859,2026-09-15 00:50:01.267212859,completed
RET_260,ORD_2339,2026-08-16 05:54:23.274373578,wrong_item,2026-08-17 05:54:23.274373578,2026-08-18 05:54:23.274373578,2026-08-20 05:54:23.274373578,completed
RET_261,ORD_2343,2026-07-21 04:26:08.559963134,did_not_like,2026-07-23 04:26:08.559963134,2026-07-24 04:26:08.559963134,2026-07-26 04:26:08.559963134,completed
RET_262,ORD_2347,2026-07-17 20:40:35.407835953,size_issue,2026-07-18 20:40:35.407835953,2026-07-19 20:40:35.407835953,2026-07-22 20:40:35.407835953,completed
RET_263,ORD_2351,2026-07-22 20:02:50.417714193,did_not_like,2026-07-24 20:02:50.417714193,2026-07-25 20:02:50.417714193,2026-07-28 20:02:50.417714193,completed
RET_264,ORD_2373,2026-09-27 10:02:27.724752380,defective,2026-09-29 10:02:27.724752380,2026-09-30 10:02:27.724752380,2026-10-03 10:02:27.724752380,completed
RET_265,ORD_2374,2026-08-13 09:05:14.947926713,did_not_like,2026-08-15 09:05:14.947926713,2026-08-16 09:05:14.947926713,2026-08-18 09:05:14.947926713,completed
RET_266,ORD_2377,2026-08-16 13:19:30.706113976,did_not_like,2026-08-18 13:19:30.706113976,2026-08-19 13:19:30.706113976,2026-08-22 13:19:30.706113976,completed
RET_267,ORD_2388,2026-08-04 18:56:58.413574887,wrong_item,2026-08-05 18:56:58.413574887,2026-08-06 18:56:58.413574887,2026-08-07 18:56:58.413574887,completed
RET_268,ORD_2393,2026-10-04 23:49:06.895596233,wrong_item,2026-10-05 23:49:06.895596233,2026-10-06 23:49:06.895596233,2026-10-07 23:49:06.895596233,completed
RET_269,ORD_2395,2026-08-22 07:29:05.425306573,defective,2026-08-24 07:29:05.425306573,2026-08-25 07:29:05.425306573,2026-08-27 07:29:05.425306573,completed
RET_270,ORD_2399,2026-08-31 16:24:50.813230908,wrong_item,2026-09-01 16:24:50.813230908,2026-09-02 16:24:50.813230908,2026-09-04 16:24:50.813230908,completed
RET_271,ORD_2417,2026-07-21 02:10:35.085823128,defective,2026-07-22 02:10:35.085823128,2026-07-23 02:10:35.085823128,2026-07-26 02:10:35.085823128,completed
RET_272,ORD_2422,2026-08-11 07:56:44.247341514,did_not_like,2026-08-12 07:56:44.247341514,2026-08-13 07:56:44.247341514,2026-08-15 07:56:44.247341514,completed
RET_273,ORD_2440,2026-08-02 16:29:08.363813536,wrong_item,2026-08-03 16:29:08.363813536,2026-08-04 16:29:08.363813536,2026-08-05 16:29:08.363813536,completed
RET_274,ORD_2457,2026-08-24 10:38:06.269345661,wrong_item,2026-08-25 10:38:06.269345661,2026-08-26 10:38:06.269345661,2026-08-28 10:38:06.269345661,completed
RET_275,ORD_2471,2026-08-31 16:44:06.007574225,did_not_like,2026-09-02 16:44:06.007574225,2026-09-03 16:44:06.007574225,2026-09-06 16:44:06.007574225,completed
RET_276,ORD_2476,2026-09-06 06:28:18.727991095,wrong_item,2026-09-07 06:28:18.727991095,2026-09-08 06:28:18.727991095,2026-09-10 06:28:18.727991095,completed
RET_277,ORD_2492,2026-09-27 04:26:39.576815428,defective,2026-09-29 04:26:39.576815428,2026-09-30 04:26:39.576815428,2026-10-02 04:26:39.576815428,completed
RET_278,ORD_2499,2026-09-26 17:47:03.363920150,did_not_like,2026-09-27 17:47:03.363920150,2026-09-28 17:47:03.363920150,2026-09-30 17:47:03.363920150,completed
RET_279,ORD_2500,2026-09-17 07:38:51.731932587,size_issue,2026-09-19 07:38:51.731932587,2026-09-20 07:38:51.731932587,2026-09-22 07:38:51.731932587,completed
RET_280,ORD_2503,2026-09-25 04:19:08.554352187,defective,2026-09-26 04:19:08.554352187,2026-09-27 04:19:08.554352187,2026-09-29 04:19:08.554352187,completed
RET_281,ORD_2514,2026-07-20 08:13:48.644798607,defective,2026-07-22 08:13:48.644798607,2026-07-23 08:13:48.644798607,2026-07-24 08:13:48.644798607,completed
RET_282,ORD_2517,2026-09-02 02:26:22.651240186,size_issue,2026-09-03 02:26:22.651240186,2026-09-04 02:26:22.651240186,2026-09-05 02:26:22.651240186,completed
RET_283,ORD_2525,2026-07-29 21:54:40.435940676,did_not_like,2026-07-30 21:54:40.435940676,2026-07-31 21:54:40.435940676,2026-08-01 21:54:40.435940676,completed
RET_284,ORD_2527,2026-09-01 23:59:47.781683208,did_not_like,2026-09-02 23:59:47.781683208,2026-09-03 23:59:47.781683208,2026-09-05 23:59:47.781683208,completed
RET_285,ORD_2555,2026-08-19 11:20:00.044356775,defective,2026-08-20 11:20:00.044356775,2026-08-21 11:20:00.044356775,2026-08-24 11:20:00.044356775,completed
RET_286,ORD_2558,2026-09-29 05:21:35.467493649,did_not_like,2026-09-30 05:21:35.467493649,2026-10-01 05:21:35.467493649,2026-10-03 05:21:35.467493649,completed
RET_287,ORD_2573,2026-08-16 10:25:57.435702847,wrong_item,2026-08-18 10:25:57.435702847,2026-08-19 10:25:57.435702847,2026-08-20 10:25:57.435702847,completed
RET_288,ORD_2576,2026-07-29 11:48:48.619364455,did_not_like,2026-07-31 11:48:48.619364455,2026-08-01 11:48:48.619364455,2026-08-04 11:48:48.619364455,completed
RET_289,ORD_2597,2026-09-12 10:06:38.930475849,defective,2026-09-13 10:06:38.930475849,2026-09-14 10:06:38.930475849,2026-09-16 10:06:38.930475849,completed
RET_290,ORD_2599,2026-08-02 00:03:39.020437104,defective,2026-08-04 00:03:39.020437104,2026-08-05 00:03:39.020437104,2026-08-06 00:03:39.020437104,completed
RET_291,ORD_2601,2026-09-19 23:02:42.710575951,wrong_item,2026-09-21 23:02:42.710575951,2026-09-22 23:02:42.710575951,2026-09-25 23:02:42.710575951,completed
RET_292,ORD_2614,2026-09-16 21:00:51.625901697,wrong_item,2026-09-17 21:00:51.625901697,2026-09-18 21:00:51.625901697,2026-09-19 21:00:51.625901697,completed
RET_293,ORD_2626,2026-08-31 09:22:39.744431817,did_not_like,2026-09-01 09:22:39.744431817,2026-09-02 09:22:39.744431817,2026-09-03 09:22:39.744431817,completed
RET_294,ORD_2628,2026-10-03 22:45:15.234243339,wrong_item,2026-10-05 22:45:15.234243339,2026-10-06 22:45:15.234243339,2026-10-09 22:45:15.234243339,completed
RET_295,ORD_2630,2026-08-09 20:20:21.442445937,size_issue,2026-08-11 20:20:21.442445937,2026-08-12 20:20:21.442445937,2026-08-15 20:20:21.442445937,completed
RET_296,ORD_2674,2026-09-19 05:07:29.827981273,wrong_item,2026-09-20 05:07:29.827981273,2026-09-21 05:07:29.827981273,2026-09-23 05:07:29.827981273,completed
RET_297,ORD_2681,2026-07-31 22:31:51.395462823,defective,2026-08-01 22:31:51.395462823,2026-08-02 22:31:51.395462823,2026-08-03 22:31:51.395462823,completed
RET_298,ORD_2684,2026-08-31 10:41:41.726867805,size_issue,2026-09-01 10:41:41.726867805,2026-09-02 10:41:41.726867805,2026-09-05 10:41:41.726867805,completed
RET_299,ORD_2697,2026-07-25 13:19:34.912022478,wrong_item,2026-07-27 13:19:34.912022478,2026-07-28 13:19:34.912022478,2026-07-31 13:19:34.912022478,completed
RET_300,ORD_2701,2026-09-08 05:49:17.819981553,did_not_like,2026-09-10 05:49:17.819981553,2026-09-11 05:49:17.819981553,2026-09-13 05:49:17.819981553,completed
RET_301,ORD_2726,2026-07-28 15:49:55.382816106,defective,2026-07-30 15:49:55.382816106,2026-07-31 15:49:55.382816106,2026-08-03 15:49:55.382816106,completed
RET_302,ORD_2738,2026-10-05 01:40:44.034709375,wrong_item,2026-10-07 01:40:44.034709375,2026-10-08 01:40:44.034709375,2026-10-10 01:40:44.034709375,completed
RET_303,ORD_2744,2026-08-11 01:14:18.295090351,did_not_like,2026-08-12 01:14:18.295090351,2026-08-13 01:14:18.295090351,2026-08-15 01:14:18.295090351,completed
RET_304,ORD_2748,2026-08-07 18:50:43.755127180,did_not_like,2026-08-09 18:50:43.755127180,2026-08-10 18:50:43.755127180,2026-08-13 18:50:43.755127180,completed
RET_305,ORD_2749,2026-07-19 17:55:46.656289044,defective,2026-07-21 17:55:46.656289044,2026-07-22 17:55:46.656289044,2026-07-25 17:55:46.656289044,completed
RET_306,ORD_2751,2026-09-04 23:47:34.271219457,size_issue,2026-09-05 23:47:34.271219457,2026-09-06 23:47:34.271219457,2026-09-09 23:47:34.271219457,completed
RET_307,ORD_2763,2026-09-15 10:41:31.310409010,wrong_item,2026-09-16 10:41:31.310409010,2026-09-17 10:41:31.310409010,2026-09-18 10:41:31.310409010,completed
RET_308,ORD_2764,2026-08-23 23:30:26.125032131,size_issue,2026-08-25 23:30:26.125032131,2026-08-26 23:30:26.125032131,2026-08-27 23:30:26.125032131,completed
RET_309,ORD_2775,2026-07-12 06:12:09.562230698,did_not_like,2026-07-13 06:12:09.562230698,2026-07-14 06:12:09.562230698,2026-07-15 06:12:09.562230698,completed
RET_310,ORD_2779,2026-10-02 19:00:12.491517031,defective,2026-10-04 19:00:12.491517031,2026-10-05 19:00:12.491517031,2026-10-08 19:00:12.491517031,completed
RET_311,ORD_2784,2026-08-21 16:02:20.029474229,defective,2026-08-23 16:02:20.029474229,2026-08-24 16:02:20.029474229,2026-08-27 16:02:20.029474229,completed
RET_312,ORD_2790,2026-10-08 10:14:43.985125302,size_issue,2026-10-10 10:14:43.985125302,2026-10-11 10:14:43.985125302,2026-10-13 10:14:43.985125302,completed
RET_313,ORD_2791,2026-07-25 02:52:53.641676953,defective,2026-07-26 02:52:53.641676953,2026-07-27 02:52:53.641676953,2026-07-29 02:52:53.641676953,completed
RET_314,ORD_2793,2026-09-16 13:32:17.678974567,wrong_item,2026-09-17 13:32:17.678974567,2026-09-18 13:32:17.678974567,2026-09-21 13:32:17.678974567,completed
RET_315,ORD_2796,2026-09-18 09:26:49.938277683,size_issue,2026-09-20 09:26:49.938277683,2026-09-21 09:26:49.938277683,2026-09-24 09:26:49.938277683,completed
RET_316,ORD_2797,2026-09-20 04:44:39.479145820,size_issue,2026-09-22 04:44:39.479145820,2026-09-23 04:44:39.479145820,2026-09-24 04:44:39.479145820,completed
RET_317,ORD_2812,2026-09-04 01:51:50.061444081,wrong_item,2026-09-06 01:51:50.061444081,2026-09-07 01:51:50.061444081,2026-09-10 01:51:50.061444081,completed
RET_318,ORD_2813,2026-09-14 20:15:34.165034298,defective,2026-09-16 20:15:34.165034298,2026-09-17 20:15:34.165034298,2026-09-19 20:15:34.165034298,completed
RET_319,ORD_2819,2026-08-23 13:19:52.079069814,defective,2026-08-25 13:19:52.079069814,2026-08-26 13:19:52.079069814,2026-08-27 13:19:52.079069814,completed
RET_320,ORD_2829,2026-08-14 22:34:32.708175483,did_not_like,2026-08-16 22:34:32.708175483,2026-08-17 22:34:32.708175483,2026-08-20 22:34:32.708175483,completed
RET_321,ORD_2839,2026-08-27 10:04:08.345833630,wrong_item,2026-08-29 10:04:08.345833630,2026-08-30 10:04:08.345833630,2026-08-31 10:04:08.345833630,completed
RET_322,ORD_2844,2026-09-04 23:50:45.789411822,size_issue,2026-09-05 23:50:45.789411822,2026-09-06 23:50:45.789411822,2026-09-07 23:50:45.789411822,completed
RET_323,ORD_2851,2026-09-19 01:48:44.345660123,size_issue,2026-09-21 01:48:44.345660123,2026-09-22 01:48:44.345660123,2026-09-23 01:48:44.345660123,completed
RET_324,ORD_2853,2026-08-07 19:33:24.763161929,defective,2026-08-08 19:33:24.763161929,2026-08-09 19:33:24.763161929,2026-08-10 19:33:24.763161929,completed
RET_325,ORD_2883,2026-08-25 14:43:25.221396911,wrong_item,2026-08-27 14:43:25.221396911,2026-08-28 14:43:25.221396911,2026-08-31 14:43:25.221396911,completed
RET_326,ORD_2891,2026-09-13 03:22:28.512398375,defective,2026-09-15 03:22:28.512398375,2026-09-16 03:22:28.512398375,2026-09-18 03:22:28.512398375,completed
RET_327,ORD_2894,2026-10-03 14:11:33.441527344,wrong_item,2026-10-05 14:11:33.441527344,2026-10-06 14:11:33.441527344,2026-10-07 14:11:33.441527344,completed
RET_328,ORD_2930,2026-10-15 06:39:18.108093747,defective,2026-10-17 06:39:18.108093747,2026-10-18 06:39:18.108093747,2026-10-21 06:39:18.108093747,completed
RET_329,ORD_2950,2026-08-15 10:08:18.146630824,defective,2026-08-16 10:08:18.146630824,2026-08-17 10:08:18.146630824,2026-08-19 10:08:18.146630824,completed
RET_330,ORD_2991,2026-08-02 05:46:47.258461512,size_issue,2026-08-04 05:46:47.258461512,2026-08-05 05:46:47.258461512,2026-08-06 05:46:47.258461512,completed
RET_331,ORD_3000,2026-09-15 18:21:15.449829088,wrong_item,2026-09-16 18:21:15.449829088,2026-09-17 18:21:15.449829088,2026-09-20 18:21:15.449829088,completed
RET_332,ORD_3006,2026-08-10 14:15:32.912762033,defective,2026-08-11 14:15:32.912762033,2026-08-12 14:15:32.912762033,2026-08-15 14:15:32.912762033,completed
RET_333,ORD_3011,2026-08-05 23:38:30.016918626,did_not_like,2026-08-07 23:38:30.016918626,2026-08-08 23:38:30.016918626,2026-08-10 23:38:30.016918626,completed
RET_334,ORD_3013,2026-10-12 03:06:34.506361074,size_issue,2026-10-14 03:06:34.506361074,2026-10-15 03:06:34.506361074,2026-10-16 03:06:34.506361074,completed
RET_335,ORD_3021,2026-09-13 22:50:11.531645997,wrong_item,2026-09-15 22:50:11.531645997,2026-09-16 22:50:11.531645997,2026-09-18 22:50:11.531645997,completed
RET_336,ORD_3038,2026-10-04 17:19:49.320084000,defective,2026-10-06 17:19:49.320084000,2026-10-07 17:19:49.320084000,2026-10-09 17:19:49.320084000,completed
RET_337,ORD_3055,2026-09-13 06:53:53.934582762,wrong_item,2026-09-14 06:53:53.934582762,2026-09-15 06:53:53.934582762,2026-09-16 06:53:53.934582762,completed
RET_338,ORD_3069,2026-07-25 15:27:08.878771265,size_issue,2026-07-27 15:27:08.878771265,2026-07-28 15:27:08.878771265,2026-07-30 15:27:08.878771265,completed
RET_339,ORD_3076,2026-09-12 18:39:56.758329669,defective,2026-09-14 18:39:56.758329669,2026-09-15 18:39:56.758329669,2026-09-18 18:39:56.758329669,completed
RET_340,ORD_3077,2026-08-03 19:05:11.021444436,defective,2026-08-04 19:05:11.021444436,2026-08-05 19:05:11.021444436,2026-08-08 19:05:11.021444436,completed
RET_341,ORD_3094,2026-09-29 07:41:39.130376216,size_issue,2026-09-30 07:41:39.130376216,2026-10-01 07:41:39.130376216,2026-10-03 07:41:39.130376216,completed
RET_342,ORD_3108,2026-10-04 21:20:26.072865040,defective,2026-10-06 21:20:26.072865040,2026-10-07 21:20:26.072865040,2026-10-08 21:20:26.072865040,completed
RET_343,ORD_3118,2026-07-27 16:06:10.069866756,did_not_like,2026-07-28 16:06:10.069866756,2026-07-29 16:06:10.069866756,2026-08-01 16:06:10.069866756,completed
RET_344,ORD_3121,2026-08-29 20:56:15.933349937,wrong_item,2026-08-31 20:56:15.933349937,2026-09-01 20:56:15.933349937,2026-09-02 20:56:15.933349937,completed
RET_345,ORD_3143,2026-08-22 11:05:41.846451607,size_issue,2026-08-23 11:05:41.846451607,2026-08-24 11:05:41.846451607,2026-08-27 11:05:41.846451607,completed
RET_346,ORD_3147,2026-09-19 05:15:27.039180600,wrong_item,2026-09-21 05:15:27.039180600,2026-09-22 05:15:27.039180600,2026-09-25 05:15:27.039180600,completed
RET_347,ORD_3148,2026-10-09 01:29:40.839248236,size_issue,2026-10-11 01:29:40.839248236,2026-10-12 01:29:40.839248236,2026-10-14 01:29:40.839248236,completed
RET_348,ORD_3151,2026-09-21 01:25:11.974020033,did_not_like,2026-09-22 01:25:11.974020033,2026-09-23 01:25:11.974020033,2026-09-25 01:25:11.974020033,completed
RET_349,ORD_3154,2026-07-20 09:55:00.819239942,wrong_item,2026-07-22 09:55:00.819239942,2026-07-23 09:55:00.819239942,2026-07-26 09:55:00.819239942,completed
RET_350,ORD_3162,2026-07-23 17:05:55.963099123,did_not_like,2026-07-25 17:05:55.963099123,2026-07-26 17:05:55.963099123,2026-07-29 17:05:55.963099123,completed
RET_351,ORD_3168,2026-08-29 16:06:15.998425502,defective,2026-08-31 16:06:15.998425502,2026-09-01 16:06:15.998425502,2026-09-04 16:06:15.998425502,completed
RET_352,ORD_3170,2026-08-19 05:56:05.357747802,defective,2026-08-20 05:56:05.357747802,2026-08-21 05:56:05.357747802,2026-08-24 05:56:05.357747802,completed
RET_353,ORD_3175,2026-07-28 21:00:09.800220485,wrong_item,2026-07-29 21:00:09.800220485,2026-07-30 21:00:09.800220485,2026-07-31 21:00:09.800220485,completed
RET_354,ORD_3180,2026-07-31 00:56:22.516762538,did_not_like,2026-08-02 00:56:22.516762538,2026-08-03 00:56:22.516762538,2026-08-05 00:56:22.516762538,completed
RET_355,ORD_3195,2026-10-03 21:08:25.817277759,wrong_item,2026-10-05 21:08:25.817277759,2026-10-06 21:08:25.817277759,2026-10-08 21:08:25.817277759,completed
RET_356,ORD_3215,2026-09-02 12:47:46.048905072,did_not_like,2026-09-04 12:47:46.048905072,2026-09-05 12:47:46.048905072,2026-09-08 12:47:46.048905072,completed
RET_357,ORD_3222,2026-07-30 18:25:16.681034863,did_not_like,2026-08-01 18:25:16.681034863,2026-08-02 18:25:16.681034863,2026-08-03 18:25:16.681034863,completed
RET_358,ORD_3223,2026-07-30 10:15:03.130641958,did_not_like,2026-07-31 10:15:03.130641958,2026-08-01 10:15:03.130641958,2026-08-02 10:15:03.130641958,completed
RET_359,ORD_3232,2026-07-16 12:28:23.406253920,wrong_item,2026-07-18 12:28:23.406253920,2026-07-19 12:28:23.406253920,2026-07-22 12:28:23.406253920,completed
RET_360,ORD_3233,2026-08-29 10:58:44.054478063,wrong_item,2026-08-31 10:58:44.054478063,2026-09-01 10:58:44.054478063,2026-09-03 10:58:44.054478063,completed
RET_361,ORD_3252,2026-09-03 13:48:03.173946337,size_issue,2026-09-05 13:48:03.173946337,2026-09-06 13:48:03.173946337,2026-09-09 13:48:03.173946337,completed
RET_362,ORD_3256,2026-09-19 00:20:04.029568177,did_not_like,2026-09-21 00:20:04.029568177,2026-09-22 00:20:04.029568177,2026-09-23 00:20:04.029568177,completed
RET_363,ORD_3277,2026-08-04 09:48:05.358598045,did_not_like,2026-08-06 09:48:05.358598045,2026-08-07 09:48:05.358598045,2026-08-08 09:48:05.358598045,completed
RET_364,ORD_3278,2026-07-10 12:17:44.192843461,wrong_item,2026-07-11 12:17:44.192843461,2026-07-12 12:17:44.192843461,2026-07-14 12:17:44.192843461,completed
RET_365,ORD_3285,2026-09-22 18:51:24.172001711,did_not_like,2026-09-23 18:51:24.172001711,2026-09-24 18:51:24.172001711,2026-09-25 18:51:24.172001711,completed
RET_366,ORD_3303,2026-08-11 23:13:22.222432934,wrong_item,2026-08-13 23:13:22.222432934,2026-08-14 23:13:22.222432934,2026-08-16 23:13:22.222432934,completed
RET_367,ORD_3312,2026-09-22 17:58:07.745901269,defective,2026-09-23 17:58:07.745901269,2026-09-24 17:58:07.745901269,2026-09-25 17:58:07.745901269,completed
RET_368,ORD_3315,2026-09-17 02:27:55.753079216,did_not_like,2026-09-19 02:27:55.753079216,2026-09-20 02:27:55.753079216,2026-09-21 02:27:55.753079216,completed
RET_369,ORD_3316,2026-07-21 00:58:28.058850070,did_not_like,2026-07-23 00:58:28.058850070,2026-07-24 00:58:28.058850070,2026-07-26 00:58:28.058850070,completed
RET_370,ORD_3344,2026-09-28 03:12:57.817336001,size_issue,2026-09-30 03:12:57.817336001,2026-10-01 03:12:57.817336001,2026-10-03 03:12:57.817336001,completed
RET_371,ORD_3350,2026-07-17 05:19:17.497264848,size_issue,2026-07-18 05:19:17.497264848,2026-07-19 05:19:17.497264848,2026-07-20 05:19:17.497264848,completed
RET_372,ORD_3355,2026-08-13 00:43:03.194084765,defective,2026-08-15 00:43:03.194084765,2026-08-16 00:43:03.194084765,2026-08-18 00:43:03.194084765,completed
RET_373,ORD_3357,2026-10-13 01:31:12.163951939,did_not_like,2026-10-15 01:31:12.163951939,2026-10-16 01:31:12.163951939,2026-10-19 01:31:12.163951939,completed
RET_374,ORD_3363,2026-08-27 03:55:20.391931699,defective,2026-08-28 03:55:20.391931699,2026-08-29 03:55:20.391931699,2026-08-30 03:55:20.391931699,completed
RET_375,ORD_3378,2026-08-10 11:27:43.757328368,defective,2026-08-11 11:27:43.757328368,2026-08-12 11:27:43.757328368,2026-08-13 11:27:43.757328368,completed
RET_376,ORD_3395,2026-10-15 15:27:25.889363530,defective,2026-10-16 15:27:25.889363530,2026-10-17 15:27:25.889363530,2026-10-19 15:27:25.889363530,completed
RET_377,ORD_3403,2026-08-03 07:33:53.192176034,did_not_like,2026-08-04 07:33:53.192176034,2026-08-05 07:33:53.192176034,2026-08-07 07:33:53.192176034,completed
RET_378,ORD_3405,2026-10-09 15:08:03.944022597,defective,2026-10-10 15:08:03.944022597,2026-10-11 15:08:03.944022597,2026-10-12 15:08:03.944022597,completed
RET_379,ORD_3411,2026-07-12 16:31:24.302599143,size_issue,2026-07-14 16:31:24.302599143,2026-07-15 16:31:24.302599143,2026-07-17 16:31:24.302599143,completed
RET_380,ORD_3416,2026-10-12 07:29:27.933606803,defective,2026-10-13 07:29:27.933606803,2026-10-14 07:29:27.933606803,2026-10-16 07:29:27.933606803,completed
RET_381,ORD_3417,2026-10-09 14:59:54.588806539,wrong_item,2026-10-10 14:59:54.588806539,2026-10-11 14:59:54.588806539,2026-10-14 14:59:54.588806539,completed
RET_382,ORD_3421,2026-08-16 03:24:23.671607551,defective,2026-08-17 03:24:23.671607551,2026-08-18 03:24:23.671607551,2026-08-19 03:24:23.671607551,completed
RET_383,ORD_3426,2026-08-17 08:03:54.750354887,size_issue,2026-08-18 08:03:54.750354887,2026-08-19 08:03:54.750354887,2026-08-20 08:03:54.750354887,completed
RET_384,ORD_3434,2026-08-27 05:20:21.602081126,size_issue,2026-08-29 05:20:21.602081126,2026-08-30 05:20:21.602081126,2026-09-01 05:20:21.602081126,completed
RET_385,ORD_3435,2026-10-05 10:23:44.139340636,did_not_like,2026-10-06 10:23:44.139340636,2026-10-07 10:23:44.139340636,2026-10-09 10:23:44.139340636,completed
RET_386,ORD_3460,2026-07-25 01:42:38.222041131,size_issue,2026-07-27 01:42:38.222041131,2026-07-28 01:42:38.222041131,2026-07-29 01:42:38.222041131,completed
RET_387,ORD_3466,2026-09-20 03:46:24.576098054,did_not_like,2026-09-22 03:46:24.576098054,2026-09-23 03:46:24.576098054,2026-09-25 03:46:24.576098054,completed
RET_388,ORD_3469,2026-09-13 06:15:30.332092521,wrong_item,2026-09-15 06:15:30.332092521,2026-09-16 06:15:30.332092521,2026-09-18 06:15:30.332092521,completed
RET_389,ORD_3481,2026-08-04 11:39:08.760723254,size_issue,2026-08-05 11:39:08.760723254,2026-08-06 11:39:08.760723254,2026-08-07 11:39:08.760723254,completed
RET_390,ORD_3493,2026-09-11 09:00:28.694280717,defective,2026-09-13 09:00:28.694280717,2026-09-14 09:00:28.694280717,2026-09-16 09:00:28.694280717,completed
RET_391,ORD_3501,2026-08-07 12:34:05.659090949,did_not_like,2026-08-08 12:34:05.659090949,2026-08-09 12:34:05.659090949,2026-08-12 12:34:05.659090949,completed
RET_392,ORD_3516,2026-08-07 15:20:59.006410734,defective,2026-08-09 15:20:59.006410734,2026-08-10 15:20:59.006410734,2026-08-12 15:20:59.006410734,completed
RET_393,ORD_3522,2026-07-18 08:22:23.247707905,did_not_like,2026-07-20 08:22:23.247707905,2026-07-21 08:22:23.247707905,2026-07-24 08:22:23.247707905,completed
RET_394,ORD_3529,2026-08-28 05:11:09.014915894,size_issue,2026-08-29 05:11:09.014915894,2026-08-30 05:11:09.014915894,2026-08-31 05:11:09.014915894,completed
RET_395,ORD_3566,2026-08-15 06:42:33.147184848,defective,2026-08-17 06:42:33.147184848,2026-08-18 06:42:33.147184848,2026-08-20 06:42:33.147184848,completed
RET_396,ORD_3574,2026-08-13 16:47:41.247552827,wrong_item,2026-08-14 16:47:41.247552827,2026-08-15 16:47:41.247552827,2026-08-17 16:47:41.247552827,completed
RET_397,ORD_3577,2026-09-29 18:41:53.034370288,did_not_like,2026-09-30 18:41:53.034370288,2026-10-01 18:41:53.034370288,2026-10-03 18:41:53.034370288,completed
RET_398,ORD_3607,2026-10-16 11:46:54.251657775,wrong_item,2026-10-17 11:46:54.251657775,2026-10-18 11:46:54.251657775,2026-10-21 11:46:54.251657775,completed
RET_399,ORD_3629,2026-09-11 11:17:58.802186451,size_issue,2026-09-12 11:17:58.802186451,2026-09-13 11:17:58.802186451,2026-09-14 11:17:58.802186451,completed
RET_400,ORD_3640,2026-08-18 15:20:04.003433892,defective,2026-08-20 15:20:04.003433892,2026-08-21 15:20:04.003433892,2026-08-22 15:20:04.003433892,completed
RET_401,ORD_3644,2026-09-25 00:32:25.506653249,wrong_item,2026-09-27 00:32:25.506653249,2026-09-28 00:32:25.506653249,2026-09-30 00:32:25.506653249,completed
RET_402,ORD_3656,2026-08-16 15:05:37.098067184,size_issue,2026-08-18 15:05:37.098067184,2026-08-19 15:05:37.098067184,2026-08-22 15:05:37.098067184,completed
RET_403,ORD_3671,2026-08-04 22:42:20.350646948,defective,2026-08-05 22:42:20.350646948,2026-08-06 22:42:20.350646948,2026-08-08 22:42:20.350646948,completed
RET_404,ORD_3674,2026-07-26 20:14:34.427274638,size_issue,2026-07-28 20:14:34.427274638,2026-07-29 20:14:34.427274638,2026-07-31 20:14:34.427274638,completed
RET_405,ORD_3696,2026-08-23 10:09:38.655341952,did_not_like,2026-08-25 10:09:38.655341952,2026-08-26 10:09:38.655341952,2026-08-28 10:09:38.655341952,completed
RET_406,ORD_3698,2026-07-31 01:00:06.221374228,defective,2026-08-02 01:00:06.221374228,2026-08-03 01:00:06.221374228,2026-08-04 01:00:06.221374228,completed
RET_407,ORD_3702,2026-08-11 06:13:39.185718430,defective,2026-08-13 06:13:39.185718430,2026-08-14 06:13:39.185718430,2026-08-17 06:13:39.185718430,completed
RET_408,ORD_3732,2026-07-26 04:44:55.722022593,defective,2026-07-27 04:44:55.722022593,2026-07-28 04:44:55.722022593,2026-07-31 04:44:55.722022593,completed
RET_409,ORD_3733,2026-08-08 01:06:20.382838988,wrong_item,2026-08-10 01:06:20.382838988,2026-08-11 01:06:20.382838988,2026-08-12 01:06:20.382838988,completed
RET_410,ORD_3774,2026-08-25 17:08:21.257625804,size_issue,2026-08-27 17:08:21.257625804,2026-08-28 17:08:21.257625804,2026-08-31 17:08:21.257625804,completed
RET_411,ORD_3785,2026-09-03 16:24:47.234643298,size_issue,2026-09-04 16:24:47.234643298,2026-09-05 16:24:47.234643298,2026-09-08 16:24:47.234643298,completed
RET_412,ORD_3802,2026-09-25 03:07:55.903849926,wrong_item,2026-09-27 03:07:55.903849926,2026-09-28 03:07:55.903849926,2026-10-01 03:07:55.903849926,completed
RET_413,ORD_3809,2026-09-17 05:47:25.309023433,defective,2026-09-18 05:47:25.309023433,2026-09-19 05:47:25.309023433,2026-09-22 05:47:25.309023433,completed
RET_414,ORD_3819,2026-08-12 00:29:57.724422507,did_not_like,2026-08-13 00:29:57.724422507,2026-08-14 00:29:57.724422507,2026-08-17 00:29:57.724422507,completed
RET_415,ORD_3835,2026-09-06 05:17:16.087205313,wrong_item,2026-09-07 05:17:16.087205313,2026-09-08 05:17:16.087205313,2026-09-11 05:17:16.087205313,completed
RET_416,ORD_3837,2026-09-17 14:45:22.244396322,size_issue,2026-09-19 14:45:22.244396322,2026-09-20 14:45:22.244396322,2026-09-23 14:45:22.244396322,completed
RET_417,ORD_3859,2026-07-15 08:21:28.757820941,did_not_like,2026-07-17 08:21:28.757820941,2026-07-18 08:21:28.757820941,2026-07-20 08:21:28.757820941,completed
RET_418,ORD_3891,2026-08-25 10:30:37.366335293,defective,2026-08-27 10:30:37.366335293,2026-08-28 10:30:37.366335293,2026-08-29 10:30:37.366335293,completed
RET_419,ORD_3896,2026-09-10 00:48:01.716315886,did_not_like,2026-09-11 00:48:01.716315886,2026-09-12 00:48:01.716315886,2026-09-15 00:48:01.716315886,completed
RET_420,ORD_3916,2026-09-02 03:51:31.853778302,defective,2026-09-03 03:51:31.853778302,2026-09-04 03:51:31.853778302,2026-09-07 03:51:31.853778302,completed
RET_421,ORD_3951,2026-07-18 16:40:42.662957851,did_not_like,2026-07-20 16:40:42.662957851,2026-07-21 16:40:42.662957851,2026-07-24 16:40:42.662957851,completed
RET_422,ORD_3955,2026-10-01 22:06:55.967219202,defective,2026-10-03 22:06:55.967219202,2026-10-04 22:06:55.967219202,2026-10-07 22:06:55.967219202,completed
RET_423,ORD_3971,2026-07-24 00:34:23.293483735,wrong_item,2026-07-26 00:34:23.293483735,2026-07-27 00:34:23.293483735,2026-07-29 00:34:23.293483735,completed
RET_424,ORD_3976,2026-09-11 21:38:31.250241429,did_not_like,2026-09-12 21:38:31.250241429,2026-09-13 21:38:31.250241429,2026-09-14 21:38:31.250241429,completed
RET_425,ORD_3982,2026-10-01 00:38:38.267510516,size_issue,2026-10-02 00:38:38.267510516,2026-10-03 00:38:38.267510516,2026-10-04 00:38:38.267510516,completed
RET_426,ORD_3996,2026-08-13 20:20:14.373593854,size_issue,2026-08-14 20:20:14.373593854,2026-08-15 20:20:14.373593854,2026-08-18 20:20:14.373593854,completed
RET_427,ORD_4021,2026-08-27 02:57:04.046902047,size_issue,2026-08-28 02:57:04.046902047,2026-08-29 02:57:04.046902047,2026-08-31 02:57:04.046902047,completed
RET_428,ORD_4069,2026-09-17 12:59:06.544238829,wrong_item,2026-09-18 12:59:06.544238829,2026-09-19 12:59:06.544238829,2026-09-22 12:59:06.544238829,completed
RET_429,ORD_4093,2026-08-07 18:12:00.828977475,defective,2026-08-08 18:12:00.828977475,2026-08-09 18:12:00.828977475,2026-08-12 18:12:00.828977475,completed
RET_430,ORD_4105,2026-09-28 22:07:26.549662336,wrong_item,2026-09-30 22:07:26.549662336,2026-10-01 22:07:26.549662336,2026-10-04 22:07:26.549662336,completed
RET_431,ORD_4115,2026-09-14 08:46:04.095965624,defective,2026-09-15 08:46:04.095965624,2026-09-16 08:46:04.095965624,2026-09-17 08:46:04.095965624,completed
RET_432,ORD_4142,2026-07-19 15:03:09.399011734,wrong_item,2026-07-20 15:03:09.399011734,2026-07-21 15:03:09.399011734,2026-07-22 15:03:09.399011734,completed
RET_433,ORD_4150,2026-09-07 22:11:18.051344424,did_not_like,2026-09-08 22:11:18.051344424,2026-09-09 22:11:18.051344424,2026-09-12 22:11:18.051344424,completed
RET_434,ORD_4175,2026-08-15 04:33:42.462297503,size_issue,2026-08-16 04:33:42.462297503,2026-08-17 04:33:42.462297503,2026-08-18 04:33:42.462297503,completed
RET_435,ORD_4185,2026-08-14 11:44:28.620711041,defective,2026-08-15 11:44:28.620711041,2026-08-16 11:44:28.620711041,2026-08-19 11:44:28.620711041,completed
RET_436,ORD_4196,2026-09-02 02:52:05.061224790,size_issue,2026-09-03 02:52:05.061224790,2026-09-04 02:52:05.061224790,2026-09-05 02:52:05.061224790,completed
RET_437,ORD_4210,2026-08-27 08:12:00.808163273,did_not_like,2026-08-29 08:12:00.808163273,2026-08-30 08:12:00.808163273,2026-09-02 08:12:00.808163273,completed
RET_438,ORD_4217,2026-09-25 10:40:08.574013149,wrong_item,2026-09-27 10:40:08.574013149,2026-09-28 10:40:08.574013149,2026-09-29 10:40:08.574013149,completed
RET_439,ORD_4219,2026-08-22 16:59:40.567690573,size_issue,2026-08-23 16:59:40.567690573,2026-08-24 16:59:40.567690573,2026-08-26 16:59:40.567690573,completed
RET_440,ORD_4227,2026-08-20 08:04:48.799872010,size_issue,2026-08-21 08:04:48.799872010,2026-08-22 08:04:48.799872010,2026-08-23 08:04:48.799872010,completed
RET_441,ORD_4241,2026-08-16 10:00:10.962609531,defective,2026-08-18 10:00:10.962609531,2026-08-19 10:00:10.962609531,2026-08-21 10:00:10.962609531,completed
RET_442,ORD_4242,2026-10-06 08:10:25.986344388,wrong_item,2026-10-07 08:10:25.986344388,2026-10-08 08:10:25.986344388,2026-10-09 08:10:25.986344388,completed
RET_443,ORD_4249,2026-09-17 19:50:12.134322966,size_issue,2026-09-19 19:50:12.134322966,2026-09-20 19:50:12.134322966,2026-09-23 19:50:12.134322966,completed
RET_444,ORD_4257,2026-10-04 00:59:36.737181039,wrong_item,2026-10-05 00:59:36.737181039,2026-10-06 00:59:36.737181039,2026-10-09 00:59:36.737181039,completed
RET_445,ORD_4262,2026-08-14 05:44:52.249081449,did_not_like,2026-08-16 05:44:52.249081449,2026-08-17 05:44:52.249081449,2026-08-19 05:44:52.249081449,completed
RET_446,ORD_4276,2026-08-21 18:29:42.621656336,wrong_item,2026-08-22 18:29:42.621656336,2026-08-23 18:29:42.621656336,2026-08-24 18:29:42.621656336,completed
RET_447,ORD_4281,2026-08-27 22:47:14.176054082,wrong_item,2026-08-28 22:47:14.176054082,2026-08-29 22:47:14.176054082,2026-08-31 22:47:14.176054082,completed
RET_448,ORD_4286,2026-08-13 12:34:43.317737815,did_not_like,2026-08-14 12:34:43.317737815,2026-08-15 12:34:43.317737815,2026-08-16 12:34:43.317737815,completed
RET_449,ORD_4288,2026-07-30 19:20:51.169889101,did_not_like,2026-07-31 19:20:51.169889101,2026-08-01 19:20:51.169889101,2026-08-02 19:20:51.169889101,completed
RET_450,ORD_4293,2026-09-28 05:19:23.487658881,did_not_like,2026-09-30 05:19:23.487658881,2026-10-01 05:19:23.487658881,2026-10-02 05:19:23.487658881,completed
RET_451,ORD_4295,2026-07-19 05:51:45.523119076,did_not_like,2026-07-20 05:51:45.523119076,2026-07-21 05:51:45.523119076,2026-07-23 05:51:45.523119076,completed
RET_452,ORD_4309,2026-07-11 17:50:26.112962416,wrong_item,2026-07-13 17:50:26.112962416,2026-07-14 17:50:26.112962416,2026-07-15 17:50:26.112962416,completed
RET_453,ORD_4320,2026-07-23 15:16:20.801537539,size_issue,2026-07-24 15:16:20.801537539,2026-07-25 15:16:20.801537539,2026-07-27 15:16:20.801537539,completed
RET_454,ORD_4334,2026-07-27 08:43:04.830357060,wrong_item,2026-07-28 08:43:04.830357060,2026-07-29 08:43:04.830357060,2026-08-01 08:43:04.830357060,completed
RET_455,ORD_4355,2026-09-27 22:46:31.860195557,size_issue,2026-09-29 22:46:31.860195557,2026-09-30 22:46:31.860195557,2026-10-02 22:46:31.860195557,completed
RET_456,ORD_4357,2026-10-01 16:32:45.142349469,did_not_like,2026-10-02 16:32:45.142349469,2026-10-03 16:32:45.142349469,2026-10-05 16:32:45.142349469,completed
RET_457,ORD_4368,2026-08-06 05:56:35.296528070,defective,2026-08-07 05:56:35.296528070,2026-08-08 05:56:35.296528070,2026-08-09 05:56:35.296528070,completed
RET_458,ORD_4379,2026-07-16 03:25:26.037453221,size_issue,2026-07-18 03:25:26.037453221,2026-07-19 03:25:26.037453221,2026-07-20 03:25:26.037453221,completed
RET_459,ORD_4382,2026-08-22 16:55:29.631737866,size_issue,2026-08-24 16:55:29.631737866,2026-08-25 16:55:29.631737866,2026-08-28 16:55:29.631737866,completed
RET_460,ORD_4393,2026-09-20 02:12:09.956920011,defective,2026-09-21 02:12:09.956920011,2026-09-22 02:12:09.956920011,2026-09-24 02:12:09.956920011,completed
RET_461,ORD_4415,2026-07-12 08:13:05.290778112,wrong_item,2026-07-14 08:13:05.290778112,2026-07-15 08:13:05.290778112,2026-07-17 08:13:05.290778112,completed
RET_462,ORD_4420,2026-09-06 14:19:59.857128381,wrong_item,2026-09-07 14:19:59.857128381,2026-09-08 14:19:59.857128381,2026-09-10 14:19:59.857128381,completed
RET_463,ORD_4428,2026-09-06 00:03:04.333505124,did_not_like,2026-09-08 00:03:04.333505124,2026-09-09 00:03:04.333505124,2026-09-12 00:03:04.333505124,completed
RET_464,ORD_4430,2026-09-26 05:32:15.466404193,size_issue,2026-09-28 05:32:15.466404193,2026-09-29 05:32:15.466404193,2026-09-30 05:32:15.466404193,completed
RET_465,ORD_4443,2026-09-23 01:26:52.127393080,size_issue,2026-09-24 01:26:52.127393080,2026-09-25 01:26:52.127393080,2026-09-27 01:26:52.127393080,completed
RET_466,ORD_4471,2026-09-14 07:01:53.722040359,did_not_like,2026-09-15 07:01:53.722040359,2026-09-16 07:01:53.722040359,2026-09-19 07:01:53.722040359,completed
RET_467,ORD_4472,2026-08-28 21:51:47.791598383,wrong_item,2026-08-30 21:51:47.791598383,2026-08-31 21:51:47.791598383,2026-09-03 21:51:47.791598383,completed
RET_468,ORD_4473,2026-07-21 17:32:35.450414104,wrong_item,2026-07-23 17:32:35.450414104,2026-07-24 17:32:35.450414104,2026-07-27 17:32:35.450414104,completed
RET_469,ORD_4480,2026-09-02 01:12:37.566537267,wrong_item,2026-09-04 01:12:37.566537267,2026-09-05 01:12:37.566537267,2026-09-06 01:12:37.566537267,completed
RET_470,ORD_4487,2026-08-28 00:25:05.955923263,size_issue,2026-08-30 00:25:05.955923263,2026-08-31 00:25:05.955923263,2026-09-02 00:25:05.955923263,completed
RET_471,ORD_4498,2026-09-20 18:30:27.491500951,wrong_item,2026-09-22 18:30:27.491500951,2026-09-23 18:30:27.491500951,2026-09-25 18:30:27.491500951,completed
RET_472,ORD_4505,2026-08-15 11:26:10.282799051,size_issue,2026-08-17 11:26:10.282799051,2026-08-18 11:26:10.282799051,2026-08-19 11:26:10.282799051,completed
RET_473,ORD_4511,2026-09-08 10:41:39.576002771,did_not_like,2026-09-09 10:41:39.576002771,2026-09-10 10:41:39.576002771,2026-09-13 10:41:39.576002771,completed
RET_474,ORD_4514,2026-07-16 10:28:07.058346972,size_issue,2026-07-18 10:28:07.058346972,2026-07-19 10:28:07.058346972,2026-07-22 10:28:07.058346972,completed
RET_475,ORD_4536,2026-09-25 22:29:45.552832040,did_not_like,2026-09-27 22:29:45.552832040,2026-09-28 22:29:45.552832040,2026-09-29 22:29:45.552832040,completed
RET_476,ORD_4542,2026-08-16 08:39:16.381342463,defective,2026-08-17 08:39:16.381342463,2026-08-18 08:39:16.381342463,2026-08-19 08:39:16.381342463,completed
RET_477,ORD_4553,2026-09-19 11:36:27.721538564,wrong_item,2026-09-21 11:36:27.721538564,2026-09-22 11:36:27.721538564,2026-09-23 11:36:27.721538564,completed
RET_478,ORD_4557,2026-08-29 01:10:16.564248864,size_issue,2026-08-31 01:10:16.564248864,2026-09-01 01:10:16.564248864,2026-09-04 01:10:16.564248864,completed
RET_479,ORD_4561,2026-09-07 03:56:13.077495061,wrong_item,2026-09-09 03:56:13.077495061,2026-09-10 03:56:13.077495061,2026-09-11 03:56:13.077495061,completed
RET_480,ORD_4569,2026-07-27 03:43:19.855638037,defective,2026-07-28 03:43:19.855638037,2026-07-29 03:43:19.855638037,2026-07-31 03:43:19.855638037,completed
RET_481,ORD_4572,2026-09-08 16:22:15.836933042,size_issue,2026-09-09 16:22:15.836933042,2026-09-10 16:22:15.836933042,2026-09-11 16:22:15.836933042,completed
RET_482,ORD_4577,2026-07-19 03:24:04.780127195,did_not_like,2026-07-20 03:24:04.780127195,2026-07-21 03:24:04.780127195,2026-07-24 03:24:04.780127195,completed
RET_483,ORD_4587,2026-09-06 17:21:54.872205250,defective,2026-09-08 17:21:54.872205250,2026-09-09 17:21:54.872205250,2026-09-11 17:21:54.872205250,completed
RET_484,ORD_4602,2026-08-06 01:39:55.984460080,size_issue,2026-08-08 01:39:55.984460080,2026-08-09 01:39:55.984460080,2026-08-10 01:39:55.984460080,completed
RET_485,ORD_4613,2026-08-25 03:07:59.723054281,size_issue,2026-08-26 03:07:59.723054281,2026-08-27 03:07:59.723054281,2026-08-28 03:07:59.723054281,completed
RET_486,ORD_4618,2026-09-14 10:19:23.605904360,wrong_item,2026-09-16 10:19:23.605904360,2026-09-17 10:19:23.605904360,2026-09-19 10:19:23.605904360,completed
RET_487,ORD_4621,2026-08-25 14:42:17.702940631,wrong_item,2026-08-26 14:42:17.702940631,2026-08-27 14:42:17.702940631,2026-08-30 14:42:17.702940631,completed
RET_488,ORD_4647,2026-09-24 14:18:17.249018728,defective,2026-09-25 14:18:17.249018728,2026-09-26 14:18:17.249018728,2026-09-27 14:18:17.249018728,completed
RET_489,ORD_4657,2026-09-07 00:06:08.349321375,did_not_like,2026-09-09 00:06:08.349321375,2026-09-10 00:06:08.349321375,2026-09-12 00:06:08.349321375,completed
RET_490,ORD_4669,2026-08-07 09:22:36.322424872,did_not_like,2026-08-09 09:22:36.322424872,2026-08-10 09:22:36.322424872,2026-08-12 09:22:36.322424872,completed
RET_491,ORD_4703,2026-07-29 12:20:38.437756656,size_issue,2026-07-30 12:20:38.437756656,2026-07-31 12:20:38.437756656,2026-08-03 12:20:38.437756656,completed
RET_492,ORD_4710,2026-08-29 23:31:41.295059181,did_not_like,2026-08-31 23:31:41.295059181,2026-09-01 23:31:41.295059181,2026-09-03 23:31:41.295059181,completed
RET_493,ORD_4718,2026-09-04 23:49:28.414793922,did_not_like,2026-09-05 23:49:28.414793922,2026-09-06 23:49:28.414793922,2026-09-08 23:49:28.414793922,completed
RET_494,ORD_4747,2026-08-21 08:08:15.200257508,size_issue,2026-08-23 08:08:15.200257508,2026-08-24 08:08:15.200257508,2026-08-26 08:08:15.200257508,completed
RET_495,ORD_4766,2026-09-08 14:28:39.934169537,defective,2026-09-10 14:28:39.934169537,2026-09-11 14:28:39.934169537,2026-09-13 14:28:39.934169537,completed
RET_496,ORD_4771,2026-08-28 19:33:49.430924263,size_issue,2026-08-30 19:33:49.430924263,2026-08-31 19:33:49.430924263,2026-09-02 19:33:49.430924263,completed
RET_497,ORD_4773,2026-08-31 16:51:04.374034263,wrong_item,2026-09-01 16:51:04.374034263,2026-09-02 16:51:04.374034263,2026-09-05 16:51:04.374034263,completed
RET_498,ORD_4779,2026-09-21 21:40:32.460469581,size_issue,2026-09-22 21:40:32.460469581,2026-09-23 21:40:32.460469581,2026-09-24 21:40:32.460469581,completed
RET_499,ORD_4781,2026-08-29 08:38:55.888460089,wrong_item,2026-08-31 08:38:55.888460089,2026-09-01 08:38:55.888460089,2026-09-03 08:38:55.888460089,completed
RET_500,ORD_4806,2026-08-13 03:35:11.358551448,defective,2026-08-14 03:35:11.358551448,2026-08-15 03:35:11.358551448,2026-08-17 03:35:11.358551448,completed
RET_501,ORD_4811,2026-08-31 22:32:56.479154569,wrong_item,2026-09-02 22:32:56.479154569,2026-09-03 22:32:56.479154569,2026-09-05 22:32:56.479154569,completed
RET_502,ORD_4814,2026-08-15 22:44:38.684528717,wrong_item,2026-08-17 22:44:38.684528717,2026-08-18 22:44:38.684528717,2026-08-21 22:44:38.684528717,completed
RET_503,ORD_4818,2026-09-28 06:58:28.574810169,wrong_item,2026-09-30 06:58:28.574810169,2026-10-01 06:58:28.574810169,2026-10-03 06:58:28.574810169,completed
RET_504,ORD_4820,2026-08-04 04:05:35.895070449,size_issue,2026-08-05 04:05:35.895070449,2026-08-06 04:05:35.895070449,2026-08-09 04:05:35.895070449,completed
RET_505,ORD_4827,2026-10-07 04:43:51.100959249,wrong_item,2026-10-08 04:43:51.100959249,2026-10-09 04:43:51.100959249,2026-10-11 04:43:51.100959249,completed
RET_506,ORD_4838,2026-08-27 20:56:44.429207497,did_not_like,2026-08-28 20:56:44.429207497,2026-08-29 20:56:44.429207497,2026-09-01 20:56:44.429207497,completed
RET_507,ORD_4839,2026-09-01 06:08:51.462335123,size_issue,2026-09-03 06:08:51.462335123,2026-09-04 06:08:51.462335123,2026-09-05 06:08:51.462335123,completed
RET_508,ORD_4845,2026-08-11 03:20:01.688690655,size_issue,2026-08-12 03:20:01.688690655,2026-08-13 03:20:01.688690655,2026-08-14 03:20:01.688690655,completed
RET_509,ORD_4856,2026-09-30 00:33:11.327199461,size_issue,2026-10-02 00:33:11.327199461,2026-10-03 00:33:11.327199461,2026-10-06 00:33:11.327199461,completed
RET_510,ORD_4862,2026-08-24 00:10:30.135490394,size_issue,2026-08-25 00:10:30.135490394,2026-08-26 00:10:30.135490394,2026-08-28 00:10:30.135490394,completed
RET_511,ORD_4874,2026-09-24 22:00:55.540331245,defective,2026-09-26 22:00:55.540331245,2026-09-27 22:00:55.540331245,2026-09-30 22:00:55.540331245,completed
RET_512,ORD_4890,2026-08-21 16:32:11.831707609,did_not_like,2026-08-22 16:32:11.831707609,2026-08-23 16:32:11.831707609,2026-08-24 16:32:11.831707609,completed
RET_513,ORD_4894,2026-08-10 17:58:37.800877067,wrong_item,2026-08-12 17:58:37.800877067,2026-08-13 17:58:37.800877067,2026-08-14 17:58:37.800877067,completed
RET_514,ORD_4905,2026-09-04 16:46:29.429405925,did_not_like,2026-09-06 16:46:29.429405925,2026-09-07 16:46:29.429405925,2026-09-10 16:46:29.429405925,completed
RET_515,ORD_4909,2026-08-28 06:06:42.251555124,defective,2026-08-30 06:06:42.251555124,2026-08-31 06:06:42.251555124,2026-09-01 06:06:42.251555124,completed
RET_516,ORD_4915,2026-07-22 22:19:30.674809447,did_not_like,2026-07-24 22:19:30.674809447,2026-07-25 22:19:30.674809447,2026-07-28 22:19:30.674809447,completed
RET_517,ORD_4928,2026-08-01 00:00:12.275197229,defective,2026-08-02 00:00:12.275197229,2026-08-03 00:00:12.275197229,2026-08-05 00:00:12.275197229,completed
RET_518,ORD_4934,2026-07-31 17:29:25.928357227,wrong_item,2026-08-01 17:29:25.928357227,2026-08-02 17:29:25.928357227,2026-08-04 17:29:25.928357227,completed
RET_519,ORD_4941,2026-08-05 15:59:49.567547357,wrong_item,2026-08-07 15:59:49.567547357,2026-08-08 15:59:49.567547357,2026-08-11 15:59:49.567547357,completed
RET_520,ORD_4979,2026-10-11 00:16:39.140689284,defective,2026-10-12 00:16:39.140689284,2026-10-13 00:16:39.140689284,2026-10-14 00:16:39.140689284,completed
RET_521,ORD_4983,2026-07-16 07:07:51.646824377,did_not_like,2026-07-17 07:07:51.646824377,2026-07-18 07:07:51.646824377,2026-07-19 07:07:51.646824377,completed
RET_522,ORD_4993,2026-09-18 01:30:08.803380012,wrong_item,2026-09-19 01:30:08.803380012,2026-09-20 01:30:08.803380012,2026-09-21 01:30:08.803380012,completed
RET_523,ORD_5005,2026-08-01 02:00:00.027969681,did_not_like,2026-08-03 02:00:00.027969681,2026-08-04 02:00:00.027969681,2026-08-06 02:00:00.027969681,completed
RET_524,ORD_5053,2026-07-26 16:37:10.720440335,size_issue,2026-07-27 16:37:10.720440335,2026-07-28 16:37:10.720440335,2026-07-30 16:37:10.720440335,completed
RET_525,ORD_5063,2026-09-17 14:34:56.691568560,defective,2026-09-19 14:34:56.691568560,2026-09-20 14:34:56.691568560,2026-09-21 14:34:56.691568560,completed
RET_526,ORD_5064,2026-08-03 00:01:14.515822361,size_issue,2026-08-05 00:01:14.515822361,2026-08-06 00:01:14.515822361,2026-08-09 00:01:14.515822361,completed
RET_527,ORD_5068,2026-09-22 03:51:38.359478874,wrong_item,2026-09-23 03:51:38.359478874,2026-09-24 03:51:38.359478874,2026-09-27 03:51:38.359478874,completed
RET_528,ORD_5070,2026-08-11 18:12:37.312073017,wrong_item,2026-08-12 18:12:37.312073017,2026-08-13 18:12:37.312073017,2026-08-15 18:12:37.312073017,completed
RET_529,ORD_5082,2026-10-01 13:54:18.101348318,size_issue,2026-10-02 13:54:18.101348318,2026-10-03 13:54:18.101348318,2026-10-06 13:54:18.101348318,completed
RET_530,ORD_5086,2026-09-07 05:14:19.272371532,wrong_item,2026-09-09 05:14:19.272371532,2026-09-10 05:14:19.272371532,2026-09-12 05:14:19.272371532,completed
RET_531,ORD_5092,2026-08-25 09:23:18.405277341,defective,2026-08-26 09:23:18.405277341,2026-08-27 09:23:18.405277341,2026-08-29 09:23:18.405277341,completed
RET_532,ORD_5107,2026-08-15 01:39:42.689226692,did_not_like,2026-08-17 01:39:42.689226692,2026-08-18 01:39:42.689226692,2026-08-20 01:39:42.689226692,completed
RET_533,ORD_5129,2026-10-10 17:22:21.924657739,wrong_item,2026-10-11 17:22:21.924657739,2026-10-12 17:22:21.924657739,2026-10-14 17:22:21.924657739,completed
RET_534,ORD_5132,2026-07-24 01:25:00.029506966,wrong_item,2026-07-25 01:25:00.029506966,2026-07-26 01:25:00.029506966,2026-07-28 01:25:00.029506966,completed
RET_535,ORD_5147,2026-08-12 09:09:32.288119926,defective,2026-08-14 09:09:32.288119926,2026-08-15 09:09:32.288119926,2026-08-18 09:09:32.288119926,completed
RET_536,ORD_5180,2026-09-25 18:41:57.441221127,wrong_item,2026-09-27 18:41:57.441221127,2026-09-28 18:41:57.441221127,2026-09-30 18:41:57.441221127,completed
RET_537,ORD_5187,2026-09-28 05:54:25.908848461,wrong_item,2026-09-29 05:54:25.908848461,2026-09-30 05:54:25.908848461,2026-10-02 05:54:25.908848461,completed
RET_538,ORD_5198,2026-09-02 04:22:07.110580146,size_issue,2026-09-04 04:22:07.110580146,2026-09-05 04:22:07.110580146,2026-09-07 04:22:07.110580146,completed
RET_539,ORD_5213,2026-08-15 14:58:21.603969314,did_not_like,2026-08-16 14:58:21.603969314,2026-08-17 14:58:21.603969314,2026-08-20 14:58:21.603969314,completed
RET_540,ORD_5240,2026-07-17 20:02:36.392772989,did_not_like,2026-07-18 20:02:36.392772989,2026-07-19 20:02:36.392772989,2026-07-20 20:02:36.392772989,completed
RET_541,ORD_5260,2026-09-25 23:36:54.685237161,wrong_item,2026-09-27 23:36:54.685237161,2026-09-28 23:36:54.685237161,2026-09-29 23:36:54.685237161,completed
RET_542,ORD_5265,2026-08-18 01:45:38.198924718,did_not_like,2026-08-19 01:45:38.198924718,2026-08-20 01:45:38.198924718,2026-08-21 01:45:38.198924718,completed
RET_543,ORD_5271,2026-09-17 17:00:42.624660964,size_issue,2026-09-18 17:00:42.624660964,2026-09-19 17:00:42.624660964,2026-09-22 17:00:42.624660964,completed
RET_544,ORD_5274,2026-08-27 03:27:58.149940905,size_issue,2026-08-29 03:27:58.149940905,2026-08-30 03:27:58.149940905,2026-09-02 03:27:58.149940905,completed
RET_545,ORD_5287,2026-08-28 23:23:37.833967707,did_not_like,2026-08-29 23:23:37.833967707,2026-08-30 23:23:37.833967707,2026-09-01 23:23:37.833967707,completed
RET_546,ORD_5303,2026-07-23 00:14:07.721446690,did_not_like,2026-07-24 00:14:07.721446690,2026-07-25 00:14:07.721446690,2026-07-27 00:14:07.721446690,completed
RET_547,ORD_5313,2026-08-30 09:28:55.981729353,did_not_like,2026-09-01 09:28:55.981729353,2026-09-02 09:28:55.981729353,2026-09-03 09:28:55.981729353,completed
RET_548,ORD_5324,2026-07-26 17:13:45.141596126,defective,2026-07-28 17:13:45.141596126,2026-07-29 17:13:45.141596126,2026-08-01 17:13:45.141596126,completed
RET_549,ORD_5325,2026-08-04 10:48:38.656351033,wrong_item,2026-08-05 10:48:38.656351033,2026-08-06 10:48:38.656351033,2026-08-09 10:48:38.656351033,completed
RET_550,ORD_5343,2026-10-06 05:31:34.009967606,did_not_like,2026-10-08 05:31:34.009967606,2026-10-09 05:31:34.009967606,2026-10-12 05:31:34.009967606,completed
RET_551,ORD_5354,2026-08-29 21:22:38.520519966,defective,2026-08-30 21:22:38.520519966,2026-08-31 21:22:38.520519966,2026-09-02 21:22:38.520519966,completed
RET_552,ORD_5358,2026-08-25 18:49:05.360977293,wrong_item,2026-08-27 18:49:05.360977293,2026-08-28 18:49:05.360977293,2026-08-31 18:49:05.360977293,completed
RET_553,ORD_5361,2026-09-19 08:59:43.399517319,size_issue,2026-09-20 08:59:43.399517319,2026-09-21 08:59:43.399517319,2026-09-23 08:59:43.399517319,completed
RET_554,ORD_5363,2026-10-02 18:51:51.539331726,size_issue,2026-10-04 18:51:51.539331726,2026-10-05 18:51:51.539331726,2026-10-07 18:51:51.539331726,completed
RET_555,ORD_5373,2026-08-18 10:16:00.237179731,defective,2026-08-19 10:16:00.237179731,2026-08-20 10:16:00.237179731,2026-08-21 10:16:00.237179731,completed
RET_556,ORD_5385,2026-09-05 15:01:51.644264298,did_not_like,2026-09-07 15:01:51.644264298,2026-09-08 15:01:51.644264298,2026-09-11 15:01:51.644264298,completed
RET_557,ORD_5394,2026-08-06 19:01:02.497731886,defective,2026-08-08 19:01:02.497731886,2026-08-09 19:01:02.497731886,2026-08-10 19:01:02.497731886,completed
RET_558,ORD_5398,2026-10-06 13:19:51.163273846,did_not_like,2026-10-08 13:19:51.163273846,2026-10-09 13:19:51.163273846,2026-10-10 13:19:51.163273846,completed
RET_559,ORD_5419,2026-08-11 03:34:49.031201959,wrong_item,2026-08-12 03:34:49.031201959,2026-08-13 03:34:49.031201959,2026-08-14 03:34:49.031201959,completed
RET_560,ORD_5423,2026-07-22 19:54:32.558954892,wrong_item,2026-07-24 19:54:32.558954892,2026-07-25 19:54:32.558954892,2026-07-26 19:54:32.558954892,completed
RET_561,ORD_5455,2026-08-04 02:47:16.127918655,defective,2026-08-06 02:47:16.127918655,2026-08-07 02:47:16.127918655,2026-08-08 02:47:16.127918655,completed
RET_562,ORD_5464,2026-08-25 12:00:38.505347029,size_issue,2026-08-26 12:00:38.505347029,2026-08-27 12:00:38.505347029,2026-08-29 12:00:38.505347029,completed
RET_563,ORD_5469,2026-07-14 10:46:19.832062834,did_not_like,2026-07-16 10:46:19.832062834,2026-07-17 10:46:19.832062834,2026-07-20 10:46:19.832062834,completed
RET_564,ORD_5473,2026-08-29 11:37:48.110950532,wrong_item,2026-08-31 11:37:48.110950532,2026-09-01 11:37:48.110950532,2026-09-03 11:37:48.110950532,completed
RET_565,ORD_5478,2026-09-19 00:03:06.272465760,size_issue,2026-09-20 00:03:06.272465760,2026-09-21 00:03:06.272465760,2026-09-24 00:03:06.272465760,completed
RET_566,ORD_5499,2026-09-02 07:25:46.843197918,wrong_item,2026-09-04 07:25:46.843197918,2026-09-05 07:25:46.843197918,2026-09-08 07:25:46.843197918,completed
RET_567,ORD_5500,2026-08-30 08:20:58.669537358,did_not_like,2026-09-01 08:20:58.669537358,2026-09-02 08:20:58.669537358,2026-09-04 08:20:58.669537358,completed
RET_568,ORD_5507,2026-07-21 16:41:58.219297767,wrong_item,2026-07-22 16:41:58.219297767,2026-07-23 16:41:58.219297767,2026-07-24 16:41:58.219297767,completed
RET_569,ORD_5511,2026-08-01 19:07:31.960286385,size_issue,2026-08-03 19:07:31.960286385,2026-08-04 19:07:31.960286385,2026-08-07 19:07:31.960286385,completed
RET_570,ORD_5550,2026-07-16 04:51:11.621974533,size_issue,2026-07-18 04:51:11.621974533,2026-07-19 04:51:11.621974533,2026-07-21 04:51:11.621974533,completed
RET_571,ORD_5553,2026-09-13 09:35:57.481345736,defective,2026-09-15 09:35:57.481345736,2026-09-16 09:35:57.481345736,2026-09-17 09:35:57.481345736,completed
RET_572,ORD_5557,2026-08-18 22:49:39.757730759,defective,2026-08-19 22:49:39.757730759,2026-08-20 22:49:39.757730759,2026-08-22 22:49:39.757730759,completed
RET_573,ORD_5569,2026-08-16 05:20:09.004291748,defective,2026-08-18 05:20:09.004291748,2026-08-19 05:20:09.004291748,2026-08-22 05:20:09.004291748,completed
RET_574,ORD_5585,2026-09-08 22:21:43.285879255,did_not_like,2026-09-09 22:21:43.285879255,2026-09-10 22:21:43.285879255,2026-09-12 22:21:43.285879255,completed
RET_575,ORD_5589,2026-09-02 22:21:17.636551678,wrong_item,2026-09-04 22:21:17.636551678,2026-09-05 22:21:17.636551678,2026-09-06 22:21:17.636551678,completed
RET_576,ORD_5599,2026-09-29 12:11:11.044171545,defective,2026-09-30 12:11:11.044171545,2026-10-01 12:11:11.044171545,2026-10-03 12:11:11.044171545,completed
RET_577,ORD_5632,2026-07-30 03:33:31.849327530,wrong_item,2026-08-01 03:33:31.849327530,2026-08-02 03:33:31.849327530,2026-08-03 03:33:31.849327530,completed
RET_578,ORD_5633,2026-07-26 12:13:01.629527747,wrong_item,2026-07-27 12:13:01.629527747,2026-07-28 12:13:01.629527747,2026-07-29 12:13:01.629527747,completed
RET_579,ORD_5645,2026-10-03 17:29:51.576058384,wrong_item,2026-10-04 17:29:51.576058384,2026-10-05 17:29:51.576058384,2026-10-08 17:29:51.576058384,completed
RET_580,ORD_5648,2026-09-17 12:31:07.574576240,defective,2026-09-18 12:31:07.574576240,2026-09-19 12:31:07.574576240,2026-09-21 12:31:07.574576240,completed
RET_581,ORD_5662,2026-09-30 15:01:36.629194953,did_not_like,2026-10-02 15:01:36.629194953,2026-10-03 15:01:36.629194953,2026-10-04 15:01:36.629194953,completed
RET_582,ORD_5664,2026-08-31 19:15:08.921528281,did_not_like,2026-09-01 19:15:08.921528281,2026-09-02 19:15:08.921528281,2026-09-05 19:15:08.921528281,completed
RET_583,ORD_5667,2026-08-16 20:18:08.909583322,defective,2026-08-17 20:18:08.909583322,2026-08-18 20:18:08.909583322,2026-08-20 20:18:08.909583322,completed
RET_584,ORD_5672,2026-09-14 22:20:12.674840858,defective,2026-09-16 22:20:12.674840858,2026-09-17 22:20:12.674840858,2026-09-20 22:20:12.674840858,completed
RET_585,ORD_5673,2026-07-27 14:04:37.116508584,did_not_like,2026-07-29 14:04:37.116508584,2026-07-30 14:04:37.116508584,2026-08-01 14:04:37.116508584,completed
RET_586,ORD_5678,2026-07-22 08:43:57.558686677,did_not_like,2026-07-23 08:43:57.558686677,2026-07-24 08:43:57.558686677,2026-07-27 08:43:57.558686677,completed
RET_587,ORD_5691,2026-08-04 04:56:28.986484643,defective,2026-08-06 04:56:28.986484643,2026-08-07 04:56:28.986484643,2026-08-10 04:56:28.986484643,completed
RET_588,ORD_5705,2026-09-29 19:08:19.674512974,did_not_like,2026-10-01 19:08:19.674512974,2026-10-02 19:08:19.674512974,2026-10-05 19:08:19.674512974,completed
RET_589,ORD_5707,2026-10-04 13:34:57.194393253,did_not_like,2026-10-06 13:34:57.194393253,2026-10-07 13:34:57.194393253,2026-10-09 13:34:57.194393253,completed
RET_590,ORD_5715,2026-09-30 07:22:28.556227413,did_not_like,2026-10-01 07:22:28.556227413,2026-10-02 07:22:28.556227413,2026-10-03 07:22:28.556227413,completed
RET_591,ORD_5726,2026-08-02 17:40:38.592501894,size_issue,2026-08-04 17:40:38.592501894,2026-08-05 17:40:38.592501894,2026-08-06 17:40:38.592501894,completed
RET_592,ORD_5737,2026-08-10 16:52:15.424196880,did_not_like,2026-08-12 16:52:15.424196880,2026-08-13 16:52:15.424196880,2026-08-16 16:52:15.424196880,completed
RET_593,ORD_5741,2026-09-29 17:20:34.339402774,did_not_like,2026-09-30 17:20:34.339402774,2026-10-01 17:20:34.339402774,2026-10-02 17:20:34.339402774,completed
RET_594,ORD_5769,2026-08-08 15:55:34.114534905,did_not_like,2026-08-09 15:55:34.114534905,2026-08-10 15:55:34.114534905,2026-08-13 15:55:34.114534905,completed
RET_595,ORD_5773,2026-09-18 13:15:18.994102873,defective,2026-09-20 13:15:18.994102873,2026-09-21 13:15:18.994102873,2026-09-22 13:15:18.994102873,completed
RET_596,ORD_5784,2026-09-27 09:14:22.506307698,wrong_item,2026-09-28 09:14:22.506307698,2026-09-29 09:14:22.506307698,2026-10-01 09:14:22.506307698,completed
RET_597,ORD_5788,2026-07-30 21:20:36.009579113,did_not_like,2026-07-31 21:20:36.009579113,2026-08-01 21:20:36.009579113,2026-08-04 21:20:36.009579113,completed
RET_598,ORD_5791,2026-09-06 06:19:52.766186951,did_not_like,2026-09-07 06:19:52.766186951,2026-09-08 06:19:52.766186951,2026-09-09 06:19:52.766186951,completed
RET_599,ORD_5792,2026-10-01 08:12:10.090503273,did_not_like,2026-10-03 08:12:10.090503273,2026-10-04 08:12:10.090503273,2026-10-05 08:12:10.090503273,completed
RET_600,ORD_5818,2026-08-23 04:23:54.753046211,size_issue,2026-08-25 04:23:54.753046211,2026-08-26 04:23:54.753046211,2026-08-29 04:23:54.753046211,completed
RET_601,ORD_5826,2026-07-17 16:06:29.250121419,size_issue,2026-07-19 16:06:29.250121419,2026-07-20 16:06:29.250121419,2026-07-22 16:06:29.250121419,completed
RET_602,ORD_5830,2026-07-21 02:22:28.184496390,size_issue,2026-07-23 02:22:28.184496390,2026-07-24 02:22:28.184496390,2026-07-25 02:22:28.184496390,completed
RET_603,ORD_5833,2026-09-01 22:22:22.129942629,size_issue,2026-09-03 22:22:22.129942629,2026-09-04 22:22:22.129942629,2026-09-07 22:22:22.129942629,completed
RET_604,ORD_5836,2026-09-16 18:19:30.394588927,wrong_item,2026-09-17 18:19:30.394588927,2026-09-18 18:19:30.394588927,2026-09-21 18:19:30.394588927,completed
RET_605,ORD_5837,2026-09-04 10:51:54.705283559,size_issue,2026-09-05 10:51:54.705283559,2026-09-06 10:51:54.705283559,2026-09-08 10:51:54.705283559,completed
RET_606,ORD_5838,2026-08-09 19:15:18.877474571,wrong_item,2026-08-11 19:15:18.877474571,2026-08-12 19:15:18.877474571,2026-08-14 19:15:18.877474571,completed
RET_607,ORD_5860,2026-07-22 12:17:11.261599572,defective,2026-07-23 12:17:11.261599572,2026-07-24 12:17:11.261599572,2026-07-26 12:17:11.261599572,completed
RET_608,ORD_5892,2026-08-31 00:22:11.027599026,wrong_item,2026-09-01 00:22:11.027599026,2026-09-02 00:22:11.027599026,2026-09-04 00:22:11.027599026,completed
RET_609,ORD_5896,2026-07-17 13:37:38.063043826,wrong_item,2026-07-18 13:37:38.063043826,2026-07-19 13:37:38.063043826,2026-07-21 13:37:38.063043826,completed
RET_610,ORD_5899,2026-07-30 11:17:12.265659865,wrong_item,2026-07-31 11:17:12.265659865,2026-08-01 11:17:12.265659865,2026-08-03 11:17:12.265659865,completed
RET_611,ORD_5902,2026-10-01 23:25:08.793455922,size_issue,2026-10-02 23:25:08.793455922,2026-10-03 23:25:08.793455922,2026-10-05 23:25:08.793455922,completed
RET_612,ORD_5907,2026-08-19 14:03:11.756396011,defective,2026-08-21 14:03:11.756396011,2026-08-22 14:03:11.756396011,2026-08-23 14:03:11.756396011,completed
RET_613,ORD_5916,2026-09-05 00:56:37.422862017,defective,2026-09-06 00:56:37.422862017,2026-09-07 00:56:37.422862017,2026-09-10 00:56:37.422862017,completed
RET_614,ORD_5922,2026-08-13 02:13:14.556591580,size_issue,2026-08-14 02:13:14.556591580,2026-08-15 02:13:14.556591580,2026-08-18 02:13:14.556591580,completed
RET_615,ORD_5935,2026-07-29 21:20:15.387528684,wrong_item,2026-07-30 21:20:15.387528684,2026-07-31 21:20:15.387528684,2026-08-02 21:20:15.387528684,completed
RET_616,ORD_5940,2026-09-25 07:58:28.525076324,did_not_like,2026-09-26 07:58:28.525076324,2026-09-27 07:58:28.525076324,2026-09-29 07:58:28.525076324,completed
RET_617,ORD_5951,2026-07-14 00:08:01.677845771,defective,2026-07-15 00:08:01.677845771,2026-07-16 00:08:01.677845771,2026-07-18 00:08:01.677845771,completed
RET_618,ORD_5953,2026-07-21 10:09:29.654517468,wrong_item,2026-07-22 10:09:29.654517468,2026-07-23 10:09:29.654517468,2026-07-26 10:09:29.654517468,completed
RET_619,ORD_5957,2026-09-29 04:00:57.100055367,wrong_item,2026-10-01 04:00:57.100055367,2026-10-02 04:00:57.100055367,2026-10-03 04:00:57.100055367,completed
RET_620,ORD_5973,2026-09-29 01:48:43.999731103,defective,2026-10-01 01:48:43.999731103,2026-10-02 01:48:43.999731103,2026-10-03 01:48:43.999731103,completed
RET_621,ORD_5977,2026-08-25 22:16:06.247922238,defective,2026-08-26 22:16:06.247922238,2026-08-27 22:16:06.247922238,2026-08-29 22:16:06.247922238,completed
RET_622,ORD_5991,2026-07-16 12:25:04.021750258,wrong_item,2026-07-18 12:25:04.021750258,2026-07-19 12:25:04.021750258,2026-07-20 12:25:04.021750258,completed
RET_623,ORD_5999,2026-09-28 14:29:58.334629509,size_issue,2026-09-30 14:29:58.334629509,2026-10-01 14:29:58.334629509,2026-10-02 14:29:58.334629509,completed
RET_624,ORD_6008,2026-09-04 04:10:06.849748078,size_issue,2026-09-06 04:10:06.849748078,2026-09-07 04:10:06.849748078,2026-09-08 04:10:06.849748078,completed
RET_625,ORD_6048,2026-08-18 13:48:39.927266374,size_issue,2026-08-19 13:48:39.927266374,2026-08-20 13:48:39.927266374,2026-08-22 13:48:39.927266374,completed
RET_626,ORD_6050,2026-08-09 04:49:34.193361845,did_not_like,2026-08-11 04:49:34.193361845,2026-08-12 04:49:34.193361845,2026-08-13 04:49:34.193361845,completed
RET_627,ORD_6052,2026-08-03 12:15:37.176681098,defective,2026-08-04 12:15:37.176681098,2026-08-05 12:15:37.176681098,2026-08-07 12:15:37.176681098,completed
RET_628,ORD_6057,2026-08-11 06:30:43.320123447,wrong_item,2026-08-12 06:30:43.320123447,2026-08-13 06:30:43.320123447,2026-08-14 06:30:43.320123447,completed
RET_629,ORD_6072,2026-08-31 06:30:56.091292151,wrong_item,2026-09-02 06:30:56.091292151,2026-09-03 06:30:56.091292151,2026-09-06 06:30:56.091292151,completed
RET_630,ORD_6076,2026-10-08 18:41:55.145304681,defective,2026-10-09 18:41:55.145304681,2026-10-10 18:41:55.145304681,2026-10-11 18:41:55.145304681,completed
RET_631,ORD_6082,2026-09-15 11:03:53.255064702,defective,2026-09-16 11:03:53.255064702,2026-09-17 11:03:53.255064702,2026-09-19 11:03:53.255064702,completed
RET_632,ORD_6103,2026-09-10 18:55:14.405936712,size_issue,2026-09-11 18:55:14.405936712,2026-09-12 18:55:14.405936712,2026-09-15 18:55:14.405936712,completed
RET_633,ORD_6104,2026-07-27 17:56:55.327905775,wrong_item,2026-07-28 17:56:55.327905775,2026-07-29 17:56:55.327905775,2026-07-30 17:56:55.327905775,completed
RET_634,ORD_6106,2026-09-26 11:11:39.459608118,did_not_like,2026-09-28 11:11:39.459608118,2026-09-29 11:11:39.459608118,2026-10-01 11:11:39.459608118,completed
RET_635,ORD_6114,2026-08-15 07:25:37.700682511,wrong_item,2026-08-17 07:25:37.700682511,2026-08-18 07:25:37.700682511,2026-08-20 07:25:37.700682511,completed
RET_636,ORD_6125,2026-08-09 00:49:45.679612696,defective,2026-08-11 00:49:45.679612696,2026-08-12 00:49:45.679612696,2026-08-13 00:49:45.679612696,completed
RET_637,ORD_6128,2026-08-21 08:15:11.627283978,did_not_like,2026-08-22 08:15:11.627283978,2026-08-23 08:15:11.627283978,2026-08-26 08:15:11.627283978,completed
RET_638,ORD_6129,2026-08-08 13:02:55.809805789,did_not_like,2026-08-10 13:02:55.809805789,2026-08-11 13:02:55.809805789,2026-08-12 13:02:55.809805789,completed
RET_639,ORD_6136,2026-09-30 14:10:04.960583417,wrong_item,2026-10-02 14:10:04.960583417,2026-10-03 14:10:04.960583417,2026-10-06 14:10:04.960583417,completed
RET_640,ORD_6143,2026-07-18 07:30:28.348783716,defective,2026-07-20 07:30:28.348783716,2026-07-21 07:30:28.348783716,2026-07-23 07:30:28.348783716,completed
RET_641,ORD_6153,2026-08-26 15:25:02.243743378,size_issue,2026-08-27 15:25:02.243743378,2026-08-28 15:25:02.243743378,2026-08-30 15:25:02.243743378,completed
RET_642,ORD_6161,2026-10-01 01:28:48.989051322,defective,2026-10-02 01:28:48.989051322,2026-10-03 01:28:48.989051322,2026-10-04 01:28:48.989051322,completed
RET_643,ORD_6168,2026-08-02 07:54:43.953942055,size_issue,2026-08-04 07:54:43.953942055,2026-08-05 07:54:43.953942055,2026-08-08 07:54:43.953942055,completed
RET_644,ORD_6170,2026-08-21 16:09:34.325072810,defective,2026-08-22 16:09:34.325072810,2026-08-23 16:09:34.325072810,2026-08-25 16:09:34.325072810,completed
RET_645,ORD_6173,2026-09-12 09:30:08.539968080,did_not_like,2026-09-13 09:30:08.539968080,2026-09-14 09:30:08.539968080,2026-09-16 09:30:08.539968080,completed
RET_646,ORD_6198,2026-08-06 21:48:52.440151457,size_issue,2026-08-08 21:48:52.440151457,2026-08-09 21:48:52.440151457,2026-08-10 21:48:52.440151457,completed
RET_647,ORD_6201,2026-08-07 06:01:19.601437024,did_not_like,2026-08-09 06:01:19.601437024,2026-08-10 06:01:19.601437024,2026-08-13 06:01:19.601437024,completed
RET_648,ORD_6214,2026-08-27 02:31:56.264832145,did_not_like,2026-08-28 02:31:56.264832145,2026-08-29 02:31:56.264832145,2026-08-30 02:31:56.264832145,completed
RET_649,ORD_6226,2026-08-14 12:34:05.483574913,defective,2026-08-16 12:34:05.483574913,2026-08-17 12:34:05.483574913,2026-08-20 12:34:05.483574913,completed
RET_650,ORD_6229,2026-08-22 19:47:45.219708175,wrong_item,2026-08-24 19:47:45.219708175,2026-08-25 19:47:45.219708175,2026-08-26 19:47:45.219708175,completed
RET_651,ORD_6239,2026-10-09 14:28:12.837714507,defective,2026-10-11 14:28:12.837714507,2026-10-12 14:28:12.837714507,2026-10-14 14:28:12.837714507,completed
RET_652,ORD_6242,2026-08-06 12:12:58.751426612,defective,2026-08-08 12:12:58.751426612,2026-08-09 12:12:58.751426612,2026-08-10 12:12:58.751426612,completed
RET_653,ORD_6248,2026-07-14 06:50:32.480756979,defective,2026-07-15 06:50:32.480756979,2026-07-16 06:50:32.480756979,2026-07-18 06:50:32.480756979,completed
RET_654,ORD_6266,2026-09-10 01:09:11.058582261,defective,2026-09-11 01:09:11.058582261,2026-09-12 01:09:11.058582261,2026-09-13 01:09:11.058582261,completed
RET_655,ORD_6268,2026-08-16 08:07:36.046284753,defective,2026-08-18 08:07:36.046284753,2026-08-19 08:07:36.046284753,2026-08-22 08:07:36.046284753,completed
RET_656,ORD_6277,2026-10-10 17:33:47.170253218,wrong_item,2026-10-12 17:33:47.170253218,2026-10-13 17:33:47.170253218,2026-10-16 17:33:47.170253218,completed
RET_657,ORD_6295,2026-09-25 07:13:22.394415070,wrong_item,2026-09-26 07:13:22.394415070,2026-09-27 07:13:22.394415070,2026-09-29 07:13:22.394415070,completed
RET_658,ORD_6300,2026-08-24 04:37:10.242391961,defective,2026-08-26 04:37:10.242391961,2026-08-27 04:37:10.242391961,2026-08-28 04:37:10.242391961,completed
RET_659,ORD_6315,2026-09-24 04:16:58.966855848,did_not_like,2026-09-26 04:16:58.966855848,2026-09-27 04:16:58.966855848,2026-09-28 04:16:58.966855848,completed
RET_660,ORD_6319,2026-07-17 18:22:22.279805710,defective,2026-07-18 18:22:22.279805710,2026-07-19 18:22:22.279805710,2026-07-21 18:22:22.279805710,completed
RET_661,ORD_6331,2026-09-09 15:15:24.843636341,defective,2026-09-10 15:15:24.843636341,2026-09-11 15:15:24.843636341,2026-09-14 15:15:24.843636341,completed
RET_662,ORD_6338,2026-09-30 01:40:14.504216821,did_not_like,2026-10-02 01:40:14.504216821,2026-10-03 01:40:14.504216821,2026-10-04 01:40:14.504216821,completed
RET_663,ORD_6372,2026-09-10 20:00:25.590454560,defective,2026-09-11 20:00:25.590454560,2026-09-12 20:00:25.590454560,2026-09-13 20:00:25.590454560,completed
RET_664,ORD_6422,2026-08-02 13:54:45.323953150,size_issue,2026-08-04 13:54:45.323953150,2026-08-05 13:54:45.323953150,2026-08-08 13:54:45.323953150,completed
RET_665,ORD_6425,2026-09-13 11:29:25.631489330,did_not_like,2026-09-14 11:29:25.631489330,2026-09-15 11:29:25.631489330,2026-09-18 11:29:25.631489330,completed
RET_666,ORD_6432,2026-08-12 05:40:07.041674182,wrong_item,2026-08-13 05:40:07.041674182,2026-08-14 05:40:07.041674182,2026-08-16 05:40:07.041674182,completed
RET_667,ORD_6445,2026-10-03 07:31:53.577151040,wrong_item,2026-10-04 07:31:53.577151040,2026-10-05 07:31:53.577151040,2026-10-07 07:31:53.577151040,completed
RET_668,ORD_6451,2026-09-30 02:33:20.533981173,defective,2026-10-01 02:33:20.533981173,2026-10-02 02:33:20.533981173,2026-10-04 02:33:20.533981173,completed
RET_669,ORD_6452,2026-08-08 13:27:57.318519745,defective,2026-08-09 13:27:57.318519745,2026-08-10 13:27:57.318519745,2026-08-11 13:27:57.318519745,completed
RET_670,ORD_6463,2026-07-28 07:10:36.617921909,defective,2026-07-30 07:10:36.617921909,2026-07-31 07:10:36.617921909,2026-08-02 07:10:36.617921909,completed
RET_671,ORD_6474,2026-09-13 23:29:25.195250141,wrong_item,2026-09-14 23:29:25.195250141,2026-09-15 23:29:25.195250141,2026-09-18 23:29:25.195250141,completed
RET_672,ORD_6482,2026-08-27 13:41:03.356956942,wrong_item,2026-08-28 13:41:03.356956942,2026-08-29 13:41:03.356956942,2026-08-30 13:41:03.356956942,completed
RET_673,ORD_6487,2026-07-16 23:03:17.076372809,wrong_item,2026-07-17 23:03:17.076372809,2026-07-18 23:03:17.076372809,2026-07-19 23:03:17.076372809,completed
RET_674,ORD_6525,2026-09-12 04:22:29.370029232,defective,2026-09-14 04:22:29.370029232,2026-09-15 04:22:29.370029232,2026-09-17 04:22:29.370029232,completed
RET_675,ORD_6573,2026-09-25 20:11:14.302100524,did_not_like,2026-09-27 20:11:14.302100524,2026-09-28 20:11:14.302100524,2026-09-29 20:11:14.302100524,completed
RET_676,ORD_6580,2026-07-23 18:55:26.997874258,defective,2026-07-24 18:55:26.997874258,2026-07-25 18:55:26.997874258,2026-07-27 18:55:26.997874258,completed
RET_677,ORD_6581,2026-08-31 21:20:36.959892697,defective,2026-09-01 21:20:36.959892697,2026-09-02 21:20:36.959892697,2026-09-03 21:20:36.959892697,completed
RET_678,ORD_6584,2026-09-10 12:01:54.821529639,wrong_item,2026-09-11 12:01:54.821529639,2026-09-12 12:01:54.821529639,2026-09-15 12:01:54.821529639,completed
RET_679,ORD_6595,2026-08-13 03:06:36.396303444,defective,2026-08-15 03:06:36.396303444,2026-08-16 03:06:36.396303444,2026-08-19 03:06:36.396303444,completed
RET_680,ORD_6603,2026-09-06 02:37:31.533766374,did_not_like,2026-09-08 02:37:31.533766374,2026-09-09 02:37:31.533766374,2026-09-10 02:37:31.533766374,completed
RET_681,ORD_6610,2026-08-13 15:07:15.721970746,defective,2026-08-14 15:07:15.721970746,2026-08-15 15:07:15.721970746,2026-08-18 15:07:15.721970746,completed
RET_682,ORD_6636,2026-10-03 11:10:16.476600670,did_not_like,2026-10-04 11:10:16.476600670,2026-10-05 11:10:16.476600670,2026-10-07 11:10:16.476600670,completed
RET_683,ORD_6644,2026-09-23 02:24:16.162835681,wrong_item,2026-09-24 02:24:16.162835681,2026-09-25 02:24:16.162835681,2026-09-27 02:24:16.162835681,completed
RET_684,ORD_6656,2026-09-17 10:04:28.786129908,defective,2026-09-18 10:04:28.786129908,2026-09-19 10:04:28.786129908,2026-09-22 10:04:28.786129908,completed
RET_685,ORD_6674,2026-08-20 09:36:38.605395284,defective,2026-08-21 09:36:38.605395284,2026-08-22 09:36:38.605395284,2026-08-25 09:36:38.605395284,completed
RET_686,ORD_6675,2026-09-08 09:07:20.014020184,did_not_like,2026-09-09 09:07:20.014020184,2026-09-10 09:07:20.014020184,2026-09-11 09:07:20.014020184,completed
RET_687,ORD_6682,2026-07-20 15:53:29.098015014,size_issue,2026-07-21 15:53:29.098015014,2026-07-22 15:53:29.098015014,2026-07-24 15:53:29.098015014,completed
RET_688,ORD_6691,2026-08-23 23:14:36.148380421,size_issue,2026-08-24 23:14:36.148380421,2026-08-25 23:14:36.148380421,2026-08-26 23:14:36.148380421,completed
RET_689,ORD_6699,2026-08-03 23:17:20.435454738,size_issue,2026-08-05 23:17:20.435454738,2026-08-06 23:17:20.435454738,2026-08-08 23:17:20.435454738,completed
RET_690,ORD_6731,2026-08-31 15:10:34.565056792,wrong_item,2026-09-02 15:10:34.565056792,2026-09-03 15:10:34.565056792,2026-09-05 15:10:34.565056792,completed
RET_691,ORD_6732,2026-10-01 02:59:06.833618873,did_not_like,2026-10-02 02:59:06.833618873,2026-10-03 02:59:06.833618873,2026-10-04 02:59:06.833618873,completed
RET_692,ORD_6739,2026-07-22 16:36:02.840050180,wrong_item,2026-07-24 16:36:02.840050180,2026-07-25 16:36:02.840050180,2026-07-26 16:36:02.840050180,completed
RET_693,ORD_6740,2026-09-04 17:41:46.960709799,size_issue,2026-09-06 17:41:46.960709799,2026-09-07 17:41:46.960709799,2026-09-09 17:41:46.960709799,completed
RET_694,ORD_6748,2026-09-11 18:46:44.233011135,did_not_like,2026-09-12 18:46:44.233011135,2026-09-13 18:46:44.233011135,2026-09-15 18:46:44.233011135,completed
RET_695,ORD_6751,2026-08-19 14:18:09.993552971,defective,2026-08-20 14:18:09.993552971,2026-08-21 14:18:09.993552971,2026-08-24 14:18:09.993552971,completed
RET_696,ORD_6764,2026-10-14 02:36:55.215085785,size_issue,2026-10-16 02:36:55.215085785,2026-10-17 02:36:55.215085785,2026-10-19 02:36:55.215085785,completed
RET_697,ORD_6789,2026-09-11 02:29:54.728394508,wrong_item,2026-09-13 02:29:54.728394508,2026-09-14 02:29:54.728394508,2026-09-16 02:29:54.728394508,completed
RET_698,ORD_6796,2026-08-09 09:47:11.358838929,did_not_like,2026-08-10 09:47:11.358838929,2026-08-11 09:47:11.358838929,2026-08-14 09:47:11.358838929,completed
RET_699,ORD_6799,2026-10-03 23:24:20.017235914,wrong_item,2026-10-05 23:24:20.017235914,2026-10-06 23:24:20.017235914,2026-10-07 23:24:20.017235914,completed
RET_700,ORD_6820,2026-09-12 09:38:54.361251417,wrong_item,2026-09-13 09:38:54.361251417,2026-09-14 09:38:54.361251417,2026-09-16 09:38:54.361251417,completed
RET_701,ORD_6848,2026-09-08 01:36:49.338263891,did_not_like,2026-09-09 01:36:49.338263891,2026-09-10 01:36:49.338263891,2026-09-13 01:36:49.338263891,completed
RET_702,ORD_6862,2026-08-29 03:24:58.743089775,did_not_like,2026-08-30 03:24:58.743089775,2026-08-31 03:24:58.743089775,2026-09-02 03:24:58.743089775,completed
RET_703,ORD_6891,2026-09-03 01:17:20.621270716,defective,2026-09-04 01:17:20.621270716,2026-09-05 01:17:20.621270716,2026-09-08 01:17:20.621270716,completed
RET_704,ORD_6896,2026-10-07 16:15:54.282923905,did_not_like,2026-10-08 16:15:54.282923905,2026-10-09 16:15:54.282923905,2026-10-11 16:15:54.282923905,completed
RET_705,ORD_6905,2026-07-26 08:55:18.401429740,size_issue,2026-07-28 08:55:18.401429740,2026-07-29 08:55:18.401429740,2026-07-31 08:55:18.401429740,completed
RET_706,ORD_6906,2026-10-06 03:37:22.858679600,did_not_like,2026-10-08 03:37:22.858679600,2026-10-09 03:37:22.858679600,2026-10-12 03:37:22.858679600,completed
RET_707,ORD_6913,2026-08-31 14:08:19.419915742,did_not_like,2026-09-01 14:08:19.419915742,2026-09-02 14:08:19.419915742,2026-09-05 14:08:19.419915742,completed
RET_708,ORD_6921,2026-08-20 18:06:32.796908768,did_not_like,2026-08-21 18:06:32.796908768,2026-08-22 18:06:32.796908768,2026-08-25 18:06:32.796908768,completed
RET_709,ORD_6926,2026-08-25 19:50:47.005998520,size_issue,2026-08-27 19:50:47.005998520,2026-08-28 19:50:47.005998520,2026-08-30 19:50:47.005998520,completed
RET_710,ORD_6940,2026-08-03 21:05:39.281542833,defective,2026-08-04 21:05:39.281542833,2026-08-05 21:05:39.281542833,2026-08-07 21:05:39.281542833,completed
RET_711,ORD_6941,2026-09-20 18:42:12.191246765,did_not_like,2026-09-21 18:42:12.191246765,2026-09-22 18:42:12.191246765,2026-09-24 18:42:12.191246765,completed
RET_712,ORD_6942,2026-10-08 21:42:47.734879440,defective,2026-10-10 21:42:47.734879440,2026-10-11 21:42:47.734879440,2026-10-14 21:42:47.734879440,completed
RET_713,ORD_6951,2026-07-31 05:46:49.538131056,size_issue,2026-08-02 05:46:49.538131056,2026-08-03 05:46:49.538131056,2026-08-06 05:46:49.538131056,completed
RET_714,ORD_6955,2026-07-16 11:35:18.623046863,wrong_item,2026-07-18 11:35:18.623046863,2026-07-19 11:35:18.623046863,2026-07-21 11:35:18.623046863,completed
RET_715,ORD_6983,2026-09-28 19:48:24.714815958,size_issue,2026-09-30 19:48:24.714815958,2026-10-01 19:48:24.714815958,2026-10-04 19:48:24.714815958,completed
RET_716,ORD_7006,2026-07-20 08:57:41.276161937,defective,2026-07-22 08:57:41.276161937,2026-07-23 08:57:41.276161937,2026-07-24 08:57:41.276161937,completed
RET_717,ORD_7022,2026-10-06 22:24:33.323607615,wrong_item,2026-10-08 22:24:33.323607615,2026-10-09 22:24:33.323607615,2026-10-11 22:24:33.323607615,completed
RET_718,ORD_7023,2026-09-02 14:14:13.033518075,defective,2026-09-04 14:14:13.033518075,2026-09-05 14:14:13.033518075,2026-09-07 14:14:13.033518075,completed
RET_719,ORD_7027,2026-09-08 20:54:58.215704652,defective,2026-09-10 20:54:58.215704652,2026-09-11 20:54:58.215704652,2026-09-12 20:54:58.215704652,completed
RET_720,ORD_7053,2026-08-07 21:19:02.504689181,wrong_item,2026-08-08 21:19:02.504689181,2026-08-09 21:19:02.504689181,2026-08-12 21:19:02.504689181,completed
RET_721,ORD_7062,2026-07-22 04:48:09.546528610,wrong_item,2026-07-24 04:48:09.546528610,2026-07-25 04:48:09.546528610,2026-07-28 04:48:09.546528610,completed
RET_722,ORD_7068,2026-08-14 21:48:39.161372313,size_issue,2026-08-16 21:48:39.161372313,2026-08-17 21:48:39.161372313,2026-08-20 21:48:39.161372313,completed
RET_723,ORD_7083,2026-09-18 17:58:29.551667442,size_issue,2026-09-19 17:58:29.551667442,2026-09-20 17:58:29.551667442,2026-09-21 17:58:29.551667442,completed
RET_724,ORD_7087,2026-07-31 11:08:06.639407377,did_not_like,2026-08-02 11:08:06.639407377,2026-08-03 11:08:06.639407377,2026-08-04 11:08:06.639407377,completed
RET_725,ORD_7094,2026-09-08 00:50:05.228302921,defective,2026-09-09 00:50:05.228302921,2026-09-10 00:50:05.228302921,2026-09-13 00:50:05.228302921,completed
RET_726,ORD_7096,2026-08-25 22:45:09.195889634,wrong_item,2026-08-26 22:45:09.195889634,2026-08-27 22:45:09.195889634,2026-08-30 22:45:09.195889634,completed
RET_727,ORD_7105,2026-09-07 13:38:44.226212624,did_not_like,2026-09-09 13:38:44.226212624,2026-09-10 13:38:44.226212624,2026-09-13 13:38:44.226212624,completed
RET_728,ORD_7106,2026-07-22 23:30:08.367507488,size_issue,2026-07-24 23:30:08.367507488,2026-07-25 23:30:08.367507488,2026-07-28 23:30:08.367507488,completed
RET_729,ORD_7111,2026-10-03 19:13:33.524256363,defective,2026-10-05 19:13:33.524256363,2026-10-06 19:13:33.524256363,2026-10-08 19:13:33.524256363,completed
RET_730,ORD_7125,2026-08-04 22:03:57.459050765,wrong_item,2026-08-05 22:03:57.459050765,2026-08-06 22:03:57.459050765,2026-08-09 22:03:57.459050765,completed
RET_731,ORD_7142,2026-07-28 20:40:05.978485242,did_not_like,2026-07-29 20:40:05.978485242,2026-07-30 20:40:05.978485242,2026-08-01 20:40:05.978485242,completed
RET_732,ORD_7171,2026-10-05 13:26:37.305119640,did_not_like,2026-10-07 13:26:37.305119640,2026-10-08 13:26:37.305119640,2026-10-10 13:26:37.305119640,completed
RET_733,ORD_7186,2026-10-01 02:57:17.558577202,defective,2026-10-02 02:57:17.558577202,2026-10-03 02:57:17.558577202,2026-10-04 02:57:17.558577202,completed
RET_734,ORD_7191,2026-09-26 06:37:55.974052672,defective,2026-09-27 06:37:55.974052672,2026-09-28 06:37:55.974052672,2026-09-29 06:37:55.974052672,completed
RET_735,ORD_7197,2026-08-31 09:53:33.756429557,wrong_item,2026-09-01 09:53:33.756429557,2026-09-02 09:53:33.756429557,2026-09-04 09:53:33.756429557,completed
RET_736,ORD_7208,2026-09-27 01:27:57.174531907,did_not_like,2026-09-28 01:27:57.174531907,2026-09-29 01:27:57.174531907,2026-10-02 01:27:57.174531907,completed
RET_737,ORD_7218,2026-10-03 18:01:49.090071426,wrong_item,2026-10-04 18:01:49.090071426,2026-10-05 18:01:49.090071426,2026-10-07 18:01:49.090071426,completed
RET_738,ORD_7221,2026-08-13 17:07:00.929609621,size_issue,2026-08-15 17:07:00.929609621,2026-08-16 17:07:00.929609621,2026-08-17 17:07:00.929609621,completed
RET_739,ORD_7222,2026-09-20 11:53:49.333379048,did_not_like,2026-09-21 11:53:49.333379048,2026-09-22 11:53:49.333379048,2026-09-24 11:53:49.333379048,completed
RET_740,ORD_7233,2026-09-07 04:24:52.622871339,wrong_item,2026-09-09 04:24:52.622871339,2026-09-10 04:24:52.622871339,2026-09-12 04:24:52.622871339,completed
RET_741,ORD_7251,2026-09-14 19:02:22.724082681,defective,2026-09-16 19:02:22.724082681,2026-09-17 19:02:22.724082681,2026-09-19 19:02:22.724082681,completed
RET_742,ORD_7262,2026-07-31 07:44:06.836203285,size_issue,2026-08-02 07:44:06.836203285,2026-08-03 07:44:06.836203285,2026-08-04 07:44:06.836203285,completed
RET_743,ORD_7264,2026-09-22 18:56:46.270252706,did_not_like,2026-09-23 18:56:46.270252706,2026-09-24 18:56:46.270252706,2026-09-26 18:56:46.270252706,completed
RET_744,ORD_7267,2026-09-11 15:06:04.862059552,wrong_item,2026-09-12 15:06:04.862059552,2026-09-13 15:06:04.862059552,2026-09-14 15:06:04.862059552,completed
RET_745,ORD_7268,2026-09-16 00:51:40.595616281,wrong_item,2026-09-18 00:51:40.595616281,2026-09-19 00:51:40.595616281,2026-09-22 00:51:40.595616281,completed
RET_746,ORD_7277,2026-09-03 14:34:02.720637474,wrong_item,2026-09-05 14:34:02.720637474,2026-09-06 14:34:02.720637474,2026-09-08 14:34:02.720637474,completed
RET_747,ORD_7288,2026-09-29 16:55:57.799863018,did_not_like,2026-09-30 16:55:57.799863018,2026-10-01 16:55:57.799863018,2026-10-03 16:55:57.799863018,completed
RET_748,ORD_7290,2026-08-28 22:00:28.236975203,defective,2026-08-29 22:00:28.236975203,2026-08-30 22:00:28.236975203,2026-09-01 22:00:28.236975203,completed
RET_749,ORD_7299,2026-08-14 06:35:00.546604763,defective,2026-08-16 06:35:00.546604763,2026-08-17 06:35:00.546604763,2026-08-20 06:35:00.546604763,completed
RET_750,ORD_7300,2026-09-11 06:38:00.468044058,wrong_item,2026-09-13 06:38:00.468044058,2026-09-14 06:38:00.468044058,2026-09-16 06:38:00.468044058,completed
RET_751,ORD_7307,2026-08-07 18:58:34.192666965,size_issue,2026-08-08 18:58:34.192666965,2026-08-09 18:58:34.192666965,2026-08-10 18:58:34.192666965,completed
RET_752,ORD_7312,2026-08-19 08:07:10.587260241,defective,2026-08-21 08:07:10.587260241,2026-08-22 08:07:10.587260241,2026-08-24 08:07:10.587260241,completed
RET_753,ORD_7319,2026-09-30 15:10:51.918168642,size_issue,2026-10-02 15:10:51.918168642,2026-10-03 15:10:51.918168642,2026-10-04 15:10:51.918168642,completed
RET_754,ORD_7321,2026-09-26 17:45:34.931909119,defective,2026-09-28 17:45:34.931909119,2026-09-29 17:45:34.931909119,2026-10-01 17:45:34.931909119,completed
RET_755,ORD_7322,2026-08-18 16:47:08.308890591,wrong_item,2026-08-19 16:47:08.308890591,2026-08-20 16:47:08.308890591,2026-08-22 16:47:08.308890591,completed
RET_756,ORD_7324,2026-09-11 08:14:16.657742301,wrong_item,2026-09-13 08:14:16.657742301,2026-09-14 08:14:16.657742301,2026-09-16 08:14:16.657742301,completed
RET_757,ORD_7327,2026-09-14 08:15:34.084371530,defective,2026-09-15 08:15:34.084371530,2026-09-16 08:15:34.084371530,2026-09-19 08:15:34.084371530,completed
RET_758,ORD_7339,2026-07-25 06:09:52.278310576,wrong_item,2026-07-27 06:09:52.278310576,2026-07-28 06:09:52.278310576,2026-07-29 06:09:52.278310576,completed
RET_759,ORD_7341,2026-10-05 20:26:45.240464622,wrong_item,2026-10-06 20:26:45.240464622,2026-10-07 20:26:45.240464622,2026-10-10 20:26:45.240464622,completed
RET_760,ORD_7344,2026-07-31 19:55:07.703941310,did_not_like,2026-08-01 19:55:07.703941310,2026-08-02 19:55:07.703941310,2026-08-03 19:55:07.703941310,completed
RET_761,ORD_7353,2026-08-31 09:31:27.514117591,did_not_like,2026-09-01 09:31:27.514117591,2026-09-02 09:31:27.514117591,2026-09-05 09:31:27.514117591,completed
RET_762,ORD_7359,2026-10-03 05:34:39.017449684,defective,2026-10-05 05:34:39.017449684,2026-10-06 05:34:39.017449684,2026-10-07 05:34:39.017449684,completed
RET_763,ORD_7390,2026-10-14 23:37:41.201511345,size_issue,2026-10-16 23:37:41.201511345,2026-10-17 23:37:41.201511345,2026-10-18 23:37:41.201511345,completed
RET_764,ORD_7398,2026-08-06 21:43:51.256807458,defective,2026-08-08 21:43:51.256807458,2026-08-09 21:43:51.256807458,2026-08-12 21:43:51.256807458,completed
RET_765,ORD_7417,2026-08-09 04:38:41.125302050,wrong_item,2026-08-11 04:38:41.125302050,2026-08-12 04:38:41.125302050,2026-08-13 04:38:41.125302050,completed
RET_766,ORD_7437,2026-07-14 15:51:41.144508755,defective,2026-07-15 15:51:41.144508755,2026-07-16 15:51:41.144508755,2026-07-17 15:51:41.144508755,completed
RET_767,ORD_7451,2026-08-02 02:30:48.713799853,did_not_like,2026-08-03 02:30:48.713799853,2026-08-04 02:30:48.713799853,2026-08-07 02:30:48.713799853,completed
RET_768,ORD_7453,2026-08-17 14:20:57.900753569,defective,2026-08-19 14:20:57.900753569,2026-08-20 14:20:57.900753569,2026-08-22 14:20:57.900753569,completed
RET_769,ORD_7455,2026-09-07 22:38:01.075174614,wrong_item,2026-09-08 22:38:01.075174614,2026-09-09 22:38:01.075174614,2026-09-11 22:38:01.075174614,completed
RET_770,ORD_7458,2026-08-25 16:18:20.201621191,did_not_like,2026-08-26 16:18:20.201621191,2026-08-27 16:18:20.201621191,2026-08-28 16:18:20.201621191,completed
RET_771,ORD_7459,2026-09-20 18:06:36.523971185,did_not_like,2026-09-21 18:06:36.523971185,2026-09-22 18:06:36.523971185,2026-09-25 18:06:36.523971185,completed
RET_772,ORD_7464,2026-09-18 17:53:52.921043755,defective,2026-09-20 17:53:52.921043755,2026-09-21 17:53:52.921043755,2026-09-24 17:53:52.921043755,completed
RET_773,ORD_7467,2026-10-09 01:35:41.838706406,size_issue,2026-10-11 01:35:41.838706406,2026-10-12 01:35:41.838706406,2026-10-15 01:35:41.838706406,completed
RET_774,ORD_7468,2026-09-05 02:14:18.328516190,wrong_item,2026-09-06 02:14:18.328516190,2026-09-07 02:14:18.328516190,2026-09-08 02:14:18.328516190,completed
RET_775,ORD_7474,2026-08-13 01:34:09.006490040,wrong_item,2026-08-14 01:34:09.006490040,2026-08-15 01:34:09.006490040,2026-08-18 01:34:09.006490040,completed
RET_776,ORD_7480,2026-08-14 17:08:02.032009104,did_not_like,2026-08-15 17:08:02.032009104,2026-08-16 17:08:02.032009104,2026-08-18 17:08:02.032009104,completed
RET_777,ORD_7494,2026-09-20 03:43:50.791485182,defective,2026-09-22 03:43:50.791485182,2026-09-23 03:43:50.791485182,2026-09-26 03:43:50.791485182,completed
RET_778,ORD_7498,2026-08-26 17:16:29.751993906,did_not_like,2026-08-28 17:16:29.751993906,2026-08-29 17:16:29.751993906,2026-08-30 17:16:29.751993906,completed
RET_779,ORD_7509,2026-08-10 02:38:23.726275500,wrong_item,2026-08-11 02:38:23.726275500,2026-08-12 02:38:23.726275500,2026-08-15 02:38:23.726275500,completed
RET_780,ORD_7524,2026-08-19 18:05:32.812762428,did_not_like,2026-08-21 18:05:32.812762428,2026-08-22 18:05:32.812762428,2026-08-23 18:05:32.812762428,completed
RET_781,ORD_7529,2026-07-20 10:13:17.571039087,wrong_item,2026-07-22 10:13:17.571039087,2026-07-23 10:13:17.571039087,2026-07-25 10:13:17.571039087,completed
RET_782,ORD_7543,2026-09-30 15:57:32.510103576,size_issue,2026-10-02 15:57:32.510103576,2026-10-03 15:57:32.510103576,2026-10-04 15:57:32.510103576,completed
RET_783,ORD_7549,2026-08-26 07:50:25.432154276,wrong_item,2026-08-27 07:50:25.432154276,2026-08-28 07:50:25.432154276,2026-08-29 07:50:25.432154276,completed
RET_784,ORD_7559,2026-09-11 11:15:04.123274794,wrong_item,2026-09-13 11:15:04.123274794,2026-09-14 11:15:04.123274794,2026-09-16 11:15:04.123274794,completed
RET_785,ORD_7611,2026-09-28 17:36:14.201086788,size_issue,2026-09-30 17:36:14.201086788,2026-10-01 17:36:14.201086788,2026-10-02 17:36:14.201086788,completed
RET_786,ORD_7618,2026-08-29 21:25:11.731087630,defective,2026-08-30 21:25:11.731087630,2026-08-31 21:25:11.731087630,2026-09-01 21:25:11.731087630,completed
RET_787,ORD_7632,2026-08-25 23:46:13.880341929,wrong_item,2026-08-26 23:46:13.880341929,2026-08-27 23:46:13.880341929,2026-08-29 23:46:13.880341929,completed
RET_788,ORD_7652,2026-07-18 00:54:34.123713781,size_issue,2026-07-20 00:54:34.123713781,2026-07-21 00:54:34.123713781,2026-07-24 00:54:34.123713781,completed
RET_789,ORD_7661,2026-09-09 10:53:57.129692082,size_issue,2026-09-11 10:53:57.129692082,2026-09-12 10:53:57.129692082,2026-09-14 10:53:57.129692082,completed
RET_790,ORD_7667,2026-07-30 18:53:03.546937494,defective,2026-07-31 18:53:03.546937494,2026-08-01 18:53:03.546937494,2026-08-02 18:53:03.546937494,completed
RET_791,ORD_7668,2026-09-27 09:37:37.611327386,did_not_like,2026-09-28 09:37:37.611327386,2026-09-29 09:37:37.611327386,2026-10-02 09:37:37.611327386,completed
RET_792,ORD_7678,2026-08-04 06:34:20.789780733,wrong_item,2026-08-05 06:34:20.789780733,2026-08-06 06:34:20.789780733,2026-08-07 06:34:20.789780733,completed
RET_793,ORD_7687,2026-08-27 02:04:10.142574168,wrong_item,2026-08-29 02:04:10.142574168,2026-08-30 02:04:10.142574168,2026-09-01 02:04:10.142574168,completed
RET_794,ORD_7702,2026-09-07 21:26:49.650639315,defective,2026-09-09 21:26:49.650639315,2026-09-10 21:26:49.650639315,2026-09-11 21:26:49.650639315,completed
RET_795,ORD_7714,2026-09-29 18:48:06.131742574,size_issue,2026-09-30 18:48:06.131742574,2026-10-01 18:48:06.131742574,2026-10-04 18:48:06.131742574,completed
RET_796,ORD_7726,2026-09-06 12:28:42.789224270,size_issue,2026-09-07 12:28:42.789224270,2026-09-08 12:28:42.789224270,2026-09-11 12:28:42.789224270,completed
RET_797,ORD_7752,2026-09-04 07:23:25.817596667,size_issue,2026-09-05 07:23:25.817596667,2026-09-06 07:23:25.817596667,2026-09-09 07:23:25.817596667,completed
RET_798,ORD_7761,2026-09-07 15:52:57.998648733,did_not_like,2026-09-08 15:52:57.998648733,2026-09-09 15:52:57.998648733,2026-09-11 15:52:57.998648733,completed
RET_799,ORD_7780,2026-09-20 22:47:53.012111927,did_not_like,2026-09-22 22:47:53.012111927,2026-09-23 22:47:53.012111927,2026-09-26 22:47:53.012111927,completed
RET_800,ORD_7827,2026-09-25 00:19:30.824392401,size_issue,2026-09-26 00:19:30.824392401,2026-09-27 00:19:30.824392401,2026-09-29 00:19:30.824392401,completed
RET_801,ORD_7832,2026-10-08 22:42:24.582198251,did_not_like,2026-10-09 22:42:24.582198251,2026-10-10 22:42:24.582198251,2026-10-12 22:42:24.582198251,completed
RET_802,ORD_7846,2026-08-12 15:23:16.601717077,did_not_like,2026-08-13 15:23:16.601717077,2026-08-14 15:23:16.601717077,2026-08-17 15:23:16.601717077,completed
RET_803,ORD_7852,2026-10-06 23:50:31.891363316,defective,2026-10-08 23:50:31.891363316,2026-10-09 23:50:31.891363316,2026-10-11 23:50:31.891363316,completed
RET_804,ORD_7860,2026-07-27 22:57:16.311576240,size_issue,2026-07-28 22:57:16.311576240,2026-07-29 22:57:16.311576240,2026-07-30 22:57:16.311576240,completed
RET_805,ORD_7896,2026-09-29 03:01:52.098118316,did_not_like,2026-09-30 03:01:52.098118316,2026-10-01 03:01:52.098118316,2026-10-03 03:01:52.098118316,completed
RET_806,ORD_7909,2026-09-03 13:54:21.858008011,wrong_item,2026-09-05 13:54:21.858008011,2026-09-06 13:54:21.858008011,2026-09-07 13:54:21.858008011,completed
RET_807,ORD_7910,2026-09-01 06:06:30.871364228,size_issue,2026-09-02 06:06:30.871364228,2026-09-03 06:06:30.871364228,2026-09-06 06:06:30.871364228,completed
RET_808,ORD_7915,2026-10-05 20:22:14.624591156,did_not_like,2026-10-07 20:22:14.624591156,2026-10-08 20:22:14.624591156,2026-10-09 20:22:14.624591156,completed
RET_809,ORD_7932,2026-09-30 00:23:32.507861866,did_not_like,2026-10-01 00:23:32.507861866,2026-10-02 00:23:32.507861866,2026-10-05 00:23:32.507861866,completed
RET_810,ORD_7941,2026-08-09 16:20:51.140179685,did_not_like,2026-08-11 16:20:51.140179685,2026-08-12 16:20:51.140179685,2026-08-15 16:20:51.140179685,completed
RET_811,ORD_7948,2026-09-16 17:02:32.825336140,wrong_item,2026-09-18 17:02:32.825336140,2026-09-19 17:02:32.825336140,2026-09-22 17:02:32.825336140,completed
RET_812,ORD_7950,2026-08-20 06:22:14.583511269,did_not_like,2026-08-22 06:22:14.583511269,2026-08-23 06:22:14.583511269,2026-08-26 06:22:14.583511269,completed
RET_813,ORD_7969,2026-08-21 01:11:24.043431438,wrong_item,2026-08-23 01:11:24.043431438,2026-08-24 01:11:24.043431438,2026-08-25 01:11:24.043431438,completed
RET_814,ORD_7985,2026-08-01 06:23:08.592458088,did_not_like,2026-08-03 06:23:08.592458088,2026-08-04 06:23:08.592458088,2026-08-06 06:23:08.592458088,completed
RET_815,ORD_7987,2026-08-11 11:20:41.543534766,size_issue,2026-08-12 11:20:41.543534766,2026-08-13 11:20:41.543534766,2026-08-16 11:20:41.543534766,completed
RET_816,ORD_7991,2026-09-26 18:23:34.026339678,wrong_item,2026-09-28 18:23:34.026339678,2026-09-29 18:23:34.026339678,2026-10-02 18:23:34.026339678,completed
RET_817,ORD_7995,2026-09-11 12:16:29.796941690,size_issue,2026-09-12 12:16:29.796941690,2026-09-13 12:16:29.796941690,2026-09-16 12:16:29.796941690,completed
RET_818,ORD_7999,2026-08-11 15:16:35.656111442,size_issue,2026-08-13 15:16:35.656111442,2026-08-14 15:16:35.656111442,2026-08-17 15:16:35.656111442,completed
RET_819,ORD_8002,2026-09-14 14:54:31.160959836,size_issue,2026-09-15 14:54:31.160959836,2026-09-16 14:54:31.160959836,2026-09-17 14:54:31.160959836,completed
RET_820,ORD_8022,2026-10-02 13:22:44.341533014,size_issue,2026-10-04 13:22:44.341533014,2026-10-05 13:22:44.341533014,2026-10-08 13:22:44.341533014,completed
RET_821,ORD_8042,2026-08-24 18:57:57.140419216,wrong_item,2026-08-26 18:57:57.140419216,2026-08-27 18:57:57.140419216,2026-08-28 18:57:57.140419216,completed
RET_822,ORD_8051,2026-08-16 08:06:04.323130191,did_not_like,2026-08-17 08:06:04.323130191,2026-08-18 08:06:04.323130191,2026-08-19 08:06:04.323130191,completed
RET_823,ORD_8060,2026-07-27 18:44:41.867715307,did_not_like,2026-07-28 18:44:41.867715307,2026-07-29 18:44:41.867715307,2026-07-30 18:44:41.867715307,completed
RET_824,ORD_8061,2026-07-23 14:59:29.095820026,defective,2026-07-25 14:59:29.095820026,2026-07-26 14:59:29.095820026,2026-07-29 14:59:29.095820026,completed
RET_825,ORD_8066,2026-08-26 17:16:06.015657850,did_not_like,2026-08-27 17:16:06.015657850,2026-08-28 17:16:06.015657850,2026-08-30 17:16:06.015657850,completed
RET_826,ORD_8069,2026-08-16 16:18:02.840384009,defective,2026-08-17 16:18:02.840384009,2026-08-18 16:18:02.840384009,2026-08-20 16:18:02.840384009,completed
RET_827,ORD_8074,2026-09-22 04:19:17.674627547,defective,2026-09-24 04:19:17.674627547,2026-09-25 04:19:17.674627547,2026-09-28 04:19:17.674627547,completed
RET_828,ORD_8076,2026-09-25 08:16:57.597951593,size_issue,2026-09-26 08:16:57.597951593,2026-09-27 08:16:57.597951593,2026-09-28 08:16:57.597951593,completed
RET_829,ORD_8079,2026-08-01 17:01:42.168553565,size_issue,2026-08-03 17:01:42.168553565,2026-08-04 17:01:42.168553565,2026-08-05 17:01:42.168553565,completed
RET_830,ORD_8086,2026-10-10 00:59:35.743940941,wrong_item,2026-10-11 00:59:35.743940941,2026-10-12 00:59:35.743940941,2026-10-14 00:59:35.743940941,completed
RET_831,ORD_8105,2026-09-14 09:25:19.926133639,size_issue,2026-09-15 09:25:19.926133639,2026-09-16 09:25:19.926133639,2026-09-19 09:25:19.926133639,completed
RET_832,ORD_8119,2026-09-12 16:04:49.345916806,wrong_item,2026-09-14 16:04:49.345916806,2026-09-15 16:04:49.345916806,2026-09-18 16:04:49.345916806,completed
RET_833,ORD_8128,2026-07-31 06:56:18.861695188,did_not_like,2026-08-01 06:56:18.861695188,2026-08-02 06:56:18.861695188,2026-08-04 06:56:18.861695188,completed
RET_834,ORD_8151,2026-09-07 18:24:44.230782820,defective,2026-09-08 18:24:44.230782820,2026-09-09 18:24:44.230782820,2026-09-10 18:24:44.230782820,completed
RET_835,ORD_8156,2026-08-23 10:21:54.964655655,defective,2026-08-24 10:21:54.964655655,2026-08-25 10:21:54.964655655,2026-08-26 10:21:54.964655655,completed
RET_836,ORD_8160,2026-08-21 08:15:38.220298845,size_issue,2026-08-22 08:15:38.220298845,2026-08-23 08:15:38.220298845,2026-08-25 08:15:38.220298845,completed
RET_837,ORD_8163,2026-08-17 02:54:58.017989645,did_not_like,2026-08-19 02:54:58.017989645,2026-08-20 02:54:58.017989645,2026-08-22 02:54:58.017989645,completed
RET_838,ORD_8177,2026-09-22 05:55:54.605537864,wrong_item,2026-09-23 05:55:54.605537864,2026-09-24 05:55:54.605537864,2026-09-26 05:55:54.605537864,completed
RET_839,ORD_8191,2026-09-16 15:59:04.213142971,size_issue,2026-09-18 15:59:04.213142971,2026-09-19 15:59:04.213142971,2026-09-22 15:59:04.213142971,completed
RET_840,ORD_8228,2026-08-20 13:19:02.673759441,wrong_item,2026-08-22 13:19:02.673759441,2026-08-23 13:19:02.673759441,2026-08-26 13:19:02.673759441,completed
RET_841,ORD_8241,2026-08-07 20:44:10.618638262,defective,2026-08-09 20:44:10.618638262,2026-08-10 20:44:10.618638262,2026-08-11 20:44:10.618638262,completed
RET_842,ORD_8248,2026-07-31 07:04:44.201289733,wrong_item,2026-08-01 07:04:44.201289733,2026-08-02 07:04:44.201289733,2026-08-03 07:04:44.201289733,completed
RET_843,ORD_8254,2026-08-26 06:44:33.103547478,defective,2026-08-27 06:44:33.103547478,2026-08-28 06:44:33.103547478,2026-08-29 06:44:33.103547478,completed
RET_844,ORD_8282,2026-09-02 03:16:54.975668936,did_not_like,2026-09-04 03:16:54.975668936,2026-09-05 03:16:54.975668936,2026-09-07 03:16:54.975668936,completed
RET_845,ORD_8330,2026-09-15 01:17:00.700060516,size_issue,2026-09-17 01:17:00.700060516,2026-09-18 01:17:00.700060516,2026-09-19 01:17:00.700060516,completed
RET_846,ORD_8344,2026-08-06 02:14:40.795240049,size_issue,2026-08-07 02:14:40.795240049,2026-08-08 02:14:40.795240049,2026-08-10 02:14:40.795240049,completed
RET_847,ORD_8345,2026-08-03 15:27:23.124112263,wrong_item,2026-08-05 15:27:23.124112263,2026-08-06 15:27:23.124112263,2026-08-07 15:27:23.124112263,completed
RET_848,ORD_8360,2026-08-15 16:17:25.557219780,defective,2026-08-17 16:17:25.557219780,2026-08-18 16:17:25.557219780,2026-08-19 16:17:25.557219780,completed
RET_849,ORD_8384,2026-09-28 06:44:02.290149010,did_not_like,2026-09-30 06:44:02.290149010,2026-10-01 06:44:02.290149010,2026-10-03 06:44:02.290149010,completed
RET_850,ORD_8391,2026-07-25 06:06:42.963727779,defective,2026-07-27 06:06:42.963727779,2026-07-28 06:06:42.963727779,2026-07-31 06:06:42.963727779,completed
RET_851,ORD_8395,2026-08-09 09:07:19.177553742,size_issue,2026-08-11 09:07:19.177553742,2026-08-12 09:07:19.177553742,2026-08-14 09:07:19.177553742,completed
RET_852,ORD_8407,2026-09-30 15:45:24.665116968,size_issue,2026-10-02 15:45:24.665116968,2026-10-03 15:45:24.665116968,2026-10-05 15:45:24.665116968,completed
RET_853,ORD_8409,2026-09-22 19:02:57.229916081,did_not_like,2026-09-24 19:02:57.229916081,2026-09-25 19:02:57.229916081,2026-09-28 19:02:57.229916081,completed
RET_854,ORD_8410,2026-07-12 12:00:41.003194924,did_not_like,2026-07-13 12:00:41.003194924,2026-07-14 12:00:41.003194924,2026-07-15 12:00:41.003194924,completed
RET_855,ORD_8459,2026-08-28 05:03:54.625948256,wrong_item,2026-08-29 05:03:54.625948256,2026-08-30 05:03:54.625948256,2026-08-31 05:03:54.625948256,completed
RET_856,ORD_8463,2026-10-19 01:41:43.314383972,did_not_like,2026-10-21 01:41:43.314383972,2026-10-22 01:41:43.314383972,2026-10-23 01:41:43.314383972,completed
RET_857,ORD_8464,2026-07-18 20:42:40.206091818,did_not_like,2026-07-20 20:42:40.206091818,2026-07-21 20:42:40.206091818,2026-07-24 20:42:40.206091818,completed
RET_858,ORD_8468,2026-09-13 06:48:54.545731617,did_not_like,2026-09-15 06:48:54.545731617,2026-09-16 06:48:54.545731617,2026-09-17 06:48:54.545731617,completed
RET_859,ORD_8509,2026-08-13 05:57:27.136460703,did_not_like,2026-08-14 05:57:27.136460703,2026-08-15 05:57:27.136460703,2026-08-17 05:57:27.136460703,completed
RET_860,ORD_8512,2026-10-03 12:55:17.938276260,wrong_item,2026-10-04 12:55:17.938276260,2026-10-05 12:55:17.938276260,2026-10-08 12:55:17.938276260,completed
RET_861,ORD_8519,2026-08-28 13:16:34.402290815,wrong_item,2026-08-29 13:16:34.402290815,2026-08-30 13:16:34.402290815,2026-08-31 13:16:34.402290815,completed
RET_862,ORD_8539,2026-09-26 04:18:14.499396047,size_issue,2026-09-27 04:18:14.499396047,2026-09-28 04:18:14.499396047,2026-09-30 04:18:14.499396047,completed
RET_863,ORD_8551,2026-08-15 04:04:47.886410474,size_issue,2026-08-17 04:04:47.886410474,2026-08-18 04:04:47.886410474,2026-08-19 04:04:47.886410474,completed
RET_864,ORD_8555,2026-07-29 13:27:50.249339515,size_issue,2026-07-30 13:27:50.249339515,2026-07-31 13:27:50.249339515,2026-08-02 13:27:50.249339515,completed
RET_865,ORD_8557,2026-10-13 06:01:34.231382981,defective,2026-10-14 06:01:34.231382981,2026-10-15 06:01:34.231382981,2026-10-18 06:01:34.231382981,completed
RET_866,ORD_8559,2026-09-15 21:04:53.587315560,defective,2026-09-17 21:04:53.587315560,2026-09-18 21:04:53.587315560,2026-09-21 21:04:53.587315560,completed
RET_867,ORD_8577,2026-09-03 09:48:39.324475024,wrong_item,2026-09-04 09:48:39.324475024,2026-09-05 09:48:39.324475024,2026-09-06 09:48:39.324475024,completed
RET_868,ORD_8589,2026-08-05 19:24:28.075084222,did_not_like,2026-08-06 19:24:28.075084222,2026-08-07 19:24:28.075084222,2026-08-08 19:24:28.075084222,completed
RET_869,ORD_8590,2026-08-07 23:06:48.471314604,defective,2026-08-09 23:06:48.471314604,2026-08-10 23:06:48.471314604,2026-08-12 23:06:48.471314604,completed
RET_870,ORD_8605,2026-07-29 03:08:47.142130752,did_not_like,2026-07-30 03:08:47.142130752,2026-07-31 03:08:47.142130752,2026-08-02 03:08:47.142130752,completed
RET_871,ORD_8607,2026-07-25 00:16:53.274714216,defective,2026-07-27 00:16:53.274714216,2026-07-28 00:16:53.274714216,2026-07-29 00:16:53.274714216,completed
RET_872,ORD_8615,2026-08-07 07:14:05.669832036,size_issue,2026-08-08 07:14:05.669832036,2026-08-09 07:14:05.669832036,2026-08-12 07:14:05.669832036,completed
RET_873,ORD_8626,2026-09-05 06:38:36.641962129,defective,2026-09-07 06:38:36.641962129,2026-09-08 06:38:36.641962129,2026-09-10 06:38:36.641962129,completed
RET_874,ORD_8627,2026-09-27 11:50:19.129233369,defective,2026-09-28 11:50:19.129233369,2026-09-29 11:50:19.129233369,2026-10-01 11:50:19.129233369,completed
RET_875,ORD_8631,2026-07-22 13:27:15.263213433,size_issue,2026-07-23 13:27:15.263213433,2026-07-24 13:27:15.263213433,2026-07-25 13:27:15.263213433,completed
RET_876,ORD_8641,2026-08-27 20:37:58.339873376,defective,2026-08-28 20:37:58.339873376,2026-08-29 20:37:58.339873376,2026-08-30 20:37:58.339873376,completed
RET_877,ORD_8642,2026-08-19 02:46:06.627737091,defective,2026-08-20 02:46:06.627737091,2026-08-21 02:46:06.627737091,2026-08-22 02:46:06.627737091,completed
RET_878,ORD_8646,2026-09-27 23:09:39.417033100,defective,2026-09-29 23:09:39.417033100,2026-09-30 23:09:39.417033100,2026-10-02 23:09:39.417033100,completed
RET_879,ORD_8657,2026-08-17 11:37:28.515504605,did_not_like,2026-08-18 11:37:28.515504605,2026-08-19 11:37:28.515504605,2026-08-20 11:37:28.515504605,completed
RET_880,ORD_8696,2026-09-01 02:42:12.145939067,wrong_item,2026-09-03 02:42:12.145939067,2026-09-04 02:42:12.145939067,2026-09-07 02:42:12.145939067,completed
RET_881,ORD_8717,2026-08-06 05:05:39.329410632,did_not_like,2026-08-07 05:05:39.329410632,2026-08-08 05:05:39.329410632,2026-08-11 05:05:39.329410632,completed
RET_882,ORD_8720,2026-09-10 15:22:47.128134999,defective,2026-09-12 15:22:47.128134999,2026-09-13 15:22:47.128134999,2026-09-15 15:22:47.128134999,completed
RET_883,ORD_8744,2026-08-31 13:49:09.178713026,did_not_like,2026-09-02 13:49:09.178713026,2026-09-03 13:49:09.178713026,2026-09-04 13:49:09.178713026,completed
RET_884,ORD_8776,2026-08-04 14:49:15.635125607,defective,2026-08-05 14:49:15.635125607,2026-08-06 14:49:15.635125607,2026-08-09 14:49:15.635125607,completed
RET_885,ORD_8779,2026-09-15 00:51:25.186912863,did_not_like,2026-09-17 00:51:25.186912863,2026-09-18 00:51:25.186912863,2026-09-21 00:51:25.186912863,completed
RET_886,ORD_8784,2026-09-22 13:41:57.203987396,did_not_like,2026-09-23 13:41:57.203987396,2026-09-24 13:41:57.203987396,2026-09-27 13:41:57.203987396,completed
RET_887,ORD_8789,2026-08-16 12:30:42.912691497,did_not_like,2026-08-18 12:30:42.912691497,2026-08-19 12:30:42.912691497,2026-08-22 12:30:42.912691497,completed
RET_888,ORD_8798,2026-08-27 02:48:14.269289263,wrong_item,2026-08-28 02:48:14.269289263,2026-08-29 02:48:14.269289263,2026-09-01 02:48:14.269289263,completed
RET_889,ORD_8813,2026-09-22 15:52:09.800012558,wrong_item,2026-09-24 15:52:09.800012558,2026-09-25 15:52:09.800012558,2026-09-27 15:52:09.800012558,completed
RET_890,ORD_8814,2026-07-28 10:50:04.567487528,did_not_like,2026-07-29 10:50:04.567487528,2026-07-30 10:50:04.567487528,2026-07-31 10:50:04.567487528,completed
RET_891,ORD_8825,2026-09-19 20:03:19.112772306,wrong_item,2026-09-21 20:03:19.112772306,2026-09-22 20:03:19.112772306,2026-09-23 20:03:19.112772306,completed
RET_892,ORD_8826,2026-09-16 22:09:55.133246995,defective,2026-09-18 22:09:55.133246995,2026-09-19 22:09:55.133246995,2026-09-21 22:09:55.133246995,completed
RET_893,ORD_8836,2026-09-09 22:25:41.558203095,wrong_item,2026-09-10 22:25:41.558203095,2026-09-11 22:25:41.558203095,2026-09-13 22:25:41.558203095,completed
RET_894,ORD_8868,2026-07-31 12:40:07.491343910,did_not_like,2026-08-01 12:40:07.491343910,2026-08-02 12:40:07.491343910,2026-08-04 12:40:07.491343910,completed
RET_895,ORD_8877,2026-09-07 02:49:28.325575752,wrong_item,2026-09-08 02:49:28.325575752,2026-09-09 02:49:28.325575752,2026-09-12 02:49:28.325575752,completed
RET_896,ORD_8893,2026-07-21 07:45:08.937795322,did_not_like,2026-07-23 07:45:08.937795322,2026-07-24 07:45:08.937795322,2026-07-26 07:45:08.937795322,completed
RET_897,ORD_8905,2026-09-12 09:48:46.753668780,defective,2026-09-13 09:48:46.753668780,2026-09-14 09:48:46.753668780,2026-09-16 09:48:46.753668780,completed
RET_898,ORD_8916,2026-09-08 22:11:21.135748004,did_not_like,2026-09-09 22:11:21.135748004,2026-09-10 22:11:21.135748004,2026-09-13 22:11:21.135748004,completed
RET_899,ORD_8928,2026-08-30 08:00:56.034423838,wrong_item,2026-08-31 08:00:56.034423838,2026-09-01 08:00:56.034423838,2026-09-02 08:00:56.034423838,completed
RET_900,ORD_8938,2026-07-17 16:18:22.541712542,defective,2026-07-19 16:18:22.541712542,2026-07-20 16:18:22.541712542,2026-07-22 16:18:22.541712542,completed
RET_901,ORD_8940,2026-10-08 09:46:42.922108687,did_not_like,2026-10-09 09:46:42.922108687,2026-10-10 09:46:42.922108687,2026-10-13 09:46:42.922108687,completed
RET_902,ORD_8944,2026-08-07 05:58:21.309168742,defective,2026-08-09 05:58:21.309168742,2026-08-10 05:58:21.309168742,2026-08-11 05:58:21.309168742,completed
RET_903,ORD_8956,2026-08-22 21:38:25.846575734,defective,2026-08-24 21:38:25.846575734,2026-08-25 21:38:25.846575734,2026-08-27 21:38:25.846575734,completed
RET_904,ORD_8959,2026-09-14 13:57:58.176771020,size_issue,2026-09-15 13:57:58.176771020,2026-09-16 13:57:58.176771020,2026-09-19 13:57:58.176771020,completed
RET_905,ORD_8967,2026-07-18 19:28:55.058104305,did_not_like,2026-07-19 19:28:55.058104305,2026-07-20 19:28:55.058104305,2026-07-23 19:28:55.058104305,completed
RET_906,ORD_8968,2026-08-15 14:25:49.224047625,did_not_like,2026-08-17 14:25:49.224047625,2026-08-18 14:25:49.224047625,2026-08-20 14:25:49.224047625,completed
RET_907,ORD_8973,2026-08-07 23:48:25.637062023,wrong_item,2026-08-08 23:48:25.637062023,2026-08-09 23:48:25.637062023,2026-08-12 23:48:25.637062023,completed
RET_908,ORD_8978,2026-07-15 14:53:18.019484705,wrong_item,2026-07-16 14:53:18.019484705,2026-07-17 14:53:18.019484705,2026-07-19 14:53:18.019484705,completed
RET_909,ORD_8996,2026-08-16 00:02:57.400125612,did_not_like,2026-08-18 00:02:57.400125612,2026-08-19 00:02:57.400125612,2026-08-21 00:02:57.400125612,completed
RET_910,ORD_9000,2026-08-09 16:03:03.668459294,wrong_item,2026-08-10 16:03:03.668459294,2026-08-11 16:03:03.668459294,2026-08-14 16:03:03.668459294,completed
RET_911,ORD_9007,2026-08-29 02:01:42.044017296,did_not_like,2026-08-31 02:01:42.044017296,2026-09-01 02:01:42.044017296,2026-09-03 02:01:42.044017296,completed
RET_912,ORD_9016,2026-07-22 16:54:34.029181612,defective,2026-07-23 16:54:34.029181612,2026-07-24 16:54:34.029181612,2026-07-27 16:54:34.029181612,completed
RET_913,ORD_9018,2026-09-30 06:31:09.265450980,defective,2026-10-02 06:31:09.265450980,2026-10-03 06:31:09.265450980,2026-10-06 06:31:09.265450980,completed
RET_914,ORD_9032,2026-10-05 12:19:42.340157620,size_issue,2026-10-07 12:19:42.340157620,2026-10-08 12:19:42.340157620,2026-10-09 12:19:42.340157620,completed
RET_915,ORD_9039,2026-09-06 16:17:02.983154738,wrong_item,2026-09-07 16:17:02.983154738,2026-09-08 16:17:02.983154738,2026-09-10 16:17:02.983154738,completed
RET_916,ORD_9084,2026-08-03 05:45:33.070053791,size_issue,2026-08-04 05:45:33.070053791,2026-08-05 05:45:33.070053791,2026-08-08 05:45:33.070053791,completed
RET_917,ORD_9097,2026-08-04 02:39:00.246691660,defective,2026-08-05 02:39:00.246691660,2026-08-06 02:39:00.246691660,2026-08-07 02:39:00.246691660,completed
RET_918,ORD_9111,2026-09-14 01:12:56.184800960,defective,2026-09-16 01:12:56.184800960,2026-09-17 01:12:56.184800960,2026-09-20 01:12:56.184800960,completed
RET_919,ORD_9116,2026-07-27 03:06:32.243682135,size_issue,2026-07-28 03:06:32.243682135,2026-07-29 03:06:32.243682135,2026-07-30 03:06:32.243682135,completed
RET_920,ORD_9138,2026-08-08 03:03:25.748589267,size_issue,2026-08-10 03:03:25.748589267,2026-08-11 03:03:25.748589267,2026-08-13 03:03:25.748589267,completed
RET_921,ORD_9144,2026-09-29 21:33:43.992741668,wrong_item,2026-09-30 21:33:43.992741668,2026-10-01 21:33:43.992741668,2026-10-02 21:33:43.992741668,completed
RET_922,ORD_9158,2026-08-18 16:09:05.628909519,did_not_like,2026-08-19 16:09:05.628909519,2026-08-20 16:09:05.628909519,2026-08-23 16:09:05.628909519,completed
RET_923,ORD_9165,2026-07-08 21:36:03.540767118,defective,2026-07-10 21:36:03.540767118,2026-07-11 21:36:03.540767118,2026-07-12 21:36:03.540767118,completed
RET_924,ORD_9197,2026-08-03 13:46:16.384012238,defective,2026-08-04 13:46:16.384012238,2026-08-05 13:46:16.384012238,2026-08-08 13:46:16.384012238,completed
RET_925,ORD_9220,2026-09-11 09:18:08.392163282,wrong_item,2026-09-12 09:18:08.392163282,2026-09-13 09:18:08.392163282,2026-09-16 09:18:08.392163282,completed
RET_926,ORD_9223,2026-09-16 15:19:44.712767321,defective,2026-09-18 15:19:44.712767321,2026-09-19 15:19:44.712767321,2026-09-20 15:19:44.712767321,completed
RET_927,ORD_9228,2026-08-11 00:20:54.597161384,did_not_like,2026-08-12 00:20:54.597161384,2026-08-13 00:20:54.597161384,2026-08-16 00:20:54.597161384,completed
RET_928,ORD_9239,2026-07-28 19:59:20.248314659,defective,2026-07-30 19:59:20.248314659,2026-07-31 19:59:20.248314659,2026-08-03 19:59:20.248314659,completed
RET_929,ORD_9248,2026-07-24 17:52:16.120280891,size_issue,2026-07-26 17:52:16.120280891,2026-07-27 17:52:16.120280891,2026-07-28 17:52:16.120280891,completed
RET_930,ORD_9253,2026-10-13 07:55:00.997355383,size_issue,2026-10-15 07:55:00.997355383,2026-10-16 07:55:00.997355383,2026-10-18 07:55:00.997355383,completed
RET_931,ORD_9264,2026-10-13 22:28:53.141995904,size_issue,2026-10-14 22:28:53.141995904,2026-10-15 22:28:53.141995904,2026-10-16 22:28:53.141995904,completed
RET_932,ORD_9267,2026-08-27 01:58:05.757423756,wrong_item,2026-08-29 01:58:05.757423756,2026-08-30 01:58:05.757423756,2026-08-31 01:58:05.757423756,completed
RET_933,ORD_9278,2026-09-25 23:34:55.565851707,defective,2026-09-26 23:34:55.565851707,2026-09-27 23:34:55.565851707,2026-09-30 23:34:55.565851707,completed
RET_934,ORD_9307,2026-09-18 15:27:42.186007156,defective,2026-09-19 15:27:42.186007156,2026-09-20 15:27:42.186007156,2026-09-21 15:27:42.186007156,completed
RET_935,ORD_9320,2026-10-02 05:13:09.358125654,wrong_item,2026-10-03 05:13:09.358125654,2026-10-04 05:13:09.358125654,2026-10-07 05:13:09.358125654,completed
RET_936,ORD_9331,2026-08-08 09:18:51.821314834,defective,2026-08-10 09:18:51.821314834,2026-08-11 09:18:51.821314834,2026-08-14 09:18:51.821314834,completed
RET_937,ORD_9333,2026-10-05 11:54:34.428017537,size_issue,2026-10-07 11:54:34.428017537,2026-10-08 11:54:34.428017537,2026-10-11 11:54:34.428017537,completed
RET_938,ORD_9338,2026-08-11 07:02:15.487468199,defective,2026-08-13 07:02:15.487468199,2026-08-14 07:02:15.487468199,2026-08-15 07:02:15.487468199,completed
RET_939,ORD_9359,2026-07-30 01:05:26.006949508,wrong_item,2026-07-31 01:05:26.006949508,2026-08-01 01:05:26.006949508,2026-08-02 01:05:26.006949508,completed
RET_940,ORD_9363,2026-08-19 22:57:40.459278759,defective,2026-08-21 22:57:40.459278759,2026-08-22 22:57:40.459278759,2026-08-24 22:57:40.459278759,completed
RET_941,ORD_9364,2026-08-27 14:26:30.572558944,defective,2026-08-29 14:26:30.572558944,2026-08-30 14:26:30.572558944,2026-09-02 14:26:30.572558944,completed
RET_942,ORD_9367,2026-10-09 03:44:19.498821145,defective,2026-10-10 03:44:19.498821145,2026-10-11 03:44:19.498821145,2026-10-14 03:44:19.498821145,completed
RET_943,ORD_9389,2026-09-30 06:41:52.393018753,wrong_item,2026-10-01 06:41:52.393018753,2026-10-02 06:41:52.393018753,2026-10-05 06:41:52.393018753,completed
RET_944,ORD_9395,2026-10-10 12:58:58.387010589,size_issue,2026-10-12 12:58:58.387010589,2026-10-13 12:58:58.387010589,2026-10-15 12:58:58.387010589,completed
RET_945,ORD_9406,2026-09-15 13:29:59.927786162,size_issue,2026-09-17 13:29:59.927786162,2026-09-18 13:29:59.927786162,2026-09-19 13:29:59.927786162,completed
RET_946,ORD_9407,2026-07-20 18:56:12.992344616,wrong_item,2026-07-22 18:56:12.992344616,2026-07-23 18:56:12.992344616,2026-07-26 18:56:12.992344616,completed
RET_947,ORD_9414,2026-08-07 23:07:21.324815626,wrong_item,2026-08-08 23:07:21.324815626,2026-08-09 23:07:21.324815626,2026-08-11 23:07:21.324815626,completed
RET_948,ORD_9428,2026-10-06 18:57:23.208060950,defective,2026-10-08 18:57:23.208060950,2026-10-09 18:57:23.208060950,2026-10-11 18:57:23.208060950,completed
RET_949,ORD_9430,2026-09-10 02:06:39.891997269,wrong_item,2026-09-12 02:06:39.891997269,2026-09-13 02:06:39.891997269,2026-09-14 02:06:39.891997269,completed
RET_950,ORD_9433,2026-09-25 18:12:44.833452103,size_issue,2026-09-27 18:12:44.833452103,2026-09-28 18:12:44.833452103,2026-09-29 18:12:44.833452103,completed
RET_951,ORD_9439,2026-09-13 13:48:06.356217470,defective,2026-09-15 13:48:06.356217470,2026-09-16 13:48:06.356217470,2026-09-17 13:48:06.356217470,completed
RET_952,ORD_9442,2026-09-18 08:25:22.918279945,defective,2026-09-20 08:25:22.918279945,2026-09-21 08:25:22.918279945,2026-09-23 08:25:22.918279945,completed
RET_953,ORD_9450,2026-08-19 23:01:18.060276836,wrong_item,2026-08-20 23:01:18.060276836,2026-08-21 23:01:18.060276836,2026-08-23 23:01:18.060276836,completed
RET_954,ORD_9461,2026-09-16 05:50:43.366482123,defective,2026-09-18 05:50:43.366482123,2026-09-19 05:50:43.366482123,2026-09-21 05:50:43.366482123,completed
RET_955,ORD_9465,2026-08-27 23:04:39.841109317,defective,2026-08-28 23:04:39.841109317,2026-08-29 23:04:39.841109317,2026-08-31 23:04:39.841109317,completed
RET_956,ORD_9480,2026-07-17 17:46:47.193223537,wrong_item,2026-07-19 17:46:47.193223537,2026-07-20 17:46:47.193223537,2026-07-22 17:46:47.193223537,completed
RET_957,ORD_9486,2026-07-15 22:11:06.986615159,did_not_like,2026-07-17 22:11:06.986615159,2026-07-18 22:11:06.986615159,2026-07-21 22:11:06.986615159,completed
RET_958,ORD_9494,2026-08-18 23:29:08.807895763,wrong_item,2026-08-20 23:29:08.807895763,2026-08-21 23:29:08.807895763,2026-08-22 23:29:08.807895763,completed
RET_959,ORD_9504,2026-10-04 06:49:18.902576785,defective,2026-10-06 06:49:18.902576785,2026-10-07 06:49:18.902576785,2026-10-10 06:49:18.902576785,completed
RET_960,ORD_9508,2026-08-19 18:37:29.605592903,wrong_item,2026-08-20 18:37:29.605592903,2026-08-21 18:37:29.605592903,2026-08-23 18:37:29.605592903,completed
RET_961,ORD_9509,2026-07-31 10:24:53.982262101,did_not_like,2026-08-02 10:24:53.982262101,2026-08-03 10:24:53.982262101,2026-08-06 10:24:53.982262101,completed
RET_962,ORD_9515,2026-10-13 12:02:54.872904552,defective,2026-10-14 12:02:54.872904552,2026-10-15 12:02:54.872904552,2026-10-17 12:02:54.872904552,completed
RET_963,ORD_9525,2026-07-22 21:47:12.282117217,size_issue,2026-07-23 21:47:12.282117217,2026-07-24 21:47:12.282117217,2026-07-26 21:47:12.282117217,completed
RET_964,ORD_9529,2026-09-03 09:32:45.194160420,did_not_like,2026-09-04 09:32:45.194160420,2026-09-05 09:32:45.194160420,2026-09-07 09:32:45.194160420,completed
RET_965,ORD_9532,2026-09-29 03:43:42.155755810,wrong_item,2026-09-30 03:43:42.155755810,2026-10-01 03:43:42.155755810,2026-10-02 03:43:42.155755810,completed
RET_966,ORD_9541,2026-07-29 15:00:48.409613714,defective,2026-07-30 15:00:48.409613714,2026-07-31 15:00:48.409613714,2026-08-03 15:00:48.409613714,completed
RET_967,ORD_9567,2026-08-12 21:53:09.182615541,did_not_like,2026-08-14 21:53:09.182615541,2026-08-15 21:53:09.182615541,2026-08-17 21:53:09.182615541,completed
RET_968,ORD_9569,2026-10-20 12:59:12.866623477,did_not_like,2026-10-21 12:59:12.866623477,2026-10-22 12:59:12.866623477,2026-10-24 12:59:12.866623477,completed
RET_969,ORD_9570,2026-09-05 10:39:56.240742473,wrong_item,2026-09-07 10:39:56.240742473,2026-09-08 10:39:56.240742473,2026-09-10 10:39:56.240742473,completed
RET_970,ORD_9574,2026-09-05 09:16:14.535228095,did_not_like,2026-09-07 09:16:14.535228095,2026-09-08 09:16:14.535228095,2026-09-10 09:16:14.535228095,completed
RET_971,ORD_9575,2026-09-16 08:35:01.414024210,defective,2026-09-18 08:35:01.414024210,2026-09-19 08:35:01.414024210,2026-09-20 08:35:01.414024210,completed
RET_972,ORD_9630,2026-09-07 06:55:22.695450579,did_not_like,2026-09-08 06:55:22.695450579,2026-09-09 06:55:22.695450579,2026-09-12 06:55:22.695450579,completed
RET_973,ORD_9658,2026-09-06 19:57:38.924952621,defective,2026-09-07 19:57:38.924952621,2026-09-08 19:57:38.924952621,2026-09-10 19:57:38.924952621,completed
RET_974,ORD_9665,2026-10-01 09:56:53.883544195,size_issue,2026-10-02 09:56:53.883544195,2026-10-03 09:56:53.883544195,2026-10-05 09:56:53.883544195,completed
RET_975,ORD_9686,2026-07-30 21:05:02.615418923,wrong_item,2026-07-31 21:05:02.615418923,2026-08-01 21:05:02.615418923,2026-08-02 21:05:02.615418923,completed
RET_976,ORD_9688,2026-10-05 05:16:58.322017759,wrong_item,2026-10-07 05:16:58.322017759,2026-10-08 05:16:58.322017759,2026-10-11 05:16:58.322017759,completed
RET_977,ORD_9689,2026-08-23 11:44:51.527300700,wrong_item,2026-08-24 11:44:51.527300700,2026-08-25 11:44:51.527300700,2026-08-27 11:44:51.527300700,completed
RET_978,ORD_9697,2026-08-11 15:57:19.642310447,wrong_item,2026-08-12 15:57:19.642310447,2026-08-13 15:57:19.642310447,2026-08-15 15:57:19.642310447,completed
RET_979,ORD_9705,2026-09-24 19:42:15.156256827,wrong_item,2026-09-26 19:42:15.156256827,2026-09-27 19:42:15.156256827,2026-09-29 19:42:15.156256827,completed
RET_980,ORD_9719,2026-09-29 12:03:49.353994066,size_issue,2026-10-01 12:03:49.353994066,2026-10-02 12:03:49.353994066,2026-10-05 12:03:49.353994066,completed
RET_981,ORD_9737,2026-08-28 01:05:53.791375152,defective,2026-08-30 01:05:53.791375152,2026-08-31 01:05:53.791375152,2026-09-01 01:05:53.791375152,completed
RET_982,ORD_9745,2026-07-30 07:59:51.428396668,did_not_like,2026-07-31 07:59:51.428396668,2026-08-01 07:59:51.428396668,2026-08-03 07:59:51.428396668,completed
RET_983,ORD_9820,2026-07-19 08:46:30.177742343,size_issue,2026-07-21 08:46:30.177742343,2026-07-22 08:46:30.177742343,2026-07-25 08:46:30.177742343,completed
RET_984,ORD_9821,2026-09-22 11:12:20.686333462,did_not_like,2026-09-24 11:12:20.686333462,2026-09-25 11:12:20.686333462,2026-09-27 11:12:20.686333462,completed
RET_985,ORD_9829,2026-08-17 01:25:39.268358558,did_not_like,2026-08-18 01:25:39.268358558,2026-08-19 01:25:39.268358558,2026-08-22 01:25:39.268358558,completed
RET_986,ORD_9869,2026-09-22 05:05:43.485239609,size_issue,2026-09-24 05:05:43.485239609,2026-09-25 05:05:43.485239609,2026-09-27 05:05:43.485239609,completed
RET_987,ORD_9892,2026-08-24 04:15:30.380514707,size_issue,2026-08-25 04:15:30.380514707,2026-08-26 04:15:30.380514707,2026-08-29 04:15:30.380514707,completed
RET_988,ORD_9895,2026-08-28 15:36:48.199056330,defective,2026-08-29 15:36:48.199056330,2026-08-30 15:36:48.199056330,2026-08-31 15:36:48.199056330,completed
RET_989,ORD_9899,2026-07-27 13:10:40.503360904,defective,2026-07-28 13:10:40.503360904,2026-07-29 13:10:40.503360904,2026-07-30 13:10:40.503360904,completed
RET_990,ORD_9904,2026-08-14 20:02:10.031140472,defective,2026-08-16 20:02:10.031140472,2026-08-17 20:02:10.031140472,2026-08-18 20:02:10.031140472,completed
RET_991,ORD_9905,2026-10-05 21:13:08.018351450,size_issue,2026-10-06 21:13:08.018351450,2026-10-07 21:13:08.018351450,2026-10-09 21:13:08.018351450,completed
RET_992,ORD_9912,2026-08-07 23:16:07.721305965,defective,2026-08-08 23:16:07.721305965,2026-08-09 23:16:07.721305965,2026-08-10 23:16:07.721305965,completed
RET_993,ORD_9940,2026-09-05 09:08:08.387578013,did_not_like,2026-09-06 09:08:08.387578013,2026-09-07 09:08:08.387578013,2026-09-09 09:08:08.387578013,completed
RET_994,ORD_9942,2026-09-15 01:22:14.522916462,defective,2026-09-17 01:22:14.522916462,2026-09-18 01:22:14.522916462,2026-09-21 01:22:14.522916462,completed
RET_995,ORD_9945,2026-09-06 23:00:10.698238730,size_issue,2026-09-07 23:00:10.698238730,2026-09-08 23:00:10.698238730,2026-09-09 23:00:10.698238730,completed
RET_996,ORD_9978,2026-07-21 21:21:36.192096094,did_not_like,2026-07-23 21:21:36.192096094,2026-07-24 21:21:36.192096094,2026-07-27 21:21:36.192096094,completed
RET_997,ORD_9998,2026-09-19 02:08:23.499313472,wrong_item,2026-09-20 02:08:23.499313472,2026-09-21 02:08:23.499313472,2026-09-23 02:08:23.499313472,completed
RET_998,ORD_10006,2026-10-08 09:07:58.384650419,wrong_item,2026-10-09 09:07:58.384650419,2026-10-10 09:07:58.384650419,2026-10-12 09:07:58.384650419,completed
RET_999,ORD_10014,2026-09-23 13:31:17.664107348,did_not_like,2026-09-25 13:31:17.664107348,2026-09-26 13:31:17.664107348,2026-09-28 13:31:17.664107348,completed
RET_1000,ORD_10018,2026-07-30 03:19:45.274205503,wrong_item,2026-08-01 03:19:45.274205503,2026-08-02 03:19:45.274205503,2026-08-04 03:19:45.274205503,completed
RET_1001,ORD_10025,2026-07-23 17:43:49.825303372,defective,2026-07-25 17:43:49.825303372,2026-07-26 17:43:49.825303372,2026-07-28 17:43:49.825303372,completed
RET_1002,ORD_10031,2026-09-25 00:43:46.200454230,size_issue,2026-09-26 00:43:46.200454230,2026-09-27 00:43:46.200454230,2026-09-29 00:43:46.200454230,completed
RET_1003,ORD_10038,2026-08-07 11:30:18.995257380,defective,2026-08-09 11:30:18.995257380,2026-08-10 11:30:18.995257380,2026-08-12 11:30:18.995257380,completed
RET_1004,ORD_10040,2026-08-24 10:28:19.299416581,wrong_item,2026-08-26 10:28:19.299416581,2026-08-27 10:28:19.299416581,2026-08-29 10:28:19.299416581,completed
RET_1005,ORD_10044,2026-07-25 02:48:07.212614964,wrong_item,2026-07-27 02:48:07.212614964,2026-07-28 02:48:07.212614964,2026-07-29 02:48:07.212614964,completed
RET_1006,ORD_10047,2026-08-23 19:38:00.492338908,defective,2026-08-25 19:38:00.492338908,2026-08-26 19:38:00.492338908,2026-08-27 19:38:00.492338908,completed
RET_1007,ORD_10048,2026-08-30 18:32:04.985000376,wrong_item,2026-09-01 18:32:04.985000376,2026-09-02 18:32:04.985000376,2026-09-03 18:32:04.985000376,completed
RET_1008,ORD_10052,2026-09-21 21:22:01.601736148,did_not_like,2026-09-23 21:22:01.601736148,2026-09-24 21:22:01.601736148,2026-09-25 21:22:01.601736148,completed
RET_1009,ORD_10053,2026-10-07 20:22:24.330137775,wrong_item,2026-10-08 20:22:24.330137775,2026-10-09 20:22:24.330137775,2026-10-10 20:22:24.330137775,completed
RET_1010,ORD_10058,2026-07-14 20:15:38.138361379,size_issue,2026-07-15 20:15:38.138361379,2026-07-16 20:15:38.138361379,2026-07-18 20:15:38.138361379,completed
RET_1011,ORD_10135,2026-09-26 21:37:21.091988244,did_not_like,2026-09-28 21:37:21.091988244,2026-09-29 21:37:21.091988244,2026-09-30 21:37:21.091988244,completed
RET_1012,ORD_10147,2026-07-27 22:49:22.605330058,wrong_item,2026-07-28 22:49:22.605330058,2026-07-29 22:49:22.605330058,2026-07-30 22:49:22.605330058,completed
RET_1013,ORD_10150,2026-08-14 23:30:30.130133860,did_not_like,2026-08-16 23:30:30.130133860,2026-08-17 23:30:30.130133860,2026-08-18 23:30:30.130133860,completed
RET_1014,ORD_10151,2026-08-31 01:29:23.357180018,defective,2026-09-02 01:29:23.357180018,2026-09-03 01:29:23.357180018,2026-09-05 01:29:23.357180018,completed
RET_1015,ORD_10201,2026-07-31 10:40:33.340467562,did_not_like,2026-08-01 10:40:33.340467562,2026-08-02 10:40:33.340467562,2026-08-03 10:40:33.340467562,completed
RET_1016,ORD_10214,2026-08-13 22:18:56.465812962,defective,2026-08-15 22:18:56.465812962,2026-08-16 22:18:56.465812962,2026-08-18 22:18:56.465812962,completed
RET_1017,ORD_10217,2026-08-18 21:28:34.369845803,wrong_item,2026-08-19 21:28:34.369845803,2026-08-20 21:28:34.369845803,2026-08-23 21:28:34.369845803,completed
RET_1018,ORD_10234,2026-09-01 09:19:09.699467699,size_issue,2026-09-02 09:19:09.699467699,2026-09-03 09:19:09.699467699,2026-09-06 09:19:09.699467699,completed
RET_1019,ORD_10243,2026-08-26 14:33:45.631599392,did_not_like,2026-08-28 14:33:45.631599392,2026-08-29 14:33:45.631599392,2026-09-01 14:33:45.631599392,completed
RET_1020,ORD_10249,2026-07-21 15:54:46.740750136,size_issue,2026-07-22 15:54:46.740750136,2026-07-23 15:54:46.740750136,2026-07-24 15:54:46.740750136,completed
RET_1021,ORD_10260,2026-07-27 13:23:20.364457109,size_issue,2026-07-28 13:23:20.364457109,2026-07-29 13:23:20.364457109,2026-07-30 13:23:20.364457109,completed
RET_1022,ORD_10275,2026-08-24 12:38:39.426731251,did_not_like,2026-08-25 12:38:39.426731251,2026-08-26 12:38:39.426731251,2026-08-28 12:38:39.426731251,completed
RET_1023,ORD_10296,2026-09-08 06:08:29.920446835,did_not_like,2026-09-09 06:08:29.920446835,2026-09-10 06:08:29.920446835,2026-09-11 06:08:29.920446835,completed
RET_1024,ORD_10303,2026-08-11 19:43:12.707221178,wrong_item,2026-08-12 19:43:12.707221178,2026-08-13 19:43:12.707221178,2026-08-14 19:43:12.707221178,completed
RET_1025,ORD_10307,2026-08-08 12:17:35.990703613,did_not_like,2026-08-10 12:17:35.990703613,2026-08-11 12:17:35.990703613,2026-08-12 12:17:35.990703613,completed
RET_1026,ORD_10311,2026-07-28 08:26:27.367183202,defective,2026-07-30 08:26:27.367183202,2026-07-31 08:26:27.367183202,2026-08-01 08:26:27.367183202,completed
RET_1027,ORD_10315,2026-08-14 17:10:33.217530796,defective,2026-08-15 17:10:33.217530796,2026-08-16 17:10:33.217530796,2026-08-19 17:10:33.217530796,completed
RET_1028,ORD_10353,2026-08-25 18:52:51.810191467,size_issue,2026-08-27 18:52:51.810191467,2026-08-28 18:52:51.810191467,2026-08-29 18:52:51.810191467,completed
RET_1029,ORD_10387,2026-09-07 04:06:52.710445352,defective,2026-09-08 04:06:52.710445352,2026-09-09 04:06:52.710445352,2026-09-11 04:06:52.710445352,completed
RET_1030,ORD_10397,2026-09-05 17:33:23.893424130,size_issue,2026-09-06 17:33:23.893424130,2026-09-07 17:33:23.893424130,2026-09-10 17:33:23.893424130,completed
RET_1031,ORD_10403,2026-09-23 15:47:32.830013052,wrong_item,2026-09-25 15:47:32.830013052,2026-09-26 15:47:32.830013052,2026-09-28 15:47:32.830013052,completed
RET_1032,ORD_10416,2026-08-07 06:18:51.957528167,did_not_like,2026-08-09 06:18:51.957528167,2026-08-10 06:18:51.957528167,2026-08-11 06:18:51.957528167,completed
RET_1033,ORD_10432,2026-08-25 06:49:12.376700541,size_issue,2026-08-26 06:49:12.376700541,2026-08-27 06:49:12.376700541,2026-08-28 06:49:12.376700541,completed
RET_1034,ORD_10438,2026-07-14 19:04:27.315584383,wrong_item,2026-07-16 19:04:27.315584383,2026-07-17 19:04:27.315584383,2026-07-20 19:04:27.315584383,completed
RET_1035,ORD_10451,2026-09-19 12:26:36.214076897,did_not_like,2026-09-21 12:26:36.214076897,2026-09-22 12:26:36.214076897,2026-09-25 12:26:36.214076897,completed
RET_1036,ORD_10457,2026-07-21 11:11:18.112229707,did_not_like,2026-07-23 11:11:18.112229707,2026-07-24 11:11:18.112229707,2026-07-27 11:11:18.112229707,completed
RET_1037,ORD_10461,2026-10-02 01:51:59.886157233,did_not_like,2026-10-04 01:51:59.886157233,2026-10-05 01:51:59.886157233,2026-10-08 01:51:59.886157233,completed
RET_1038,ORD_10475,2026-08-31 13:12:58.541360836,defective,2026-09-01 13:12:58.541360836,2026-09-02 13:12:58.541360836,2026-09-05 13:12:58.541360836,completed
RET_1039,ORD_10478,2026-07-20 22:59:46.076025269,size_issue,2026-07-22 22:59:46.076025269,2026-07-23 22:59:46.076025269,2026-07-26 22:59:46.076025269,completed
RET_1040,ORD_10520,2026-09-18 02:18:12.545589296,wrong_item,2026-09-20 02:18:12.545589296,2026-09-21 02:18:12.545589296,2026-09-23 02:18:12.545589296,completed
RET_1041,ORD_10532,2026-07-27 06:11:01.890914826,wrong_item,2026-07-29 06:11:01.890914826,2026-07-30 06:11:01.890914826,2026-08-01 06:11:01.890914826,completed
RET_1042,ORD_10536,2026-09-15 16:37:56.005161457,did_not_like,2026-09-16 16:37:56.005161457,2026-09-17 16:37:56.005161457,2026-09-18 16:37:56.005161457,completed
RET_1043,ORD_10537,2026-08-09 22:33:47.708485672,size_issue,2026-08-11 22:33:47.708485672,2026-08-12 22:33:47.708485672,2026-08-13 22:33:47.708485672,completed
RET_1044,ORD_10548,2026-09-05 10:36:04.287360199,defective,2026-09-07 10:36:04.287360199,2026-09-08 10:36:04.287360199,2026-09-11 10:36:04.287360199,completed
RET_1045,ORD_10552,2026-08-24 11:59:57.209026630,defective,2026-08-26 11:59:57.209026630,2026-08-27 11:59:57.209026630,2026-08-29 11:59:57.209026630,completed
RET_1046,ORD_10560,2026-09-09 04:16:49.361367846,defective,2026-09-10 04:16:49.361367846,2026-09-11 04:16:49.361367846,2026-09-14 04:16:49.361367846,completed
RET_1047,ORD_10575,2026-09-24 15:17:21.958222184,size_issue,2026-09-25 15:17:21.958222184,2026-09-26 15:17:21.958222184,2026-09-29 15:17:21.958222184,completed
RET_1048,ORD_10578,2026-08-15 09:40:45.880263557,size_issue,2026-08-16 09:40:45.880263557,2026-08-17 09:40:45.880263557,2026-08-19 09:40:45.880263557,completed
RET_1049,ORD_10579,2026-08-16 09:47:09.020098229,defective,2026-08-18 09:47:09.020098229,2026-08-19 09:47:09.020098229,2026-08-22 09:47:09.020098229,completed
RET_1050,ORD_10593,2026-09-21 20:57:09.069145763,size_issue,2026-09-23 20:57:09.069145763,2026-09-24 20:57:09.069145763,2026-09-27 20:57:09.069145763,completed
RET_1051,ORD_10597,2026-09-26 08:10:25.483998050,defective,2026-09-27 08:10:25.483998050,2026-09-28 08:10:25.483998050,2026-10-01 08:10:25.483998050,completed
RET_1052,ORD_10600,2026-08-05 12:48:24.725327419,size_issue,2026-08-07 12:48:24.725327419,2026-08-08 12:48:24.725327419,2026-08-09 12:48:24.725327419,completed
RET_1053,ORD_10614,2026-10-05 02:41:33.777417863,defective,2026-10-07 02:41:33.777417863,2026-10-08 02:41:33.777417863,2026-10-09 02:41:33.777417863,completed
RET_1054,ORD_10617,2026-09-29 03:32:06.562940727,defective,2026-09-30 03:32:06.562940727,2026-10-01 03:32:06.562940727,2026-10-02 03:32:06.562940727,completed
RET_1055,ORD_10620,2026-08-23 12:59:19.168652194,wrong_item,2026-08-25 12:59:19.168652194,2026-08-26 12:59:19.168652194,2026-08-27 12:59:19.168652194,completed
RET_1056,ORD_10630,2026-08-28 09:43:03.681770807,wrong_item,2026-08-30 09:43:03.681770807,2026-08-31 09:43:03.681770807,2026-09-02 09:43:03.681770807,completed
RET_1057,ORD_10633,2026-07-27 12:28:11.292633173,defective,2026-07-29 12:28:11.292633173,2026-07-30 12:28:11.292633173,2026-08-02 12:28:11.292633173,completed
RET_1058,ORD_10660,2026-09-22 17:43:36.193912065,size_issue,2026-09-23 17:43:36.193912065,2026-09-24 17:43:36.193912065,2026-09-25 17:43:36.193912065,completed
RET_1059,ORD_10685,2026-10-03 20:05:21.182424620,did_not_like,2026-10-04 20:05:21.182424620,2026-10-05 20:05:21.182424620,2026-10-07 20:05:21.182424620,completed
RET_1060,ORD_10687,2026-07-28 22:14:55.663369370,wrong_item,2026-07-30 22:14:55.663369370,2026-07-31 22:14:55.663369370,2026-08-01 22:14:55.663369370,completed
RET_1061,ORD_10688,2026-07-29 03:40:55.545933894,wrong_item,2026-07-31 03:40:55.545933894,2026-08-01 03:40:55.545933894,2026-08-04 03:40:55.545933894,completed
RET_1062,ORD_10692,2026-08-19 11:36:23.478384238,size_issue,2026-08-20 11:36:23.478384238,2026-08-21 11:36:23.478384238,2026-08-22 11:36:23.478384238,completed
RET_1063,ORD_10706,2026-09-05 22:08:39.739856434,defective,2026-09-06 22:08:39.739856434,2026-09-07 22:08:39.739856434,2026-09-08 22:08:39.739856434,completed
RET_1064,ORD_10715,2026-09-15 22:55:43.467371610,size_issue,2026-09-16 22:55:43.467371610,2026-09-17 22:55:43.467371610,2026-09-20 22:55:43.467371610,completed
RET_1065,ORD_10717,2026-07-30 09:02:34.698188597,size_issue,2026-07-31 09:02:34.698188597,2026-08-01 09:02:34.698188597,2026-08-04 09:02:34.698188597,completed
RET_1066,ORD_10723,2026-08-08 08:36:47.123141081,wrong_item,2026-08-10 08:36:47.123141081,2026-08-11 08:36:47.123141081,2026-08-14 08:36:47.123141081,completed
RET_1067,ORD_10724,2026-07-24 22:59:21.222046173,defective,2026-07-25 22:59:21.222046173,2026-07-26 22:59:21.222046173,2026-07-28 22:59:21.222046173,completed
RET_1068,ORD_10761,2026-07-18 01:56:23.890735328,did_not_like,2026-07-19 01:56:23.890735328,2026-07-20 01:56:23.890735328,2026-07-23 01:56:23.890735328,completed
RET_1069,ORD_10777,2026-09-08 05:02:44.559549333,wrong_item,2026-09-09 05:02:44.559549333,2026-09-10 05:02:44.559549333,2026-09-13 05:02:44.559549333,completed
RET_1070,ORD_10786,2026-08-18 11:15:52.039494696,did_not_like,2026-08-19 11:15:52.039494696,2026-08-20 11:15:52.039494696,2026-08-23 11:15:52.039494696,completed
RET_1071,ORD_10798,2026-10-14 19:18:40.164951595,wrong_item,2026-10-15 19:18:40.164951595,2026-10-16 19:18:40.164951595,2026-10-18 19:18:40.164951595,completed
RET_1072,ORD_10806,2026-10-09 18:25:57.893160754,defective,2026-10-10 18:25:57.893160754,2026-10-11 18:25:57.893160754,2026-10-13 18:25:57.893160754,completed
RET_1073,ORD_10813,2026-07-24 17:37:52.014650894,defective,2026-07-25 17:37:52.014650894,2026-07-26 17:37:52.014650894,2026-07-27 17:37:52.014650894,completed
RET_1074,ORD_10822,2026-08-06 21:05:43.048599419,did_not_like,2026-08-08 21:05:43.048599419,2026-08-09 21:05:43.048599419,2026-08-12 21:05:43.048599419,completed
RET_1075,ORD_10829,2026-10-06 13:51:35.526985354,wrong_item,2026-10-07 13:51:35.526985354,2026-10-08 13:51:35.526985354,2026-10-11 13:51:35.526985354,completed
RET_1076,ORD_10833,2026-09-12 16:09:42.181730345,wrong_item,2026-09-13 16:09:42.181730345,2026-09-14 16:09:42.181730345,2026-09-16 16:09:42.181730345,completed
RET_1077,ORD_10860,2026-09-26 10:50:14.966536588,wrong_item,2026-09-27 10:50:14.966536588,2026-09-28 10:50:14.966536588,2026-09-29 10:50:14.966536588,completed
RET_1078,ORD_10882,2026-09-14 09:41:46.485652320,defective,2026-09-16 09:41:46.485652320,2026-09-17 09:41:46.485652320,2026-09-20 09:41:46.485652320,completed
RET_1079,ORD_10886,2026-09-21 04:41:00.865092025,defective,2026-09-23 04:41:00.865092025,2026-09-24 04:41:00.865092025,2026-09-25 04:41:00.865092025,completed
RET_1080,ORD_10894,2026-07-31 14:13:41.240512919,did_not_like,2026-08-01 14:13:41.240512919,2026-08-02 14:13:41.240512919,2026-08-03 14:13:41.240512919,completed
RET_1081,ORD_10909,2026-08-14 04:37:52.109419860,defective,2026-08-15 04:37:52.109419860,2026-08-16 04:37:52.109419860,2026-08-19 04:37:52.109419860,completed
RET_1082,ORD_10913,2026-09-27 13:48:01.962599736,size_issue,2026-09-29 13:48:01.962599736,2026-09-30 13:48:01.962599736,2026-10-02 13:48:01.962599736,completed
RET_1083,ORD_10922,2026-09-16 07:07:57.672469628,wrong_item,2026-09-18 07:07:57.672469628,2026-09-19 07:07:57.672469628,2026-09-22 07:07:57.672469628,completed
RET_1084,ORD_10924,2026-09-15 09:28:32.688442399,defective,2026-09-17 09:28:32.688442399,2026-09-18 09:28:32.688442399,2026-09-19 09:28:32.688442399,completed
RET_1085,ORD_10936,2026-08-27 22:02:09.184312135,did_not_like,2026-08-29 22:02:09.184312135,2026-08-30 22:02:09.184312135,2026-08-31 22:02:09.184312135,completed
RET_1086,ORD_10970,2026-09-28 00:28:47.893625250,defective,2026-09-30 00:28:47.893625250,2026-10-01 00:28:47.893625250,2026-10-02 00:28:47.893625250,completed
RET_1087,ORD_10972,2026-08-27 06:09:51.719196696,did_not_like,2026-08-29 06:09:51.719196696,2026-08-30 06:09:51.719196696,2026-09-01 06:09:51.719196696,completed
RET_1088,ORD_10973,2026-08-24 13:35:46.129255723,did_not_like,2026-08-26 13:35:46.129255723,2026-08-27 13:35:46.129255723,2026-08-30 13:35:46.129255723,completed
RET_1089,ORD_10974,2026-08-22 10:08:20.921831852,defective,2026-08-24 10:08:20.921831852,2026-08-25 10:08:20.921831852,2026-08-27 10:08:20.921831852,completed
RET_1090,ORD_10975,2026-08-10 22:32:20.532412486,defective,2026-08-11 22:32:20.532412486,2026-08-12 22:32:20.532412486,2026-08-14 22:32:20.532412486,completed
RET_1091,ORD_10978,2026-07-19 06:27:39.490448296,size_issue,2026-07-21 06:27:39.490448296,2026-07-22 06:27:39.490448296,2026-07-23 06:27:39.490448296,completed
RET_1092,ORD_10980,2026-09-09 16:06:37.557510697,defective,2026-09-11 16:06:37.557510697,2026-09-12 16:06:37.557510697,2026-09-15 16:06:37.557510697,completed
RET_1093,ORD_10984,2026-09-11 15:50:41.776917793,did_not_like,2026-09-12 15:50:41.776917793,2026-09-13 15:50:41.776917793,2026-09-16 15:50:41.776917793,completed
RET_1094,ORD_10985,2026-07-23 15:01:15.917413228,defective,2026-07-24 15:01:15.917413228,2026-07-25 15:01:15.917413228,2026-07-27 15:01:15.917413228,completed
RET_1095,ORD_11005,2026-08-11 05:59:53.392701880,defective,2026-08-12 05:59:53.392701880,2026-08-13 05:59:53.392701880,2026-08-14 05:59:53.392701880,completed
RET_1096,ORD_11006,2026-08-05 12:33:05.559754302,did_not_like,2026-08-06 12:33:05.559754302,2026-08-07 12:33:05.559754302,2026-08-09 12:33:05.559754302,completed
RET_1097,ORD_11010,2026-07-20 17:52:44.631306390,wrong_item,2026-07-22 17:52:44.631306390,2026-07-23 17:52:44.631306390,2026-07-26 17:52:44.631306390,completed
RET_1098,ORD_11024,2026-09-22 15:52:51.336041648,size_issue,2026-09-23 15:52:51.336041648,2026-09-24 15:52:51.336041648,2026-09-26 15:52:51.336041648,completed
RET_1099,ORD_11029,2026-08-09 13:24:08.744357680,defective,2026-08-10 13:24:08.744357680,2026-08-11 13:24:08.744357680,2026-08-13 13:24:08.744357680,completed
RET_1100,ORD_11034,2026-08-16 21:52:14.452038658,did_not_like,2026-08-17 21:52:14.452038658,2026-08-18 21:52:14.452038658,2026-08-19 21:52:14.452038658,completed
RET_1101,ORD_11037,2026-08-10 06:40:55.228582615,defective,2026-08-11 06:40:55.228582615,2026-08-12 06:40:55.228582615,2026-08-14 06:40:55.228582615,completed
RET_1102,ORD_11044,2026-08-27 11:14:26.933009174,wrong_item,2026-08-28 11:14:26.933009174,2026-08-29 11:14:26.933009174,2026-08-30 11:14:26.933009174,completed
RET_1103,ORD_11054,2026-07-15 07:38:40.734452090,size_issue,2026-07-17 07:38:40.734452090,2026-07-18 07:38:40.734452090,2026-07-19 07:38:40.734452090,completed
RET_1104,ORD_11059,2026-07-31 11:23:49.149930114,size_issue,2026-08-01 11:23:49.149930114,2026-08-02 11:23:49.149930114,2026-08-05 11:23:49.149930114,completed
RET_1105,ORD_11069,2026-08-30 08:57:22.495249825,did_not_like,2026-09-01 08:57:22.495249825,2026-09-02 08:57:22.495249825,2026-09-04 08:57:22.495249825,completed
RET_1106,ORD_11087,2026-07-31 06:40:13.116802403,wrong_item,2026-08-01 06:40:13.116802403,2026-08-02 06:40:13.116802403,2026-08-04 06:40:13.116802403,completed
RET_1107,ORD_11088,2026-10-11 10:17:02.042891358,wrong_item,2026-10-13 10:17:02.042891358,2026-10-14 10:17:02.042891358,2026-10-16 10:17:02.042891358,completed
RET_1108,ORD_11098,2026-08-21 22:56:18.388180109,size_issue,2026-08-23 22:56:18.388180109,2026-08-24 22:56:18.388180109,2026-08-27 22:56:18.388180109,completed
RET_1109,ORD_11133,2026-08-04 16:06:38.882317384,size_issue,2026-08-06 16:06:38.882317384,2026-08-07 16:06:38.882317384,2026-08-09 16:06:38.882317384,completed
RET_1110,ORD_11141,2026-09-17 14:33:33.016921655,size_issue,2026-09-19 14:33:33.016921655,2026-09-20 14:33:33.016921655,2026-09-22 14:33:33.016921655,completed
RET_1111,ORD_11160,2026-07-20 20:46:31.610219449,defective,2026-07-21 20:46:31.610219449,2026-07-22 20:46:31.610219449,2026-07-24 20:46:31.610219449,completed
RET_1112,ORD_11182,2026-07-30 06:03:23.296159205,did_not_like,2026-08-01 06:03:23.296159205,2026-08-02 06:03:23.296159205,2026-08-03 06:03:23.296159205,completed
RET_1113,ORD_11195,2026-10-12 02:21:52.822496736,defective,2026-10-14 02:21:52.822496736,2026-10-15 02:21:52.822496736,2026-10-18 02:21:52.822496736,completed
RET_1114,ORD_11199,2026-09-02 01:49:47.163560540,size_issue,2026-09-03 01:49:47.163560540,2026-09-04 01:49:47.163560540,2026-09-05 01:49:47.163560540,completed
RET_1115,ORD_11204,2026-09-22 04:46:43.668690777,wrong_item,2026-09-23 04:46:43.668690777,2026-09-24 04:46:43.668690777,2026-09-27 04:46:43.668690777,completed
RET_1116,ORD_11219,2026-07-26 02:36:49.163294750,size_issue,2026-07-27 02:36:49.163294750,2026-07-28 02:36:49.163294750,2026-07-30 02:36:49.163294750,completed
RET_1117,ORD_11229,2026-07-23 14:23:31.515722932,did_not_like,2026-07-25 14:23:31.515722932,2026-07-26 14:23:31.515722932,2026-07-27 14:23:31.515722932,completed
RET_1118,ORD_11233,2026-08-31 21:47:20.888705859,defective,2026-09-01 21:47:20.888705859,2026-09-02 21:47:20.888705859,2026-09-03 21:47:20.888705859,completed
RET_1119,ORD_11269,2026-09-12 02:39:53.609283526,size_issue,2026-09-14 02:39:53.609283526,2026-09-15 02:39:53.609283526,2026-09-16 02:39:53.609283526,completed
RET_1120,ORD_11271,2026-08-27 10:10:18.949531683,did_not_like,2026-08-29 10:10:18.949531683,2026-08-30 10:10:18.949531683,2026-08-31 10:10:18.949531683,completed
RET_1121,ORD_11288,2026-10-03 18:45:29.540860168,wrong_item,2026-10-04 18:45:29.540860168,2026-10-05 18:45:29.540860168,2026-10-08 18:45:29.540860168,completed
RET_1122,ORD_11289,2026-08-21 10:24:13.487865242,wrong_item,2026-08-22 10:24:13.487865242,2026-08-23 10:24:13.487865242,2026-08-25 10:24:13.487865242,completed
RET_1123,ORD_11303,2026-08-15 17:47:50.704946612,size_issue,2026-08-17 17:47:50.704946612,2026-08-18 17:47:50.704946612,2026-08-19 17:47:50.704946612,completed
RET_1124,ORD_11307,2026-07-21 11:41:15.846139513,size_issue,2026-07-23 11:41:15.846139513,2026-07-24 11:41:15.846139513,2026-07-27 11:41:15.846139513,completed
RET_1125,ORD_11312,2026-08-29 20:48:47.444348039,defective,2026-08-30 20:48:47.444348039,2026-08-31 20:48:47.444348039,2026-09-02 20:48:47.444348039,completed
RET_1126,ORD_11313,2026-08-18 14:11:01.372865469,defective,2026-08-19 14:11:01.372865469,2026-08-20 14:11:01.372865469,2026-08-21 14:11:01.372865469,completed
RET_1127,ORD_11322,2026-09-20 21:37:39.718455001,defective,2026-09-22 21:37:39.718455001,2026-09-23 21:37:39.718455001,2026-09-26 21:37:39.718455001,completed
RET_1128,ORD_11338,2026-08-07 22:19:29.525049939,wrong_item,2026-08-08 22:19:29.525049939,2026-08-09 22:19:29.525049939,2026-08-11 22:19:29.525049939,completed
RET_1129,ORD_11346,2026-09-12 03:11:26.148244405,size_issue,2026-09-13 03:11:26.148244405,2026-09-14 03:11:26.148244405,2026-09-17 03:11:26.148244405,completed
RET_1130,ORD_11362,2026-10-17 06:47:34.490525005,defective,2026-10-19 06:47:34.490525005,2026-10-20 06:47:34.490525005,2026-10-23 06:47:34.490525005,completed
RET_1131,ORD_11367,2026-10-01 21:37:22.233393982,did_not_like,2026-10-03 21:37:22.233393982,2026-10-04 21:37:22.233393982,2026-10-07 21:37:22.233393982,completed
RET_1132,ORD_11371,2026-09-08 20:16:38.983845646,wrong_item,2026-09-09 20:16:38.983845646,2026-09-10 20:16:38.983845646,2026-09-11 20:16:38.983845646,completed
RET_1133,ORD_11372,2026-10-11 12:02:43.941310277,defective,2026-10-13 12:02:43.941310277,2026-10-14 12:02:43.941310277,2026-10-16 12:02:43.941310277,completed
RET_1134,ORD_11378,2026-10-07 23:45:50.434629926,wrong_item,2026-10-08 23:45:50.434629926,2026-10-09 23:45:50.434629926,2026-10-12 23:45:50.434629926,completed
RET_1135,ORD_11392,2026-07-18 09:25:36.981003135,size_issue,2026-07-20 09:25:36.981003135,2026-07-21 09:25:36.981003135,2026-07-24 09:25:36.981003135,completed
RET_1136,ORD_11395,2026-10-12 07:59:25.864007113,size_issue,2026-10-13 07:59:25.864007113,2026-10-14 07:59:25.864007113,2026-10-16 07:59:25.864007113,completed
RET_1137,ORD_11398,2026-09-13 06:49:33.779689779,did_not_like,2026-09-14 06:49:33.779689779,2026-09-15 06:49:33.779689779,2026-09-18 06:49:33.779689779,completed
RET_1138,ORD_11400,2026-07-22 21:44:53.700992649,did_not_like,2026-07-24 21:44:53.700992649,2026-07-25 21:44:53.700992649,2026-07-27 21:44:53.700992649,completed
RET_1139,ORD_11410,2026-08-12 22:58:54.590875675,wrong_item,2026-08-13 22:58:54.590875675,2026-08-14 22:58:54.590875675,2026-08-17 22:58:54.590875675,completed
RET_1140,ORD_11411,2026-07-17 18:41:36.478510176,did_not_like,2026-07-18 18:41:36.478510176,2026-07-19 18:41:36.478510176,2026-07-20 18:41:36.478510176,completed
RET_1141,ORD_11414,2026-09-08 03:31:39.306938791,did_not_like,2026-09-10 03:31:39.306938791,2026-09-11 03:31:39.306938791,2026-09-13 03:31:39.306938791,completed
RET_1142,ORD_11420,2026-08-14 02:54:23.877292574,defective,2026-08-15 02:54:23.877292574,2026-08-16 02:54:23.877292574,2026-08-17 02:54:23.877292574,completed
RET_1143,ORD_11437,2026-08-11 19:54:34.698384470,did_not_like,2026-08-12 19:54:34.698384470,2026-08-13 19:54:34.698384470,2026-08-15 19:54:34.698384470,completed
RET_1144,ORD_11442,2026-10-02 08:15:30.612820095,size_issue,2026-10-03 08:15:30.612820095,2026-10-04 08:15:30.612820095,2026-10-06 08:15:30.612820095,completed
RET_1145,ORD_11451,2026-08-12 18:21:43.177272349,did_not_like,2026-08-14 18:21:43.177272349,2026-08-15 18:21:43.177272349,2026-08-16 18:21:43.177272349,completed
RET_1146,ORD_11453,2026-08-08 12:16:42.667532081,wrong_item,2026-08-10 12:16:42.667532081,2026-08-11 12:16:42.667532081,2026-08-14 12:16:42.667532081,completed
RET_1147,ORD_11467,2026-07-28 09:45:30.827315235,wrong_item,2026-07-29 09:45:30.827315235,2026-07-30 09:45:30.827315235,2026-08-01 09:45:30.827315235,completed
RET_1148,ORD_11468,2026-07-31 21:12:44.490785478,did_not_like,2026-08-01 21:12:44.490785478,2026-08-02 21:12:44.490785478,2026-08-03 21:12:44.490785478,completed
RET_1149,ORD_11469,2026-07-31 17:17:26.208377306,defective,2026-08-02 17:17:26.208377306,2026-08-03 17:17:26.208377306,2026-08-06 17:17:26.208377306,completed
RET_1150,ORD_11483,2026-07-14 01:32:32.783316779,did_not_like,2026-07-16 01:32:32.783316779,2026-07-17 01:32:32.783316779,2026-07-18 01:32:32.783316779,completed
RET_1151,ORD_11517,2026-09-21 21:28:36.936706333,size_issue,2026-09-23 21:28:36.936706333,2026-09-24 21:28:36.936706333,2026-09-25 21:28:36.936706333,completed
RET_1152,ORD_11519,2026-08-03 06:12:53.289035559,wrong_item,2026-08-05 06:12:53.289035559,2026-08-06 06:12:53.289035559,2026-08-07 06:12:53.289035559,completed
RET_1153,ORD_11523,2026-08-26 09:47:17.091255735,wrong_item,2026-08-28 09:47:17.091255735,2026-08-29 09:47:17.091255735,2026-08-30 09:47:17.091255735,completed
RET_1154,ORD_11542,2026-07-17 20:07:57.031138202,did_not_like,2026-07-19 20:07:57.031138202,2026-07-20 20:07:57.031138202,2026-07-23 20:07:57.031138202,completed
RET_1155,ORD_11547,2026-08-21 13:05:49.771515186,size_issue,2026-08-22 13:05:49.771515186,2026-08-23 13:05:49.771515186,2026-08-24 13:05:49.771515186,completed
RET_1156,ORD_11561,2026-07-16 12:49:25.962986241,size_issue,2026-07-18 12:49:25.962986241,2026-07-19 12:49:25.962986241,2026-07-20 12:49:25.962986241,completed
RET_1157,ORD_11566,2026-09-30 07:43:48.929407776,did_not_like,2026-10-02 07:43:48.929407776,2026-10-03 07:43:48.929407776,2026-10-06 07:43:48.929407776,completed
RET_1158,ORD_11569,2026-10-05 10:40:42.998454265,defective,2026-10-07 10:40:42.998454265,2026-10-08 10:40:42.998454265,2026-10-09 10:40:42.998454265,completed
RET_1159,ORD_11579,2026-07-24 19:39:43.580016542,size_issue,2026-07-25 19:39:43.580016542,2026-07-26 19:39:43.580016542,2026-07-28 19:39:43.580016542,completed
RET_1160,ORD_11584,2026-07-22 02:48:51.394272423,size_issue,2026-07-24 02:48:51.394272423,2026-07-25 02:48:51.394272423,2026-07-26 02:48:51.394272423,completed
RET_1161,ORD_11595,2026-07-25 20:55:36.101397828,defective,2026-07-27 20:55:36.101397828,2026-07-28 20:55:36.101397828,2026-07-29 20:55:36.101397828,completed
RET_1162,ORD_11598,2026-07-22 12:22:33.335345666,did_not_like,2026-07-24 12:22:33.335345666,2026-07-25 12:22:33.335345666,2026-07-28 12:22:33.335345666,completed
RET_1163,ORD_11612,2026-09-17 20:45:11.117506862,size_issue,2026-09-19 20:45:11.117506862,2026-09-20 20:45:11.117506862,2026-09-21 20:45:11.117506862,completed
RET_1164,ORD_11614,2026-09-27 19:58:58.218920891,defective,2026-09-29 19:58:58.218920891,2026-09-30 19:58:58.218920891,2026-10-01 19:58:58.218920891,completed
RET_1165,ORD_11615,2026-10-07 22:02:36.835545879,did_not_like,2026-10-08 22:02:36.835545879,2026-10-09 22:02:36.835545879,2026-10-10 22:02:36.835545879,completed
RET_1166,ORD_11628,2026-07-31 06:06:43.420386240,wrong_item,2026-08-01 06:06:43.420386240,2026-08-02 06:06:43.420386240,2026-08-05 06:06:43.420386240,completed
RET_1167,ORD_11641,2026-09-20 09:14:29.070045952,size_issue,2026-09-21 09:14:29.070045952,2026-09-22 09:14:29.070045952,2026-09-23 09:14:29.070045952,completed
RET_1168,ORD_11651,2026-09-03 02:14:22.924818878,did_not_like,2026-09-05 02:14:22.924818878,2026-09-06 02:14:22.924818878,2026-09-08 02:14:22.924818878,completed
RET_1169,ORD_11655,2026-08-03 06:21:46.020279073,wrong_item,2026-08-05 06:21:46.020279073,2026-08-06 06:21:46.020279073,2026-08-08 06:21:46.020279073,completed
RET_1170,ORD_11657,2026-09-20 00:16:54.386316276,defective,2026-09-22 00:16:54.386316276,2026-09-23 00:16:54.386316276,2026-09-26 00:16:54.386316276,completed
RET_1171,ORD_11658,2026-09-19 21:45:07.768944889,defective,2026-09-20 21:45:07.768944889,2026-09-21 21:45:07.768944889,2026-09-24 21:45:07.768944889,completed
RET_1172,ORD_11666,2026-08-23 00:10:09.011712779,defective,2026-08-25 00:10:09.011712779,2026-08-26 00:10:09.011712779,2026-08-28 00:10:09.011712779,completed
RET_1173,ORD_11671,2026-09-26 04:17:42.845029007,defective,2026-09-28 04:17:42.845029007,2026-09-29 04:17:42.845029007,2026-10-01 04:17:42.845029007,completed
RET_1174,ORD_11681,2026-10-07 14:12:43.037253051,wrong_item,2026-10-08 14:12:43.037253051,2026-10-09 14:12:43.037253051,2026-10-11 14:12:43.037253051,completed
RET_1175,ORD_11707,2026-09-10 15:20:09.357859604,did_not_like,2026-09-12 15:20:09.357859604,2026-09-13 15:20:09.357859604,2026-09-16 15:20:09.357859604,completed
RET_1176,ORD_11711,2026-07-22 09:28:02.549202601,did_not_like,2026-07-23 09:28:02.549202601,2026-07-24 09:28:02.549202601,2026-07-27 09:28:02.549202601,completed
RET_1177,ORD_11718,2026-08-19 01:43:15.627780597,defective,2026-08-21 01:43:15.627780597,2026-08-22 01:43:15.627780597,2026-08-24 01:43:15.627780597,completed
RET_1178,ORD_11750,2026-08-07 17:30:51.480211921,did_not_like,2026-08-09 17:30:51.480211921,2026-08-10 17:30:51.480211921,2026-08-13 17:30:51.480211921,completed
RET_1179,ORD_11751,2026-07-31 17:51:37.490058947,size_issue,2026-08-01 17:51:37.490058947,2026-08-02 17:51:37.490058947,2026-08-03 17:51:37.490058947,completed
RET_1180,ORD_11755,2026-08-05 14:03:04.444888147,defective,2026-08-06 14:03:04.444888147,2026-08-07 14:03:04.444888147,2026-08-08 14:03:04.444888147,completed
RET_1181,ORD_11758,2026-08-26 23:44:10.098317197,did_not_like,2026-08-28 23:44:10.098317197,2026-08-29 23:44:10.098317197,2026-08-31 23:44:10.098317197,completed
RET_1182,ORD_11787,2026-09-30 18:38:10.581532756,wrong_item,2026-10-01 18:38:10.581532756,2026-10-02 18:38:10.581532756,2026-10-05 18:38:10.581532756,completed
RET_1183,ORD_11796,2026-08-09 04:54:32.526307893,size_issue,2026-08-10 04:54:32.526307893,2026-08-11 04:54:32.526307893,2026-08-14 04:54:32.526307893,completed
RET_1184,ORD_11810,2026-10-05 03:50:13.486011357,defective,2026-10-06 03:50:13.486011357,2026-10-07 03:50:13.486011357,2026-10-10 03:50:13.486011357,completed
RET_1185,ORD_11822,2026-09-17 15:07:15.127427717,size_issue,2026-09-19 15:07:15.127427717,2026-09-20 15:07:15.127427717,2026-09-23 15:07:15.127427717,completed
RET_1186,ORD_11823,2026-09-19 00:15:28.098759767,wrong_item,2026-09-20 00:15:28.098759767,2026-09-21 00:15:28.098759767,2026-09-24 00:15:28.098759767,completed
RET_1187,ORD_11824,2026-10-05 23:00:35.674887480,wrong_item,2026-10-06 23:00:35.674887480,2026-10-07 23:00:35.674887480,2026-10-08 23:00:35.674887480,completed
RET_1188,ORD_11826,2026-08-20 09:39:05.294765769,defective,2026-08-22 09:39:05.294765769,2026-08-23 09:39:05.294765769,2026-08-24 09:39:05.294765769,completed
RET_1189,ORD_11828,2026-07-26 20:36:28.159785121,defective,2026-07-27 20:36:28.159785121,2026-07-28 20:36:28.159785121,2026-07-31 20:36:28.159785121,completed
RET_1190,ORD_11850,2026-08-02 16:19:50.202125727,wrong_item,2026-08-04 16:19:50.202125727,2026-08-05 16:19:50.202125727,2026-08-06 16:19:50.202125727,completed
RET_1191,ORD_11851,2026-09-26 17:13:28.359217471,did_not_like,2026-09-28 17:13:28.359217471,2026-09-29 17:13:28.359217471,2026-10-01 17:13:28.359217471,completed
RET_1192,ORD_11852,2026-09-27 16:46:02.650444012,did_not_like,2026-09-28 16:46:02.650444012,2026-09-29 16:46:02.650444012,2026-09-30 16:46:02.650444012,completed
RET_1193,ORD_11855,2026-09-28 09:47:49.785261010,size_issue,2026-09-29 09:47:49.785261010,2026-09-30 09:47:49.785261010,2026-10-01 09:47:49.785261010,completed
RET_1194,ORD_11856,2026-07-29 12:15:18.506663851,wrong_item,2026-07-31 12:15:18.506663851,2026-08-01 12:15:18.506663851,2026-08-02 12:15:18.506663851,completed
RET_1195,ORD_11863,2026-07-23 12:02:06.199608729,size_issue,2026-07-24 12:02:06.199608729,2026-07-25 12:02:06.199608729,2026-07-26 12:02:06.199608729,completed
RET_1196,ORD_11890,2026-10-02 08:01:50.649559377,size_issue,2026-10-03 08:01:50.649559377,2026-10-04 08:01:50.649559377,2026-10-06 08:01:50.649559377,completed
RET_1197,ORD_11943,2026-07-24 00:58:20.667556049,did_not_like,2026-07-25 00:58:20.667556049,2026-07-26 00:58:20.667556049,2026-07-28 00:58:20.667556049,completed
RET_1198,ORD_11955,2026-09-04 14:45:12.114813756,defective,2026-09-06 14:45:12.114813756,2026-09-07 14:45:12.114813756,2026-09-10 14:45:12.114813756,completed
RET_1199,ORD_12004,2026-08-12 15:35:51.670974225,did_not_like,2026-08-13 15:35:51.670974225,2026-08-14 15:35:51.670974225,2026-08-16 15:35:51.670974225,completed
RET_1200,ORD_12006,2026-09-11 18:52:31.209394358,size_issue,2026-09-13 18:52:31.209394358,2026-09-14 18:52:31.209394358,2026-09-16 18:52:31.209394358,completed
RET_1201,ORD_12025,2026-08-21 16:55:31.000632287,defective,2026-08-23 16:55:31.000632287,2026-08-24 16:55:31.000632287,2026-08-27 16:55:31.000632287,completed
RET_1202,ORD_12038,2026-07-07 19:14:48.531931508,did_not_like,2026-07-09 19:14:48.531931508,2026-07-10 19:14:48.531931508,2026-07-13 19:14:48.531931508,completed
RET_1203,ORD_12040,2026-07-28 09:56:59.114672625,defective,2026-07-30 09:56:59.114672625,2026-07-31 09:56:59.114672625,2026-08-02 09:56:59.114672625,completed
RET_1204,ORD_12069,2026-09-24 12:06:59.624657195,wrong_item,2026-09-25 12:06:59.624657195,2026-09-26 12:06:59.624657195,2026-09-27 12:06:59.624657195,completed
RET_1205,ORD_12081,2026-08-19 03:40:52.667031734,did_not_like,2026-08-20 03:40:52.667031734,2026-08-21 03:40:52.667031734,2026-08-24 03:40:52.667031734,completed
RET_1206,ORD_12082,2026-08-28 04:25:53.105728623,defective,2026-08-30 04:25:53.105728623,2026-08-31 04:25:53.105728623,2026-09-03 04:25:53.105728623,completed
RET_1207,ORD_12084,2026-09-13 03:48:29.819902462,wrong_item,2026-09-15 03:48:29.819902462,2026-09-16 03:48:29.819902462,2026-09-17 03:48:29.819902462,completed
RET_1208,ORD_12086,2026-09-07 17:16:17.092286778,defective,2026-09-08 17:16:17.092286778,2026-09-09 17:16:17.092286778,2026-09-11 17:16:17.092286778,completed
RET_1209,ORD_12090,2026-09-24 08:33:53.818197252,did_not_like,2026-09-25 08:33:53.818197252,2026-09-26 08:33:53.818197252,2026-09-29 08:33:53.818197252,completed
RET_1210,ORD_12102,2026-07-15 03:53:21.421366019,defective,2026-07-17 03:53:21.421366019,2026-07-18 03:53:21.421366019,2026-07-20 03:53:21.421366019,completed
RET_1211,ORD_12103,2026-09-15 14:31:38.913096034,wrong_item,2026-09-16 14:31:38.913096034,2026-09-17 14:31:38.913096034,2026-09-19 14:31:38.913096034,completed
RET_1212,ORD_12105,2026-09-10 04:30:17.880274615,size_issue,2026-09-12 04:30:17.880274615,2026-09-13 04:30:17.880274615,2026-09-14 04:30:17.880274615,completed
RET_1213,ORD_12109,2026-08-04 05:10:12.514672468,defective,2026-08-06 05:10:12.514672468,2026-08-07 05:10:12.514672468,2026-08-10 05:10:12.514672468,completed
RET_1214,ORD_12151,2026-08-27 05:19:04.047884552,wrong_item,2026-08-29 05:19:04.047884552,2026-08-30 05:19:04.047884552,2026-08-31 05:19:04.047884552,completed
RET_1215,ORD_12160,2026-08-04 06:17:41.901563767,did_not_like,2026-08-06 06:17:41.901563767,2026-08-07 06:17:41.901563767,2026-08-09 06:17:41.901563767,completed
RET_1216,ORD_12185,2026-09-20 08:19:09.575836657,size_issue,2026-09-21 08:19:09.575836657,2026-09-22 08:19:09.575836657,2026-09-23 08:19:09.575836657,completed
RET_1217,ORD_12201,2026-08-15 01:38:30.463265155,size_issue,2026-08-17 01:38:30.463265155,2026-08-18 01:38:30.463265155,2026-08-19 01:38:30.463265155,completed
RET_1218,ORD_12206,2026-08-05 04:47:48.372695381,wrong_item,2026-08-07 04:47:48.372695381,2026-08-08 04:47:48.372695381,2026-08-09 04:47:48.372695381,completed
RET_1219,ORD_12214,2026-08-25 16:54:28.654645490,size_issue,2026-08-26 16:54:28.654645490,2026-08-27 16:54:28.654645490,2026-08-28 16:54:28.654645490,completed
RET_1220,ORD_12223,2026-08-11 12:43:33.886122179,did_not_like,2026-08-13 12:43:33.886122179,2026-08-14 12:43:33.886122179,2026-08-17 12:43:33.886122179,completed
RET_1221,ORD_12228,2026-08-31 21:00:37.953451603,defective,2026-09-01 21:00:37.953451603,2026-09-02 21:00:37.953451603,2026-09-03 21:00:37.953451603,completed
RET_1222,ORD_12231,2026-08-24 20:49:11.492469432,size_issue,2026-08-26 20:49:11.492469432,2026-08-27 20:49:11.492469432,2026-08-29 20:49:11.492469432,completed
RET_1223,ORD_12232,2026-09-16 11:21:57.186134913,wrong_item,2026-09-18 11:21:57.186134913,2026-09-19 11:21:57.186134913,2026-09-22 11:21:57.186134913,completed
RET_1224,ORD_12247,2026-09-15 02:56:00.854001976,defective,2026-09-17 02:56:00.854001976,2026-09-18 02:56:00.854001976,2026-09-21 02:56:00.854001976,completed
RET_1225,ORD_12258,2026-08-19 19:42:36.209653925,wrong_item,2026-08-20 19:42:36.209653925,2026-08-21 19:42:36.209653925,2026-08-23 19:42:36.209653925,completed
RET_1226,ORD_12265,2026-09-24 16:28:52.966555724,defective,2026-09-25 16:28:52.966555724,2026-09-26 16:28:52.966555724,2026-09-29 16:28:52.966555724,completed
RET_1227,ORD_12291,2026-08-06 21:29:12.107498821,size_issue,2026-08-07 21:29:12.107498821,2026-08-08 21:29:12.107498821,2026-08-11 21:29:12.107498821,completed
RET_1228,ORD_12292,2026-09-11 17:56:24.825650786,defective,2026-09-13 17:56:24.825650786,2026-09-14 17:56:24.825650786,2026-09-16 17:56:24.825650786,completed
RET_1229,ORD_12312,2026-09-21 04:06:56.365907343,wrong_item,2026-09-22 04:06:56.365907343,2026-09-23 04:06:56.365907343,2026-09-26 04:06:56.365907343,completed
RET_1230,ORD_12314,2026-09-04 11:38:32.333371793,defective,2026-09-06 11:38:32.333371793,2026-09-07 11:38:32.333371793,2026-09-09 11:38:32.333371793,completed
RET_1231,ORD_12317,2026-07-24 23:04:14.866757436,did_not_like,2026-07-25 23:04:14.866757436,2026-07-26 23:04:14.866757436,2026-07-29 23:04:14.866757436,completed
RET_1232,ORD_12325,2026-08-23 18:15:44.786880675,did_not_like,2026-08-24 18:15:44.786880675,2026-08-25 18:15:44.786880675,2026-08-27 18:15:44.786880675,completed
RET_1233,ORD_12330,2026-07-17 12:01:19.969158168,did_not_like,2026-07-19 12:01:19.969158168,2026-07-20 12:01:19.969158168,2026-07-22 12:01:19.969158168,completed
RET_1234,ORD_12336,2026-10-08 01:00:25.973312434,did_not_like,2026-10-10 01:00:25.973312434,2026-10-11 01:00:25.973312434,2026-10-14 01:00:25.973312434,completed
RET_1235,ORD_12339,2026-08-22 07:05:45.592188861,size_issue,2026-08-24 07:05:45.592188861,2026-08-25 07:05:45.592188861,2026-08-28 07:05:45.592188861,completed
RET_1236,ORD_12340,2026-08-29 03:21:50.117227741,did_not_like,2026-08-30 03:21:50.117227741,2026-08-31 03:21:50.117227741,2026-09-01 03:21:50.117227741,completed
RET_1237,ORD_12346,2026-09-02 10:16:23.182492319,defective,2026-09-03 10:16:23.182492319,2026-09-04 10:16:23.182492319,2026-09-05 10:16:23.182492319,completed
RET_1238,ORD_12360,2026-09-03 05:30:07.375147441,size_issue,2026-09-05 05:30:07.375147441,2026-09-06 05:30:07.375147441,2026-09-07 05:30:07.375147441,completed
RET_1239,ORD_12366,2026-09-21 22:00:31.856018840,wrong_item,2026-09-22 22:00:31.856018840,2026-09-23 22:00:31.856018840,2026-09-25 22:00:31.856018840,completed
RET_1240,ORD_12367,2026-09-10 14:13:38.097943795,did_not_like,2026-09-12 14:13:38.097943795,2026-09-13 14:13:38.097943795,2026-09-15 14:13:38.097943795,completed
RET_1241,ORD_12382,2026-09-25 08:42:21.433764702,defective,2026-09-27 08:42:21.433764702,2026-09-28 08:42:21.433764702,2026-10-01 08:42:21.433764702,completed
RET_1242,ORD_12383,2026-08-15 04:41:22.568214700,wrong_item,2026-08-17 04:41:22.568214700,2026-08-18 04:41:22.568214700,2026-08-19 04:41:22.568214700,completed
RET_1243,ORD_12387,2026-08-06 19:37:59.001916960,wrong_item,2026-08-08 19:37:59.001916960,2026-08-09 19:37:59.001916960,2026-08-11 19:37:59.001916960,completed
RET_1244,ORD_12390,2026-08-23 23:45:36.447532379,wrong_item,2026-08-24 23:45:36.447532379,2026-08-25 23:45:36.447532379,2026-08-28 23:45:36.447532379,completed
RET_1245,ORD_12396,2026-08-04 22:37:32.531544158,defective,2026-08-05 22:37:32.531544158,2026-08-06 22:37:32.531544158,2026-08-09 22:37:32.531544158,completed
RET_1246,ORD_12405,2026-09-29 16:11:25.299376191,size_issue,2026-09-30 16:11:25.299376191,2026-10-01 16:11:25.299376191,2026-10-02 16:11:25.299376191,completed
RET_1247,ORD_12417,2026-09-07 02:34:56.029859774,size_issue,2026-09-08 02:34:56.029859774,2026-09-09 02:34:56.029859774,2026-09-11 02:34:56.029859774,completed
RET_1248,ORD_12419,2026-07-19 12:38:18.931680501,did_not_like,2026-07-21 12:38:18.931680501,2026-07-22 12:38:18.931680501,2026-07-23 12:38:18.931680501,completed
RET_1249,ORD_12422,2026-09-14 09:02:53.430594740,did_not_like,2026-09-16 09:02:53.430594740,2026-09-17 09:02:53.430594740,2026-09-19 09:02:53.430594740,completed
RET_1250,ORD_12424,2026-10-02 13:07:08.771929628,defective,2026-10-04 13:07:08.771929628,2026-10-05 13:07:08.771929628,2026-10-08 13:07:08.771929628,completed
RET_1251,ORD_12426,2026-09-24 13:28:33.386854060,did_not_like,2026-09-26 13:28:33.386854060,2026-09-27 13:28:33.386854060,2026-09-29 13:28:33.386854060,completed
RET_1252,ORD_12444,2026-09-18 01:38:51.143109507,wrong_item,2026-09-20 01:38:51.143109507,2026-09-21 01:38:51.143109507,2026-09-24 01:38:51.143109507,completed
RET_1253,ORD_12452,2026-10-08 03:31:42.905714607,defective,2026-10-10 03:31:42.905714607,2026-10-11 03:31:42.905714607,2026-10-12 03:31:42.905714607,completed
RET_1254,ORD_12459,2026-08-07 00:46:22.816752609,defective,2026-08-08 00:46:22.816752609,2026-08-09 00:46:22.816752609,2026-08-10 00:46:22.816752609,completed
RET_1255,ORD_12474,2026-09-20 06:53:53.475802637,did_not_like,2026-09-22 06:53:53.475802637,2026-09-23 06:53:53.475802637,2026-09-24 06:53:53.475802637,completed
RET_1256,ORD_12476,2026-09-14 17:37:14.077309064,size_issue,2026-09-15 17:37:14.077309064,2026-09-16 17:37:14.077309064,2026-09-17 17:37:14.077309064,completed
RET_1257,ORD_12485,2026-08-28 09:28:12.631809801,defective,2026-08-29 09:28:12.631809801,2026-08-30 09:28:12.631809801,2026-08-31 09:28:12.631809801,completed
RET_1258,ORD_12515,2026-09-06 12:27:08.921982087,size_issue,2026-09-08 12:27:08.921982087,2026-09-09 12:27:08.921982087,2026-09-11 12:27:08.921982087,completed
RET_1259,ORD_12536,2026-08-16 21:28:22.451379856,defective,2026-08-17 21:28:22.451379856,2026-08-18 21:28:22.451379856,2026-08-20 21:28:22.451379856,completed
RET_1260,ORD_12542,2026-09-15 04:43:26.280707853,size_issue,2026-09-16 04:43:26.280707853,2026-09-17 04:43:26.280707853,2026-09-19 04:43:26.280707853,completed
RET_1261,ORD_12546,2026-10-03 08:14:04.285576702,did_not_like,2026-10-05 08:14:04.285576702,2026-10-06 08:14:04.285576702,2026-10-09 08:14:04.285576702,completed
RET_1262,ORD_12566,2026-10-07 11:44:57.960785512,defective,2026-10-09 11:44:57.960785512,2026-10-10 11:44:57.960785512,2026-10-11 11:44:57.960785512,completed
RET_1263,ORD_12575,2026-08-18 19:45:09.482553244,size_issue,2026-08-20 19:45:09.482553244,2026-08-21 19:45:09.482553244,2026-08-22 19:45:09.482553244,completed
RET_1264,ORD_12582,2026-08-25 23:49:49.939753837,defective,2026-08-27 23:49:49.939753837,2026-08-28 23:49:49.939753837,2026-08-30 23:49:49.939753837,completed
RET_1265,ORD_12584,2026-07-30 05:58:00.176907697,wrong_item,2026-08-01 05:58:00.176907697,2026-08-02 05:58:00.176907697,2026-08-04 05:58:00.176907697,completed
RET_1266,ORD_12597,2026-09-13 14:29:57.844510953,wrong_item,2026-09-15 14:29:57.844510953,2026-09-16 14:29:57.844510953,2026-09-17 14:29:57.844510953,completed
RET_1267,ORD_12602,2026-10-05 09:25:34.878277627,did_not_like,2026-10-06 09:25:34.878277627,2026-10-07 09:25:34.878277627,2026-10-10 09:25:34.878277627,completed
RET_1268,ORD_12609,2026-09-27 23:32:15.452348468,wrong_item,2026-09-28 23:32:15.452348468,2026-09-29 23:32:15.452348468,2026-10-02 23:32:15.452348468,completed
RET_1269,ORD_12617,2026-08-16 11:02:07.080073136,defective,2026-08-17 11:02:07.080073136,2026-08-18 11:02:07.080073136,2026-08-20 11:02:07.080073136,completed
RET_1270,ORD_12627,2026-09-11 18:51:57.809095854,size_issue,2026-09-13 18:51:57.809095854,2026-09-14 18:51:57.809095854,2026-09-16 18:51:57.809095854,completed
RET_1271,ORD_12628,2026-08-09 07:53:11.467669420,defective,2026-08-10 07:53:11.467669420,2026-08-11 07:53:11.467669420,2026-08-14 07:53:11.467669420,completed
RET_1272,ORD_12636,2026-10-08 16:07:06.505235182,size_issue,2026-10-09 16:07:06.505235182,2026-10-10 16:07:06.505235182,2026-10-12 16:07:06.505235182,completed
RET_1273,ORD_12639,2026-08-28 09:04:31.739442592,defective,2026-08-30 09:04:31.739442592,2026-08-31 09:04:31.739442592,2026-09-03 09:04:31.739442592,completed
RET_1274,ORD_12652,2026-08-12 23:13:54.994225732,size_issue,2026-08-13 23:13:54.994225732,2026-08-14 23:13:54.994225732,2026-08-15 23:13:54.994225732,completed
RET_1275,ORD_12667,2026-08-19 11:44:19.065832718,wrong_item,2026-08-21 11:44:19.065832718,2026-08-22 11:44:19.065832718,2026-08-25 11:44:19.065832718,completed
RET_1276,ORD_12670,2026-08-15 06:11:51.324958456,size_issue,2026-08-17 06:11:51.324958456,2026-08-18 06:11:51.324958456,2026-08-21 06:11:51.324958456,completed
RET_1277,ORD_12679,2026-10-09 18:15:15.039171353,defective,2026-10-10 18:15:15.039171353,2026-10-11 18:15:15.039171353,2026-10-12 18:15:15.039171353,completed
RET_1278,ORD_12696,2026-09-24 10:33:08.377789827,size_issue,2026-09-26 10:33:08.377789827,2026-09-27 10:33:08.377789827,2026-09-28 10:33:08.377789827,completed
RET_1279,ORD_12710,2026-08-05 01:07:15.890247596,wrong_item,2026-08-07 01:07:15.890247596,2026-08-08 01:07:15.890247596,2026-08-11 01:07:15.890247596,completed
RET_1280,ORD_12726,2026-09-09 14:54:23.963306059,did_not_like,2026-09-11 14:54:23.963306059,2026-09-12 14:54:23.963306059,2026-09-14 14:54:23.963306059,completed
RET_1281,ORD_12750,2026-07-15 11:34:51.099205681,size_issue,2026-07-17 11:34:51.099205681,2026-07-18 11:34:51.099205681,2026-07-21 11:34:51.099205681,completed
RET_1282,ORD_12768,2026-07-20 21:02:34.870685596,size_issue,2026-07-22 21:02:34.870685596,2026-07-23 21:02:34.870685596,2026-07-25 21:02:34.870685596,completed
RET_1283,ORD_12809,2026-09-19 19:31:54.329681736,size_issue,2026-09-20 19:31:54.329681736,2026-09-21 19:31:54.329681736,2026-09-22 19:31:54.329681736,completed
RET_1284,ORD_12815,2026-09-21 22:23:02.633513885,defective,2026-09-22 22:23:02.633513885,2026-09-23 22:23:02.633513885,2026-09-25 22:23:02.633513885,completed
RET_1285,ORD_12819,2026-07-23 22:09:54.482064223,did_not_like,2026-07-25 22:09:54.482064223,2026-07-26 22:09:54.482064223,2026-07-28 22:09:54.482064223,completed
RET_1286,ORD_12830,2026-09-02 04:10:21.069663907,did_not_like,2026-09-04 04:10:21.069663907,2026-09-05 04:10:21.069663907,2026-09-06 04:10:21.069663907,completed
RET_1287,ORD_12837,2026-07-22 16:04:45.269975151,size_issue,2026-07-23 16:04:45.269975151,2026-07-24 16:04:45.269975151,2026-07-26 16:04:45.269975151,completed
RET_1288,ORD_12852,2026-09-30 06:13:32.994509608,wrong_item,2026-10-02 06:13:32.994509608,2026-10-03 06:13:32.994509608,2026-10-05 06:13:32.994509608,completed
RET_1289,ORD_12854,2026-09-09 10:39:26.899610027,wrong_item,2026-09-11 10:39:26.899610027,2026-09-12 10:39:26.899610027,2026-09-14 10:39:26.899610027,completed
RET_1290,ORD_12872,2026-10-10 06:46:10.895227722,did_not_like,2026-10-11 06:46:10.895227722,2026-10-12 06:46:10.895227722,2026-10-13 06:46:10.895227722,completed
RET_1291,ORD_12880,2026-08-15 01:33:36.579443695,wrong_item,2026-08-16 01:33:36.579443695,2026-08-17 01:33:36.579443695,2026-08-18 01:33:36.579443695,completed
RET_1292,ORD_12892,2026-09-14 07:59:26.878969753,size_issue,2026-09-16 07:59:26.878969753,2026-09-17 07:59:26.878969753,2026-09-20 07:59:26.878969753,completed
RET_1293,ORD_12903,2026-09-22 01:41:35.386040727,did_not_like,2026-09-24 01:41:35.386040727,2026-09-25 01:41:35.386040727,2026-09-28 01:41:35.386040727,completed
RET_1294,ORD_12919,2026-07-29 10:30:36.869737222,defective,2026-07-30 10:30:36.869737222,2026-07-31 10:30:36.869737222,2026-08-02 10:30:36.869737222,completed
RET_1295,ORD_12921,2026-09-20 16:36:43.569548743,size_issue,2026-09-21 16:36:43.569548743,2026-09-22 16:36:43.569548743,2026-09-23 16:36:43.569548743,completed
RET_1296,ORD_12939,2026-09-03 02:35:09.262600220,did_not_like,2026-09-04 02:35:09.262600220,2026-09-05 02:35:09.262600220,2026-09-06 02:35:09.262600220,completed
RET_1297,ORD_12941,2026-07-14 16:45:05.555021822,size_issue,2026-07-16 16:45:05.555021822,2026-07-17 16:45:05.555021822,2026-07-20 16:45:05.555021822,completed
RET_1298,ORD_12947,2026-09-11 14:45:21.323654079,did_not_like,2026-09-13 14:45:21.323654079,2026-09-14 14:45:21.323654079,2026-09-17 14:45:21.323654079,completed
RET_1299,ORD_12949,2026-09-04 14:24:38.957912201,size_issue,2026-09-05 14:24:38.957912201,2026-09-06 14:24:38.957912201,2026-09-07 14:24:38.957912201,completed
RET_1300,ORD_12956,2026-10-03 03:13:50.752678936,did_not_like,2026-10-04 03:13:50.752678936,2026-10-05 03:13:50.752678936,2026-10-06 03:13:50.752678936,completed
RET_1301,ORD_12957,2026-10-12 22:51:39.117061020,wrong_item,2026-10-14 22:51:39.117061020,2026-10-15 22:51:39.117061020,2026-10-16 22:51:39.117061020,completed
RET_1302,ORD_12961,2026-10-02 07:06:22.411599159,did_not_like,2026-10-04 07:06:22.411599159,2026-10-05 07:06:22.411599159,2026-10-08 07:06:22.411599159,completed
RET_1303,ORD_12974,2026-08-17 10:33:52.527978704,size_issue,2026-08-19 10:33:52.527978704,2026-08-20 10:33:52.527978704,2026-08-22 10:33:52.527978704,completed
RET_1304,ORD_12983,2026-10-13 13:38:26.007669101,wrong_item,2026-10-15 13:38:26.007669101,2026-10-16 13:38:26.007669101,2026-10-17 13:38:26.007669101,completed
RET_1305,ORD_12985,2026-07-29 06:05:56.338392583,size_issue,2026-07-30 06:05:56.338392583,2026-07-31 06:05:56.338392583,2026-08-02 06:05:56.338392583,completed
RET_1306,ORD_12986,2026-08-24 02:51:02.195880987,did_not_like,2026-08-26 02:51:02.195880987,2026-08-27 02:51:02.195880987,2026-08-30 02:51:02.195880987,completed
RET_1307,ORD_12987,2026-09-05 18:54:01.881237223,wrong_item,2026-09-06 18:54:01.881237223,2026-09-07 18:54:01.881237223,2026-09-10 18:54:01.881237223,completed
RET_1308,ORD_12988,2026-09-06 05:16:26.474960573,size_issue,2026-09-07 05:16:26.474960573,2026-09-08 05:16:26.474960573,2026-09-11 05:16:26.474960573,completed
RET_1309,ORD_12992,2026-07-26 18:36:04.069799859,wrong_item,2026-07-28 18:36:04.069799859,2026-07-29 18:36:04.069799859,2026-07-30 18:36:04.069799859,completed
RET_1310,ORD_13013,2026-07-15 23:26:46.877953291,size_issue,2026-07-17 23:26:46.877953291,2026-07-18 23:26:46.877953291,2026-07-20 23:26:46.877953291,completed
RET_1311,ORD_13040,2026-08-27 08:18:48.358095166,size_issue,2026-08-29 08:18:48.358095166,2026-08-30 08:18:48.358095166,2026-09-01 08:18:48.358095166,completed
RET_1312,ORD_13060,2026-09-02 11:28:31.928720721,wrong_item,2026-09-03 11:28:31.928720721,2026-09-04 11:28:31.928720721,2026-09-05 11:28:31.928720721,completed
RET_1313,ORD_13063,2026-08-07 19:55:55.331110030,defective,2026-08-08 19:55:55.331110030,2026-08-09 19:55:55.331110030,2026-08-12 19:55:55.331110030,completed
RET_1314,ORD_13094,2026-07-15 04:18:21.236476087,defective,2026-07-16 04:18:21.236476087,2026-07-17 04:18:21.236476087,2026-07-20 04:18:21.236476087,completed
RET_1315,ORD_13103,2026-09-05 02:21:25.720456807,defective,2026-09-06 02:21:25.720456807,2026-09-07 02:21:25.720456807,2026-09-08 02:21:25.720456807,completed
RET_1316,ORD_13115,2026-08-18 09:00:55.285950249,did_not_like,2026-08-20 09:00:55.285950249,2026-08-21 09:00:55.285950249,2026-08-22 09:00:55.285950249,completed
RET_1317,ORD_13124,2026-09-17 08:39:52.641823598,size_issue,2026-09-18 08:39:52.641823598,2026-09-19 08:39:52.641823598,2026-09-21 08:39:52.641823598,completed
RET_1318,ORD_13127,2026-07-25 15:52:35.806297548,wrong_item,2026-07-27 15:52:35.806297548,2026-07-28 15:52:35.806297548,2026-07-31 15:52:35.806297548,completed
RET_1319,ORD_13137,2026-09-22 07:48:38.240856569,did_not_like,2026-09-24 07:48:38.240856569,2026-09-25 07:48:38.240856569,2026-09-26 07:48:38.240856569,completed
RET_1320,ORD_13156,2026-07-19 14:24:46.540540727,did_not_like,2026-07-21 14:24:46.540540727,2026-07-22 14:24:46.540540727,2026-07-25 14:24:46.540540727,completed
RET_1321,ORD_13180,2026-08-08 07:09:32.019789223,defective,2026-08-10 07:09:32.019789223,2026-08-11 07:09:32.019789223,2026-08-12 07:09:32.019789223,completed
RET_1322,ORD_13188,2026-08-03 17:26:05.951691758,did_not_like,2026-08-04 17:26:05.951691758,2026-08-05 17:26:05.951691758,2026-08-06 17:26:05.951691758,completed
RET_1323,ORD_13190,2026-09-18 10:06:56.171904538,wrong_item,2026-09-20 10:06:56.171904538,2026-09-21 10:06:56.171904538,2026-09-23 10:06:56.171904538,completed
RET_1324,ORD_13200,2026-08-07 21:24:26.977550257,defective,2026-08-08 21:24:26.977550257,2026-08-09 21:24:26.977550257,2026-08-11 21:24:26.977550257,completed
RET_1325,ORD_13209,2026-09-23 18:16:50.421949254,size_issue,2026-09-24 18:16:50.421949254,2026-09-25 18:16:50.421949254,2026-09-27 18:16:50.421949254,completed
RET_1326,ORD_13212,2026-07-31 07:14:29.665218646,defective,2026-08-01 07:14:29.665218646,2026-08-02 07:14:29.665218646,2026-08-03 07:14:29.665218646,completed
RET_1327,ORD_13214,2026-08-04 01:54:06.393350727,size_issue,2026-08-06 01:54:06.393350727,2026-08-07 01:54:06.393350727,2026-08-10 01:54:06.393350727,completed
RET_1328,ORD_13218,2026-09-30 16:50:53.155974052,wrong_item,2026-10-01 16:50:53.155974052,2026-10-02 16:50:53.155974052,2026-10-04 16:50:53.155974052,completed
RET_1329,ORD_13243,2026-09-01 15:09:24.567420863,size_issue,2026-09-02 15:09:24.567420863,2026-09-03 15:09:24.567420863,2026-09-04 15:09:24.567420863,completed
RET_1330,ORD_13244,2026-08-28 17:48:50.539851010,defective,2026-08-29 17:48:50.539851010,2026-08-30 17:48:50.539851010,2026-09-02 17:48:50.539851010,completed
RET_1331,ORD_13247,2026-09-16 08:19:16.404906626,did_not_like,2026-09-18 08:19:16.404906626,2026-09-19 08:19:16.404906626,2026-09-22 08:19:16.404906626,completed
RET_1332,ORD_13248,2026-09-11 08:36:34.275954233,wrong_item,2026-09-13 08:36:34.275954233,2026-09-14 08:36:34.275954233,2026-09-15 08:36:34.275954233,completed
RET_1333,ORD_13258,2026-08-12 12:14:47.788582833,size_issue,2026-08-14 12:14:47.788582833,2026-08-15 12:14:47.788582833,2026-08-18 12:14:47.788582833,completed
RET_1334,ORD_13261,2026-10-10 10:35:17.897542239,defective,2026-10-11 10:35:17.897542239,2026-10-12 10:35:17.897542239,2026-10-15 10:35:17.897542239,completed
RET_1335,ORD_13279,2026-08-07 21:06:20.075033628,size_issue,2026-08-09 21:06:20.075033628,2026-08-10 21:06:20.075033628,2026-08-12 21:06:20.075033628,completed
RET_1336,ORD_13280,2026-09-06 17:02:52.182649136,defective,2026-09-08 17:02:52.182649136,2026-09-09 17:02:52.182649136,2026-09-11 17:02:52.182649136,completed
RET_1337,ORD_13289,2026-09-15 07:58:54.430735463,wrong_item,2026-09-16 07:58:54.430735463,2026-09-17 07:58:54.430735463,2026-09-20 07:58:54.430735463,completed
RET_1338,ORD_13297,2026-09-16 21:56:49.357861153,size_issue,2026-09-18 21:56:49.357861153,2026-09-19 21:56:49.357861153,2026-09-22 21:56:49.357861153,completed
RET_1339,ORD_13299,2026-07-26 12:01:48.080017606,wrong_item,2026-07-28 12:01:48.080017606,2026-07-29 12:01:48.080017606,2026-08-01 12:01:48.080017606,completed
RET_1340,ORD_13333,2026-10-15 00:22:56.047524385,wrong_item,2026-10-17 00:22:56.047524385,2026-10-18 00:22:56.047524385,2026-10-20 00:22:56.047524385,completed
RET_1341,ORD_13378,2026-08-29 14:12:50.247008478,defective,2026-08-30 14:12:50.247008478,2026-08-31 14:12:50.247008478,2026-09-03 14:12:50.247008478,completed
RET_1342,ORD_13384,2026-08-27 15:17:11.636894707,size_issue,2026-08-29 15:17:11.636894707,2026-08-30 15:17:11.636894707,2026-09-01 15:17:11.636894707,completed
RET_1343,ORD_13392,2026-08-01 19:35:50.300427061,size_issue,2026-08-03 19:35:50.300427061,2026-08-04 19:35:50.300427061,2026-08-05 19:35:50.300427061,completed
RET_1344,ORD_13400,2026-07-20 18:07:39.077058035,defective,2026-07-21 18:07:39.077058035,2026-07-22 18:07:39.077058035,2026-07-24 18:07:39.077058035,completed
RET_1345,ORD_13407,2026-09-14 22:18:43.937556191,defective,2026-09-16 22:18:43.937556191,2026-09-17 22:18:43.937556191,2026-09-18 22:18:43.937556191,completed
RET_1346,ORD_13419,2026-10-01 17:25:36.541595750,size_issue,2026-10-02 17:25:36.541595750,2026-10-03 17:25:36.541595750,2026-10-04 17:25:36.541595750,completed
RET_1347,ORD_13429,2026-08-05 09:21:47.696150547,did_not_like,2026-08-06 09:21:47.696150547,2026-08-07 09:21:47.696150547,2026-08-09 09:21:47.696150547,completed
RET_1348,ORD_13461,2026-09-20 16:57:14.376378208,defective,2026-09-21 16:57:14.376378208,2026-09-22 16:57:14.376378208,2026-09-23 16:57:14.376378208,completed
RET_1349,ORD_13465,2026-08-23 08:52:04.003739704,defective,2026-08-25 08:52:04.003739704,2026-08-26 08:52:04.003739704,2026-08-29 08:52:04.003739704,completed
RET_1350,ORD_13466,2026-07-27 03:15:57.012425457,defective,2026-07-29 03:15:57.012425457,2026-07-30 03:15:57.012425457,2026-08-02 03:15:57.012425457,completed
RET_1351,ORD_13481,2026-08-13 18:47:35.550846459,defective,2026-08-15 18:47:35.550846459,2026-08-16 18:47:35.550846459,2026-08-19 18:47:35.550846459,completed
RET_1352,ORD_13488,2026-10-08 23:06:00.909982894,size_issue,2026-10-09 23:06:00.909982894,2026-10-10 23:06:00.909982894,2026-10-11 23:06:00.909982894,completed
RET_1353,ORD_13498,2026-08-09 21:27:28.354132802,size_issue,2026-08-10 21:27:28.354132802,2026-08-11 21:27:28.354132802,2026-08-12 21:27:28.354132802,completed
RET_1354,ORD_13500,2026-09-14 10:19:46.223866660,wrong_item,2026-09-16 10:19:46.223866660,2026-09-17 10:19:46.223866660,2026-09-18 10:19:46.223866660,completed
RET_1355,ORD_13502,2026-07-17 04:45:38.786747331,size_issue,2026-07-19 04:45:38.786747331,2026-07-20 04:45:38.786747331,2026-07-23 04:45:38.786747331,completed
RET_1356,ORD_13514,2026-07-16 13:01:07.960579344,size_issue,2026-07-18 13:01:07.960579344,2026-07-19 13:01:07.960579344,2026-07-21 13:01:07.960579344,completed
RET_1357,ORD_13516,2026-08-24 18:36:59.982073217,wrong_item,2026-08-25 18:36:59.982073217,2026-08-26 18:36:59.982073217,2026-08-27 18:36:59.982073217,completed
RET_1358,ORD_13539,2026-09-21 08:17:10.777720013,wrong_item,2026-09-22 08:17:10.777720013,2026-09-23 08:17:10.777720013,2026-09-24 08:17:10.777720013,completed
RET_1359,ORD_13544,2026-10-01 17:15:00.882794051,did_not_like,2026-10-02 17:15:00.882794051,2026-10-03 17:15:00.882794051,2026-10-04 17:15:00.882794051,completed
RET_1360,ORD_13556,2026-10-02 06:57:14.220318436,size_issue,2026-10-04 06:57:14.220318436,2026-10-05 06:57:14.220318436,2026-10-07 06:57:14.220318436,completed
RET_1361,ORD_13559,2026-09-25 09:31:28.324926705,did_not_like,2026-09-26 09:31:28.324926705,2026-09-27 09:31:28.324926705,2026-09-30 09:31:28.324926705,completed
RET_1362,ORD_13563,2026-09-14 05:33:07.401222197,wrong_item,2026-09-15 05:33:07.401222197,2026-09-16 05:33:07.401222197,2026-09-17 05:33:07.401222197,completed
RET_1363,ORD_13564,2026-09-02 19:46:32.699247540,defective,2026-09-04 19:46:32.699247540,2026-09-05 19:46:32.699247540,2026-09-08 19:46:32.699247540,completed
RET_1364,ORD_13589,2026-07-21 19:21:42.059231731,wrong_item,2026-07-22 19:21:42.059231731,2026-07-23 19:21:42.059231731,2026-07-26 19:21:42.059231731,completed
RET_1365,ORD_13590,2026-07-25 07:22:23.519735331,did_not_like,2026-07-26 07:22:23.519735331,2026-07-27 07:22:23.519735331,2026-07-29 07:22:23.519735331,completed
RET_1366,ORD_13595,2026-08-30 14:06:19.056340961,did_not_like,2026-08-31 14:06:19.056340961,2026-09-01 14:06:19.056340961,2026-09-03 14:06:19.056340961,completed
RET_1367,ORD_13596,2026-09-05 21:28:08.803001733,wrong_item,2026-09-07 21:28:08.803001733,2026-09-08 21:28:08.803001733,2026-09-09 21:28:08.803001733,completed
RET_1368,ORD_13605,2026-09-11 22:50:13.967139768,wrong_item,2026-09-12 22:50:13.967139768,2026-09-13 22:50:13.967139768,2026-09-15 22:50:13.967139768,completed
RET_1369,ORD_13621,2026-07-15 07:29:13.862338566,wrong_item,2026-07-16 07:29:13.862338566,2026-07-17 07:29:13.862338566,2026-07-20 07:29:13.862338566,completed
RET_1370,ORD_13630,2026-07-26 23:16:11.037312354,size_issue,2026-07-28 23:16:11.037312354,2026-07-29 23:16:11.037312354,2026-08-01 23:16:11.037312354,completed
RET_1371,ORD_13643,2026-08-11 03:31:45.861044445,size_issue,2026-08-13 03:31:45.861044445,2026-08-14 03:31:45.861044445,2026-08-15 03:31:45.861044445,completed
RET_1372,ORD_13646,2026-09-03 15:38:11.223572215,wrong_item,2026-09-05 15:38:11.223572215,2026-09-06 15:38:11.223572215,2026-09-07 15:38:11.223572215,completed
RET_1373,ORD_13656,2026-08-29 22:34:02.512060756,did_not_like,2026-08-31 22:34:02.512060756,2026-09-01 22:34:02.512060756,2026-09-03 22:34:02.512060756,completed
RET_1374,ORD_13663,2026-08-25 05:52:49.244597606,did_not_like,2026-08-26 05:52:49.244597606,2026-08-27 05:52:49.244597606,2026-08-29 05:52:49.244597606,completed
RET_1375,ORD_13680,2026-08-12 12:16:37.559644154,wrong_item,2026-08-13 12:16:37.559644154,2026-08-14 12:16:37.559644154,2026-08-17 12:16:37.559644154,completed
RET_1376,ORD_13682,2026-07-24 04:08:54.214855694,did_not_like,2026-07-25 04:08:54.214855694,2026-07-26 04:08:54.214855694,2026-07-28 04:08:54.214855694,completed
RET_1377,ORD_13701,2026-09-27 13:45:06.943066534,size_issue,2026-09-28 13:45:06.943066534,2026-09-29 13:45:06.943066534,2026-09-30 13:45:06.943066534,completed
RET_1378,ORD_13704,2026-09-20 06:57:55.880259169,size_issue,2026-09-21 06:57:55.880259169,2026-09-22 06:57:55.880259169,2026-09-23 06:57:55.880259169,completed
RET_1379,ORD_13721,2026-07-20 21:26:50.937395332,did_not_like,2026-07-21 21:26:50.937395332,2026-07-22 21:26:50.937395332,2026-07-23 21:26:50.937395332,completed
RET_1380,ORD_13730,2026-08-06 17:49:04.727154436,size_issue,2026-08-07 17:49:04.727154436,2026-08-08 17:49:04.727154436,2026-08-11 17:49:04.727154436,completed
RET_1381,ORD_13734,2026-07-12 15:20:32.853110140,wrong_item,2026-07-14 15:20:32.853110140,2026-07-15 15:20:32.853110140,2026-07-18 15:20:32.853110140,completed
RET_1382,ORD_13745,2026-09-29 15:08:47.669781360,did_not_like,2026-10-01 15:08:47.669781360,2026-10-02 15:08:47.669781360,2026-10-03 15:08:47.669781360,completed
RET_1383,ORD_13780,2026-07-22 06:59:00.499981691,defective,2026-07-23 06:59:00.499981691,2026-07-24 06:59:00.499981691,2026-07-27 06:59:00.499981691,completed
RET_1384,ORD_13781,2026-10-09 14:35:31.729880208,size_issue,2026-10-11 14:35:31.729880208,2026-10-12 14:35:31.729880208,2026-10-13 14:35:31.729880208,completed
RET_1385,ORD_13806,2026-09-19 07:49:18.660929601,size_issue,2026-09-21 07:49:18.660929601,2026-09-22 07:49:18.660929601,2026-09-24 07:49:18.660929601,completed
RET_1386,ORD_13834,2026-09-16 04:06:23.452569522,did_not_like,2026-09-17 04:06:23.452569522,2026-09-18 04:06:23.452569522,2026-09-19 04:06:23.452569522,completed
RET_1387,ORD_13843,2026-09-10 06:14:14.433614268,wrong_item,2026-09-11 06:14:14.433614268,2026-09-12 06:14:14.433614268,2026-09-15 06:14:14.433614268,completed
RET_1388,ORD_13849,2026-10-08 13:25:52.800901451,did_not_like,2026-10-10 13:25:52.800901451,2026-10-11 13:25:52.800901451,2026-10-14 13:25:52.800901451,completed
RET_1389,ORD_13857,2026-09-05 19:01:01.899120779,did_not_like,2026-09-06 19:01:01.899120779,2026-09-07 19:01:01.899120779,2026-09-10 19:01:01.899120779,completed
RET_1390,ORD_13859,2026-08-14 03:47:00.267035158,size_issue,2026-08-16 03:47:00.267035158,2026-08-17 03:47:00.267035158,2026-08-18 03:47:00.267035158,completed
RET_1391,ORD_13866,2026-07-14 12:46:20.809540128,size_issue,2026-07-15 12:46:20.809540128,2026-07-16 12:46:20.809540128,2026-07-17 12:46:20.809540128,completed
RET_1392,ORD_13874,2026-07-24 05:11:40.708746541,wrong_item,2026-07-26 05:11:40.708746541,2026-07-27 05:11:40.708746541,2026-07-30 05:11:40.708746541,completed
RET_1393,ORD_13876,2026-07-30 13:33:50.649355872,defective,2026-08-01 13:33:50.649355872,2026-08-02 13:33:50.649355872,2026-08-05 13:33:50.649355872,completed
RET_1394,ORD_13884,2026-09-09 06:50:03.646630503,did_not_like,2026-09-10 06:50:03.646630503,2026-09-11 06:50:03.646630503,2026-09-13 06:50:03.646630503,completed
RET_1395,ORD_13887,2026-10-06 02:00:54.542431470,defective,2026-10-08 02:00:54.542431470,2026-10-09 02:00:54.542431470,2026-10-12 02:00:54.542431470,completed
RET_1396,ORD_13946,2026-09-15 03:22:55.751552620,did_not_like,2026-09-17 03:22:55.751552620,2026-09-18 03:22:55.751552620,2026-09-21 03:22:55.751552620,completed
RET_1397,ORD_13948,2026-09-12 07:16:07.593144216,wrong_item,2026-09-14 07:16:07.593144216,2026-09-15 07:16:07.593144216,2026-09-18 07:16:07.593144216,completed
RET_1398,ORD_13971,2026-09-25 12:13:52.153310116,defective,2026-09-26 12:13:52.153310116,2026-09-27 12:13:52.153310116,2026-09-29 12:13:52.153310116,completed
RET_1399,ORD_13997,2026-07-26 06:27:41.175296639,size_issue,2026-07-28 06:27:41.175296639,2026-07-29 06:27:41.175296639,2026-07-31 06:27:41.175296639,completed
RET_1400,ORD_14007,2026-07-31 10:45:22.976956872,did_not_like,2026-08-02 10:45:22.976956872,2026-08-03 10:45:22.976956872,2026-08-04 10:45:22.976956872,completed
RET_1401,ORD_14024,2026-09-05 11:49:22.942159328,did_not_like,2026-09-06 11:49:22.942159328,2026-09-07 11:49:22.942159328,2026-09-10 11:49:22.942159328,completed
RET_1402,ORD_14026,2026-10-06 03:53:07.017900108,did_not_like,2026-10-08 03:53:07.017900108,2026-10-09 03:53:07.017900108,2026-10-10 03:53:07.017900108,completed
RET_1403,ORD_14034,2026-07-13 16:35:02.578708491,size_issue,2026-07-15 16:35:02.578708491,2026-07-16 16:35:02.578708491,2026-07-17 16:35:02.578708491,completed
RET_1404,ORD_14043,2026-08-31 23:24:13.553996985,did_not_like,2026-09-01 23:24:13.553996985,2026-09-02 23:24:13.553996985,2026-09-04 23:24:13.553996985,completed
RET_1405,ORD_14050,2026-09-01 06:54:55.026495376,size_issue,2026-09-02 06:54:55.026495376,2026-09-03 06:54:55.026495376,2026-09-06 06:54:55.026495376,completed
RET_1406,ORD_14057,2026-10-07 02:52:18.610091067,wrong_item,2026-10-08 02:52:18.610091067,2026-10-09 02:52:18.610091067,2026-10-10 02:52:18.610091067,completed
RET_1407,ORD_14058,2026-09-28 15:12:46.230591469,size_issue,2026-09-30 15:12:46.230591469,2026-10-01 15:12:46.230591469,2026-10-04 15:12:46.230591469,completed
RET_1408,ORD_14065,2026-08-14 13:43:43.252058693,size_issue,2026-08-15 13:43:43.252058693,2026-08-16 13:43:43.252058693,2026-08-19 13:43:43.252058693,completed
RET_1409,ORD_14073,2026-09-19 20:41:20.765443416,defective,2026-09-20 20:41:20.765443416,2026-09-21 20:41:20.765443416,2026-09-22 20:41:20.765443416,completed
RET_1410,ORD_14079,2026-07-28 04:50:13.982423025,wrong_item,2026-07-30 04:50:13.982423025,2026-07-31 04:50:13.982423025,2026-08-01 04:50:13.982423025,completed
RET_1411,ORD_14104,2026-08-05 20:00:20.814223229,did_not_like,2026-08-07 20:00:20.814223229,2026-08-08 20:00:20.814223229,2026-08-10 20:00:20.814223229,completed
RET_1412,ORD_14126,2026-10-05 02:14:14.412543655,size_issue,2026-10-07 02:14:14.412543655,2026-10-08 02:14:14.412543655,2026-10-10 02:14:14.412543655,completed
RET_1413,ORD_14171,2026-08-31 03:39:22.800843091,wrong_item,2026-09-02 03:39:22.800843091,2026-09-03 03:39:22.800843091,2026-09-06 03:39:22.800843091,completed
RET_1414,ORD_14185,2026-09-16 15:28:23.744690765,wrong_item,2026-09-17 15:28:23.744690765,2026-09-18 15:28:23.744690765,2026-09-19 15:28:23.744690765,completed
RET_1415,ORD_14189,2026-08-18 20:23:16.709086250,did_not_like,2026-08-20 20:23:16.709086250,2026-08-21 20:23:16.709086250,2026-08-23 20:23:16.709086250,completed
RET_1416,ORD_14193,2026-09-05 01:18:11.619551436,wrong_item,2026-09-07 01:18:11.619551436,2026-09-08 01:18:11.619551436,2026-09-10 01:18:11.619551436,completed
RET_1417,ORD_14214,2026-08-03 07:57:19.195238118,did_not_like,2026-08-04 07:57:19.195238118,2026-08-05 07:57:19.195238118,2026-08-07 07:57:19.195238118,completed
RET_1418,ORD_14217,2026-08-07 08:52:50.469919629,did_not_like,2026-08-08 08:52:50.469919629,2026-08-09 08:52:50.469919629,2026-08-11 08:52:50.469919629,completed
RET_1419,ORD_14219,2026-08-07 12:25:52.972378564,did_not_like,2026-08-08 12:25:52.972378564,2026-08-09 12:25:52.972378564,2026-08-11 12:25:52.972378564,completed
RET_1420,ORD_14223,2026-08-27 06:15:07.268812967,wrong_item,2026-08-28 06:15:07.268812967,2026-08-29 06:15:07.268812967,2026-08-30 06:15:07.268812967,completed
RET_1421,ORD_14233,2026-07-27 09:37:16.042510421,size_issue,2026-07-29 09:37:16.042510421,2026-07-30 09:37:16.042510421,2026-08-01 09:37:16.042510421,completed
RET_1422,ORD_14235,2026-09-24 15:57:36.226197840,size_issue,2026-09-26 15:57:36.226197840,2026-09-27 15:57:36.226197840,2026-09-29 15:57:36.226197840,completed
RET_1423,ORD_14237,2026-09-10 05:26:53.627413457,defective,2026-09-11 05:26:53.627413457,2026-09-12 05:26:53.627413457,2026-09-15 05:26:53.627413457,completed
RET_1424,ORD_14250,2026-07-20 14:20:19.705501139,size_issue,2026-07-22 14:20:19.705501139,2026-07-23 14:20:19.705501139,2026-07-26 14:20:19.705501139,completed
RET_1425,ORD_14251,2026-10-07 15:07:55.156399800,size_issue,2026-10-09 15:07:55.156399800,2026-10-10 15:07:55.156399800,2026-10-12 15:07:55.156399800,completed
RET_1426,ORD_14260,2026-08-10 13:53:29.241452913,size_issue,2026-08-11 13:53:29.241452913,2026-08-12 13:53:29.241452913,2026-08-15 13:53:29.241452913,completed
RET_1427,ORD_14262,2026-08-09 12:50:11.836695455,defective,2026-08-10 12:50:11.836695455,2026-08-11 12:50:11.836695455,2026-08-14 12:50:11.836695455,completed
RET_1428,ORD_14270,2026-07-13 20:13:38.981903831,defective,2026-07-15 20:13:38.981903831,2026-07-16 20:13:38.981903831,2026-07-18 20:13:38.981903831,completed
RET_1429,ORD_14272,2026-09-26 16:01:02.591462276,defective,2026-09-27 16:01:02.591462276,2026-09-28 16:01:02.591462276,2026-09-30 16:01:02.591462276,completed
RET_1430,ORD_14288,2026-08-20 20:26:14.496520965,wrong_item,2026-08-21 20:26:14.496520965,2026-08-22 20:26:14.496520965,2026-08-23 20:26:14.496520965,completed
RET_1431,ORD_14293,2026-08-20 08:58:20.672091394,size_issue,2026-08-21 08:58:20.672091394,2026-08-22 08:58:20.672091394,2026-08-24 08:58:20.672091394,completed
RET_1432,ORD_14302,2026-08-19 14:24:24.831061812,wrong_item,2026-08-21 14:24:24.831061812,2026-08-22 14:24:24.831061812,2026-08-24 14:24:24.831061812,completed
RET_1433,ORD_14310,2026-09-25 14:21:20.849457500,size_issue,2026-09-27 14:21:20.849457500,2026-09-28 14:21:20.849457500,2026-09-29 14:21:20.849457500,completed
RET_1434,ORD_14325,2026-09-05 04:30:53.244896968,wrong_item,2026-09-06 04:30:53.244896968,2026-09-07 04:30:53.244896968,2026-09-09 04:30:53.244896968,completed
RET_1435,ORD_14329,2026-09-13 17:37:40.804496525,defective,2026-09-15 17:37:40.804496525,2026-09-16 17:37:40.804496525,2026-09-19 17:37:40.804496525,completed
RET_1436,ORD_14332,2026-09-05 22:02:44.948148951,size_issue,2026-09-07 22:02:44.948148951,2026-09-08 22:02:44.948148951,2026-09-09 22:02:44.948148951,completed
RET_1437,ORD_14346,2026-07-24 16:30:49.613617552,defective,2026-07-26 16:30:49.613617552,2026-07-27 16:30:49.613617552,2026-07-29 16:30:49.613617552,completed
RET_1438,ORD_14356,2026-08-30 21:35:51.361331975,size_issue,2026-09-01 21:35:51.361331975,2026-09-02 21:35:51.361331975,2026-09-05 21:35:51.361331975,completed
RET_1439,ORD_14363,2026-08-03 02:51:50.871268154,did_not_like,2026-08-05 02:51:50.871268154,2026-08-06 02:51:50.871268154,2026-08-07 02:51:50.871268154,completed
RET_1440,ORD_14372,2026-07-21 20:53:03.683273697,size_issue,2026-07-22 20:53:03.683273697,2026-07-23 20:53:03.683273697,2026-07-24 20:53:03.683273697,completed
RET_1441,ORD_14385,2026-08-19 20:02:21.865358079,defective,2026-08-21 20:02:21.865358079,2026-08-22 20:02:21.865358079,2026-08-25 20:02:21.865358079,completed
RET_1442,ORD_14401,2026-10-01 02:00:15.489899337,did_not_like,2026-10-02 02:00:15.489899337,2026-10-03 02:00:15.489899337,2026-10-05 02:00:15.489899337,completed
RET_1443,ORD_14402,2026-08-15 19:57:11.549787797,defective,2026-08-16 19:57:11.549787797,2026-08-17 19:57:11.549787797,2026-08-18 19:57:11.549787797,completed
RET_1444,ORD_14412,2026-08-03 06:23:41.049497638,size_issue,2026-08-04 06:23:41.049497638,2026-08-05 06:23:41.049497638,2026-08-06 06:23:41.049497638,completed
RET_1445,ORD_14417,2026-08-09 13:39:59.534102166,did_not_like,2026-08-10 13:39:59.534102166,2026-08-11 13:39:59.534102166,2026-08-12 13:39:59.534102166,completed
RET_1446,ORD_14432,2026-10-15 00:19:12.329640609,wrong_item,2026-10-16 00:19:12.329640609,2026-10-17 00:19:12.329640609,2026-10-20 00:19:12.329640609,completed
RET_1447,ORD_14448,2026-08-10 10:06:42.630128582,size_issue,2026-08-12 10:06:42.630128582,2026-08-13 10:06:42.630128582,2026-08-14 10:06:42.630128582,completed
RET_1448,ORD_14466,2026-09-19 16:00:50.540815127,size_issue,2026-09-20 16:00:50.540815127,2026-09-21 16:00:50.540815127,2026-09-22 16:00:50.540815127,completed
RET_1449,ORD_14482,2026-08-15 15:00:46.525643244,defective,2026-08-17 15:00:46.525643244,2026-08-18 15:00:46.525643244,2026-08-20 15:00:46.525643244,completed
RET_1450,ORD_14487,2026-08-31 12:22:02.020252259,wrong_item,2026-09-02 12:22:02.020252259,2026-09-03 12:22:02.020252259,2026-09-06 12:22:02.020252259,completed
RET_1451,ORD_14489,2026-08-08 22:15:08.451619489,defective,2026-08-09 22:15:08.451619489,2026-08-10 22:15:08.451619489,2026-08-13 22:15:08.451619489,completed
RET_1452,ORD_14498,2026-09-09 03:54:13.194837457,size_issue,2026-09-10 03:54:13.194837457,2026-09-11 03:54:13.194837457,2026-09-12 03:54:13.194837457,completed
RET_1453,ORD_14504,2026-10-04 00:22:35.655546734,wrong_item,2026-10-05 00:22:35.655546734,2026-10-06 00:22:35.655546734,2026-10-08 00:22:35.655546734,completed
RET_1454,ORD_14508,2026-07-24 19:11:27.331174720,size_issue,2026-07-25 19:11:27.331174720,2026-07-26 19:11:27.331174720,2026-07-28 19:11:27.331174720,completed
RET_1455,ORD_14534,2026-08-31 09:36:32.954282788,size_issue,2026-09-01 09:36:32.954282788,2026-09-02 09:36:32.954282788,2026-09-03 09:36:32.954282788,completed
RET_1456,ORD_14542,2026-08-04 05:20:47.377901941,wrong_item,2026-08-05 05:20:47.377901941,2026-08-06 05:20:47.377901941,2026-08-07 05:20:47.377901941,completed
RET_1457,ORD_14554,2026-08-02 12:11:51.808722111,did_not_like,2026-08-04 12:11:51.808722111,2026-08-05 12:11:51.808722111,2026-08-07 12:11:51.808722111,completed
RET_1458,ORD_14555,2026-10-05 23:44:32.485071779,defective,2026-10-06 23:44:32.485071779,2026-10-07 23:44:32.485071779,2026-10-09 23:44:32.485071779,completed
RET_1459,ORD_14566,2026-10-01 23:39:10.431808491,size_issue,2026-10-03 23:39:10.431808491,2026-10-04 23:39:10.431808491,2026-10-05 23:39:10.431808491,completed
RET_1460,ORD_14568,2026-09-03 02:59:31.008725907,size_issue,2026-09-04 02:59:31.008725907,2026-09-05 02:59:31.008725907,2026-09-06 02:59:31.008725907,completed
RET_1461,ORD_14569,2026-08-08 11:00:13.334560615,defective,2026-08-10 11:00:13.334560615,2026-08-11 11:00:13.334560615,2026-08-14 11:00:13.334560615,completed
RET_1462,ORD_14600,2026-09-03 13:20:36.130408078,did_not_like,2026-09-05 13:20:36.130408078,2026-09-06 13:20:36.130408078,2026-09-07 13:20:36.130408078,completed
RET_1463,ORD_14615,2026-08-27 13:40:24.137850154,wrong_item,2026-08-29 13:40:24.137850154,2026-08-30 13:40:24.137850154,2026-08-31 13:40:24.137850154,completed
RET_1464,ORD_14639,2026-09-29 17:12:48.401807984,did_not_like,2026-10-01 17:12:48.401807984,2026-10-02 17:12:48.401807984,2026-10-05 17:12:48.401807984,completed
RET_1465,ORD_14646,2026-07-17 03:19:34.333571782,did_not_like,2026-07-18 03:19:34.333571782,2026-07-19 03:19:34.333571782,2026-07-20 03:19:34.333571782,completed
RET_1466,ORD_14652,2026-07-24 11:24:15.466996169,size_issue,2026-07-25 11:24:15.466996169,2026-07-26 11:24:15.466996169,2026-07-27 11:24:15.466996169,completed
RET_1467,ORD_14656,2026-08-20 01:31:59.903976716,defective,2026-08-22 01:31:59.903976716,2026-08-23 01:31:59.903976716,2026-08-25 01:31:59.903976716,completed
RET_1468,ORD_14666,2026-08-17 00:57:43.881750168,size_issue,2026-08-18 00:57:43.881750168,2026-08-19 00:57:43.881750168,2026-08-21 00:57:43.881750168,completed
RET_1469,ORD_14669,2026-08-18 10:21:18.728014169,wrong_item,2026-08-19 10:21:18.728014169,2026-08-20 10:21:18.728014169,2026-08-23 10:21:18.728014169,completed
RET_1470,ORD_14679,2026-09-25 20:34:49.748153485,did_not_like,2026-09-26 20:34:49.748153485,2026-09-27 20:34:49.748153485,2026-09-30 20:34:49.748153485,completed
RET_1471,ORD_14683,2026-09-14 21:45:50.743440039,wrong_item,2026-09-15 21:45:50.743440039,2026-09-16 21:45:50.743440039,2026-09-19 21:45:50.743440039,completed
RET_1472,ORD_14686,2026-08-15 06:15:19.941348268,wrong_item,2026-08-16 06:15:19.941348268,2026-08-17 06:15:19.941348268,2026-08-18 06:15:19.941348268,completed
RET_1473,ORD_14689,2026-08-08 15:53:33.802118114,defective,2026-08-10 15:53:33.802118114,2026-08-11 15:53:33.802118114,2026-08-12 15:53:33.802118114,completed
RET_1474,ORD_14721,2026-10-12 20:55:19.799149254,size_issue,2026-10-14 20:55:19.799149254,2026-10-15 20:55:19.799149254,2026-10-16 20:55:19.799149254,completed
RET_1475,ORD_14729,2026-10-01 09:13:38.243130131,defective,2026-10-02 09:13:38.243130131,2026-10-03 09:13:38.243130131,2026-10-04 09:13:38.243130131,completed
RET_1476,ORD_14730,2026-07-25 23:04:38.068035791,wrong_item,2026-07-26 23:04:38.068035791,2026-07-27 23:04:38.068035791,2026-07-30 23:04:38.068035791,completed
RET_1477,ORD_14734,2026-07-31 15:21:49.627486894,defective,2026-08-01 15:21:49.627486894,2026-08-02 15:21:49.627486894,2026-08-04 15:21:49.627486894,completed
RET_1478,ORD_14735,2026-08-19 00:24:42.618900027,wrong_item,2026-08-20 00:24:42.618900027,2026-08-21 00:24:42.618900027,2026-08-24 00:24:42.618900027,completed
RET_1479,ORD_14754,2026-08-18 17:30:59.196551929,defective,2026-08-20 17:30:59.196551929,2026-08-21 17:30:59.196551929,2026-08-22 17:30:59.196551929,completed
RET_1480,ORD_14782,2026-10-18 17:02:54.260550649,defective,2026-10-19 17:02:54.260550649,2026-10-20 17:02:54.260550649,2026-10-21 17:02:54.260550649,completed
RET_1481,ORD_14798,2026-08-28 23:05:06.646260590,defective,2026-08-29 23:05:06.646260590,2026-08-30 23:05:06.646260590,2026-09-02 23:05:06.646260590,completed
RET_1482,ORD_14806,2026-09-18 17:55:30.861063378,did_not_like,2026-09-20 17:55:30.861063378,2026-09-21 17:55:30.861063378,2026-09-24 17:55:30.861063378,completed
RET_1483,ORD_14811,2026-08-12 03:08:51.836431627,defective,2026-08-13 03:08:51.836431627,2026-08-14 03:08:51.836431627,2026-08-15 03:08:51.836431627,completed
RET_1484,ORD_14812,2026-08-21 22:30:11.094061301,wrong_item,2026-08-22 22:30:11.094061301,2026-08-23 22:30:11.094061301,2026-08-26 22:30:11.094061301,completed
RET_1485,ORD_14813,2026-07-31 10:35:32.158555001,wrong_item,2026-08-01 10:35:32.158555001,2026-08-02 10:35:32.158555001,2026-08-03 10:35:32.158555001,completed
RET_1486,ORD_14836,2026-08-04 23:51:50.769231046,did_not_like,2026-08-05 23:51:50.769231046,2026-08-06 23:51:50.769231046,2026-08-08 23:51:50.769231046,completed
RET_1487,ORD_14847,2026-08-15 08:41:57.221755970,wrong_item,2026-08-17 08:41:57.221755970,2026-08-18 08:41:57.221755970,2026-08-20 08:41:57.221755970,completed
RET_1488,ORD_14864,2026-07-17 05:05:50.888831388,did_not_like,2026-07-19 05:05:50.888831388,2026-07-20 05:05:50.888831388,2026-07-22 05:05:50.888831388,completed
RET_1489,ORD_14879,2026-08-12 03:19:15.259557543,did_not_like,2026-08-14 03:19:15.259557543,2026-08-15 03:19:15.259557543,2026-08-16 03:19:15.259557543,completed
RET_1490,ORD_14901,2026-07-22 10:12:33.813060733,wrong_item,2026-07-23 10:12:33.813060733,2026-07-24 10:12:33.813060733,2026-07-27 10:12:33.813060733,completed
RET_1491,ORD_14906,2026-09-23 23:43:19.594058203,wrong_item,2026-09-24 23:43:19.594058203,2026-09-25 23:43:19.594058203,2026-09-28 23:43:19.594058203,completed
RET_1492,ORD_14916,2026-09-18 18:52:26.654940090,size_issue,2026-09-20 18:52:26.654940090,2026-09-21 18:52:26.654940090,2026-09-22 18:52:26.654940090,completed
RET_1493,ORD_14920,2026-09-28 10:59:02.573428314,defective,2026-09-29 10:59:02.573428314,2026-09-30 10:59:02.573428314,2026-10-01 10:59:02.573428314,completed
RET_1494,ORD_14923,2026-07-22 23:28:48.266409169,size_issue,2026-07-23 23:28:48.266409169,2026-07-24 23:28:48.266409169,2026-07-27 23:28:48.266409169,completed
RET_1495,ORD_14929,2026-07-22 07:51:12.025370947,did_not_like,2026-07-24 07:51:12.025370947,2026-07-25 07:51:12.025370947,2026-07-28 07:51:12.025370947,completed
RET_1496,ORD_14931,2026-07-23 18:52:18.889969253,size_issue,2026-07-25 18:52:18.889969253,2026-07-26 18:52:18.889969253,2026-07-27 18:52:18.889969253,completed
RET_1497,ORD_14933,2026-08-05 20:52:36.022801196,defective,2026-08-07 20:52:36.022801196,2026-08-08 20:52:36.022801196,2026-08-11 20:52:36.022801196,completed
RET_1498,ORD_14938,2026-07-29 06:38:31.088376199,wrong_item,2026-07-31 06:38:31.088376199,2026-08-01 06:38:31.088376199,2026-08-02 06:38:31.088376199,completed
RET_1499,ORD_14957,2026-08-02 02:08:51.127715681,wrong_item,2026-08-04 02:08:51.127715681,2026-08-05 02:08:51.127715681,2026-08-06 02:08:51.127715681,completed
RET_1500,ORD_14976,2026-10-07 00:41:34.329463414,did_not_like,2026-10-08 00:41:34.329463414,2026-10-09 00:41:34.329463414,2026-10-12 00:41:34.329463414,completed
RET_1501,ORD_14991,2026-07-30 16:08:00.121064734,size_issue,2026-08-01 16:08:00.121064734,2026-08-02 16:08:00.121064734,2026-08-05 16:08:00.121064734,completed
RET_1502,ORD_14993,2026-07-22 11:06:43.471073319,did_not_like,2026-07-24 11:06:43.471073319,2026-07-25 11:06:43.471073319,2026-07-27 11:06:43.471073319,completed
RET_1503,ORD_15001,2026-07-24 23:32:01.437787358,did_not_like,2026-07-25 23:32:01.437787358,2026-07-26 23:32:01.437787358,2026-07-27 23:32:01.437787358,completed
RET_1504,ORD_15017,2026-09-22 11:31:09.220752130,wrong_item,2026-09-24 11:31:09.220752130,2026-09-25 11:31:09.220752130,2026-09-26 11:31:09.220752130,completed
RET_1505,ORD_15024,2026-09-05 18:40:31.312070479,size_issue,2026-09-06 18:40:31.312070479,2026-09-07 18:40:31.312070479,2026-09-10 18:40:31.312070479,completed
RET_1506,ORD_15048,2026-09-29 19:06:35.890133406,size_issue,2026-10-01 19:06:35.890133406,2026-10-02 19:06:35.890133406,2026-10-03 19:06:35.890133406,completed
RET_1507,ORD_15051,2026-08-23 02:31:58.713328210,size_issue,2026-08-25 02:31:58.713328210,2026-08-26 02:31:58.713328210,2026-08-27 02:31:58.713328210,completed
RET_1508,ORD_15057,2026-10-04 07:26:44.380237921,did_not_like,2026-10-05 07:26:44.380237921,2026-10-06 07:26:44.380237921,2026-10-09 07:26:44.380237921,completed
RET_1509,ORD_15068,2026-09-01 06:13:30.088449704,wrong_item,2026-09-03 06:13:30.088449704,2026-09-04 06:13:30.088449704,2026-09-06 06:13:30.088449704,completed
RET_1510,ORD_15091,2026-08-29 09:00:18.758860741,did_not_like,2026-08-31 09:00:18.758860741,2026-09-01 09:00:18.758860741,2026-09-02 09:00:18.758860741,completed
RET_1511,ORD_15095,2026-10-09 07:28:49.691988196,defective,2026-10-11 07:28:49.691988196,2026-10-12 07:28:49.691988196,2026-10-13 07:28:49.691988196,completed
RET_1512,ORD_15106,2026-08-04 00:16:02.973051535,did_not_like,2026-08-06 00:16:02.973051535,2026-08-07 00:16:02.973051535,2026-08-10 00:16:02.973051535,completed
RET_1513,ORD_15121,2026-08-15 01:02:24.986161658,did_not_like,2026-08-16 01:02:24.986161658,2026-08-17 01:02:24.986161658,2026-08-18 01:02:24.986161658,completed
RET_1514,ORD_15130,2026-08-23 13:16:16.118381854,defective,2026-08-24 13:16:16.118381854,2026-08-25 13:16:16.118381854,2026-08-26 13:16:16.118381854,completed
RET_1515,ORD_15141,2026-07-20 11:55:57.054781964,defective,2026-07-22 11:55:57.054781964,2026-07-23 11:55:57.054781964,2026-07-26 11:55:57.054781964,completed
RET_1516,ORD_15144,2026-08-30 06:30:24.107018882,wrong_item,2026-09-01 06:30:24.107018882,2026-09-02 06:30:24.107018882,2026-09-04 06:30:24.107018882,completed
RET_1517,ORD_15146,2026-08-30 02:07:13.795622644,size_issue,2026-08-31 02:07:13.795622644,2026-09-01 02:07:13.795622644,2026-09-04 02:07:13.795622644,completed
RET_1518,ORD_15163,2026-07-17 17:24:12.941684743,wrong_item,2026-07-19 17:24:12.941684743,2026-07-20 17:24:12.941684743,2026-07-23 17:24:12.941684743,completed
RET_1519,ORD_15171,2026-08-23 04:25:37.363371965,size_issue,2026-08-25 04:25:37.363371965,2026-08-26 04:25:37.363371965,2026-08-28 04:25:37.363371965,completed
RET_1520,ORD_15180,2026-07-25 14:35:06.860986314,did_not_like,2026-07-26 14:35:06.860986314,2026-07-27 14:35:06.860986314,2026-07-30 14:35:06.860986314,completed
RET_1521,ORD_15195,2026-08-24 08:49:53.337841437,wrong_item,2026-08-26 08:49:53.337841437,2026-08-27 08:49:53.337841437,2026-08-28 08:49:53.337841437,completed
RET_1522,ORD_15212,2026-07-19 17:35:48.719065054,wrong_item,2026-07-20 17:35:48.719065054,2026-07-21 17:35:48.719065054,2026-07-24 17:35:48.719065054,completed
RET_1523,ORD_15215,2026-09-04 16:26:32.757219483,did_not_like,2026-09-05 16:26:32.757219483,2026-09-06 16:26:32.757219483,2026-09-07 16:26:32.757219483,completed
RET_1524,ORD_15226,2026-09-24 14:58:10.567608744,defective,2026-09-26 14:58:10.567608744,2026-09-27 14:58:10.567608744,2026-09-29 14:58:10.567608744,completed
RET_1525,ORD_15228,2026-08-18 22:13:53.157110694,defective,2026-08-19 22:13:53.157110694,2026-08-20 22:13:53.157110694,2026-08-21 22:13:53.157110694,completed
RET_1526,ORD_15266,2026-09-22 21:53:22.904760148,wrong_item,2026-09-24 21:53:22.904760148,2026-09-25 21:53:22.904760148,2026-09-28 21:53:22.904760148,completed
RET_1527,ORD_15274,2026-10-10 11:07:26.878034416,size_issue,2026-10-11 11:07:26.878034416,2026-10-12 11:07:26.878034416,2026-10-14 11:07:26.878034416,completed
RET_1528,ORD_15291,2026-07-13 21:34:17.916281486,did_not_like,2026-07-14 21:34:17.916281486,2026-07-15 21:34:17.916281486,2026-07-16 21:34:17.916281486,completed
RET_1529,ORD_15302,2026-07-25 15:58:53.962866753,did_not_like,2026-07-26 15:58:53.962866753,2026-07-27 15:58:53.962866753,2026-07-29 15:58:53.962866753,completed
RET_1530,ORD_15317,2026-09-11 04:33:47.103472038,did_not_like,2026-09-12 04:33:47.103472038,2026-09-13 04:33:47.103472038,2026-09-16 04:33:47.103472038,completed
RET_1531,ORD_15322,2026-09-27 19:46:34.128845804,defective,2026-09-28 19:46:34.128845804,2026-09-29 19:46:34.128845804,2026-10-02 19:46:34.128845804,completed
RET_1532,ORD_15326,2026-07-23 17:51:08.587436791,size_issue,2026-07-25 17:51:08.587436791,2026-07-26 17:51:08.587436791,2026-07-29 17:51:08.587436791,completed
RET_1533,ORD_15327,2026-10-17 06:28:02.846773371,defective,2026-10-18 06:28:02.846773371,2026-10-19 06:28:02.846773371,2026-10-22 06:28:02.846773371,completed
RET_1534,ORD_15341,2026-07-27 16:31:10.062545098,did_not_like,2026-07-29 16:31:10.062545098,2026-07-30 16:31:10.062545098,2026-07-31 16:31:10.062545098,completed
RET_1535,ORD_15352,2026-10-12 16:24:25.163747885,wrong_item,2026-10-14 16:24:25.163747885,2026-10-15 16:24:25.163747885,2026-10-16 16:24:25.163747885,completed
RET_1536,ORD_15354,2026-09-07 09:53:29.109211598,wrong_item,2026-09-09 09:53:29.109211598,2026-09-10 09:53:29.109211598,2026-09-12 09:53:29.109211598,completed
RET_1537,ORD_15356,2026-09-19 20:09:43.920189856,size_issue,2026-09-21 20:09:43.920189856,2026-09-22 20:09:43.920189856,2026-09-25 20:09:43.920189856,completed
RET_1538,ORD_15359,2026-09-21 21:51:14.191966265,wrong_item,2026-09-22 21:51:14.191966265,2026-09-23 21:51:14.191966265,2026-09-24 21:51:14.191966265,completed
RET_1539,ORD_15383,2026-09-08 17:42:05.683152650,did_not_like,2026-09-10 17:42:05.683152650,2026-09-11 17:42:05.683152650,2026-09-13 17:42:05.683152650,completed
RET_1540,ORD_15396,2026-08-04 07:13:12.350484981,wrong_item,2026-08-06 07:13:12.350484981,2026-08-07 07:13:12.350484981,2026-08-08 07:13:12.350484981,completed
RET_1541,ORD_15404,2026-07-22 05:16:02.483818190,size_issue,2026-07-24 05:16:02.483818190,2026-07-25 05:16:02.483818190,2026-07-28 05:16:02.483818190,completed
RET_1542,ORD_15438,2026-09-24 05:52:38.658616253,size_issue,2026-09-26 05:52:38.658616253,2026-09-27 05:52:38.658616253,2026-09-30 05:52:38.658616253,completed
RET_1543,ORD_15441,2026-08-01 01:49:32.006254068,wrong_item,2026-08-02 01:49:32.006254068,2026-08-03 01:49:32.006254068,2026-08-04 01:49:32.006254068,completed
RET_1544,ORD_15460,2026-09-13 00:03:13.848187979,defective,2026-09-14 00:03:13.848187979,2026-09-15 00:03:13.848187979,2026-09-17 00:03:13.848187979,completed
RET_1545,ORD_15470,2026-08-16 22:21:59.310547401,defective,2026-08-17 22:21:59.310547401,2026-08-18 22:21:59.310547401,2026-08-20 22:21:59.310547401,completed
RET_1546,ORD_15473,2026-09-19 02:14:37.341418009,did_not_like,2026-09-21 02:14:37.341418009,2026-09-22 02:14:37.341418009,2026-09-23 02:14:37.341418009,completed
RET_1547,ORD_15496,2026-09-22 16:40:01.808058753,size_issue,2026-09-23 16:40:01.808058753,2026-09-24 16:40:01.808058753,2026-09-25 16:40:01.808058753,completed
RET_1548,ORD_15500,2026-10-01 07:59:08.529268465,defective,2026-10-03 07:59:08.529268465,2026-10-04 07:59:08.529268465,2026-10-06 07:59:08.529268465,completed
RET_1549,ORD_15509,2026-10-14 11:21:37.426168914,size_issue,2026-10-16 11:21:37.426168914,2026-10-17 11:21:37.426168914,2026-10-20 11:21:37.426168914,completed
RET_1550,ORD_15518,2026-08-14 04:31:12.852695347,did_not_like,2026-08-16 04:31:12.852695347,2026-08-17 04:31:12.852695347,2026-08-19 04:31:12.852695347,completed
RET_1551,ORD_15557,2026-09-14 05:00:27.449641506,defective,2026-09-15 05:00:27.449641506,2026-09-16 05:00:27.449641506,2026-09-17 05:00:27.449641506,completed
RET_1552,ORD_15571,2026-08-06 06:59:24.106505820,defective,2026-08-07 06:59:24.106505820,2026-08-08 06:59:24.106505820,2026-08-10 06:59:24.106505820,completed
RET_1553,ORD_15572,2026-08-21 18:41:20.905701804,did_not_like,2026-08-22 18:41:20.905701804,2026-08-23 18:41:20.905701804,2026-08-24 18:41:20.905701804,completed
RET_1554,ORD_15577,2026-07-31 22:04:01.391829749,wrong_item,2026-08-02 22:04:01.391829749,2026-08-03 22:04:01.391829749,2026-08-04 22:04:01.391829749,completed
RET_1555,ORD_15598,2026-08-02 20:19:16.484919491,size_issue,2026-08-03 20:19:16.484919491,2026-08-04 20:19:16.484919491,2026-08-05 20:19:16.484919491,completed
RET_1556,ORD_15601,2026-08-24 03:27:43.544553732,wrong_item,2026-08-25 03:27:43.544553732,2026-08-26 03:27:43.544553732,2026-08-27 03:27:43.544553732,completed
RET_1557,ORD_15618,2026-08-05 15:51:51.273816730,wrong_item,2026-08-07 15:51:51.273816730,2026-08-08 15:51:51.273816730,2026-08-11 15:51:51.273816730,completed
RET_1558,ORD_15622,2026-08-30 14:37:03.000857576,size_issue,2026-08-31 14:37:03.000857576,2026-09-01 14:37:03.000857576,2026-09-04 14:37:03.000857576,completed
RET_1559,ORD_15640,2026-07-12 13:50:14.188124334,size_issue,2026-07-13 13:50:14.188124334,2026-07-14 13:50:14.188124334,2026-07-15 13:50:14.188124334,completed
RET_1560,ORD_15645,2026-10-03 12:20:12.458760154,wrong_item,2026-10-04 12:20:12.458760154,2026-10-05 12:20:12.458760154,2026-10-08 12:20:12.458760154,completed
RET_1561,ORD_15646,2026-08-08 09:56:27.152871007,defective,2026-08-09 09:56:27.152871007,2026-08-10 09:56:27.152871007,2026-08-13 09:56:27.152871007,completed
RET_1562,ORD_15650,2026-08-01 12:15:26.000041922,wrong_item,2026-08-03 12:15:26.000041922,2026-08-04 12:15:26.000041922,2026-08-07 12:15:26.000041922,completed
RET_1563,ORD_15677,2026-08-31 04:51:17.184374897,size_issue,2026-09-01 04:51:17.184374897,2026-09-02 04:51:17.184374897,2026-09-05 04:51:17.184374897,completed
RET_1564,ORD_15693,2026-08-20 12:16:20.048962722,did_not_like,2026-08-22 12:16:20.048962722,2026-08-23 12:16:20.048962722,2026-08-25 12:16:20.048962722,completed
RET_1565,ORD_15695,2026-08-27 07:01:02.927335689,wrong_item,2026-08-29 07:01:02.927335689,2026-08-30 07:01:02.927335689,2026-08-31 07:01:02.927335689,completed
RET_1566,ORD_15714,2026-10-09 22:28:42.058174072,did_not_like,2026-10-10 22:28:42.058174072,2026-10-11 22:28:42.058174072,2026-10-13 22:28:42.058174072,completed
RET_1567,ORD_15719,2026-07-31 07:26:04.164628923,wrong_item,2026-08-01 07:26:04.164628923,2026-08-02 07:26:04.164628923,2026-08-03 07:26:04.164628923,completed
RET_1568,ORD_15729,2026-07-26 14:47:01.338196248,did_not_like,2026-07-28 14:47:01.338196248,2026-07-29 14:47:01.338196248,2026-08-01 14:47:01.338196248,completed
RET_1569,ORD_15777,2026-08-22 05:11:57.999788594,size_issue,2026-08-23 05:11:57.999788594,2026-08-24 05:11:57.999788594,2026-08-25 05:11:57.999788594,completed
RET_1570,ORD_15810,2026-07-17 19:02:06.035485209,size_issue,2026-07-19 19:02:06.035485209,2026-07-20 19:02:06.035485209,2026-07-22 19:02:06.035485209,completed
RET_1571,ORD_15822,2026-09-23 18:03:29.083709597,did_not_like,2026-09-24 18:03:29.083709597,2026-09-25 18:03:29.083709597,2026-09-27 18:03:29.083709597,completed
RET_1572,ORD_15840,2026-08-03 07:18:17.747402289,did_not_like,2026-08-05 07:18:17.747402289,2026-08-06 07:18:17.747402289,2026-08-09 07:18:17.747402289,completed
RET_1573,ORD_15842,2026-09-11 08:28:06.510011856,defective,2026-09-12 08:28:06.510011856,2026-09-13 08:28:06.510011856,2026-09-16 08:28:06.510011856,completed
RET_1574,ORD_15845,2026-09-29 09:46:59.183484798,size_issue,2026-09-30 09:46:59.183484798,2026-10-01 09:46:59.183484798,2026-10-04 09:46:59.183484798,completed
RET_1575,ORD_15867,2026-10-02 23:21:38.875698070,size_issue,2026-10-03 23:21:38.875698070,2026-10-04 23:21:38.875698070,2026-10-05 23:21:38.875698070,completed
RET_1576,ORD_15871,2026-08-29 22:06:28.146505922,defective,2026-08-31 22:06:28.146505922,2026-09-01 22:06:28.146505922,2026-09-03 22:06:28.146505922,completed
RET_1577,ORD_15873,2026-08-15 20:47:46.914008143,did_not_like,2026-08-16 20:47:46.914008143,2026-08-17 20:47:46.914008143,2026-08-18 20:47:46.914008143,completed
RET_1578,ORD_15898,2026-09-08 09:11:44.526421912,defective,2026-09-10 09:11:44.526421912,2026-09-11 09:11:44.526421912,2026-09-14 09:11:44.526421912,completed
RET_1579,ORD_15900,2026-07-11 03:33:24.146642538,size_issue,2026-07-13 03:33:24.146642538,2026-07-14 03:33:24.146642538,2026-07-17 03:33:24.146642538,completed
RET_1580,ORD_15906,2026-09-08 03:52:54.422724766,did_not_like,2026-09-10 03:52:54.422724766,2026-09-11 03:52:54.422724766,2026-09-14 03:52:54.422724766,completed
RET_1581,ORD_15926,2026-09-30 06:14:53.390672226,defective,2026-10-01 06:14:53.390672226,2026-10-02 06:14:53.390672226,2026-10-04 06:14:53.390672226,completed
RET_1582,ORD_15940,2026-08-20 17:12:51.570379979,did_not_like,2026-08-22 17:12:51.570379979,2026-08-23 17:12:51.570379979,2026-08-26 17:12:51.570379979,completed
RET_1583,ORD_15946,2026-07-19 11:28:35.889230374,wrong_item,2026-07-20 11:28:35.889230374,2026-07-21 11:28:35.889230374,2026-07-24 11:28:35.889230374,completed
RET_1584,ORD_15952,2026-09-29 08:21:47.916146926,wrong_item,2026-10-01 08:21:47.916146926,2026-10-02 08:21:47.916146926,2026-10-05 08:21:47.916146926,completed
RET_1585,ORD_15957,2026-10-03 03:12:56.817819040,wrong_item,2026-10-04 03:12:56.817819040,2026-10-05 03:12:56.817819040,2026-10-08 03:12:56.817819040,completed
RET_1586,ORD_15983,2026-08-10 04:56:39.780785221,did_not_like,2026-08-11 04:56:39.780785221,2026-08-12 04:56:39.780785221,2026-08-13 04:56:39.780785221,completed
RET_1587,ORD_15996,2026-09-19 01:01:25.426652543,did_not_like,2026-09-20 01:01:25.426652543,2026-09-21 01:01:25.426652543,2026-09-23 01:01:25.426652543,completed
RET_1588,ORD_16001,2026-08-29 00:55:07.295140775,did_not_like,2026-08-31 00:55:07.295140775,2026-09-01 00:55:07.295140775,2026-09-02 00:55:07.295140775,completed
RET_1589,ORD_16003,2026-07-26 23:56:40.683768348,wrong_item,2026-07-27 23:56:40.683768348,2026-07-28 23:56:40.683768348,2026-07-31 23:56:40.683768348,completed
RET_1590,ORD_16048,2026-08-13 11:28:43.313015615,defective,2026-08-14 11:28:43.313015615,2026-08-15 11:28:43.313015615,2026-08-16 11:28:43.313015615,completed
RET_1591,ORD_16064,2026-08-13 15:08:39.641690927,wrong_item,2026-08-14 15:08:39.641690927,2026-08-15 15:08:39.641690927,2026-08-18 15:08:39.641690927,completed
RET_1592,ORD_16066,2026-08-20 21:44:02.761180339,defective,2026-08-21 21:44:02.761180339,2026-08-22 21:44:02.761180339,2026-08-24 21:44:02.761180339,completed
RET_1593,ORD_16112,2026-08-18 12:05:16.146274782,did_not_like,2026-08-20 12:05:16.146274782,2026-08-21 12:05:16.146274782,2026-08-24 12:05:16.146274782,completed
RET_1594,ORD_16113,2026-09-06 06:56:04.564567704,defective,2026-09-08 06:56:04.564567704,2026-09-09 06:56:04.564567704,2026-09-11 06:56:04.564567704,completed
RET_1595,ORD_16119,2026-09-26 01:19:53.347275644,size_issue,2026-09-27 01:19:53.347275644,2026-09-28 01:19:53.347275644,2026-09-29 01:19:53.347275644,completed
RET_1596,ORD_16122,2026-08-13 19:48:12.166626376,defective,2026-08-15 19:48:12.166626376,2026-08-16 19:48:12.166626376,2026-08-19 19:48:12.166626376,completed
RET_1597,ORD_16130,2026-07-13 08:50:43.033907803,defective,2026-07-14 08:50:43.033907803,2026-07-15 08:50:43.033907803,2026-07-18 08:50:43.033907803,completed
RET_1598,ORD_16141,2026-10-13 12:12:59.037864018,wrong_item,2026-10-15 12:12:59.037864018,2026-10-16 12:12:59.037864018,2026-10-17 12:12:59.037864018,completed
RET_1599,ORD_16145,2026-07-17 12:19:26.736730310,did_not_like,2026-07-18 12:19:26.736730310,2026-07-19 12:19:26.736730310,2026-07-21 12:19:26.736730310,completed
RET_1600,ORD_16161,2026-08-21 00:45:58.084072672,size_issue,2026-08-22 00:45:58.084072672,2026-08-23 00:45:58.084072672,2026-08-25 00:45:58.084072672,completed
RET_1601,ORD_16177,2026-08-07 16:07:28.827001979,defective,2026-08-08 16:07:28.827001979,2026-08-09 16:07:28.827001979,2026-08-11 16:07:28.827001979,completed
RET_1602,ORD_16180,2026-09-22 00:39:34.634007151,size_issue,2026-09-23 00:39:34.634007151,2026-09-24 00:39:34.634007151,2026-09-25 00:39:34.634007151,completed
RET_1603,ORD_16182,2026-09-30 18:16:55.629054160,did_not_like,2026-10-02 18:16:55.629054160,2026-10-03 18:16:55.629054160,2026-10-06 18:16:55.629054160,completed
RET_1604,ORD_16187,2026-10-13 14:11:00.691348561,defective,2026-10-15 14:11:00.691348561,2026-10-16 14:11:00.691348561,2026-10-17 14:11:00.691348561,completed
RET_1605,ORD_16201,2026-10-07 21:33:22.281520688,size_issue,2026-10-09 21:33:22.281520688,2026-10-10 21:33:22.281520688,2026-10-11 21:33:22.281520688,completed
RET_1606,ORD_16203,2026-09-20 10:58:21.960131364,did_not_like,2026-09-22 10:58:21.960131364,2026-09-23 10:58:21.960131364,2026-09-26 10:58:21.960131364,completed
RET_1607,ORD_16204,2026-07-26 02:49:41.394425544,did_not_like,2026-07-28 02:49:41.394425544,2026-07-29 02:49:41.394425544,2026-08-01 02:49:41.394425544,completed
RET_1608,ORD_16207,2026-09-25 15:06:27.951017185,wrong_item,2026-09-26 15:06:27.951017185,2026-09-27 15:06:27.951017185,2026-09-29 15:06:27.951017185,completed
RET_1609,ORD_16214,2026-09-24 19:15:39.066442575,wrong_item,2026-09-26 19:15:39.066442575,2026-09-27 19:15:39.066442575,2026-09-28 19:15:39.066442575,completed
RET_1610,ORD_16219,2026-08-24 11:27:26.735419013,defective,2026-08-26 11:27:26.735419013,2026-08-27 11:27:26.735419013,2026-08-30 11:27:26.735419013,completed
RET_1611,ORD_16229,2026-09-01 10:43:29.226302726,defective,2026-09-02 10:43:29.226302726,2026-09-03 10:43:29.226302726,2026-09-04 10:43:29.226302726,completed
RET_1612,ORD_16235,2026-10-07 21:20:21.187461446,size_issue,2026-10-08 21:20:21.187461446,2026-10-09 21:20:21.187461446,2026-10-12 21:20:21.187461446,completed
RET_1613,ORD_16238,2026-07-26 07:39:35.558713141,wrong_item,2026-07-28 07:39:35.558713141,2026-07-29 07:39:35.558713141,2026-07-30 07:39:35.558713141,completed
RET_1614,ORD_16250,2026-08-30 04:46:34.673382715,did_not_like,2026-09-01 04:46:34.673382715,2026-09-02 04:46:34.673382715,2026-09-04 04:46:34.673382715,completed
RET_1615,ORD_16253,2026-09-12 21:07:43.772629846,size_issue,2026-09-14 21:07:43.772629846,2026-09-15 21:07:43.772629846,2026-09-17 21:07:43.772629846,completed
RET_1616,ORD_16254,2026-08-02 19:52:12.711307074,defective,2026-08-04 19:52:12.711307074,2026-08-05 19:52:12.711307074,2026-08-08 19:52:12.711307074,completed
RET_1617,ORD_16256,2026-07-29 13:06:30.967946411,did_not_like,2026-07-30 13:06:30.967946411,2026-07-31 13:06:30.967946411,2026-08-03 13:06:30.967946411,completed
RET_1618,ORD_16264,2026-08-21 09:27:10.209547499,defective,2026-08-23 09:27:10.209547499,2026-08-24 09:27:10.209547499,2026-08-26 09:27:10.209547499,completed
RET_1619,ORD_16268,2026-09-25 16:06:46.945692639,size_issue,2026-09-27 16:06:46.945692639,2026-09-28 16:06:46.945692639,2026-10-01 16:06:46.945692639,completed
RET_1620,ORD_16272,2026-09-14 22:32:53.864866072,did_not_like,2026-09-16 22:32:53.864866072,2026-09-17 22:32:53.864866072,2026-09-18 22:32:53.864866072,completed
RET_1621,ORD_16285,2026-08-08 04:19:08.252592706,size_issue,2026-08-10 04:19:08.252592706,2026-08-11 04:19:08.252592706,2026-08-14 04:19:08.252592706,completed
RET_1622,ORD_16321,2026-07-25 11:22:32.485648890,wrong_item,2026-07-27 11:22:32.485648890,2026-07-28 11:22:32.485648890,2026-07-29 11:22:32.485648890,completed
RET_1623,ORD_16328,2026-09-19 22:53:50.663066013,wrong_item,2026-09-21 22:53:50.663066013,2026-09-22 22:53:50.663066013,2026-09-24 22:53:50.663066013,completed
RET_1624,ORD_16331,2026-09-12 07:09:44.727804886,defective,2026-09-13 07:09:44.727804886,2026-09-14 07:09:44.727804886,2026-09-17 07:09:44.727804886,completed
RET_1625,ORD_16332,2026-09-21 14:20:29.714020126,wrong_item,2026-09-22 14:20:29.714020126,2026-09-23 14:20:29.714020126,2026-09-24 14:20:29.714020126,completed
RET_1626,ORD_16342,2026-08-11 20:30:34.657072922,wrong_item,2026-08-13 20:30:34.657072922,2026-08-14 20:30:34.657072922,2026-08-16 20:30:34.657072922,completed
RET_1627,ORD_16355,2026-08-13 21:46:07.399810848,size_issue,2026-08-15 21:46:07.399810848,2026-08-16 21:46:07.399810848,2026-08-18 21:46:07.399810848,completed
RET_1628,ORD_16380,2026-08-16 00:58:58.469144493,wrong_item,2026-08-17 00:58:58.469144493,2026-08-18 00:58:58.469144493,2026-08-21 00:58:58.469144493,completed
RET_1629,ORD_16381,2026-09-23 22:45:07.936952229,did_not_like,2026-09-24 22:45:07.936952229,2026-09-25 22:45:07.936952229,2026-09-28 22:45:07.936952229,completed
RET_1630,ORD_16404,2026-07-20 13:39:53.270499958,did_not_like,2026-07-21 13:39:53.270499958,2026-07-22 13:39:53.270499958,2026-07-25 13:39:53.270499958,completed
RET_1631,ORD_16409,2026-08-30 10:04:08.189588668,size_issue,2026-09-01 10:04:08.189588668,2026-09-02 10:04:08.189588668,2026-09-03 10:04:08.189588668,completed
RET_1632,ORD_16420,2026-08-26 22:41:27.518649942,wrong_item,2026-08-27 22:41:27.518649942,2026-08-28 22:41:27.518649942,2026-08-29 22:41:27.518649942,completed
RET_1633,ORD_16441,2026-09-25 04:36:19.231521878,did_not_like,2026-09-27 04:36:19.231521878,2026-09-28 04:36:19.231521878,2026-09-29 04:36:19.231521878,completed
RET_1634,ORD_16444,2026-10-10 02:40:46.550858307,defective,2026-10-12 02:40:46.550858307,2026-10-13 02:40:46.550858307,2026-10-16 02:40:46.550858307,completed
RET_1635,ORD_16448,2026-07-26 10:23:10.867253102,size_issue,2026-07-28 10:23:10.867253102,2026-07-29 10:23:10.867253102,2026-07-30 10:23:10.867253102,completed
RET_1636,ORD_16450,2026-09-18 07:55:19.840737414,wrong_item,2026-09-20 07:55:19.840737414,2026-09-21 07:55:19.840737414,2026-09-24 07:55:19.840737414,completed
RET_1637,ORD_16451,2026-09-03 19:06:05.216857399,size_issue,2026-09-04 19:06:05.216857399,2026-09-05 19:06:05.216857399,2026-09-07 19:06:05.216857399,completed
RET_1638,ORD_16456,2026-08-19 22:22:58.150285097,wrong_item,2026-08-21 22:22:58.150285097,2026-08-22 22:22:58.150285097,2026-08-23 22:22:58.150285097,completed
RET_1639,ORD_16466,2026-08-08 12:22:28.772329983,did_not_like,2026-08-10 12:22:28.772329983,2026-08-11 12:22:28.772329983,2026-08-13 12:22:28.772329983,completed
RET_1640,ORD_16473,2026-07-29 01:03:38.208845468,wrong_item,2026-07-31 01:03:38.208845468,2026-08-01 01:03:38.208845468,2026-08-02 01:03:38.208845468,completed
RET_1641,ORD_16475,2026-09-23 16:20:40.528950403,size_issue,2026-09-24 16:20:40.528950403,2026-09-25 16:20:40.528950403,2026-09-28 16:20:40.528950403,completed
RET_1642,ORD_16497,2026-08-28 00:43:02.712956982,size_issue,2026-08-29 00:43:02.712956982,2026-08-30 00:43:02.712956982,2026-08-31 00:43:02.712956982,completed
RET_1643,ORD_16501,2026-08-09 21:58:03.960359206,did_not_like,2026-08-10 21:58:03.960359206,2026-08-11 21:58:03.960359206,2026-08-13 21:58:03.960359206,completed
RET_1644,ORD_16509,2026-07-12 19:30:24.212675947,did_not_like,2026-07-14 19:30:24.212675947,2026-07-15 19:30:24.212675947,2026-07-17 19:30:24.212675947,completed
RET_1645,ORD_16512,2026-07-27 00:48:36.409062760,size_issue,2026-07-29 00:48:36.409062760,2026-07-30 00:48:36.409062760,2026-07-31 00:48:36.409062760,completed
RET_1646,ORD_16521,2026-10-04 02:36:38.880723802,size_issue,2026-10-06 02:36:38.880723802,2026-10-07 02:36:38.880723802,2026-10-08 02:36:38.880723802,completed
RET_1647,ORD_16556,2026-09-06 19:20:42.149522968,size_issue,2026-09-08 19:20:42.149522968,2026-09-09 19:20:42.149522968,2026-09-12 19:20:42.149522968,completed
RET_1648,ORD_16559,2026-09-17 12:01:00.455151663,wrong_item,2026-09-18 12:01:00.455151663,2026-09-19 12:01:00.455151663,2026-09-22 12:01:00.455151663,completed
RET_1649,ORD_16565,2026-08-01 15:09:44.545068166,did_not_like,2026-08-03 15:09:44.545068166,2026-08-04 15:09:44.545068166,2026-08-07 15:09:44.545068166,completed
RET_1650,ORD_16568,2026-07-26 19:32:54.837919293,did_not_like,2026-07-28 19:32:54.837919293,2026-07-29 19:32:54.837919293,2026-07-31 19:32:54.837919293,completed
RET_1651,ORD_16570,2026-08-02 14:31:29.843543230,defective,2026-08-03 14:31:29.843543230,2026-08-04 14:31:29.843543230,2026-08-05 14:31:29.843543230,completed
RET_1652,ORD_16572,2026-07-30 23:54:02.042951266,defective,2026-08-01 23:54:02.042951266,2026-08-02 23:54:02.042951266,2026-08-05 23:54:02.042951266,completed
RET_1653,ORD_16586,2026-09-18 08:34:21.263880073,wrong_item,2026-09-20 08:34:21.263880073,2026-09-21 08:34:21.263880073,2026-09-24 08:34:21.263880073,completed
RET_1654,ORD_16590,2026-07-18 16:48:55.422024612,wrong_item,2026-07-20 16:48:55.422024612,2026-07-21 16:48:55.422024612,2026-07-22 16:48:55.422024612,completed
RET_1655,ORD_16591,2026-10-01 07:19:08.463924965,size_issue,2026-10-03 07:19:08.463924965,2026-10-04 07:19:08.463924965,2026-10-07 07:19:08.463924965,completed
RET_1656,ORD_16601,2026-09-11 13:20:13.083187230,did_not_like,2026-09-12 13:20:13.083187230,2026-09-13 13:20:13.083187230,2026-09-16 13:20:13.083187230,completed
RET_1657,ORD_16606,2026-09-15 17:34:23.318177437,did_not_like,2026-09-17 17:34:23.318177437,2026-09-18 17:34:23.318177437,2026-09-21 17:34:23.318177437,completed
RET_1658,ORD_16622,2026-08-28 04:23:41.641248670,did_not_like,2026-08-30 04:23:41.641248670,2026-08-31 04:23:41.641248670,2026-09-01 04:23:41.641248670,completed
RET_1659,ORD_16631,2026-09-13 18:49:58.257611068,size_issue,2026-09-14 18:49:58.257611068,2026-09-15 18:49:58.257611068,2026-09-17 18:49:58.257611068,completed
RET_1660,ORD_16640,2026-09-14 01:41:06.177046304,did_not_like,2026-09-16 01:41:06.177046304,2026-09-17 01:41:06.177046304,2026-09-20 01:41:06.177046304,completed
RET_1661,ORD_16649,2026-09-20 08:18:31.139398629,defective,2026-09-22 08:18:31.139398629,2026-09-23 08:18:31.139398629,2026-09-25 08:18:31.139398629,completed
RET_1662,ORD_16656,2026-09-16 10:45:30.087425227,size_issue,2026-09-18 10:45:30.087425227,2026-09-19 10:45:30.087425227,2026-09-22 10:45:30.087425227,completed
RET_1663,ORD_16669,2026-07-27 05:55:53.698671580,wrong_item,2026-07-29 05:55:53.698671580,2026-07-30 05:55:53.698671580,2026-07-31 05:55:53.698671580,completed
RET_1664,ORD_16685,2026-10-01 14:22:38.156125379,size_issue,2026-10-02 14:22:38.156125379,2026-10-03 14:22:38.156125379,2026-10-04 14:22:38.156125379,completed
RET_1665,ORD_16688,2026-09-12 04:48:08.160031339,defective,2026-09-14 04:48:08.160031339,2026-09-15 04:48:08.160031339,2026-09-18 04:48:08.160031339,completed
RET_1666,ORD_16697,2026-09-22 10:52:11.068447887,wrong_item,2026-09-23 10:52:11.068447887,2026-09-24 10:52:11.068447887,2026-09-27 10:52:11.068447887,completed
RET_1667,ORD_16708,2026-08-02 03:26:29.481208920,defective,2026-08-04 03:26:29.481208920,2026-08-05 03:26:29.481208920,2026-08-06 03:26:29.481208920,completed
RET_1668,ORD_16717,2026-09-08 16:39:37.643660622,size_issue,2026-09-09 16:39:37.643660622,2026-09-10 16:39:37.643660622,2026-09-13 16:39:37.643660622,completed
RET_1669,ORD_16722,2026-08-31 02:49:20.765148483,size_issue,2026-09-01 02:49:20.765148483,2026-09-02 02:49:20.765148483,2026-09-03 02:49:20.765148483,completed
RET_1670,ORD_16727,2026-10-06 22:19:53.626991769,size_issue,2026-10-08 22:19:53.626991769,2026-10-09 22:19:53.626991769,2026-10-12 22:19:53.626991769,completed
RET_1671,ORD_16740,2026-08-30 08:19:06.568324842,defective,2026-08-31 08:19:06.568324842,2026-09-01 08:19:06.568324842,2026-09-02 08:19:06.568324842,completed
RET_1672,ORD_16791,2026-08-08 16:20:41.950018819,size_issue,2026-08-10 16:20:41.950018819,2026-08-11 16:20:41.950018819,2026-08-13 16:20:41.950018819,completed
RET_1673,ORD_16794,2026-09-13 17:10:42.789114363,size_issue,2026-09-14 17:10:42.789114363,2026-09-15 17:10:42.789114363,2026-09-17 17:10:42.789114363,completed
RET_1674,ORD_16802,2026-08-31 08:53:36.884666427,did_not_like,2026-09-01 08:53:36.884666427,2026-09-02 08:53:36.884666427,2026-09-04 08:53:36.884666427,completed
RET_1675,ORD_16813,2026-08-21 08:35:19.202492224,wrong_item,2026-08-23 08:35:19.202492224,2026-08-24 08:35:19.202492224,2026-08-27 08:35:19.202492224,completed
RET_1676,ORD_16869,2026-08-18 06:18:45.461311545,defective,2026-08-20 06:18:45.461311545,2026-08-21 06:18:45.461311545,2026-08-23 06:18:45.461311545,completed
RET_1677,ORD_16872,2026-09-23 03:42:38.752935537,defective,2026-09-25 03:42:38.752935537,2026-09-26 03:42:38.752935537,2026-09-28 03:42:38.752935537,completed
RET_1678,ORD_16873,2026-08-07 01:27:56.576741590,size_issue,2026-08-08 01:27:56.576741590,2026-08-09 01:27:56.576741590,2026-08-10 01:27:56.576741590,completed
RET_1679,ORD_16880,2026-09-25 03:30:07.796226444,size_issue,2026-09-26 03:30:07.796226444,2026-09-27 03:30:07.796226444,2026-09-29 03:30:07.796226444,completed
RET_1680,ORD_16882,2026-07-25 23:02:24.749800239,size_issue,2026-07-26 23:02:24.749800239,2026-07-27 23:02:24.749800239,2026-07-30 23:02:24.749800239,completed
RET_1681,ORD_16884,2026-08-03 00:31:15.026269161,wrong_item,2026-08-04 00:31:15.026269161,2026-08-05 00:31:15.026269161,2026-08-07 00:31:15.026269161,completed
RET_1682,ORD_16886,2026-08-29 15:00:19.013324439,size_issue,2026-08-30 15:00:19.013324439,2026-08-31 15:00:19.013324439,2026-09-01 15:00:19.013324439,completed
RET_1683,ORD_16898,2026-08-22 07:10:22.228509197,size_issue,2026-08-24 07:10:22.228509197,2026-08-25 07:10:22.228509197,2026-08-26 07:10:22.228509197,completed
RET_1684,ORD_16913,2026-10-07 13:10:00.357903134,size_issue,2026-10-08 13:10:00.357903134,2026-10-09 13:10:00.357903134,2026-10-11 13:10:00.357903134,completed
RET_1685,ORD_16929,2026-07-20 05:24:24.690573071,defective,2026-07-22 05:24:24.690573071,2026-07-23 05:24:24.690573071,2026-07-25 05:24:24.690573071,completed
RET_1686,ORD_16950,2026-09-25 01:01:37.617774924,defective,2026-09-26 01:01:37.617774924,2026-09-27 01:01:37.617774924,2026-09-29 01:01:37.617774924,completed
RET_1687,ORD_16962,2026-08-23 09:41:44.116992550,size_issue,2026-08-25 09:41:44.116992550,2026-08-26 09:41:44.116992550,2026-08-29 09:41:44.116992550,completed
RET_1688,ORD_16965,2026-09-25 03:01:38.067359583,size_issue,2026-09-27 03:01:38.067359583,2026-09-28 03:01:38.067359583,2026-09-29 03:01:38.067359583,completed
RET_1689,ORD_16977,2026-09-05 22:49:55.196500604,wrong_item,2026-09-07 22:49:55.196500604,2026-09-08 22:49:55.196500604,2026-09-09 22:49:55.196500604,completed
RET_1690,ORD_16981,2026-08-25 18:18:43.725152402,wrong_item,2026-08-27 18:18:43.725152402,2026-08-28 18:18:43.725152402,2026-08-30 18:18:43.725152402,completed
RET_1691,ORD_16993,2026-07-23 12:36:17.775060599,wrong_item,2026-07-24 12:36:17.775060599,2026-07-25 12:36:17.775060599,2026-07-27 12:36:17.775060599,completed
RET_1692,ORD_17013,2026-09-23 16:10:03.920937720,wrong_item,2026-09-24 16:10:03.920937720,2026-09-25 16:10:03.920937720,2026-09-27 16:10:03.920937720,completed
RET_1693,ORD_17015,2026-08-03 00:59:22.285787936,did_not_like,2026-08-04 00:59:22.285787936,2026-08-05 00:59:22.285787936,2026-08-07 00:59:22.285787936,completed
RET_1694,ORD_17031,2026-07-31 07:46:48.981077080,defective,2026-08-02 07:46:48.981077080,2026-08-03 07:46:48.981077080,2026-08-04 07:46:48.981077080,completed
RET_1695,ORD_17048,2026-09-18 02:36:52.704721576,size_issue,2026-09-19 02:36:52.704721576,2026-09-20 02:36:52.704721576,2026-09-22 02:36:52.704721576,completed
RET_1696,ORD_17053,2026-08-31 13:25:28.268278424,defective,2026-09-02 13:25:28.268278424,2026-09-03 13:25:28.268278424,2026-09-05 13:25:28.268278424,completed
RET_1697,ORD_17059,2026-09-23 20:19:13.181069174,wrong_item,2026-09-25 20:19:13.181069174,2026-09-26 20:19:13.181069174,2026-09-29 20:19:13.181069174,completed
RET_1698,ORD_17066,2026-07-31 11:23:16.402657412,wrong_item,2026-08-02 11:23:16.402657412,2026-08-03 11:23:16.402657412,2026-08-06 11:23:16.402657412,completed
RET_1699,ORD_17079,2026-09-18 01:58:28.969063641,wrong_item,2026-09-19 01:58:28.969063641,2026-09-20 01:58:28.969063641,2026-09-21 01:58:28.969063641,completed
RET_1700,ORD_17082,2026-08-14 19:27:58.898989582,wrong_item,2026-08-15 19:27:58.898989582,2026-08-16 19:27:58.898989582,2026-08-19 19:27:58.898989582,completed
RET_1701,ORD_17086,2026-08-08 02:53:15.071689158,wrong_item,2026-08-09 02:53:15.071689158,2026-08-10 02:53:15.071689158,2026-08-12 02:53:15.071689158,completed
RET_1702,ORD_17090,2026-10-02 05:30:04.176215723,size_issue,2026-10-03 05:30:04.176215723,2026-10-04 05:30:04.176215723,2026-10-07 05:30:04.176215723,completed
RET_1703,ORD_17092,2026-08-08 21:02:48.663350455,wrong_item,2026-08-10 21:02:48.663350455,2026-08-11 21:02:48.663350455,2026-08-13 21:02:48.663350455,completed
RET_1704,ORD_17097,2026-10-13 23:33:00.598074792,did_not_like,2026-10-14 23:33:00.598074792,2026-10-15 23:33:00.598074792,2026-10-18 23:33:00.598074792,completed
RET_1705,ORD_17106,2026-10-13 23:08:35.174000989,size_issue,2026-10-15 23:08:35.174000989,2026-10-16 23:08:35.174000989,2026-10-19 23:08:35.174000989,completed
RET_1706,ORD_17134,2026-09-12 09:00:40.473762112,did_not_like,2026-09-14 09:00:40.473762112,2026-09-15 09:00:40.473762112,2026-09-18 09:00:40.473762112,completed
RET_1707,ORD_17139,2026-07-30 22:02:27.787150323,size_issue,2026-07-31 22:02:27.787150323,2026-08-01 22:02:27.787150323,2026-08-03 22:02:27.787150323,completed
RET_1708,ORD_17144,2026-09-28 09:30:15.693892401,size_issue,2026-09-30 09:30:15.693892401,2026-10-01 09:30:15.693892401,2026-10-03 09:30:15.693892401,completed
RET_1709,ORD_17166,2026-08-09 21:23:42.392842982,wrong_item,2026-08-11 21:23:42.392842982,2026-08-12 21:23:42.392842982,2026-08-15 21:23:42.392842982,completed
RET_1710,ORD_17172,2026-09-11 07:36:17.630273579,did_not_like,2026-09-13 07:36:17.630273579,2026-09-14 07:36:17.630273579,2026-09-16 07:36:17.630273579,completed
RET_1711,ORD_17179,2026-09-19 23:16:09.361920749,wrong_item,2026-09-20 23:16:09.361920749,2026-09-21 23:16:09.361920749,2026-09-23 23:16:09.361920749,completed
RET_1712,ORD_17201,2026-09-10 18:57:24.427201557,defective,2026-09-12 18:57:24.427201557,2026-09-13 18:57:24.427201557,2026-09-15 18:57:24.427201557,completed
RET_1713,ORD_17205,2026-09-24 14:23:00.368628991,did_not_like,2026-09-25 14:23:00.368628991,2026-09-26 14:23:00.368628991,2026-09-28 14:23:00.368628991,completed
RET_1714,ORD_17206,2026-10-14 00:48:55.906524591,size_issue,2026-10-15 00:48:55.906524591,2026-10-16 00:48:55.906524591,2026-10-18 00:48:55.906524591,completed
RET_1715,ORD_17208,2026-08-06 10:10:08.350503883,did_not_like,2026-08-07 10:10:08.350503883,2026-08-08 10:10:08.350503883,2026-08-10 10:10:08.350503883,completed
RET_1716,ORD_17222,2026-09-14 09:28:55.806833509,size_issue,2026-09-16 09:28:55.806833509,2026-09-17 09:28:55.806833509,2026-09-20 09:28:55.806833509,completed
RET_1717,ORD_17232,2026-09-06 07:49:05.228481438,size_issue,2026-09-07 07:49:05.228481438,2026-09-08 07:49:05.228481438,2026-09-10 07:49:05.228481438,completed
RET_1718,ORD_17237,2026-08-10 16:44:05.360296051,defective,2026-08-12 16:44:05.360296051,2026-08-13 16:44:05.360296051,2026-08-16 16:44:05.360296051,completed
RET_1719,ORD_17247,2026-10-14 20:49:05.353863824,wrong_item,2026-10-16 20:49:05.353863824,2026-10-17 20:49:05.353863824,2026-10-20 20:49:05.353863824,completed
RET_1720,ORD_17267,2026-08-29 17:46:45.034015058,wrong_item,2026-08-30 17:46:45.034015058,2026-08-31 17:46:45.034015058,2026-09-02 17:46:45.034015058,completed
RET_1721,ORD_17281,2026-09-26 10:43:53.484983480,defective,2026-09-28 10:43:53.484983480,2026-09-29 10:43:53.484983480,2026-10-01 10:43:53.484983480,completed
RET_1722,ORD_17288,2026-07-22 11:44:46.998563108,defective,2026-07-24 11:44:46.998563108,2026-07-25 11:44:46.998563108,2026-07-28 11:44:46.998563108,completed
RET_1723,ORD_17291,2026-09-16 01:04:23.802787930,defective,2026-09-18 01:04:23.802787930,2026-09-19 01:04:23.802787930,2026-09-22 01:04:23.802787930,completed
RET_1724,ORD_17292,2026-09-26 07:43:04.929338909,size_issue,2026-09-28 07:43:04.929338909,2026-09-29 07:43:04.929338909,2026-10-01 07:43:04.929338909,completed
RET_1725,ORD_17302,2026-08-14 21:15:53.246472589,did_not_like,2026-08-15 21:15:53.246472589,2026-08-16 21:15:53.246472589,2026-08-17 21:15:53.246472589,completed
RET_1726,ORD_17321,2026-08-08 01:37:23.055843615,wrong_item,2026-08-10 01:37:23.055843615,2026-08-11 01:37:23.055843615,2026-08-12 01:37:23.055843615,completed
RET_1727,ORD_17329,2026-07-24 05:56:41.952851972,defective,2026-07-26 05:56:41.952851972,2026-07-27 05:56:41.952851972,2026-07-29 05:56:41.952851972,completed
RET_1728,ORD_17352,2026-07-27 07:07:49.362080986,size_issue,2026-07-28 07:07:49.362080986,2026-07-29 07:07:49.362080986,2026-07-31 07:07:49.362080986,completed
RET_1729,ORD_17390,2026-09-19 09:54:07.482205605,did_not_like,2026-09-20 09:54:07.482205605,2026-09-21 09:54:07.482205605,2026-09-23 09:54:07.482205605,completed
RET_1730,ORD_17404,2026-08-11 07:17:53.746657313,defective,2026-08-13 07:17:53.746657313,2026-08-14 07:17:53.746657313,2026-08-17 07:17:53.746657313,completed
RET_1731,ORD_17416,2026-08-23 23:58:50.076912104,wrong_item,2026-08-24 23:58:50.076912104,2026-08-25 23:58:50.076912104,2026-08-27 23:58:50.076912104,completed
RET_1732,ORD_17425,2026-09-02 05:46:37.574508473,wrong_item,2026-09-03 05:46:37.574508473,2026-09-04 05:46:37.574508473,2026-09-07 05:46:37.574508473,completed
RET_1733,ORD_17427,2026-09-20 03:32:58.585314224,defective,2026-09-22 03:32:58.585314224,2026-09-23 03:32:58.585314224,2026-09-26 03:32:58.585314224,completed
RET_1734,ORD_17461,2026-08-24 17:19:39.562737109,defective,2026-08-25 17:19:39.562737109,2026-08-26 17:19:39.562737109,2026-08-29 17:19:39.562737109,completed
RET_1735,ORD_17473,2026-09-09 00:53:35.896361089,wrong_item,2026-09-11 00:53:35.896361089,2026-09-12 00:53:35.896361089,2026-09-14 00:53:35.896361089,completed
RET_1736,ORD_17483,2026-08-18 00:43:18.644701362,did_not_like,2026-08-20 00:43:18.644701362,2026-08-21 00:43:18.644701362,2026-08-24 00:43:18.644701362,completed
RET_1737,ORD_17491,2026-09-02 05:03:43.386452417,did_not_like,2026-09-03 05:03:43.386452417,2026-09-04 05:03:43.386452417,2026-09-05 05:03:43.386452417,completed
RET_1738,ORD_17494,2026-08-22 11:48:02.722560042,wrong_item,2026-08-24 11:48:02.722560042,2026-08-25 11:48:02.722560042,2026-08-28 11:48:02.722560042,completed
RET_1739,ORD_17508,2026-07-22 04:14:34.443227347,wrong_item,2026-07-23 04:14:34.443227347,2026-07-24 04:14:34.443227347,2026-07-26 04:14:34.443227347,completed
RET_1740,ORD_17514,2026-08-24 04:31:36.937284960,wrong_item,2026-08-26 04:31:36.937284960,2026-08-27 04:31:36.937284960,2026-08-29 04:31:36.937284960,completed
RET_1741,ORD_17516,2026-08-16 04:30:01.082264763,wrong_item,2026-08-17 04:30:01.082264763,2026-08-18 04:30:01.082264763,2026-08-21 04:30:01.082264763,completed
RET_1742,ORD_17519,2026-08-18 12:02:25.290626739,wrong_item,2026-08-19 12:02:25.290626739,2026-08-20 12:02:25.290626739,2026-08-23 12:02:25.290626739,completed
RET_1743,ORD_17549,2026-08-30 20:20:18.434448143,did_not_like,2026-08-31 20:20:18.434448143,2026-09-01 20:20:18.434448143,2026-09-04 20:20:18.434448143,completed
RET_1744,ORD_17556,2026-09-15 19:56:15.104812389,size_issue,2026-09-17 19:56:15.104812389,2026-09-18 19:56:15.104812389,2026-09-20 19:56:15.104812389,completed
RET_1745,ORD_17562,2026-08-18 09:09:46.753080761,did_not_like,2026-08-19 09:09:46.753080761,2026-08-20 09:09:46.753080761,2026-08-23 09:09:46.753080761,completed
RET_1746,ORD_17567,2026-08-16 14:58:52.010466614,size_issue,2026-08-18 14:58:52.010466614,2026-08-19 14:58:52.010466614,2026-08-21 14:58:52.010466614,completed
RET_1747,ORD_17575,2026-09-16 11:19:37.215874340,wrong_item,2026-09-17 11:19:37.215874340,2026-09-18 11:19:37.215874340,2026-09-21 11:19:37.215874340,completed
RET_1748,ORD_17588,2026-10-11 01:22:56.502439444,did_not_like,2026-10-12 01:22:56.502439444,2026-10-13 01:22:56.502439444,2026-10-15 01:22:56.502439444,completed
RET_1749,ORD_17600,2026-08-21 05:08:58.505219343,size_issue,2026-08-23 05:08:58.505219343,2026-08-24 05:08:58.505219343,2026-08-26 05:08:58.505219343,completed
RET_1750,ORD_17605,2026-07-26 15:06:01.876018611,size_issue,2026-07-28 15:06:01.876018611,2026-07-29 15:06:01.876018611,2026-07-30 15:06:01.876018611,completed
RET_1751,ORD_17622,2026-08-22 17:10:27.664000734,defective,2026-08-24 17:10:27.664000734,2026-08-25 17:10:27.664000734,2026-08-28 17:10:27.664000734,completed
RET_1752,ORD_17624,2026-09-06 13:30:18.634393023,did_not_like,2026-09-08 13:30:18.634393023,2026-09-09 13:30:18.634393023,2026-09-11 13:30:18.634393023,completed
RET_1753,ORD_17641,2026-08-08 01:51:03.574270635,wrong_item,2026-08-09 01:51:03.574270635,2026-08-10 01:51:03.574270635,2026-08-13 01:51:03.574270635,completed
RET_1754,ORD_17643,2026-10-06 14:40:31.158346676,defective,2026-10-07 14:40:31.158346676,2026-10-08 14:40:31.158346676,2026-10-10 14:40:31.158346676,completed
RET_1755,ORD_17655,2026-07-18 09:30:52.832304716,defective,2026-07-19 09:30:52.832304716,2026-07-20 09:30:52.832304716,2026-07-23 09:30:52.832304716,completed
RET_1756,ORD_17656,2026-09-21 01:25:12.161896879,did_not_like,2026-09-22 01:25:12.161896879,2026-09-23 01:25:12.161896879,2026-09-24 01:25:12.161896879,completed
RET_1757,ORD_17669,2026-08-14 10:36:12.048966650,defective,2026-08-15 10:36:12.048966650,2026-08-16 10:36:12.048966650,2026-08-18 10:36:12.048966650,completed
RET_1758,ORD_17670,2026-08-15 07:22:51.602423278,wrong_item,2026-08-16 07:22:51.602423278,2026-08-17 07:22:51.602423278,2026-08-18 07:22:51.602423278,completed
RET_1759,ORD_17672,2026-09-07 05:48:03.178819423,did_not_like,2026-09-09 05:48:03.178819423,2026-09-10 05:48:03.178819423,2026-09-11 05:48:03.178819423,completed
RET_1760,ORD_17676,2026-09-21 00:34:47.362663257,did_not_like,2026-09-23 00:34:47.362663257,2026-09-24 00:34:47.362663257,2026-09-26 00:34:47.362663257,completed
RET_1761,ORD_17678,2026-10-01 03:25:38.367297126,defective,2026-10-02 03:25:38.367297126,2026-10-03 03:25:38.367297126,2026-10-06 03:25:38.367297126,completed
RET_1762,ORD_17694,2026-07-29 12:16:31.934986304,size_issue,2026-07-30 12:16:31.934986304,2026-07-31 12:16:31.934986304,2026-08-03 12:16:31.934986304,completed
RET_1763,ORD_17727,2026-08-20 14:49:13.791333006,wrong_item,2026-08-21 14:49:13.791333006,2026-08-22 14:49:13.791333006,2026-08-25 14:49:13.791333006,completed
RET_1764,ORD_17731,2026-09-29 07:14:14.534606564,wrong_item,2026-10-01 07:14:14.534606564,2026-10-02 07:14:14.534606564,2026-10-03 07:14:14.534606564,completed
RET_1765,ORD_17777,2026-10-10 03:00:52.610282380,did_not_like,2026-10-12 03:00:52.610282380,2026-10-13 03:00:52.610282380,2026-10-15 03:00:52.610282380,completed
RET_1766,ORD_17780,2026-07-11 05:51:25.907763831,wrong_item,2026-07-12 05:51:25.907763831,2026-07-13 05:51:25.907763831,2026-07-14 05:51:25.907763831,completed
RET_1767,ORD_17816,2026-08-11 13:17:59.651409643,wrong_item,2026-08-12 13:17:59.651409643,2026-08-13 13:17:59.651409643,2026-08-14 13:17:59.651409643,completed
RET_1768,ORD_17819,2026-07-20 02:09:30.854080761,wrong_item,2026-07-22 02:09:30.854080761,2026-07-23 02:09:30.854080761,2026-07-24 02:09:30.854080761,completed
RET_1769,ORD_17828,2026-08-09 13:19:47.456243306,size_issue,2026-08-10 13:19:47.456243306,2026-08-11 13:19:47.456243306,2026-08-12 13:19:47.456243306,completed
RET_1770,ORD_17830,2026-08-09 22:20:21.667936531,did_not_like,2026-08-11 22:20:21.667936531,2026-08-12 22:20:21.667936531,2026-08-14 22:20:21.667936531,completed
RET_1771,ORD_17837,2026-09-26 15:14:00.519968726,did_not_like,2026-09-28 15:14:00.519968726,2026-09-29 15:14:00.519968726,2026-10-02 15:14:00.519968726,completed
RET_1772,ORD_17841,2026-09-20 04:12:19.070739169,did_not_like,2026-09-21 04:12:19.070739169,2026-09-22 04:12:19.070739169,2026-09-24 04:12:19.070739169,completed
RET_1773,ORD_17846,2026-08-28 03:13:41.383963676,wrong_item,2026-08-30 03:13:41.383963676,2026-08-31 03:13:41.383963676,2026-09-02 03:13:41.383963676,completed
RET_1774,ORD_17867,2026-08-05 05:52:40.058930965,wrong_item,2026-08-07 05:52:40.058930965,2026-08-08 05:52:40.058930965,2026-08-10 05:52:40.058930965,completed
RET_1775,ORD_17870,2026-09-17 18:31:07.588259123,size_issue,2026-09-18 18:31:07.588259123,2026-09-19 18:31:07.588259123,2026-09-22 18:31:07.588259123,completed
RET_1776,ORD_17885,2026-09-14 14:13:44.339740484,size_issue,2026-09-16 14:13:44.339740484,2026-09-17 14:13:44.339740484,2026-09-18 14:13:44.339740484,completed
RET_1777,ORD_17892,2026-08-10 16:23:37.670323053,size_issue,2026-08-11 16:23:37.670323053,2026-08-12 16:23:37.670323053,2026-08-15 16:23:37.670323053,completed
RET_1778,ORD_17899,2026-09-23 06:51:05.213040226,defective,2026-09-25 06:51:05.213040226,2026-09-26 06:51:05.213040226,2026-09-27 06:51:05.213040226,completed
RET_1779,ORD_17902,2026-08-22 01:33:47.087709797,defective,2026-08-24 01:33:47.087709797,2026-08-25 01:33:47.087709797,2026-08-28 01:33:47.087709797,completed
RET_1780,ORD_17921,2026-08-27 11:02:49.102619945,defective,2026-08-28 11:02:49.102619945,2026-08-29 11:02:49.102619945,2026-08-30 11:02:49.102619945,completed
RET_1781,ORD_17927,2026-07-19 07:16:49.858755676,size_issue,2026-07-21 07:16:49.858755676,2026-07-22 07:16:49.858755676,2026-07-24 07:16:49.858755676,completed
RET_1782,ORD_17953,2026-08-12 01:18:52.301621251,size_issue,2026-08-13 01:18:52.301621251,2026-08-14 01:18:52.301621251,2026-08-15 01:18:52.301621251,completed
RET_1783,ORD_17969,2026-07-29 05:52:19.637914389,size_issue,2026-07-30 05:52:19.637914389,2026-07-31 05:52:19.637914389,2026-08-03 05:52:19.637914389,completed
RET_1784,ORD_17972,2026-09-30 02:13:38.592965888,size_issue,2026-10-01 02:13:38.592965888,2026-10-02 02:13:38.592965888,2026-10-05 02:13:38.592965888,completed
RET_1785,ORD_17981,2026-09-10 11:47:19.415660764,defective,2026-09-12 11:47:19.415660764,2026-09-13 11:47:19.415660764,2026-09-14 11:47:19.415660764,completed
RET_1786,ORD_17993,2026-10-07 09:37:17.369267550,did_not_like,2026-10-08 09:37:17.369267550,2026-10-09 09:37:17.369267550,2026-10-12 09:37:17.369267550,completed
RET_1787,ORD_18005,2026-09-23 18:15:16.541380020,wrong_item,2026-09-25 18:15:16.541380020,2026-09-26 18:15:16.541380020,2026-09-29 18:15:16.541380020,completed
RET_1788,ORD_18014,2026-07-30 06:53:33.442242827,size_issue,2026-07-31 06:53:33.442242827,2026-08-01 06:53:33.442242827,2026-08-02 06:53:33.442242827,completed
RET_1789,ORD_18017,2026-10-04 00:33:07.358245213,did_not_like,2026-10-05 00:33:07.358245213,2026-10-06 00:33:07.358245213,2026-10-08 00:33:07.358245213,completed
RET_1790,ORD_18029,2026-07-15 17:18:12.618209753,did_not_like,2026-07-17 17:18:12.618209753,2026-07-18 17:18:12.618209753,2026-07-21 17:18:12.618209753,completed
RET_1791,ORD_18030,2026-07-19 19:19:39.297943889,did_not_like,2026-07-20 19:19:39.297943889,2026-07-21 19:19:39.297943889,2026-07-23 19:19:39.297943889,completed
RET_1792,ORD_18032,2026-07-31 17:28:48.000644457,size_issue,2026-08-02 17:28:48.000644457,2026-08-03 17:28:48.000644457,2026-08-05 17:28:48.000644457,completed
RET_1793,ORD_18039,2026-09-13 00:52:09.122821036,wrong_item,2026-09-15 00:52:09.122821036,2026-09-16 00:52:09.122821036,2026-09-17 00:52:09.122821036,completed
RET_1794,ORD_18047,2026-09-11 22:28:22.165775421,size_issue,2026-09-12 22:28:22.165775421,2026-09-13 22:28:22.165775421,2026-09-14 22:28:22.165775421,completed
RET_1795,ORD_18051,2026-08-08 01:57:13.813212818,did_not_like,2026-08-10 01:57:13.813212818,2026-08-11 01:57:13.813212818,2026-08-13 01:57:13.813212818,completed
RET_1796,ORD_18058,2026-09-05 08:29:13.530325330,wrong_item,2026-09-06 08:29:13.530325330,2026-09-07 08:29:13.530325330,2026-09-08 08:29:13.530325330,completed
RET_1797,ORD_18066,2026-07-15 02:11:03.007322523,did_not_like,2026-07-16 02:11:03.007322523,2026-07-17 02:11:03.007322523,2026-07-20 02:11:03.007322523,completed
RET_1798,ORD_18072,2026-07-16 20:01:48.146388653,wrong_item,2026-07-17 20:01:48.146388653,2026-07-18 20:01:48.146388653,2026-07-19 20:01:48.146388653,completed
RET_1799,ORD_18091,2026-08-23 10:10:40.800131553,defective,2026-08-24 10:10:40.800131553,2026-08-25 10:10:40.800131553,2026-08-26 10:10:40.800131553,completed
RET_1800,ORD_18095,2026-10-11 03:48:51.163383035,size_issue,2026-10-12 03:48:51.163383035,2026-10-13 03:48:51.163383035,2026-10-14 03:48:51.163383035,completed
RET_1801,ORD_18110,2026-07-22 01:07:57.501565264,wrong_item,2026-07-24 01:07:57.501565264,2026-07-25 01:07:57.501565264,2026-07-26 01:07:57.501565264,completed
RET_1802,ORD_18117,2026-10-03 09:18:37.766984583,size_issue,2026-10-04 09:18:37.766984583,2026-10-05 09:18:37.766984583,2026-10-06 09:18:37.766984583,completed
RET_1803,ORD_18122,2026-10-06 02:56:42.518140165,wrong_item,2026-10-07 02:56:42.518140165,2026-10-08 02:56:42.518140165,2026-10-09 02:56:42.518140165,completed
RET_1804,ORD_18130,2026-09-15 07:02:46.398044112,did_not_like,2026-09-16 07:02:46.398044112,2026-09-17 07:02:46.398044112,2026-09-18 07:02:46.398044112,completed
RET_1805,ORD_18135,2026-10-02 03:48:04.330571909,did_not_like,2026-10-03 03:48:04.330571909,2026-10-04 03:48:04.330571909,2026-10-06 03:48:04.330571909,completed
RET_1806,ORD_18150,2026-07-22 09:18:52.370256315,defective,2026-07-24 09:18:52.370256315,2026-07-25 09:18:52.370256315,2026-07-26 09:18:52.370256315,completed
RET_1807,ORD_18151,2026-10-08 23:52:33.652069587,size_issue,2026-10-10 23:52:33.652069587,2026-10-11 23:52:33.652069587,2026-10-12 23:52:33.652069587,completed
RET_1808,ORD_18219,2026-10-01 23:31:31.016442154,defective,2026-10-02 23:31:31.016442154,2026-10-03 23:31:31.016442154,2026-10-05 23:31:31.016442154,completed
RET_1809,ORD_18234,2026-09-15 01:50:48.125332992,wrong_item,2026-09-16 01:50:48.125332992,2026-09-17 01:50:48.125332992,2026-09-20 01:50:48.125332992,completed
RET_1810,ORD_18238,2026-08-10 08:47:58.140194102,did_not_like,2026-08-11 08:47:58.140194102,2026-08-12 08:47:58.140194102,2026-08-15 08:47:58.140194102,completed
RET_1811,ORD_18241,2026-08-15 14:57:16.032724719,did_not_like,2026-08-17 14:57:16.032724719,2026-08-18 14:57:16.032724719,2026-08-21 14:57:16.032724719,completed
RET_1812,ORD_18242,2026-08-20 22:57:05.649611421,size_issue,2026-08-22 22:57:05.649611421,2026-08-23 22:57:05.649611421,2026-08-24 22:57:05.649611421,completed
RET_1813,ORD_18261,2026-08-14 20:46:44.005757047,did_not_like,2026-08-16 20:46:44.005757047,2026-08-17 20:46:44.005757047,2026-08-18 20:46:44.005757047,completed
RET_1814,ORD_18269,2026-09-06 11:54:28.377245809,defective,2026-09-07 11:54:28.377245809,2026-09-08 11:54:28.377245809,2026-09-09 11:54:28.377245809,completed
RET_1815,ORD_18274,2026-09-02 03:39:52.345038913,defective,2026-09-03 03:39:52.345038913,2026-09-04 03:39:52.345038913,2026-09-05 03:39:52.345038913,completed
RET_1816,ORD_18275,2026-08-14 16:57:18.974213690,defective,2026-08-16 16:57:18.974213690,2026-08-17 16:57:18.974213690,2026-08-19 16:57:18.974213690,completed
RET_1817,ORD_18302,2026-08-03 08:02:48.201806886,defective,2026-08-05 08:02:48.201806886,2026-08-06 08:02:48.201806886,2026-08-07 08:02:48.201806886,completed
RET_1818,ORD_18320,2026-07-23 02:47:33.151497677,wrong_item,2026-07-24 02:47:33.151497677,2026-07-25 02:47:33.151497677,2026-07-26 02:47:33.151497677,completed
RET_1819,ORD_18335,2026-08-19 12:40:22.314014598,wrong_item,2026-08-21 12:40:22.314014598,2026-08-22 12:40:22.314014598,2026-08-24 12:40:22.314014598,completed
RET_1820,ORD_18338,2026-10-07 04:28:24.878663894,size_issue,2026-10-08 04:28:24.878663894,2026-10-09 04:28:24.878663894,2026-10-11 04:28:24.878663894,completed
RET_1821,ORD_18356,2026-08-27 06:27:18.646955969,size_issue,2026-08-28 06:27:18.646955969,2026-08-29 06:27:18.646955969,2026-08-30 06:27:18.646955969,completed
RET_1822,ORD_18369,2026-09-17 01:51:31.544269605,wrong_item,2026-09-18 01:51:31.544269605,2026-09-19 01:51:31.544269605,2026-09-21 01:51:31.544269605,completed
RET_1823,ORD_18389,2026-09-22 04:14:44.483716455,did_not_like,2026-09-23 04:14:44.483716455,2026-09-24 04:14:44.483716455,2026-09-27 04:14:44.483716455,completed
RET_1824,ORD_18410,2026-10-04 17:57:06.464172111,defective,2026-10-06 17:57:06.464172111,2026-10-07 17:57:06.464172111,2026-10-08 17:57:06.464172111,completed
RET_1825,ORD_18413,2026-10-09 03:01:18.057738307,size_issue,2026-10-10 03:01:18.057738307,2026-10-11 03:01:18.057738307,2026-10-14 03:01:18.057738307,completed
RET_1826,ORD_18418,2026-08-17 15:32:06.000032566,size_issue,2026-08-18 15:32:06.000032566,2026-08-19 15:32:06.000032566,2026-08-22 15:32:06.000032566,completed
RET_1827,ORD_18423,2026-08-29 13:10:50.690539686,defective,2026-08-30 13:10:50.690539686,2026-08-31 13:10:50.690539686,2026-09-01 13:10:50.690539686,completed
RET_1828,ORD_18431,2026-07-23 19:49:56.673836449,did_not_like,2026-07-25 19:49:56.673836449,2026-07-26 19:49:56.673836449,2026-07-28 19:49:56.673836449,completed
RET_1829,ORD_18434,2026-07-22 22:08:12.158976216,size_issue,2026-07-24 22:08:12.158976216,2026-07-25 22:08:12.158976216,2026-07-27 22:08:12.158976216,completed
RET_1830,ORD_18444,2026-07-19 10:49:19.958331172,did_not_like,2026-07-21 10:49:19.958331172,2026-07-22 10:49:19.958331172,2026-07-25 10:49:19.958331172,completed
RET_1831,ORD_18450,2026-09-06 01:19:04.525878595,did_not_like,2026-09-07 01:19:04.525878595,2026-09-08 01:19:04.525878595,2026-09-10 01:19:04.525878595,completed
RET_1832,ORD_18452,2026-09-06 19:41:06.136570075,size_issue,2026-09-08 19:41:06.136570075,2026-09-09 19:41:06.136570075,2026-09-12 19:41:06.136570075,completed
RET_1833,ORD_18453,2026-09-01 10:26:40.911303945,size_issue,2026-09-02 10:26:40.911303945,2026-09-03 10:26:40.911303945,2026-09-06 10:26:40.911303945,completed
RET_1834,ORD_18459,2026-09-11 19:56:38.474942522,wrong_item,2026-09-12 19:56:38.474942522,2026-09-13 19:56:38.474942522,2026-09-14 19:56:38.474942522,completed
RET_1835,ORD_18460,2026-09-13 03:38:01.980964036,did_not_like,2026-09-14 03:38:01.980964036,2026-09-15 03:38:01.980964036,2026-09-16 03:38:01.980964036,completed
RET_1836,ORD_18509,2026-07-23 21:00:22.871685354,defective,2026-07-24 21:00:22.871685354,2026-07-25 21:00:22.871685354,2026-07-27 21:00:22.871685354,completed
RET_1837,ORD_18516,2026-09-28 23:09:51.660695528,defective,2026-09-29 23:09:51.660695528,2026-09-30 23:09:51.660695528,2026-10-03 23:09:51.660695528,completed
RET_1838,ORD_18529,2026-08-11 19:49:52.640151514,did_not_like,2026-08-12 19:49:52.640151514,2026-08-13 19:49:52.640151514,2026-08-15 19:49:52.640151514,completed
RET_1839,ORD_18535,2026-08-14 05:29:14.002238571,wrong_item,2026-08-16 05:29:14.002238571,2026-08-17 05:29:14.002238571,2026-08-19 05:29:14.002238571,completed
RET_1840,ORD_18542,2026-07-26 14:02:11.776384515,did_not_like,2026-07-28 14:02:11.776384515,2026-07-29 14:02:11.776384515,2026-08-01 14:02:11.776384515,completed
RET_1841,ORD_18551,2026-07-12 03:21:22.860756954,defective,2026-07-14 03:21:22.860756954,2026-07-15 03:21:22.860756954,2026-07-17 03:21:22.860756954,completed
RET_1842,ORD_18567,2026-08-02 14:05:22.449432532,did_not_like,2026-08-03 14:05:22.449432532,2026-08-04 14:05:22.449432532,2026-08-06 14:05:22.449432532,completed
RET_1843,ORD_18585,2026-08-20 16:06:15.049388756,defective,2026-08-22 16:06:15.049388756,2026-08-23 16:06:15.049388756,2026-08-24 16:06:15.049388756,completed
RET_1844,ORD_18596,2026-09-10 15:09:37.492858759,size_issue,2026-09-11 15:09:37.492858759,2026-09-12 15:09:37.492858759,2026-09-14 15:09:37.492858759,completed
RET_1845,ORD_18616,2026-10-11 10:58:45.450885605,did_not_like,2026-10-13 10:58:45.450885605,2026-10-14 10:58:45.450885605,2026-10-15 10:58:45.450885605,completed
RET_1846,ORD_18623,2026-09-08 04:42:25.053913435,size_issue,2026-09-09 04:42:25.053913435,2026-09-10 04:42:25.053913435,2026-09-11 04:42:25.053913435,completed
RET_1847,ORD_18636,2026-08-08 13:28:01.084224220,wrong_item,2026-08-10 13:28:01.084224220,2026-08-11 13:28:01.084224220,2026-08-14 13:28:01.084224220,completed
RET_1848,ORD_18638,2026-09-18 03:01:36.605604921,wrong_item,2026-09-19 03:01:36.605604921,2026-09-20 03:01:36.605604921,2026-09-22 03:01:36.605604921,completed
RET_1849,ORD_18641,2026-08-14 18:50:32.563862245,did_not_like,2026-08-15 18:50:32.563862245,2026-08-16 18:50:32.563862245,2026-08-17 18:50:32.563862245,completed
RET_1850,ORD_18662,2026-08-07 07:43:05.132195894,size_issue,2026-08-09 07:43:05.132195894,2026-08-10 07:43:05.132195894,2026-08-11 07:43:05.132195894,completed
RET_1851,ORD_18666,2026-10-14 01:18:39.321787814,size_issue,2026-10-15 01:18:39.321787814,2026-10-16 01:18:39.321787814,2026-10-18 01:18:39.321787814,completed
RET_1852,ORD_18668,2026-08-08 05:37:45.209991540,defective,2026-08-10 05:37:45.209991540,2026-08-11 05:37:45.209991540,2026-08-14 05:37:45.209991540,completed
RET_1853,ORD_18682,2026-07-18 22:26:28.365135829,wrong_item,2026-07-19 22:26:28.365135829,2026-07-20 22:26:28.365135829,2026-07-21 22:26:28.365135829,completed
RET_1854,ORD_18693,2026-07-16 03:28:06.499363591,wrong_item,2026-07-18 03:28:06.499363591,2026-07-19 03:28:06.499363591,2026-07-22 03:28:06.499363591,completed
RET_1855,ORD_18703,2026-08-17 21:29:14.939745132,defective,2026-08-19 21:29:14.939745132,2026-08-20 21:29:14.939745132,2026-08-21 21:29:14.939745132,completed
RET_1856,ORD_18707,2026-09-01 18:31:19.381315039,wrong_item,2026-09-02 18:31:19.381315039,2026-09-03 18:31:19.381315039,2026-09-04 18:31:19.381315039,completed
RET_1857,ORD_18719,2026-07-24 22:54:17.565372650,defective,2026-07-25 22:54:17.565372650,2026-07-26 22:54:17.565372650,2026-07-28 22:54:17.565372650,completed
RET_1858,ORD_18731,2026-10-02 13:01:42.083630509,defective,2026-10-04 13:01:42.083630509,2026-10-05 13:01:42.083630509,2026-10-07 13:01:42.083630509,completed
RET_1859,ORD_18741,2026-10-07 06:39:04.366760254,did_not_like,2026-10-08 06:39:04.366760254,2026-10-09 06:39:04.366760254,2026-10-11 06:39:04.366760254,completed
RET_1860,ORD_18754,2026-09-08 21:26:29.282066697,defective,2026-09-10 21:26:29.282066697,2026-09-11 21:26:29.282066697,2026-09-13 21:26:29.282066697,completed
RET_1861,ORD_18784,2026-10-04 15:46:31.245955375,wrong_item,2026-10-05 15:46:31.245955375,2026-10-06 15:46:31.245955375,2026-10-07 15:46:31.245955375,completed
RET_1862,ORD_18788,2026-08-13 10:22:14.476779760,wrong_item,2026-08-15 10:22:14.476779760,2026-08-16 10:22:14.476779760,2026-08-19 10:22:14.476779760,completed
RET_1863,ORD_18795,2026-08-10 08:48:06.195307773,size_issue,2026-08-12 08:48:06.195307773,2026-08-13 08:48:06.195307773,2026-08-15 08:48:06.195307773,completed
RET_1864,ORD_18801,2026-09-06 07:03:49.618420207,wrong_item,2026-09-08 07:03:49.618420207,2026-09-09 07:03:49.618420207,2026-09-12 07:03:49.618420207,completed
RET_1865,ORD_18808,2026-07-17 16:19:55.839635328,defective,2026-07-18 16:19:55.839635328,2026-07-19 16:19:55.839635328,2026-07-22 16:19:55.839635328,completed
RET_1866,ORD_18820,2026-08-08 02:06:47.882212703,did_not_like,2026-08-09 02:06:47.882212703,2026-08-10 02:06:47.882212703,2026-08-11 02:06:47.882212703,completed
RET_1867,ORD_18838,2026-10-11 15:44:08.068790264,wrong_item,2026-10-13 15:44:08.068790264,2026-10-14 15:44:08.068790264,2026-10-15 15:44:08.068790264,completed
RET_1868,ORD_18839,2026-09-23 09:33:43.543562025,wrong_item,2026-09-25 09:33:43.543562025,2026-09-26 09:33:43.543562025,2026-09-28 09:33:43.543562025,completed
RET_1869,ORD_18845,2026-09-29 17:47:58.363107928,wrong_item,2026-09-30 17:47:58.363107928,2026-10-01 17:47:58.363107928,2026-10-03 17:47:58.363107928,completed
RET_1870,ORD_18847,2026-09-02 11:24:13.332793856,wrong_item,2026-09-03 11:24:13.332793856,2026-09-04 11:24:13.332793856,2026-09-05 11:24:13.332793856,completed
RET_1871,ORD_18850,2026-09-16 10:17:15.516148851,wrong_item,2026-09-18 10:17:15.516148851,2026-09-19 10:17:15.516148851,2026-09-21 10:17:15.516148851,completed
RET_1872,ORD_18865,2026-09-03 00:09:03.071218831,size_issue,2026-09-04 00:09:03.071218831,2026-09-05 00:09:03.071218831,2026-09-06 00:09:03.071218831,completed
RET_1873,ORD_18873,2026-09-24 23:37:54.138648706,did_not_like,2026-09-25 23:37:54.138648706,2026-09-26 23:37:54.138648706,2026-09-29 23:37:54.138648706,completed
RET_1874,ORD_18880,2026-10-03 21:39:34.078023343,size_issue,2026-10-04 21:39:34.078023343,2026-10-05 21:39:34.078023343,2026-10-07 21:39:34.078023343,completed
RET_1875,ORD_18917,2026-07-28 07:57:57.744734788,wrong_item,2026-07-29 07:57:57.744734788,2026-07-30 07:57:57.744734788,2026-08-02 07:57:57.744734788,completed
RET_1876,ORD_18921,2026-09-08 21:18:43.194204381,did_not_like,2026-09-10 21:18:43.194204381,2026-09-11 21:18:43.194204381,2026-09-12 21:18:43.194204381,completed
RET_1877,ORD_18929,2026-08-25 02:32:14.641180645,size_issue,2026-08-27 02:32:14.641180645,2026-08-28 02:32:14.641180645,2026-08-29 02:32:14.641180645,completed
RET_1878,ORD_18930,2026-07-21 22:23:32.555480890,size_issue,2026-07-23 22:23:32.555480890,2026-07-24 22:23:32.555480890,2026-07-26 22:23:32.555480890,completed
RET_1879,ORD_18936,2026-08-27 11:25:10.118674799,defective,2026-08-29 11:25:10.118674799,2026-08-30 11:25:10.118674799,2026-09-01 11:25:10.118674799,completed
RET_1880,ORD_18944,2026-09-08 04:45:25.277075697,wrong_item,2026-09-09 04:45:25.277075697,2026-09-10 04:45:25.277075697,2026-09-12 04:45:25.277075697,completed
RET_1881,ORD_18957,2026-07-20 22:41:51.667209777,did_not_like,2026-07-21 22:41:51.667209777,2026-07-22 22:41:51.667209777,2026-07-24 22:41:51.667209777,completed
