ticket_id,user_id,order_id,session_id,created_at,category,status,first_response_minutes,resolution_hours,escalated,reopened_count,csat
TKT_1,cc51d24e4135cd24,,afef04082625,2026-09-18 21:29:17.042604672,product_info,open,8,,True,0,2
TKT_2,cc51d24e4135cd24,,7ecf83ef83ac,2026-08-12 06:38:20.623610605,product_info,open,7,,True,1,2
TKT_3,9881e40ccc14f33b,,3e8b495b5533,2026-08-25 14:33:18.550307003,payment,open,6,,True,0,2
TKT_4,9881e40ccc14f33b,,c51ac114b886,2026-09-27 17:57:38.679204715,payment,open,5,,True,1,1
TKT_5,bda7623d8c67247a,,7e1e4642456d,2026-07-24 05:37:49.080447898,other,open,7,,True,1,1
TKT_6,2ba3a78614138ce6,,08f3d459d4d8,2026-07-23 03:39:20.828147862,product_info,open,8,,True,1,1
TKT_7,b89a72fce2cc8de9,,c90c29d11d91,2026-09-10 06:36:40.534669052,payment,open,7,,True,1,2
TKT_8,23607f770b51fa9e,,a2cb93f7355d,2026-09-03 06:25:29.360376534,other,open,3,,True,1,1
TKT_9,23607f770b51fa9e,,2f8d0a250db0,2026-08-18 18:32:03.621417407,product_info,open,7,,True,0,1
TKT_10,67fee90b87961e10,,3834d0282286,2026-09-25 05:15:58.575547201,product_info,open,2,,True,1,2
TKT_11,8b8e377ac8c6b42b,,304bdcf795ee,2026-09-19 23:32:51.993903095,product_info,open,8,,True,1,1
TKT_12,6289ccf1135d0e09,,84c7227275ef,2026-08-05 20:12:34.121877754,other,open,8,,True,0,2
TKT_13,fc5f0fb0baacbedd,,9db3b8b2a154,2026-07-20 18:31:22.949815794,other,open,5,,True,1,1
TKT_14,fc5f0fb0baacbedd,,274d497e4823,2026-09-29 05:31:26.783218753,other,open,2,,True,0,1
TKT_15,fc5f0fb0baacbedd,,7a47dd451363,2026-09-07 15:01:12.264001998,payment,open,1,,True,1,2
TKT_16,26e74938409fa121,,10fb8d0bd5a9,2026-08-28 20:03:30.238702510,payment,open,3,,True,1,1
TKT_17,a50ed856087fa87c,,59389cc5c605,2026-08-20 03:03:37.855205592,payment,open,9,,True,1,1
TKT_18,118c3a58424960f1,,967a850442e2,2026-08-09 22:23:41.844147534,other,open,3,,True,0,2
TKT_19,b092b6454c68bb47,,568e1687a168,2026-08-24 20:51:31.534954572,product_info,open,9,,True,1,1
TKT_20,88c8c1cf6fe8be43,,d948248568a0,2026-08-13 11:45:35.141781219,product_info,open,7,,True,1,1
TKT_21,b2da2f5c90ba19b0,,6f73715431b1,2026-09-14 05:06:53.511161948,other,open,2,,True,0,2
TKT_22,c0700c8e8b9c57ca,,118403dbc9f5,2026-09-16 21:18:02.561158738,payment,open,3,,True,1,2
TKT_23,6a867144d50bbf80,,f8fa114f214f,2026-07-09 22:49:41.593749704,payment,open,2,,True,0,2
TKT_24,6a867144d50bbf80,,045458c5fef2,2026-08-21 17:24:36.603009476,payment,open,3,,True,1,2
TKT_25,6a867144d50bbf80,,bbbbec01d40f,2026-07-23 12:41:01.389373709,product_info,open,7,,True,0,1
TKT_26,6a867144d50bbf80,,1c5b15ca404b,2026-07-15 23:25:20.069984147,product_info,open,5,,True,1,1
TKT_27,aaac8205af2f67fd,,689641a6a6a6,2026-08-24 00:46:49.240195687,product_info,open,2,,True,0,2
TKT_28,397e41f945365a1d,,b5dbfb8a4945,2026-07-06 08:37:02.867469905,other,open,6,,True,0,2
TKT_29,455b38d7db4abe8d,,71acc2713114,2026-08-11 11:14:36.617001223,payment,open,8,,True,0,1
TKT_30,455b38d7db4abe8d,,040597e0de1a,2026-09-21 20:12:14.539987524,payment,open,1,,True,0,2
TKT_31,8303489028cc1729,,54b87815943b,2026-08-25 10:38:13.917247788,other,open,9,,True,1,1
TKT_32,6b66f040e9ed3606,,aaf0cdc4b258,2026-07-23 20:08:37.624248581,payment,open,9,,True,0,1
TKT_33,50de04d9a8a49bd9,,beb3f3ce4183,2026-08-29 09:42:31.093868241,payment,open,7,,True,0,1
TKT_34,08ca3a692a759e88,,9a09f2cd701a,2026-08-08 18:33:03.822067900,payment,open,9,,True,0,2
TKT_35,150914afefcbd9ab,,60635f7512a0,2026-09-25 08:28:31.274583675,payment,open,8,,True,0,2
TKT_36,be6127e98f9ef585,,e78cb5265ce8,2026-09-06 23:28:32.198730058,product_info,open,1,,True,1,2
TKT_37,2bede582c18889f3,,48d5581932cf,2026-09-15 19:25:50.084480980,product_info,open,7,,True,1,2
TKT_38,74c80ef7526c555a,,68c7ba01d5bd,2026-09-30 12:49:01.214355087,product_info,open,9,,True,0,1
TKT_39,0abee1a211e4b189,,63f1273d6c63,2026-08-14 19:25:59.834970346,product_info,open,4,,True,0,2
TKT_40,a5799009a66639f3,,af2f4a0843cd,2026-08-22 21:50:32.733070638,other,open,6,,True,0,2
TKT_41,b043eb3f8195980a,,c6304ded8e38,2026-08-18 11:24:47.903150587,payment,open,2,,True,0,2
TKT_42,11aa9ddffa8694c6,,915a5a9e9631,2026-07-28 03:21:37.374440282,product_info,open,2,,True,1,1
TKT_43,897e57d85eef9c77,,051d74070a64,2026-07-22 18:44:35.715449920,other,open,5,,True,0,1
TKT_44,56cf350198ee2d33,,1933e1694ad6,2026-09-20 19:27:39.436129059,other,open,1,,True,1,2
TKT_45,3329a22f0034ae78,,e94c0916f4ad,2026-08-08 05:00:38.161126900,product_info,open,1,,True,0,1
TKT_46,9c76c1e453f79893,,88fc53a66c24,2026-09-02 17:37:22.738895276,other,open,4,,True,1,2
TKT_47,346bd7ab2b0d4d33,,a245397b8ae9,2026-08-20 10:08:06.711754444,product_info,open,7,,True,0,2
TKT_48,9393f8c0aef77d5e,,07e5d3458470,2026-08-05 14:59:05.044905733,payment,open,1,,True,0,1
TKT_49,c4e6c4d00531daf6,,62fc0b44076d,2026-09-26 14:25:33.949305401,product_info,open,3,,True,1,2
TKT_50,b6ed303ce0b3a7be,,1892b4108526,2026-09-01 16:13:39.655114827,other,open,8,,True,0,2
TKT_51,c5e90ccf98f93735,,cc348fb5de16,2026-08-20 22:07:48.403581140,product_info,open,4,,True,0,2
TKT_52,bd77bb13b950fe3d,,9ed3d9748c66,2026-07-09 13:53:05.154565801,other,open,5,,True,1,2
TKT_53,41a59c011761eb60,,58cd10626712,2026-09-11 06:07:02.288522103,other,open,9,,True,0,1
TKT_54,adea8c90996352d7,,0f78ee4bfee7,2026-07-26 04:35:54.100993183,payment,open,7,,True,0,2
TKT_55,2e3d81beefc05baa,,548e7c9628e3,2026-09-16 02:22:04.512941256,payment,open,9,,True,1,2
TKT_56,2d86b13e155e69d6,,97c13dd6608a,2026-08-01 03:31:44.131589685,payment,open,1,,True,1,1
TKT_57,9b638fbbce90257d,,96c1a82850d3,2026-09-17 00:58:06.832934416,other,open,5,,True,1,2
TKT_58,b8c56aa8c48a7104,,4ecb3d09067f,2026-08-12 06:32:59.818895096,other,open,2,,True,0,2
TKT_59,b4ef0124906f2e25,,028b67d14eb0,2026-07-16 07:13:26.698314764,payment,open,8,,True,0,1
TKT_60,b4ef0124906f2e25,,a211f06592fe,2026-09-26 03:32:28.542700425,payment,open,7,,True,1,2
TKT_61,9a40aba3aa530b29,,55ff8d51f50e,2026-09-08 19:21:20.716943439,other,open,6,,True,0,1
TKT_62,381f492681102fc6,,a47f98c79bc7,2026-09-13 04:21:56.221117228,product_info,open,9,,True,0,2
TKT_63,381f492681102fc6,,92e2927285ad,2026-09-25 14:58:07.972480364,other,open,3,,True,1,1
TKT_64,7dc904ae474e0594,,ae0fcb58043b,2026-09-08 02:02:39.323652305,payment,open,2,,True,0,2
TKT_65,707c703e193cbc43,,8b8986066bca,2026-07-19 19:23:42.035308470,product_info,open,7,,True,1,1
TKT_66,43c6f7fcdd716734,,b86f1e662776,2026-07-14 14:45:29.734663661,other,open,7,,True,1,2
TKT_67,1e5bdb56c9493970,,6edd4eb58b39,2026-08-05 19:03:25.550748966,other,open,9,,True,0,1
TKT_68,ff8f70494c3d0cf1,,b4847ba83f22,2026-09-02 09:51:00.485902707,product_info,open,1,,True,0,1
TKT_69,3f5432112ed5d9de,,606e342a46e6,2026-09-06 05:12:12.302014489,other,open,8,,True,0,1
TKT_70,d331fd5f6c45a10b,,457381e04fe5,2026-07-18 04:39:43.513438261,payment,open,8,,True,1,2
TKT_71,d331fd5f6c45a10b,,865b58e74cfa,2026-08-19 02:42:00.392838172,other,open,8,,True,1,2
TKT_72,c222f2a5bfe9c019,,833094b39945,2026-08-24 07:49:12.732820916,payment,open,8,,True,1,1
TKT_73,c222f2a5bfe9c019,,89a79b1c32f8,2026-09-14 19:53:54.698079768,payment,open,5,,True,1,1
TKT_74,c222f2a5bfe9c019,,ab53efd3ebaa,2026-08-11 01:02:41.910281842,other,open,4,,True,0,1
TKT_75,4f52762a7bcac32a,,e04b73b50f38,2026-09-19 05:52:02.799153225,payment,open,4,,True,1,1
TKT_76,e614e2279852636f,,4968de0956fa,2026-09-26 11:08:00.227699521,payment,open,3,,True,0,2
TKT_77,3e0b404df37c9251,,b677ccc991b1,2026-08-12 14:56:19.918630166,other,open,7,,True,0,1
TKT_78,b47f99ebb79372b3,,987c598483f4,2026-07-10 21:12:52.434779670,payment,open,6,,True,0,2
TKT_79,e4ffc1f508caa3df,,18867eb4fb93,2026-07-23 10:18:40.632002536,payment,open,2,,True,1,1
TKT_80,b0aff4125baa4cbd,,df2a3d14bb7f,2026-07-04 14:24:34.060164449,product_info,open,2,,True,1,2
TKT_81,e2ed2e74e48de2dc,,f2d6e5519fd2,2026-07-28 10:24:02.926161048,payment,open,6,,True,0,2
TKT_82,38c36635d498be1b,,09e930a799cd,2026-07-05 18:33:33.835120930,other,open,2,,True,1,1
TKT_83,3c9ff2b838c765a5,,0e2eca2250cb,2026-07-30 12:41:34.425569945,payment,open,9,,True,1,1
TKT_84,cce60e1430efdb53,,09510177957d,2026-08-07 21:44:50.139510084,product_info,open,5,,True,1,1
TKT_85,cce60e1430efdb53,,5ba82a383761,2026-09-04 14:20:58.445469698,product_info,open,6,,True,0,1
TKT_86,5923703681f8bc08,,efb960c44b55,2026-08-09 06:52:35.376090507,other,open,8,,True,1,1
TKT_87,a105a3c57d55194f,,70cfb7afd30b,2026-08-13 13:30:11.552040044,product_info,open,8,,True,0,2
TKT_88,a99714578c03c4a8,,e673051eef10,2026-09-24 17:41:52.301955137,other,open,2,,True,1,2
TKT_89,41d8d381de16d8e7,,8f59008208dd,2026-07-30 08:03:17.202030055,payment,open,7,,True,1,1
TKT_90,81b344c74ecb84ae,,f9385ca0599b,2026-08-28 23:52:33.463091289,other,open,3,,True,0,2
TKT_91,579fc3e9ee41ff88,,b2387673406c,2026-07-26 09:29:34.577212216,product_info,open,7,,True,0,1
TKT_92,579fc3e9ee41ff88,,d8c561f50366,2026-07-12 11:57:05.815080155,other,open,4,,True,1,2
TKT_93,47fe9a17f6f84553,,72cd70105007,2026-09-28 19:15:37.104095115,product_info,open,7,,True,1,2
TKT_94,47ac4c87165e20cf,,b7d625213485,2026-08-14 23:58:43.869448150,payment,open,6,,True,0,1
TKT_95,c3014e515f0c5370,,ba1dfb52cda6,2026-08-12 05:54:03.989593071,payment,open,1,,True,0,2
TKT_96,21233cb6ec6a2779,,a39dd7b24eef,2026-07-23 04:37:45.838281112,other,open,4,,True,0,1
TKT_97,a1dd16c11ff7d406,,5ed92326a837,2026-09-07 05:06:26.643174197,payment,open,1,,True,0,2
TKT_98,47af7dc9fe51909e,,92bd7b95c099,2026-07-12 02:49:42.329561241,other,open,1,,True,1,2
TKT_99,6478085da5f56b47,,e65bcf7b9d1d,2026-09-21 21:02:33.328830307,product_info,open,7,,True,1,2
TKT_100,822010cfedd4e673,,bbdd75f8ba9c,2026-07-06 16:54:33.546027857,product_info,open,2,,True,1,2
TKT_101,316f6bf49d82db85,,3cb914e2ff4e,2026-07-10 15:47:48.880407572,product_info,open,6,,True,1,1
TKT_102,56558e2b8736bd7e,,20a5e362ca26,2026-08-28 07:18:13.675648787,product_info,open,9,,True,1,2
TKT_103,1cfb8cf16c09f050,,3198b479e393,2026-09-20 16:29:26.514368873,product_info,open,1,,True,1,2
TKT_104,1cfb8cf16c09f050,,76561d982bcb,2026-09-12 01:37:27.402787131,other,open,7,,True,1,2
TKT_105,4e1f028037e6805b,,80846eb07d28,2026-09-28 23:38:14.689444874,payment,open,7,,True,1,2
TKT_106,baf8834eba5ce8ee,,ee14d1b00401,2026-07-29 03:02:41.189725766,payment,open,2,,True,1,2
TKT_107,baf8834eba5ce8ee,,58cde2e977bc,2026-08-25 01:13:25.127343558,product_info,open,7,,True,1,2
TKT_108,baf8834eba5ce8ee,,8a260cbf884e,2026-07-03 02:44:52.286578218,other,open,6,,True,0,1
TKT_109,b7c80f504622f5d5,,486e738f3ebe,2026-07-18 07:27:17.872732981,payment,open,4,,True,0,2
TKT_110,96809affe19dcd26,,51c22d53a1b2,2026-09-26 14:35:15.912919152,product_info,open,5,,True,1,2
TKT_111,de94469b4bc5d54c,,ffab81bef321,2026-07-18 00:28:57.600098181,product_info,open,3,,True,1,2
TKT_112,1fd34587750a114f,,504b11dae060,2026-07-23 01:46:17.048446820,product_info,open,7,,True,0,2
TKT_113,ed8212c7793e31ed,,3487e6f51f39,2026-08-08 10:59:24.491366000,payment,open,5,,True,1,1
TKT_114,645028005d4181ac,,9a6b830ab918,2026-07-05 15:55:13.245791114,other,open,2,,True,1,1
TKT_115,645028005d4181ac,,fe6fb9565662,2026-07-08 04:19:44.056864978,product_info,open,8,,True,1,1
TKT_116,b0d4a100788ece4b,,e10636e780a4,2026-09-06 20:19:39.279334702,other,open,9,,True,1,2
TKT_117,9946278ca1c652ae,,37de4b4bd583,2026-09-01 00:56:28.756449528,product_info,open,5,,True,0,1
TKT_118,5e4115602255b03f,,a5ab824c6764,2026-08-23 23:44:03.007260258,product_info,open,6,,True,1,2
TKT_119,5e4115602255b03f,,ca987efb27dc,2026-08-01 22:18:31.614170430,payment,open,3,,True,1,1
TKT_120,deb5e252b416cf8d,,ac6b8cfdccec,2026-07-19 11:33:35.852640627,product_info,open,4,,True,1,2
TKT_121,33ac0fac2bfb7c19,,4ce4b227d0fa,2026-08-18 07:31:56.751884548,other,open,2,,True,1,2
TKT_122,827c47d0e103485b,,ecc85b91227c,2026-08-06 02:53:15.544703770,other,open,3,,True,0,2
TKT_123,2c7ed2b3e4da8c25,,e076b2859251,2026-07-04 20:07:23.942665603,other,open,1,,True,1,2
TKT_124,6b278561f6f67c4b,,d72e2adc8163,2026-09-03 09:36:50.553656534,product_info,open,4,,True,0,1
TKT_125,6b9ae1b44749d52e,,d75a78ff70d4,2026-08-12 13:34:03.438454057,other,open,9,,True,0,1
TKT_126,6b9ae1b44749d52e,,7b914e7513ea,2026-08-21 13:29:29.976711933,other,open,3,,True,1,2
TKT_127,74fb351890f88249,,776712e7eb98,2026-09-06 19:00:18.759327686,product_info,open,1,,True,1,1
TKT_128,a5bfab266052fc04,,2d4feed975bd,2026-08-30 03:20:31.728327511,product_info,open,4,,True,1,2
TKT_129,b468798a15218e95,,c814f8fbc194,2026-07-07 15:24:10.510217126,payment,open,7,,True,1,1
TKT_130,b468798a15218e95,,f64dcd1ea126,2026-07-26 18:16:32.616913946,product_info,open,9,,True,1,2
TKT_131,b85c53c334eea80d,,e27cc24792b7,2026-07-28 19:51:37.915877530,other,open,5,,True,1,1
TKT_132,3daacdadc88a375f,,109121daa05c,2026-07-19 17:32:26.633712973,other,open,5,,True,0,2
TKT_133,d0ed511e28e27d9d,,a44663c8c5b6,2026-09-19 12:52:27.854402480,product_info,open,1,,True,1,1
TKT_134,fda716bf09ed9b85,,cf3fc0521760,2026-08-24 15:30:50.595568551,product_info,open,7,,True,0,1
TKT_135,f916ed51de4f6e9d,,bf9426a4c53b,2026-09-04 21:42:26.091332384,product_info,open,8,,True,1,2
TKT_136,b06b2ac8af0e69d2,,c7eda778f266,2026-08-09 07:13:16.161115424,payment,open,1,,True,1,1
TKT_137,c0e3cb2e165520e1,,2405962120e1,2026-08-05 18:32:08.059495041,other,open,5,,True,1,2
TKT_138,641fb25aee311ff6,,21d6aa0d01b0,2026-09-02 03:50:40.079881202,other,open,3,,True,1,1
TKT_139,641fb25aee311ff6,,a6492aca5f40,2026-09-20 06:58:00.733255194,other,open,8,,True,1,2
TKT_140,6e7491aca96abbf8,,ec9664869363,2026-09-01 19:49:39.643516346,product_info,open,6,,True,1,1
TKT_141,dbdaa3209656af48,,3ca99c7c071f,2026-07-12 00:12:48.759986388,payment,open,1,,True,1,2
TKT_142,2aedf887f8a98916,,3f0fffd859d2,2026-09-19 13:03:09.297459947,other,open,2,,True,1,2
TKT_143,6c231e4511db9f6a,,ab9dd8f05125,2026-08-26 12:58:08.428469075,product_info,open,6,,True,1,2
TKT_144,876cef266083d318,,354f18dc3b93,2026-09-22 02:28:57.914734932,other,open,6,,True,1,2
TKT_145,8158b140aed624d2,,f3cebc9caa76,2026-08-01 22:38:56.612108792,other,open,8,,True,0,2
TKT_146,b947ae7c38ad1536,,be6a3af1b5f0,2026-07-24 10:29:00.822694267,product_info,open,6,,True,1,2
TKT_147,77a218a81c3d65f4,,3205ca162f08,2026-09-15 14:52:05.481439421,payment,open,2,,True,0,2
TKT_148,fe979a27d93c5921,,996b3e083801,2026-08-11 02:31:53.719764149,other,open,2,,True,0,1
TKT_149,87af68db34b1f1ae,,86d7b2596799,2026-09-27 15:58:31.090610818,payment,open,8,,True,1,2
TKT_150,8867ccec61c23947,,dc9e7215e110,2026-07-27 00:49:28.344836971,payment,open,1,,True,1,2
TKT_151,8867ccec61c23947,,ab564b5e20b3,2026-07-10 00:22:01.092390308,product_info,open,9,,True,0,2
TKT_152,14e41e7fe81193f7,,e39b7a26fb31,2026-09-02 02:48:28.873548486,product_info,open,4,,True,0,2
TKT_153,14c7390bc4adadd0,,e6467550be45,2026-08-05 02:05:05.564311904,other,open,7,,True,1,1
TKT_154,75852ae9f54c489a,,e5325129da7f,2026-08-29 09:44:38.384085307,other,open,6,,True,0,2
TKT_155,75bb2170970781f0,,8eb6623fd022,2026-08-23 03:09:19.130791123,product_info,open,1,,True,1,1
TKT_156,75bb2170970781f0,,0ab2914839a3,2026-08-09 00:16:07.724357868,other,open,4,,True,1,2
TKT_157,b7eac51e0a6cfbf3,,a35a5f50f400,2026-09-28 03:59:18.330238758,payment,open,6,,True,0,1
TKT_158,0f12b6f8ab646860,,378b2974db37,2026-07-15 19:48:47.947757971,product_info,open,8,,True,0,2
TKT_159,0f12b6f8ab646860,,cfc920425000,2026-08-14 23:04:22.447853815,product_info,open,8,,True,1,2
TKT_160,bf24c25989c4def8,,7957e787e004,2026-07-26 12:49:33.443528124,payment,open,2,,True,0,2
TKT_161,4dc358c55eae18a9,,0e4200029e19,2026-07-18 08:31:24.827605189,product_info,open,1,,True,0,1
TKT_162,d41dca1413987176,,9082a54fa602,2026-09-30 09:15:47.803204009,other,open,4,,True,0,1
TKT_163,509a7ce0443220e8,,57174d6c349f,2026-09-20 02:54:02.647127970,product_info,open,9,,True,1,2
TKT_164,09354e4c59d74413,,7d0bda2c3c9f,2026-09-22 12:23:38.780002040,payment,open,7,,True,1,2
TKT_165,835f36d0d2167b8e,,2464d5061ae1,2026-09-30 10:01:43.406351363,other,open,3,,True,1,1
TKT_166,835f36d0d2167b8e,,c2a3c6ba36c7,2026-08-30 16:28:52.087958321,other,open,9,,True,1,1
TKT_167,c22d2bd51381bfbe,,1d746d40e99e,2026-08-20 16:27:38.934815354,payment,open,3,,True,1,1
TKT_168,c22d2bd51381bfbe,,bc2988e947ad,2026-08-31 07:46:08.458683360,product_info,open,4,,True,1,1
TKT_169,cea8c93cede3505c,,31bc36bd763b,2026-08-31 21:31:01.455850945,product_info,open,6,,True,0,2
TKT_170,cea8c93cede3505c,,43fbcfb4d193,2026-08-30 11:05:22.561597334,payment,open,8,,True,1,2
TKT_171,f3542f3d1f710d24,,cfa1c66ab114,2026-08-04 20:59:38.449773325,payment,open,3,,True,0,1
TKT_172,d61284526fe01550,,16f4977e2008,2026-08-10 10:45:15.321564990,payment,open,4,,True,0,1
TKT_173,04f1ca02940da16f,,cf73a6b5811e,2026-08-06 22:51:33.652402393,other,open,1,,True,0,1
TKT_174,ed6e61c3fee74a27,,620d36398a84,2026-09-06 12:07:13.920015920,payment,open,3,,True,1,2
TKT_175,ed6e61c3fee74a27,,bff3e553fc3a,2026-07-28 16:24:38.601795883,product_info,open,4,,True,1,1
TKT_176,7d571e58ad662d15,,51b962b083a6,2026-07-19 16:48:32.502799358,product_info,open,4,,True,0,1
TKT_177,35da04135d07bf26,,3f49867bf135,2026-07-16 08:09:38.532771797,product_info,open,1,,True,0,2
TKT_178,35da04135d07bf26,,ffca4f872c63,2026-08-19 06:57:32.769853557,product_info,open,4,,True,0,2
TKT_179,432827c19d2c048d,,63a2c1a2825a,2026-07-13 03:32:36.918495308,other,open,3,,True,1,1
TKT_180,39291978dafff493,,089405a36b82,2026-08-01 01:03:35.437892791,other,open,3,,True,1,1
TKT_181,fd04fd67fe7f745d,,2cca291f596a,2026-09-07 18:26:01.997164050,product_info,open,8,,True,1,1
TKT_182,d5287309471d8c54,,adc8a394fb2c,2026-09-09 01:54:40.270118642,product_info,open,1,,True,1,1
TKT_183,21d6d51db86ad9d4,,3126343f9fa9,2026-08-02 16:56:04.294453579,product_info,open,1,,True,0,1
TKT_184,5baf35cf2a01107c,,0037641597c6,2026-08-20 12:33:57.377108301,payment,open,3,,True,1,2
TKT_185,9f46bb333e65569b,,5b5a053f2e78,2026-07-07 07:08:14.318569249,other,open,8,,True,1,2
TKT_186,fa915489e98edd3e,,b1e3b965a271,2026-08-03 23:49:30.028213559,payment,open,8,,True,0,1
TKT_187,b81a11efdadba5ce,,d9ef82b1d032,2026-08-08 01:47:19.879765751,product_info,open,6,,True,1,2
TKT_188,cc1d56ff3434242c,,b658a8cdce3d,2026-09-29 21:29:59.326853274,payment,open,8,,True,0,2
TKT_189,62f40daa2cfb3526,,49fb9430b460,2026-09-21 14:19:01.449813646,product_info,open,3,,True,1,1
TKT_190,62f40daa2cfb3526,,d5f9bfd8b66e,2026-08-29 15:12:23.808265933,other,open,4,,True,0,2
TKT_191,c4fe69e26ae2c8ac,,afb34f386f84,2026-09-15 14:28:29.825533180,product_info,open,3,,True,1,2
TKT_192,1e038d47f2c3fd88,,c167aa25cc4d,2026-09-29 03:29:09.465285950,product_info,open,2,,True,1,1
TKT_193,1e038d47f2c3fd88,,d7dcffe99b28,2026-07-19 00:18:38.149189479,other,open,2,,True,1,1
TKT_194,4318f25ec501cbdf,,5db92cdd45af,2026-07-27 05:08:06.930707353,other,open,6,,True,0,1
TKT_195,4318f25ec501cbdf,,5aba221d1db8,2026-09-28 17:01:24.855403516,payment,open,2,,True,1,1
TKT_196,8b863200e7989b00,,6bc0792ec97a,2026-07-07 06:28:29.950550439,product_info,open,2,,True,0,1
TKT_197,f352ce440eef29b4,,d35bc3c08fef,2026-07-06 07:29:30.003066735,payment,open,1,,True,1,1
TKT_198,59f157ecaa8aefdf,,38d595b1cd12,2026-07-17 03:09:06.570080563,product_info,open,6,,True,0,2
TKT_199,83a62b2fe9a9feff,,73b2483fc90b,2026-09-12 15:29:05.358820415,payment,open,7,,True,1,2
TKT_200,7382d2bc6b19810a,,90e2a12200eb,2026-08-22 23:04:13.973450606,other,open,4,,True,1,2
TKT_201,a2e96c20c9f0803f,,f872ab469c68,2026-09-19 14:57:48.623464913,other,open,5,,True,0,1
TKT_202,35cf95fe714a3147,,a11e4e49e285,2026-07-08 15:25:03.449577763,other,open,2,,True,1,1
TKT_203,c590091479c52f51,,7a41dcf48004,2026-07-27 00:25:53.683759666,product_info,open,2,,True,1,2
TKT_204,81b42de03e9ccca6,,0087205efc03,2026-08-03 05:37:02.746769338,other,open,5,,True,1,2
TKT_205,81b42de03e9ccca6,,5d472f0d9656,2026-09-27 03:38:57.652695114,payment,open,4,,True,1,1
TKT_206,c9f9866f0fafa99a,,c21a44018c2d,2026-07-03 13:51:35.166695042,other,open,9,,True,1,1
TKT_207,c9f9866f0fafa99a,,7b19b3a6d3d3,2026-07-24 11:43:57.071060697,other,open,5,,True,0,1
TKT_208,d8ef0242745ffaf1,,1935953debac,2026-08-03 22:19:57.203522477,product_info,open,1,,True,0,2
TKT_209,7059ea186ed59bbd,,f3435344643c,2026-08-20 07:08:27.100578584,other,open,9,,True,1,2
TKT_210,927dadf843d6ef26,,19bfd034c3e5,2026-07-30 12:31:41.043783678,payment,open,6,,True,1,2
TKT_211,949609fa3cbe763f,,379da3218778,2026-07-14 12:31:53.694826205,payment,open,5,,True,0,1
TKT_212,949609fa3cbe763f,,8a1bd0cc8a31,2026-09-12 02:20:54.887092799,payment,open,3,,True,0,1
TKT_213,949609fa3cbe763f,,586bd5dd3153,2026-07-25 03:32:51.528570024,other,open,3,,True,0,1
TKT_214,71e68bc120012bae,,423a75e231a4,2026-09-10 17:03:18.338484328,payment,open,5,,True,0,2
TKT_215,71e68bc120012bae,,ba65f60630fa,2026-08-13 08:32:12.091412546,product_info,open,5,,True,0,1
TKT_216,820ce373aaa413fa,,d6e193a45c46,2026-07-02 17:12:29.811751388,product_info,open,9,,True,0,2
TKT_217,657586b47577c17f,,71f6d4f4645a,2026-07-05 11:37:42.860313281,other,open,3,,True,0,1
TKT_218,1bb0975b00c4cd4a,,bc09de21139d,2026-09-02 04:45:33.772880913,product_info,open,7,,True,1,1
TKT_219,c0605c7fb1ea09b9,,7dfe88d5ccc8,2026-09-09 03:49:57.462818082,payment,open,6,,True,0,1
TKT_220,6bdb2d43c9758a62,,f66ae4d60b37,2026-09-10 21:09:25.893305465,product_info,open,1,,True,1,2
TKT_221,3ec3848ee7d1a890,,d6276ef11c5d,2026-07-04 05:19:52.190755431,payment,open,3,,True,0,1
TKT_222,62ab9ca21defefdb,,f6e1cdfde59f,2026-07-07 00:37:00.158738421,product_info,open,7,,True,0,2
TKT_223,64eceb01da4a399b,,4fbadcfa037b,2026-07-27 12:34:01.406132772,payment,open,7,,True,0,1
TKT_224,54bf8947efc7dc74,,10f443aec1dc,2026-08-15 12:39:18.477174237,other,open,1,,True,0,1
TKT_225,4c94f59fefd090bd,,9bbed5998ad2,2026-07-26 18:01:27.052372063,other,open,1,,True,0,1
TKT_226,d0872755cb5531e2,,31bd2ca3179d,2026-07-16 05:44:21.311977641,other,open,7,,True,0,2
TKT_227,f804643a8da42540,,799b52797b9d,2026-07-04 04:58:17.674851388,payment,open,2,,True,0,2
TKT_228,5c4ed994ed02818c,,abb1154e4bac,2026-09-02 07:27:33.831449978,product_info,open,3,,True,0,1
TKT_229,1e1fb42c7a8fe13c,,857fbe7e393b,2026-09-13 19:53:11.837148890,payment,open,2,,True,0,1
TKT_230,9919ba5aa6ffc32a,,4432ab5856ad,2026-09-11 18:19:27.690704533,other,open,2,,True,0,1
TKT_231,9a0464d58f0a1f5d,,b08660d5b404,2026-09-08 03:12:37.367877484,payment,open,1,,True,0,1
TKT_232,d7c4266c3b889a5b,,e8d0229ff740,2026-09-08 16:53:44.597964993,product_info,open,1,,True,0,2
TKT_233,f502ccc4774840b6,,40bd5f747612,2026-09-24 20:45:18.968838561,payment,open,8,,True,1,1
TKT_234,7773ca7c40afd240,,8e21cf6ac63c,2026-09-11 21:31:43.936956656,other,open,2,,True,1,2
TKT_235,4931902b7683eb27,,3ae366dd7333,2026-08-15 00:21:28.630640432,other,open,9,,True,0,1
TKT_236,ca6d2f16669bc95a,,0388800bda2e,2026-07-16 04:21:51.067242530,payment,open,8,,True,1,1
TKT_237,3f83e7deb308591e,,1f9995fc9e1d,2026-08-08 23:37:04.228179211,product_info,open,7,,True,0,2
TKT_238,da9d43a758d633d4,,7d694017ddb1,2026-07-03 05:34:37.505730651,other,open,5,,True,1,1
TKT_239,d82c2f1b61a70a47,,e544ea5116ac,2026-09-18 20:16:07.478758504,payment,open,4,,True,0,2
TKT_240,b00be999841d7b8a,,189585a80604,2026-09-12 22:33:51.589732657,payment,open,7,,True,0,1
TKT_241,3b0f000319f511d6,,5ad78a8c651c,2026-08-30 21:01:01.196171601,payment,open,9,,True,1,1
TKT_242,aeb4c81d7e82fe7c,,ab4f3b3345a8,2026-08-27 22:24:27.910864726,payment,open,6,,True,0,2
TKT_243,3ecf9b774e2ef5ef,,060021b83fb2,2026-09-17 21:29:23.872663162,product_info,open,5,,True,1,2
TKT_244,3a0b22c5b84be00c,,061af8b34543,2026-07-04 12:21:11.766995680,payment,open,4,,True,1,2
TKT_245,0ccc47487069d516,,ab812eda964c,2026-08-02 10:29:39.502337127,payment,open,7,,True,1,2
TKT_246,7efff5657116d859,,a03868104914,2026-07-26 16:41:01.467089154,other,open,6,,True,0,1
TKT_247,3d10c58c34626ce0,,4ae9a56ec716,2026-09-27 00:53:47.691985135,other,open,2,,True,1,1
TKT_248,e4fa1a852c4b47ec,,4cff7584c2be,2026-09-06 12:23:34.009049336,product_info,open,6,,True,0,1
TKT_249,1d6675510cb5dd7f,,02685a2e967b,2026-07-06 18:33:42.779442181,product_info,open,9,,True,1,2
TKT_250,fb70e705de1113ee,,4fd4063962a1,2026-09-22 07:42:38.335739273,product_info,open,8,,True,0,2
TKT_251,e981b2067f9b9c96,,9511cd8739c2,2026-07-08 20:17:48.338048954,product_info,open,7,,True,1,2
TKT_252,18298cbf10940ca5,,731eea174993,2026-08-19 02:33:26.384738677,other,open,7,,True,1,2
TKT_253,b04a81dde721f919,,af1f36984b7f,2026-07-08 13:51:28.191639692,payment,open,3,,True,1,2
TKT_254,3be6a2901ddd3616,,8cadfe9ae25b,2026-07-24 06:19:39.900097336,payment,open,5,,True,0,2
TKT_255,47818d7f7f06538a,,6e80aad52717,2026-07-28 15:54:24.921968812,payment,open,4,,True,0,2
TKT_256,8d82a612642528da,,0958e37d2577,2026-07-25 08:45:41.343391455,other,open,7,,True,0,1
TKT_257,36522b1e09c5c887,,4f4ba404b358,2026-07-09 10:56:45.631620104,payment,open,9,,True,1,2
TKT_258,8ea6b5c1a615fe4a,,97504466ef99,2026-07-24 11:14:24.773585114,product_info,open,7,,True,1,2
TKT_259,2d17666df5ef7db9,,68ff0ed4dc3b,2026-07-24 19:50:41.224559633,other,open,3,,True,1,2
TKT_260,4eaec4c32e960e31,,4ee8fb3988ab,2026-09-18 09:04:51.728256018,payment,open,4,,True,0,1
TKT_261,5d7f3bb7ebd1b3be,,713151883fc7,2026-09-05 18:09:39.225056496,product_info,open,6,,True,0,1
TKT_262,358c4814fed1ca4d,,0b5597e22c75,2026-07-15 21:48:26.063461363,product_info,open,8,,True,0,2
TKT_263,ed5ba4a66b2c7e23,,3072f9f9f430,2026-07-03 04:41:29.400733925,product_info,open,2,,True,0,1
TKT_264,5ef2566f7a49c99b,,0599d31ac070,2026-07-21 23:52:59.741347487,other,open,2,,True,0,1
TKT_265,1c74eced152d539c,,421a7d71c778,2026-08-23 07:24:39.633435851,payment,open,9,,True,1,1
TKT_266,62bb5c3f12bfd5b6,,bb8b3aec0834,2026-07-21 01:16:59.657810841,payment,open,8,,True,0,2
TKT_267,e3a5d952cfb4a716,,72b44b8ebf65,2026-07-15 13:37:30.708356428,payment,open,2,,True,0,1
TKT_268,9df107b8b6136089,,bfb8b56cf15c,2026-08-19 17:03:56.491412521,payment,open,8,,True,1,1
TKT_269,e4b70a6ab9c88aa1,,f7e9621f12f9,2026-07-17 19:06:00.367426442,other,open,5,,True,0,1
TKT_270,0e19f51cafb122e1,,a224a877ee39,2026-07-03 16:08:49.257677445,other,open,3,,True,0,1
TKT_271,17b1a4ce9a5ad90a,,6e3a86eb9f49,2026-07-22 02:03:16.542738092,product_info,open,4,,True,1,2
TKT_272,813413a6271027f9,,e1d2befd4533,2026-09-05 15:41:28.683841684,product_info,open,8,,True,1,1
TKT_273,72673c2f09bfada9,,6f9286ffea4f,2026-09-29 04:09:16.567337989,payment,open,7,,True,1,1
TKT_274,c0768a86afbec8ca,,25ebb4435a40,2026-08-05 08:12:53.051186805,payment,open,6,,True,1,2
TKT_275,16c0e738424f16e1,,63c104adedd9,2026-09-27 02:18:29.798716410,product_info,open,3,,True,0,2
TKT_276,87f0cc48a947cb67,,54ca4ecbe683,2026-07-28 06:00:21.844744268,product_info,open,7,,True,0,1
TKT_277,48cb524b5838a738,,bf3f3864bfd9,2026-07-15 01:42:26.463183221,payment,open,4,,True,0,1
TKT_278,f1c6125c3cd3e91b,,eea147a42347,2026-07-21 21:52:59.643577389,product_info,open,5,,True,1,1
TKT_279,23097de306f8af64,,5ef779f66448,2026-08-10 14:23:14.799144839,other,open,7,,True,1,1
TKT_280,18e624919f4e5d1a,,b8f0a8e49aa3,2026-07-16 11:31:16.192500714,product_info,open,7,,True,0,1
TKT_281,c5d35174f7222353,,e01a44286e2f,2026-08-27 17:22:07.716342622,payment,open,7,,True,1,1
TKT_282,dbd845f241e7e790,,a805569a3c50,2026-08-18 14:06:13.601645297,other,open,2,,True,0,1
TKT_283,7997aa326c197d0e,,74a8cc579843,2026-09-08 04:39:26.968950805,other,open,9,,True,1,1
TKT_284,fbe40d093a3644fe,,592a949d582e,2026-08-22 00:40:00.579227609,other,open,4,,True,0,2
TKT_285,4e7d9cf33a48a0f8,,7d0f5acc1e8b,2026-07-19 19:25:33.731396388,other,open,2,,True,1,1
TKT_286,4e7d9cf33a48a0f8,,012716860837,2026-09-11 18:02:23.889597723,payment,open,6,,True,1,2
TKT_287,2536abf1bddfb27e,,ec44433230dc,2026-07-26 13:02:48.056576968,payment,open,5,,True,0,2
TKT_288,9399bd0e91dcc3b8,,3ef4aa15885b,2026-07-23 21:20:35.330182152,product_info,open,3,,True,0,1
TKT_289,f1e7f478b973d665,,f9d2fac10b80,2026-09-27 08:04:25.773019561,product_info,open,6,,True,0,1
TKT_290,cea44a091eb18d7e,,6bdbd51c8d67,2026-08-29 17:27:58.294656702,product_info,open,6,,True,1,2
TKT_291,09173ecf76689484,,d88dca6dca86,2026-09-20 00:49:01.765073235,product_info,open,2,,True,1,2
TKT_292,5c5ce7083e963e36,,d064cafde64a,2026-09-06 19:08:54.632941960,other,open,8,,True,1,1
TKT_293,5c5ce7083e963e36,,c0c8265533e5,2026-09-09 21:39:18.254793042,payment,open,5,,True,0,1
TKT_294,31c45681b1ed9a94,,94a022dee5f1,2026-09-23 01:24:19.887675833,product_info,open,7,,True,0,1
TKT_295,b6ee7e5d95414334,,70177b9d595e,2026-07-13 01:19:11.431034270,product_info,open,5,,True,0,1
TKT_296,1958c9b9280ba502,,fa34a92aca11,2026-07-11 15:32:57.003237001,product_info,open,4,,True,0,1
TKT_297,e16e8042531a35d4,,af880dc8e545,2026-08-15 00:30:32.033264940,payment,open,9,,True,1,1
TKT_298,47b3074396fe0827,,75dd787e5129,2026-08-12 02:44:02.504930091,other,open,7,,True,0,1
TKT_299,e9df93f7ce58ef01,,d5194690e87e,2026-07-05 10:20:20.526894238,product_info,open,2,,True,0,2
TKT_300,d65a9971ae9ded46,,4f7af18a1eb8,2026-08-31 16:57:53.429377400,other,open,2,,True,1,1
TKT_301,01bab024b1c337f4,,05f818980572,2026-08-04 20:04:14.588023911,product_info,open,3,,True,0,2
TKT_302,c94993c396deca54,,b1bc3705e628,2026-07-18 00:33:32.393772595,product_info,open,2,,True,1,2
TKT_303,adbdcf0062eadbac,,a533a7b7b3e2,2026-08-29 04:38:10.467529443,product_info,open,3,,True,1,2
TKT_304,bfe94f5b8cc8b71a,,33a65bdfe0b4,2026-08-05 21:48:55.081508795,payment,open,2,,True,0,2
TKT_305,ea5295fe2e7ea5fc,,5cccd2cfabb5,2026-07-02 19:11:07.911450779,product_info,open,6,,True,0,2
TKT_306,b50b9f662734bfda,,59a888874a34,2026-07-05 08:27:49.825247264,payment,open,9,,True,1,2
TKT_307,d5edf92d40234b5a,,f6a704dcebd1,2026-07-02 20:45:39.289330302,other,open,5,,True,1,2
TKT_308,a12e6d90a7a4f87e,,fd0b19c22114,2026-09-09 22:28:13.798951577,payment,open,5,,True,0,1
TKT_309,839fd98a2a4a0327,,0172e91bbda3,2026-08-12 14:20:09.227946743,other,open,1,,True,0,1
TKT_310,26d3cc141b6ed5db,,f13b58d13ddc,2026-08-29 08:04:07.269034285,payment,open,8,,True,1,2
TKT_311,86a6b51537e00123,,f12127ca62f4,2026-09-04 20:37:06.811278740,payment,open,2,,True,1,1
TKT_312,3d3a7735cf4bd793,,2496755f69d0,2026-07-27 23:25:14.810374515,product_info,open,9,,True,1,2
TKT_313,6c78c51676fb1c39,,dcb915a48954,2026-09-20 14:46:28.939788052,other,open,9,,True,1,1
TKT_314,35439fd05c6aa8de,,0ec6802355c3,2026-08-26 12:21:11.955988378,product_info,open,3,,True,0,1
TKT_315,66e7b4e1fda78647,,2173ee3f1d57,2026-08-26 22:18:00.886643236,payment,open,3,,True,1,2
TKT_316,66e7b4e1fda78647,,10098253098e,2026-08-20 05:52:59.827395755,other,open,3,,True,1,1
TKT_317,ff8a3038a4b55f3b,,545cebfa2fa2,2026-08-31 22:55:17.688773751,other,open,9,,True,0,2
TKT_318,9c7eb58ef9ddd08e,,bfe4b888017d,2026-07-18 13:17:27.981290540,other,open,6,,True,1,2
TKT_319,60bc3603463f8d52,,b315be49fdf6,2026-08-09 03:52:10.011331942,payment,open,8,,True,1,1
TKT_320,85a8f03a0b8bef13,,095e37e4ee86,2026-07-16 04:32:03.207109013,product_info,open,7,,True,1,2
TKT_321,45ff528c90978ccc,,7b6a4a6b93da,2026-08-31 18:52:12.571238246,other,open,2,,True,1,2
TKT_322,883a18a6ea9d9554,,f27a7768ca7a,2026-07-19 10:54:45.463806514,other,open,3,,True,1,2
TKT_323,883a18a6ea9d9554,,73918571becf,2026-09-27 16:20:21.759271353,product_info,open,5,,True,0,2
TKT_324,e4ccc5ccb676a468,,b2cf2daa6e40,2026-09-02 19:29:29.534594370,payment,open,2,,True,0,2
TKT_325,3b3d060c8582bc9e,,0065cbee21cd,2026-07-21 01:28:13.781748156,product_info,open,2,,True,0,1
TKT_326,6e9b9bd4945412c8,,c703ef3a1b66,2026-07-16 14:54:44.782410901,payment,open,1,,True,1,2
TKT_327,b30bcd9ee31d3673,,3efc324e0b30,2026-09-15 13:40:36.413771603,product_info,open,3,,True,0,2
TKT_328,ec7561cfc40fbc93,,e853eda5ebdb,2026-09-03 08:54:09.131798637,other,open,4,,True,0,1
TKT_329,ec7561cfc40fbc93,,4902117e53b6,2026-09-12 18:29:36.672732199,payment,open,4,,True,1,1
TKT_330,720455fda7032dff,,471b2bf71f37,2026-07-08 18:11:18.207503935,other,open,7,,True,1,1
TKT_331,98f501ed83d312fb,,17f5de988002,2026-07-14 21:22:29.164718207,other,open,9,,True,1,2
TKT_332,39d6f170daf06f93,,ed97bbc3a4d9,2026-07-13 05:51:21.012149754,other,open,9,,True,0,2
TKT_333,39d6f170daf06f93,,32a35f2e8512,2026-07-19 13:27:17.082709966,product_info,open,8,,True,0,2
TKT_334,4a437e6aaee59e31,,b371e66eb305,2026-08-08 03:31:32.607252919,product_info,open,3,,True,1,1
TKT_335,4362f570697dae95,,b2c09d31f28b,2026-07-24 13:23:33.981150627,payment,open,7,,True,1,1
TKT_336,e83f0600ed667e0a,,196e21b80e9e,2026-07-06 18:24:43.279134298,other,open,8,,True,0,2
TKT_337,7502274fa174db0a,,c1141d870b48,2026-08-26 09:34:25.819383739,product_info,open,5,,True,1,2
TKT_338,a46bc7db0f52d2a4,,2c4457053e0a,2026-07-10 04:58:16.892754714,product_info,open,7,,True,0,1
TKT_339,a2da3c0b218c7d8e,,64cff9901e3f,2026-08-24 23:56:47.837751326,payment,open,4,,True,0,1
TKT_340,f7337b19969cc09d,,5faa27152446,2026-08-31 08:01:55.127862359,other,open,5,,True,0,2
TKT_341,4f9ac6b59d53bce0,,7314fc800192,2026-09-13 03:51:18.119550944,other,open,2,,True,1,1
TKT_342,0808df50931b5c84,,4c75f96ff083,2026-07-20 05:28:18.021159408,product_info,open,6,,True,1,2
TKT_343,d056c412bf5f59a3,,8b67ad8990d9,2026-07-02 18:53:06.060553316,other,open,2,,True,1,1
TKT_344,b35c5407a82632ea,,34dc991b4016,2026-09-15 12:04:40.788188391,product_info,open,3,,True,1,2
TKT_345,d02c47c897769b5e,,8a812edf5dba,2026-08-08 11:31:38.575604236,payment,open,6,,True,1,2
TKT_346,d02c47c897769b5e,,d5ffd4e0f858,2026-07-28 15:01:31.795925750,payment,open,1,,True,0,1
TKT_347,34c3a9bc99476db0,,fafa0d255e81,2026-07-19 05:42:10.608678742,payment,open,4,,True,0,2
TKT_348,34c3a9bc99476db0,,fe0bb0830928,2026-08-30 19:50:38.781247666,product_info,open,2,,True,1,1
TKT_349,82377d7504cb7792,,d5e82ce31d85,2026-08-28 12:44:12.223788125,other,open,3,,True,1,2
TKT_350,82377d7504cb7792,,6a5da3cfa03e,2026-08-24 03:41:20.816802573,other,open,7,,True,0,2
TKT_351,cd925debebbcfb06,,2a459e572771,2026-09-18 04:29:47.514798363,product_info,open,5,,True,1,1
TKT_352,f5ac66662dedc994,,1d465fbd1507,2026-08-04 04:52:59.891453956,product_info,open,5,,True,1,1
TKT_353,12003dc76d4e7fe3,,fddb03d1cbcb,2026-08-22 23:47:48.083204634,other,open,3,,True,1,2
TKT_354,82bad7a83b47ffea,,0e079d1a7bb9,2026-07-26 01:08:11.791459323,payment,open,5,,True,0,2
TKT_355,82bad7a83b47ffea,,de03d452fef3,2026-09-10 15:56:06.279581615,product_info,open,8,,True,1,2
TKT_356,7eccbabf9418cfc7,,f5b1122f892b,2026-08-16 06:51:06.419826569,other,open,2,,True,1,2
TKT_357,2407a60aaf847db3,,049764825c60,2026-08-04 22:16:44.211889674,payment,open,9,,True,1,1
TKT_358,63012f4ba90bb775,,368f6d265cee,2026-08-24 23:51:52.466233684,payment,open,4,,True,1,1
TKT_359,63012f4ba90bb775,,8e2a37cf5e1d,2026-08-07 14:01:38.667935958,other,open,2,,True,1,2
TKT_360,fa9e3d2253b7e262,,cd06404c4b21,2026-09-01 13:39:37.256377622,payment,open,2,,True,1,1
TKT_361,12cc5eb0eaabdc21,,74bb422ebe73,2026-07-30 20:11:15.189050281,other,open,1,,True,0,2
TKT_362,0f8ca7f2e1397598,,17d25247127d,2026-08-30 18:00:49.272664659,other,open,4,,True,0,1
TKT_363,f523e7db62e103d7,,4e2748913c7a,2026-08-02 12:23:09.588112270,payment,open,2,,True,1,2
TKT_364,332c386cb91f9fd7,,c4f31214a05f,2026-07-06 14:37:25.336239790,other,open,4,,True,0,1
TKT_365,186f23c4a1db8160,,4267b6a762f8,2026-08-23 09:08:44.680839399,payment,open,2,,True,0,1
TKT_366,cef5a0b802cb53c0,,995c05aeebb7,2026-08-07 09:22:35.081469824,payment,open,8,,True,0,1
TKT_367,173985f4af36dc21,,520f1de73643,2026-09-18 20:24:25.381967209,payment,open,4,,True,0,1
TKT_368,39f5a92ad742ae31,,1fdadecafb8a,2026-09-25 02:57:12.850400137,product_info,open,7,,True,0,2
TKT_369,3b722d0f0239ed7b,,40bfbbb91785,2026-08-22 23:25:27.782023481,product_info,open,2,,True,0,1
TKT_370,27e1de78b73d664c,,9cc3e7089f77,2026-07-22 15:03:45.534390959,other,open,3,,True,1,2
TKT_371,a8058b37d57d75ce,,8fa911312d52,2026-07-17 00:37:34.680145971,other,open,8,,True,1,2
TKT_372,7822ceb2ad4d1c25,,eb617d1462ba,2026-09-27 03:35:55.797078111,payment,open,8,,True,1,2
TKT_373,5fbe7490c74c4c18,,306a8380c0a3,2026-09-08 18:12:11.002368800,other,open,1,,True,1,1
TKT_374,fa324f2bd34df539,,0e3ec6335e7d,2026-08-07 20:15:41.354323495,payment,open,5,,True,1,2
TKT_375,d552481a845eae29,,c6ea8cf4e033,2026-08-30 09:15:43.155458078,payment,open,1,,True,1,1
TKT_376,1f98989faf97c083,,fbab0921ada5,2026-07-27 09:47:45.724128808,product_info,open,7,,True,1,2
TKT_377,e47ccb391692d153,,6cdc3f1e97fb,2026-07-19 22:37:44.062973172,other,open,4,,True,1,1
TKT_378,19fff08518f9fe3b,,ae1d3d36867a,2026-09-02 03:34:14.433615009,payment,open,6,,True,1,1
TKT_379,1970eed93225b2b2,,29efd14e4abd,2026-08-24 12:21:27.153643867,product_info,open,6,,True,1,2
TKT_380,a532b857936bb28a,,7cc4f1b5ba3d,2026-09-25 16:41:07.800770365,payment,open,7,,True,1,1
TKT_381,506486c55bd89155,,be33236fba1f,2026-07-04 01:41:53.376480179,other,open,3,,True,1,2
TKT_382,506486c55bd89155,,c452dcc43b77,2026-09-21 16:52:35.723903453,other,open,4,,True,0,2
TKT_383,083602286334df00,,568b92dc59f9,2026-09-25 23:23:17.519250528,product_info,open,1,,True,0,2
TKT_384,17cf6133cabcfe51,,2c1b3cba2eaa,2026-09-05 05:46:07.317019569,payment,open,7,,True,1,1
TKT_385,9bb65caff6c82e92,,c14f262199ed,2026-08-08 19:31:21.889884290,other,open,1,,True,1,2
TKT_386,e9e73af35565aea8,,3c0253c00289,2026-07-25 15:42:18.007251808,payment,open,2,,True,1,2
TKT_387,232e817690496cd9,,56dd395b881b,2026-09-13 15:26:22.707875340,other,open,4,,True,0,2
TKT_388,39e2553535243b9b,,f927049836cf,2026-09-15 20:53:34.562235603,product_info,open,4,,True,0,2
TKT_389,65287ffa981fb6a8,,b3cf221926d9,2026-07-18 05:01:29.869299270,other,open,9,,True,0,1
TKT_390,dd5895ae6ce5a3fc,,de5541fb064b,2026-07-14 08:52:47.476812413,payment,open,3,,True,1,2
TKT_391,dd5465fdf304d085,,df11c013ad2e,2026-09-09 02:08:39.196383044,product_info,open,5,,True,0,1
TKT_392,b8d8b3b47dc1d1bc,,30d0ae70747f,2026-08-16 01:33:44.004642125,product_info,open,8,,True,0,2
TKT_393,94269df29853e5d1,,f46b4231554c,2026-08-01 18:28:04.606084929,payment,open,3,,True,0,1
TKT_394,81d2c7723ebead27,,c3e9d0442e08,2026-09-27 03:03:00.567106635,product_info,open,9,,True,0,1
TKT_395,90af7cf10368faf1,,912a5531fb28,2026-08-24 16:36:09.334132597,other,open,1,,True,0,2
TKT_396,0bb6c8454a0ad941,,1d7ed4028efb,2026-08-03 18:14:43.408116703,payment,open,2,,True,0,2
TKT_397,fdf278a79ce29178,,5076e4ccb9fe,2026-09-28 19:44:40.660950807,payment,open,5,,True,0,2
TKT_398,6df7e5a324e8bb1a,,14f168a505bb,2026-08-08 02:44:14.235613800,payment,open,7,,True,1,1
TKT_399,6843da240a2b243e,,e1236ee6d88b,2026-09-22 06:51:55.390372550,other,open,4,,True,0,2
TKT_400,6843da240a2b243e,,5fe020fa20ed,2026-07-19 15:27:43.274562776,product_info,open,8,,True,0,2
TKT_401,ee2e1e686df3e634,,211aa4461620,2026-09-22 10:12:56.443179107,payment,open,3,,True,0,2
TKT_402,771b21132c36de8e,,22fbd452f491,2026-08-15 04:07:54.255876026,other,open,8,,True,0,2
TKT_403,771b21132c36de8e,,36216746fd47,2026-08-17 15:39:19.425337256,other,open,3,,True,1,2
TKT_404,00b40d964d3c2fc5,,8fb21d611f78,2026-08-15 09:14:55.272424697,product_info,open,2,,True,0,2
TKT_405,00b40d964d3c2fc5,,22a696f7f948,2026-07-12 06:15:10.363238148,payment,open,2,,True,1,1
TKT_406,00b40d964d3c2fc5,,c5c8a4b10aad,2026-08-03 02:50:21.348311393,payment,open,9,,True,0,1
TKT_407,53c582b64ea2324b,,b172698adc6e,2026-09-07 17:03:27.197853735,payment,open,3,,True,1,2
TKT_408,f2f31c54bb4e76f1,,b0860870fdd1,2026-09-25 04:24:41.354220757,payment,open,8,,True,0,1
TKT_409,dbc9106a58d8fca6,,bfc06b6ecdbe,2026-08-26 10:48:40.283761814,other,open,6,,True,0,2
TKT_410,9d55daeb437be282,,ed1054fa7c78,2026-08-04 04:05:32.881889326,other,open,3,,True,1,2
TKT_411,882e545ac97a7f9d,,1e58b54ea115,2026-07-02 18:46:15.221944994,payment,open,8,,True,1,2
TKT_412,1735d0ad990291a5,,82a83c9e8434,2026-08-23 20:37:28.337790766,payment,open,1,,True,0,2
TKT_413,cf112ebc0c06f792,,f0fccc5e3381,2026-09-04 11:31:58.490798037,payment,open,7,,True,1,1
TKT_414,ff4f19ed4c98729f,,9e45d1cbd01c,2026-07-23 15:14:25.067787631,product_info,open,8,,True,1,1
TKT_415,6a3749ae30bc6f1f,,53cbfbaddcac,2026-07-21 01:34:43.530081708,other,open,4,,True,1,1
TKT_416,54da93ec334b1b89,,b7481f29af6a,2026-07-25 16:42:11.616433104,payment,open,1,,True,0,1
TKT_417,54da93ec334b1b89,,7162527716d4,2026-07-31 19:24:41.297937218,payment,open,8,,True,1,2
TKT_418,d89d24b0a87974fe,,a7c97b923d74,2026-08-12 22:19:33.863161355,product_info,open,3,,True,1,1
TKT_419,ea2c94712de4af53,,c1259b3d6abf,2026-09-16 15:19:04.781805793,other,open,3,,True,0,1
TKT_420,6a741b66f01f19f9,,46b6fa7fc6fa,2026-07-05 18:08:31.851751110,product_info,open,9,,True,0,1
TKT_421,c00ee1acc22a1df4,,2b7c403672b9,2026-07-21 20:14:48.650755605,product_info,open,6,,True,0,2
TKT_422,a616e2fa595e85b1,,c9f630892a41,2026-07-12 02:23:40.754568979,payment,open,5,,True,1,2
TKT_423,0682312c4fe1eebb,,894e75c4afe8,2026-09-05 23:36:50.443608497,payment,open,2,,True,0,2
TKT_424,3125e755dec51209,,20202e8933a0,2026-09-13 17:53:55.721016430,product_info,open,3,,True,1,2
TKT_425,3125e755dec51209,,2c4273df7831,2026-08-04 17:31:58.668884799,other,open,8,,True,0,2
TKT_426,1856883c734d86a6,,5ae4eff964e7,2026-07-31 12:56:48.627689405,other,open,2,,True,0,2
TKT_427,266ee101a906abf1,,e82d2e2e4ba1,2026-08-08 10:26:35.672258499,payment,open,9,,True,1,1
TKT_428,059bfa14fa290108,,ae5c9f238d75,2026-07-06 15:26:57.790512264,payment,open,2,,True,1,2
TKT_429,8333b50c6223513b,,03715354d4c8,2026-09-05 10:22:11.233768399,product_info,open,7,,True,1,2
TKT_430,d612301033672a40,,ae46a184db08,2026-08-02 18:08:58.429671056,payment,open,1,,True,0,1
TKT_431,0161e775ff83238f,,ce45773f15e3,2026-07-17 03:27:16.484065222,other,open,8,,True,1,2
TKT_432,a56275e94ab78498,,00dc7d6311bc,2026-07-13 03:19:02.511062801,other,open,9,,True,0,2
TKT_433,a56275e94ab78498,,ebabd55d0e1d,2026-07-24 15:02:25.786648083,payment,open,9,,True,0,2
TKT_434,35d4b45fa86670c2,,f36aa6152c41,2026-07-13 07:56:27.643467964,payment,open,2,,True,0,1
TKT_435,e4c8c294372099d2,,adb19be6ae35,2026-08-11 18:55:17.532922329,payment,open,4,,True,0,2
TKT_436,73020313a093310b,,b9779f42f738,2026-07-09 01:57:43.720273930,payment,open,2,,True,0,2
TKT_437,73020313a093310b,,8c8473711e02,2026-09-20 15:21:21.284117864,product_info,open,7,,True,1,1
TKT_438,ded6210435fb61b2,,20235cda03ae,2026-09-28 16:49:38.287760425,product_info,open,9,,True,0,1
TKT_439,ee3d0547b0040f03,,1beca713b3d2,2026-07-13 17:34:51.936593375,payment,open,4,,True,0,2
TKT_440,8e6976263b754103,,b357152832f2,2026-09-20 06:59:55.921812561,product_info,open,2,,True,1,1
TKT_441,8e6976263b754103,,c3fa98b74282,2026-08-11 05:28:03.200283998,other,open,7,,True,0,1
TKT_442,acc1e8315df1c919,,98b9340f0c96,2026-08-24 20:10:53.759104058,product_info,open,7,,True,1,1
TKT_443,312140fda1fce45b,,d4c986daba82,2026-08-16 10:29:54.781700584,product_info,open,7,,True,1,1
TKT_444,c9e32d115501e5f4,,dcba43fbdf10,2026-07-14 10:19:16.786160675,product_info,open,3,,True,0,2
TKT_445,3c8102fe1b5695be,,aa611f48e608,2026-08-10 20:28:23.323591017,product_info,open,6,,True,1,2
TKT_446,4a8e129581f1e263,,53d81da0a910,2026-08-10 23:49:15.497159759,product_info,open,6,,True,0,2
TKT_447,a44fa7e393c8167b,,7102abb45110,2026-08-11 12:36:30.811108842,payment,open,8,,True,0,1
TKT_448,f3654d98a61894e3,,f62abb962605,2026-07-05 18:35:25.022094803,product_info,open,2,,True,1,2
TKT_449,0b8f2edc2175c011,,3679216e6d5b,2026-08-06 05:24:45.369720465,payment,open,9,,True,1,1
TKT_450,09a8079e7a05e8a5,,21feb5b7f8e8,2026-07-17 13:17:13.589978050,product_info,open,6,,True,1,1
TKT_451,a453c843a738fc9a,,cdfc6366e87a,2026-09-06 19:57:54.864648469,other,open,8,,True,0,1
TKT_452,927f95f311d6425b,,1e582313528e,2026-08-27 18:18:49.623956105,other,open,6,,True,0,1
TKT_453,536ca644196a286c,,3eac940a206a,2026-09-10 22:04:31.064025056,other,open,5,,True,1,2
TKT_454,536ca644196a286c,,0a2c6d77b026,2026-07-18 11:04:00.435091568,other,open,2,,True,1,2
TKT_455,13a9bdc03f1fd710,,0f1eee55bca4,2026-07-16 18:40:39.689497109,payment,open,2,,True,1,2
TKT_456,c97e1752e8461880,,fe8bb20aae2d,2026-07-05 13:37:26.013462008,other,open,9,,True,1,1
TKT_457,574882902c51037f,,7f7f84ae549a,2026-07-16 07:55:03.611851367,payment,open,4,,True,1,1
TKT_458,ebd2705771088c26,,4fc256f17270,2026-07-11 18:48:37.062434601,other,open,4,,True,0,1
TKT_459,211376e775c16bdf,,11f3427e9853,2026-08-24 10:44:01.831878304,payment,open,6,,True,1,2
TKT_460,58592129edd4ad5c,,979af70c8345,2026-09-25 15:28:27.564719793,payment,open,8,,True,0,2
TKT_461,dacdfc8e1287b237,,736929659de7,2026-07-21 18:55:37.933622326,payment,open,8,,True,0,2
TKT_462,051ef402671ecfde,,ff50ed69767d,2026-08-20 18:29:19.416489540,product_info,open,6,,True,1,1
TKT_463,44c39cf1cf174e4f,,357aa81f0fc5,2026-07-12 06:12:20.128437828,product_info,open,3,,True,1,2
TKT_464,74003c2ec05d8b55,,2f7c60f50e82,2026-07-10 05:07:11.189071318,payment,open,9,,True,0,2
TKT_465,bd43d6cec0a264a5,,a710a7739175,2026-09-16 18:04:32.218488893,product_info,open,1,,True,0,2
TKT_466,eebfd63ea82e8004,,495a284e3bb6,2026-08-12 19:06:23.520916765,product_info,open,5,,True,0,2
TKT_467,d02bd524992a6899,,8499d225d5e1,2026-08-12 01:31:01.743522123,product_info,open,7,,True,0,2
TKT_468,85cbb4843187d0cf,,2527a33a4ba8,2026-07-08 14:24:22.410442196,payment,open,9,,True,1,1
TKT_469,e17a5bbcafa0ca91,,856a0258decc,2026-09-21 17:04:55.337478078,product_info,open,7,,True,0,2
TKT_470,e17a5bbcafa0ca91,,c34469736919,2026-07-19 02:53:29.863668662,other,open,9,,True,1,2
TKT_471,ea8cde382df64e3e,,f87b083e609a,2026-09-18 22:37:41.182935732,other,open,5,,True,1,1
TKT_472,13e72dafdfa4fcdb,,36e2d4bf86d5,2026-07-04 08:43:35.605829566,product_info,open,2,,True,0,1
TKT_473,2f4c4b15174a1e31,,1a51bf227c47,2026-09-08 18:11:52.008710114,other,open,1,,True,0,1
TKT_474,9ba283c4cf061c53,,a43e37dab7f4,2026-09-18 16:38:19.690274452,other,open,1,,True,1,2
TKT_475,ff2e01db296fea68,,47b4d1305baf,2026-09-22 18:03:43.970217584,payment,open,8,,True,1,1
TKT_476,2d7362d822e3e32b,,20b49151e509,2026-08-19 23:05:11.565366341,product_info,open,5,,True,0,1
TKT_477,43bc973db3ab5916,,27b67785bab1,2026-08-16 10:02:15.345623410,product_info,open,5,,True,0,1
TKT_478,940901400fe4c3f5,,db08d173a1a3,2026-07-15 09:08:54.076193565,product_info,open,3,,True,0,1
TKT_479,5bc70f7cbae0a2ba,,eadfe6ad3bae,2026-07-28 08:06:31.697643688,payment,open,6,,True,1,1
TKT_480,5bc70f7cbae0a2ba,,00ca7f0dccbc,2026-07-22 14:04:13.634062105,payment,open,4,,True,0,1
TKT_481,a656a2cf278484c1,,11c31a450216,2026-08-21 14:37:27.930325295,payment,open,5,,True,0,2
TKT_482,d986d0c9caaa9cf6,,a979531672f6,2026-07-08 06:48:53.934707398,product_info,open,4,,True,1,1
TKT_483,6ce1eef9e4c3e93f,,cba415dc74ce,2026-09-02 03:02:00.443047475,other,open,3,,True,0,2
TKT_484,c38f8bebb794476e,,b9bba37b54b3,2026-09-23 04:29:51.300524160,payment,open,7,,True,1,2
TKT_485,c1faca724b1f46b0,,a24f499fb801,2026-07-22 12:19:09.053061441,other,open,1,,True,0,1
TKT_486,c1faca724b1f46b0,,24790513006f,2026-08-30 07:52:17.037330332,other,open,1,,True,1,1
TKT_487,751474800dd40e48,,22dafa23bf82,2026-07-21 21:26:43.733698166,product_info,open,8,,True,1,1
TKT_488,4057d1521e1a16d4,,1394e68384f6,2026-08-30 18:57:15.234146225,product_info,open,1,,True,0,1
TKT_489,c199c735a369f9ab,,9c4d62c4fa94,2026-09-18 16:40:48.693153430,other,open,8,,True,1,1
TKT_490,613a5856394e2659,,8496a6f94866,2026-08-09 02:48:41.335459440,payment,open,7,,True,1,2
TKT_491,613a5856394e2659,,62fdf246168b,2026-08-30 01:13:31.774513542,other,open,7,,True,1,1
TKT_492,161bd95a247cafc2,,75c5a96a4c29,2026-07-22 08:02:19.888997294,payment,open,4,,True,0,2
TKT_493,a6b85b1d4d2b1384,,6a2a27c5e3a2,2026-08-14 00:19:00.515678277,product_info,open,4,,True,0,2
TKT_494,7345b21f335905b8,,77fb5c60c59a,2026-09-05 02:06:10.103502507,product_info,open,7,,True,0,1
TKT_495,60d639ed9020249f,,babf01259cbd,2026-08-29 16:43:35.909894084,payment,open,7,,True,0,1
TKT_496,2237704b31f5c5f9,,32476302bfcc,2026-07-27 05:16:43.384606401,payment,open,3,,True,0,1
TKT_497,b51a699c5791251d,,d4d28c26b2d2,2026-08-08 09:10:55.068250500,other,open,1,,True,1,1
TKT_498,1a010e3e3612e35d,,9d8a386490ee,2026-09-12 23:41:04.550759742,payment,open,7,,True,1,1
TKT_499,2ad7a4e93f8e24fc,,02b62759ad6d,2026-08-06 12:48:43.090614134,product_info,open,6,,True,0,2
TKT_500,267c68cdd8925f3d,,227905769af9,2026-07-20 05:41:30.708442517,payment,open,5,,True,0,1
TKT_501,a8e6be0cfbbca788,,6ab5656ae4fb,2026-08-02 09:51:27.819901798,payment,open,5,,True,1,1
TKT_502,8d475c06c48a9d13,,3731708646f4,2026-08-02 05:28:01.491227654,product_info,open,3,,True,0,2
TKT_503,8e5df1a85634a3b7,,94dc2177be98,2026-08-14 18:36:40.969100300,other,open,4,,True,0,1
TKT_504,192a94467f45cd4d,,227eb0deec4a,2026-09-26 18:14:44.236893321,payment,open,4,,True,0,1
TKT_505,bd2ebcbd2edb86d5,,6efe4860a7ee,2026-09-07 03:55:37.234429688,product_info,open,3,,True,1,2
TKT_506,3be38e550a64b485,,afe7f8098135,2026-08-31 12:26:36.659754476,other,open,5,,True,1,1
TKT_507,7d883ae677ca07a2,,31e0e65bdbf7,2026-09-27 20:19:52.848609798,product_info,open,5,,True,1,1
TKT_508,6785ab9200992429,,0d86757a3f8f,2026-09-06 03:30:30.422900564,payment,open,7,,True,0,1
TKT_509,ebbb980655bc345a,,630031e6b76e,2026-08-01 02:24:18.701151028,other,open,7,,True,0,1
TKT_510,ebbb980655bc345a,,8eb6734e4ec4,2026-09-03 11:54:43.480298570,product_info,open,7,,True,1,2
TKT_511,ecfc1ebaaeba527d,,f1b4435dede3,2026-09-23 13:18:10.252990557,other,open,1,,True,1,1
TKT_512,8680489b9083542c,,fc67ca43e1ca,2026-08-22 01:17:07.470223969,payment,open,3,,True,1,1
TKT_513,2a28d11f20f47f3e,,71ead5170844,2026-09-01 10:19:47.338629390,other,open,8,,True,1,2
TKT_514,82b0b32c804a3818,,220fc9dd54dc,2026-09-05 22:49:59.658737308,payment,open,4,,True,0,1
TKT_515,5c81ec494b795e78,,5134c1020e4a,2026-08-13 10:21:18.695079017,payment,open,6,,True,1,1
TKT_516,e22cc259c82b5e95,,a4ec1262028a,2026-07-06 13:24:37.012996683,payment,open,9,,True,0,2
TKT_517,1370a663efe05951,,b50e526e7cf0,2026-08-16 07:47:23.026002816,other,open,2,,True,1,2
TKT_518,89054e54e60f765a,,ace490b5b97d,2026-08-20 23:18:55.197255758,payment,open,6,,True,0,1
TKT_519,89054e54e60f765a,,f78b2e3783d4,2026-09-28 10:09:04.138010541,product_info,open,4,,True,1,1
TKT_520,df2f8e962a2b7369,,4d9b7713298e,2026-07-27 08:57:44.481130671,product_info,open,1,,True,0,2
TKT_521,44884f767749bd3b,,4d4866d1201f,2026-07-12 17:29:46.252050586,payment,open,4,,True,0,1
TKT_522,8f9b9b578050404b,,1881942fc74d,2026-07-19 02:24:57.942044886,product_info,open,3,,True,0,2
TKT_523,f06d166cfcf56daf,,5e140d096d9a,2026-09-06 07:36:49.852365468,payment,open,5,,True,0,2
TKT_524,1d58a53e5c86f98b,,334734d37d47,2026-07-04 23:41:07.608155585,product_info,open,8,,True,0,1
TKT_525,4a483341683ed9c3,,a710ad061584,2026-09-09 16:48:39.788530687,product_info,open,6,,True,1,1
TKT_526,73aaf777f8f5a9f9,,59fa79fc373b,2026-07-11 05:16:04.439525574,product_info,open,5,,True,1,1
TKT_527,3309c2eb8aafa30b,,5506d021b985,2026-07-22 07:57:46.597218242,product_info,open,5,,True,1,2
TKT_528,51a7a44f413edfbe,,04b09c529d6d,2026-08-09 17:46:43.927715149,product_info,open,4,,True,1,2
TKT_529,b34d8f204dfb5d82,,f8a8395c477d,2026-09-03 19:19:23.347051611,payment,open,8,,True,1,1
TKT_530,455dd71860f27633,,fbda2529d5d1,2026-07-23 12:58:28.207550930,other,open,4,,True,1,2
TKT_531,223c06fdb9bb2601,,b470422c8fb0,2026-08-06 12:09:58.527620993,product_info,open,3,,True,1,1
TKT_532,fa883aaef57b5901,,3de4eb2ce6c0,2026-08-24 16:32:07.599860329,product_info,open,6,,True,0,1
TKT_533,597cf5b658826b16,,a98eb8eacda5,2026-09-14 08:39:57.536723681,product_info,open,9,,True,1,1
TKT_534,d187404c0292a7c0,,ae97a4cb05af,2026-09-07 03:51:07.249608589,payment,open,3,,True,1,1
TKT_535,d187404c0292a7c0,,0f11e46121ad,2026-09-09 03:39:54.629353664,other,open,7,,True,0,2
TKT_536,0aaa8e6d4ba11e2d,,6c4d2b92a25b,2026-09-08 13:11:50.245054170,payment,open,1,,True,0,1
TKT_537,a52ef345c3d15e3e,,b4a976c4374e,2026-09-10 12:58:28.227735062,payment,open,1,,True,1,1
TKT_538,a5b2586e7e187ce6,,b03c4d58f93e,2026-07-16 12:04:26.331136215,other,open,9,,True,1,1
TKT_539,850e6f1f5e0d8c4f,,886c8be723d1,2026-08-22 21:59:47.067618550,other,open,1,,True,0,2
TKT_540,c8d3f1a79b17f7de,,164a041ec60b,2026-09-17 07:38:27.735073395,other,open,6,,True,0,1
TKT_541,2bcd928d083d133e,,92f85d5e817e,2026-09-06 10:19:04.025174610,product_info,open,7,,True,0,1
TKT_542,fe07729e59ee14f6,,a46b1486d353,2026-07-26 12:58:22.900815525,other,open,7,,True,1,1
TKT_543,fe07729e59ee14f6,,1b8a895cf68e,2026-09-27 09:38:24.375315229,product_info,open,9,,True,0,2
TKT_544,caa1a2b7c2507250,,2cac368fae04,2026-08-12 15:43:44.774441656,payment,open,7,,True,0,1
TKT_545,2365535915807edc,,a5a5fe0610b1,2026-08-16 02:01:43.982347091,other,open,1,,True,1,2
TKT_546,84309ef0229964a0,,bc94dbe47411,2026-07-03 02:06:35.928086409,other,open,2,,True,0,1
TKT_547,0dd3db19f29ca02c,,7a4913e3eedf,2026-07-20 04:07:19.776780842,payment,open,8,,True,1,2
TKT_548,f882cca0187983a9,,a935a9ea38dc,2026-08-19 11:30:23.298283343,payment,open,9,,True,1,1
TKT_549,f882cca0187983a9,,29f33e1bbc3d,2026-08-07 13:02:11.080185069,payment,open,7,,True,0,1
TKT_550,a8fce57d0def8768,,f13565a90ae6,2026-08-20 09:19:37.519114805,product_info,open,5,,True,1,2
TKT_551,b4abb1709ece563b,,bd5616a04217,2026-09-23 03:00:24.695186323,other,open,7,,True,0,1
TKT_552,87ad597c20936b91,,2dd87801fff0,2026-07-21 23:45:04.544217874,product_info,open,2,,True,0,1
TKT_553,e82080c74d1fdbdb,,5f1293804698,2026-09-24 18:51:54.690688564,product_info,open,6,,True,0,1
TKT_554,cbee8ca7dcaaa48b,,d80745a60788,2026-09-06 09:03:27.513441972,product_info,open,4,,True,0,2
TKT_555,cbee8ca7dcaaa48b,,0f777feffb03,2026-08-06 12:08:54.604348408,product_info,open,6,,True,1,1
TKT_556,eb823a079ce37b1f,,8db89463ece3,2026-08-28 03:22:08.347110935,product_info,open,7,,True,1,1
TKT_557,21e873965adb12fe,,acdf3462dc37,2026-08-31 17:54:35.695687888,product_info,open,9,,True,1,2
TKT_558,1fc83f281317990e,,c9f60cd198fa,2026-08-30 01:06:37.965696080,other,open,1,,True,1,2
TKT_559,c50e886ab60f8248,,04f5a1beb418,2026-08-27 12:10:06.922219862,product_info,open,8,,True,1,1
TKT_560,b98c0a7cfb0efc4d,,da708f967f68,2026-07-05 23:49:50.997178824,product_info,open,6,,True,1,2
TKT_561,eb6c410d4eb5b9ce,,fb545e60f280,2026-08-05 22:11:49.425282865,product_info,open,6,,True,1,2
TKT_562,eb6c410d4eb5b9ce,,e448898806ea,2026-08-25 10:13:57.990469289,other,open,4,,True,0,2
TKT_563,15d50b23f4fbb988,,9f03c77cd393,2026-09-23 10:27:06.531239418,product_info,open,7,,True,0,2
TKT_564,150181dc1b7061a9,,e50923bb7035,2026-09-06 15:29:12.059869063,product_info,open,8,,True,1,1
TKT_565,d205311edeab3d05,,abef05d30bcf,2026-07-16 02:09:01.737089791,payment,open,1,,True,0,1
TKT_566,6e2823696a806f00,,85ab60a8d558,2026-08-02 12:00:39.053105354,product_info,open,1,,True,0,2
TKT_567,5a9d7b55a1196517,,c3fc7577a1e0,2026-08-18 01:00:38.437058211,other,open,1,,True,0,2
TKT_568,5a9d7b55a1196517,,d8d03632c427,2026-08-31 04:18:56.479529531,payment,open,1,,True,0,2
TKT_569,1f34af77814f265a,,bd74b8441d54,2026-09-10 10:28:03.679788302,product_info,open,5,,True,0,1
TKT_570,1f34af77814f265a,,d7ad5f2b7248,2026-08-29 15:01:52.131186853,payment,open,8,,True,1,2
TKT_571,1f34af77814f265a,,094a49a710b8,2026-09-26 21:35:59.340335436,payment,open,5,,True,1,2
TKT_572,ed5e9abda8cc8a7c,,2f3bc092229b,2026-07-02 16:57:09.363773758,product_info,open,7,,True,1,2
TKT_573,795cb9c49ec6dea3,,803171d476ce,2026-07-27 01:48:16.550244375,payment,open,9,,True,0,1
TKT_574,b07a4c589d739f11,,c19195d66874,2026-08-14 23:27:43.744915185,payment,open,2,,True,0,2
TKT_575,69cb9bbf7b9c1071,,9257df45317a,2026-08-05 07:23:56.506837636,other,open,7,,True,1,1
TKT_576,d32e4797c8c03370,,01abf84411ac,2026-09-04 19:51:38.575699895,product_info,open,1,,True,0,2
TKT_577,9f6628632e4145e4,,ce399f83d4f9,2026-08-30 03:30:19.722763048,other,open,1,,True,1,2
TKT_578,e206254f78a84dd1,,91cd95536d2b,2026-09-20 03:17:20.319773981,other,open,9,,True,1,1
TKT_579,e206254f78a84dd1,,75618f95ef53,2026-07-04 11:40:52.749249120,other,open,4,,True,1,2
TKT_580,d64383f71b3b9810,,f10875d35f44,2026-07-21 01:12:00.414033158,payment,open,1,,True,0,2
TKT_581,b0ad85e644d232ad,,e159620a7d64,2026-09-28 18:29:32.598325776,payment,open,6,,True,0,1
TKT_582,c2616a25dc5a8011,,acac30127003,2026-07-14 19:18:07.889941978,other,open,6,,True,1,1
TKT_583,5ab45badbf0292b3,,e8c412823734,2026-09-09 15:33:00.686664277,payment,open,6,,True,1,2
TKT_584,1e9624fdb43e33c3,,696e2404ea19,2026-09-24 08:12:42.866278059,other,open,8,,True,1,2
TKT_585,97f0afda5c9b594e,,a1ab7470801e,2026-07-18 12:31:41.104410439,other,open,6,,True,0,1
TKT_586,3d51efa87f99cba9,,e46f172d9fef,2026-08-18 15:41:57.481455631,product_info,open,4,,True,1,2
TKT_587,3d51efa87f99cba9,,4587dda0e3a4,2026-08-02 10:30:50.422118949,payment,open,5,,True,1,2
TKT_588,e16a2e0588dae5d6,,1a6d3bcefc52,2026-09-30 01:06:13.476741925,other,open,4,,True,0,1
TKT_589,e16a2e0588dae5d6,,762d4ae3ff61,2026-07-18 21:14:04.696286572,other,open,4,,True,1,2
TKT_590,b8ff7bf2890dcca0,,f8af73b3093a,2026-09-01 06:41:25.245057518,payment,open,1,,True,0,1
TKT_591,eff0c87baa93ac6b,,42c0307c5f2f,2026-08-25 19:12:41.291225994,other,open,8,,True,1,1
TKT_592,d0c904d12f91cbdc,,8cbba632494e,2026-07-19 09:30:24.936139000,payment,open,1,,True,1,2
TKT_593,4643493ae99c7486,,8306a47118fb,2026-08-04 07:12:50.373332285,other,open,5,,True,1,1
TKT_594,e8e1675dede352bb,,d07678f25b9d,2026-07-12 14:47:11.362637054,other,open,6,,True,1,2
TKT_595,e8e1675dede352bb,,416f7f1f4f13,2026-07-19 18:50:46.132817185,other,open,8,,True,0,2
TKT_596,10f38e1f2fd748a6,,c2850fa7296c,2026-08-28 12:12:33.940334528,other,open,8,,True,1,2
TKT_597,1240635b877af172,,60b262dec78c,2026-09-18 12:30:18.885772899,other,open,7,,True,0,1
TKT_598,e97974f122c4145b,,98ff2482dab8,2026-07-27 06:15:56.844071537,other,open,9,,True,1,2
TKT_599,7a824eefd765633a,,ce5550cae659,2026-07-18 19:22:55.605926943,product_info,open,6,,True,1,1
TKT_600,c6763f8265fab2de,,34528c44513e,2026-09-11 11:26:42.649432315,payment,open,9,,True,0,2
TKT_601,2c42f269f724e951,,4e52abbd9306,2026-09-16 07:14:05.379802889,product_info,open,6,,True,1,2
TKT_602,8be1b633f6ee608a,,a3ccc97092a7,2026-09-12 09:30:09.856233669,product_info,open,8,,True,0,1
TKT_603,c61013fd4deb3a2d,,b939c2d5f8fc,2026-09-17 22:30:24.866698027,product_info,open,1,,True,0,2
TKT_604,bf436f1485e43b50,,27c5ddd21251,2026-07-07 23:49:40.885177996,payment,open,8,,True,0,1
TKT_605,206511deeddb4f99,,2eb90ed02cd9,2026-09-20 16:13:08.765970377,other,open,3,,True,1,2
TKT_606,d0309f542274176c,,b33ad17ba273,2026-07-30 09:06:29.999113855,payment,open,3,,True,0,2
TKT_607,776bbfa27938f066,,95230e037696,2026-08-29 14:15:17.624085308,other,open,3,,True,0,2
TKT_608,c979e4e611fbca7f,,65ef4bb506e1,2026-07-18 21:24:09.216017675,product_info,open,7,,True,0,2
TKT_609,52d95a769e3c49d0,,9b4a45d832cb,2026-07-22 09:17:23.969855788,other,open,9,,True,0,1
TKT_610,c5daa0bf585ef110,,3b7ad0fa809e,2026-07-06 00:45:11.144364387,payment,open,4,,True,1,1
TKT_611,77b71e7d915746c9,,c677d13aa424,2026-07-13 08:14:47.576267597,payment,open,9,,True,0,1
TKT_612,a596d686dcfc15be,,5498226bb1ee,2026-09-06 11:09:46.016370564,other,open,1,,True,1,1
TKT_613,124f17432f6f405f,,71fdc0344096,2026-07-27 06:27:27.972271229,product_info,open,2,,True,0,1
TKT_614,2669970b06ddf03d,,deac78b2848c,2026-07-11 01:47:52.209699413,product_info,open,8,,True,1,2
TKT_615,f328036bd8019b48,,72678a7dbe34,2026-08-02 08:19:22.576421584,product_info,open,9,,True,0,1
TKT_616,f328036bd8019b48,,014b6a754e24,2026-07-30 02:12:50.653704112,payment,open,9,,True,0,1
TKT_617,f328036bd8019b48,,1776e590274f,2026-07-14 04:29:33.306573412,other,open,5,,True,0,1
TKT_618,445451109d767b87,,580be293428b,2026-07-28 12:51:42.175694651,product_info,open,3,,True,1,2
TKT_619,7649949115f59d13,,cf9da2d9d3e5,2026-08-06 22:43:01.904329505,product_info,open,5,,True,0,1
TKT_620,4634c84ad1ee844b,,c892c04d9911,2026-08-05 18:44:43.487963043,other,open,3,,True,0,1
TKT_621,fd56cd54152e6ecb,,ff9dae2be2cb,2026-07-17 15:13:42.105012343,other,open,9,,True,0,2
TKT_622,8f413fff435cb3be,,ec2bb54c3ba9,2026-09-14 11:23:06.301769829,other,open,9,,True,1,1
TKT_623,c3842c23e16d70d5,,ac401cb1abcd,2026-07-24 23:00:01.258689642,payment,open,1,,True,0,2
TKT_624,7103e0b3f3134ab9,,cbd287c4f659,2026-09-16 22:45:58.592633606,product_info,open,8,,True,1,2
TKT_625,94c06b5ab926db33,,996e295ddaf1,2026-08-01 17:14:09.704068660,other,open,6,,True,0,1
TKT_626,3e78940c3b893316,,3206f24469bb,2026-09-14 06:42:02.650353315,other,open,8,,True,1,2
TKT_627,3cc5423862ff7ad4,,ba9b2662c714,2026-09-07 13:31:00.198050144,payment,open,3,,True,1,2
TKT_628,cf4b5fb8186d6f80,,104ae9debd1e,2026-09-30 07:03:00.987928297,payment,open,6,,True,0,2
TKT_629,4c9a140a3dd0feca,,74c67f57f973,2026-08-08 05:41:56.535791056,product_info,open,8,,True,0,2
TKT_630,82424be212771342,,d65726ca84c3,2026-08-27 11:44:40.822773514,payment,open,4,,True,0,2
TKT_631,53f7f767524731e5,,5b1904540499,2026-09-27 07:54:32.774633242,payment,open,7,,True,0,2
TKT_632,b641df1ea813d4d1,,2eaee3c7d77b,2026-09-28 03:20:52.526763675,payment,open,5,,True,1,2
TKT_633,dd45f92dadd4059d,,f2b6377fd719,2026-09-05 17:10:31.509346801,payment,open,6,,True,0,1
TKT_634,10ebde481beacd00,,090fed03b013,2026-08-10 10:20:40.872731382,product_info,open,5,,True,0,1
TKT_635,21986b87b859dd55,,beff539d260b,2026-09-23 04:49:40.510074113,payment,open,5,,True,1,2
TKT_636,f812d29316e1cade,,b8eeab37fa34,2026-08-29 09:26:54.937125354,other,open,6,,True,1,2
TKT_637,f728bf54e8bbd3a8,,f45746c62003,2026-08-28 05:24:15.480699424,other,open,3,,True,1,2
TKT_638,959beb06a459b25e,,92a4dd498b7f,2026-08-05 00:54:58.300520116,payment,open,3,,True,0,2
TKT_639,959beb06a459b25e,,8b1eeb07723a,2026-09-17 11:32:46.453473609,product_info,open,3,,True,1,1
TKT_640,bad61d6d77bb19d2,,7a04df20c947,2026-09-24 20:00:32.816474363,product_info,open,5,,True,0,2
TKT_641,aa99f4325f4394e1,,d66a06696858,2026-07-27 16:41:03.476911249,payment,open,5,,True,0,1
TKT_642,aa99f4325f4394e1,,c02f6cad26b4,2026-07-25 12:18:21.167896643,other,open,5,,True,1,1
TKT_643,06d3056ee4999042,,8efc514abe66,2026-07-09 02:18:50.460893233,product_info,open,9,,True,0,1
TKT_644,6fbdaac5ebb08fdc,,7053e87be787,2026-09-15 16:16:13.258700668,product_info,open,9,,True,0,1
TKT_645,3e45fd6f9906de10,,3477a79d26d1,2026-08-20 14:14:31.319928658,payment,open,1,,True,0,2
TKT_646,d25e4f0d33404d02,,1190cdfad130,2026-08-25 21:53:59.991985219,payment,open,3,,True,0,2
TKT_647,ff6ef7355d35dc68,,c9e879d8f65c,2026-08-14 13:52:10.545637862,payment,open,8,,True,0,1
TKT_648,5444272551e0b992,,5487a9bcc5a9,2026-08-08 19:55:53.492441913,other,open,5,,True,0,1
TKT_649,24bfc4046cd8d296,,2bfbf49b65e7,2026-09-13 23:22:25.472112391,product_info,open,2,,True,0,2
TKT_650,3313e2f95e51d58c,,23762edf97d3,2026-07-14 12:10:39.508031309,other,open,1,,True,0,2
TKT_651,281a28de5c2ae30b,,06b84b37873e,2026-09-21 18:58:03.609182293,product_info,open,8,,True,0,1
TKT_652,2b00d9494cfd83dd,,9809e1fd475d,2026-08-20 21:20:15.614307460,product_info,open,9,,True,0,1
TKT_653,04869ece84107ccb,,b627d25a617d,2026-09-02 20:36:45.022862902,other,open,1,,True,1,2
TKT_654,14ad0874b6dca9c4,,6728f96673c4,2026-07-19 15:19:43.232036390,payment,open,5,,True,1,2
TKT_655,3e39b8259ebad4e3,,0b98a6d713b4,2026-07-30 23:51:18.484953462,payment,open,6,,True,0,1
TKT_656,c64da9ce6424fe42,,5df1bf16e8f4,2026-07-31 06:05:15.860101903,product_info,open,5,,True,0,2
TKT_657,d2c8939aa595d14b,,6ef20a00dc3d,2026-08-14 16:41:27.761600467,product_info,open,3,,True,0,1
TKT_658,df666a95067039ef,,6e35467fdabc,2026-09-14 14:21:20.288138548,other,open,7,,True,1,1
TKT_659,bcc2e38676c99957,,d2b4ff70358d,2026-09-01 17:34:10.517190566,payment,open,5,,True,0,1
TKT_660,bcc2e38676c99957,,1fce0f3f0ab1,2026-07-23 12:57:47.146136741,product_info,open,4,,True,0,1
TKT_661,bb27783e6b943f7f,,c2a17e24b355,2026-09-08 04:38:47.743768088,other,open,6,,True,1,1
TKT_662,aa48ecc3d870334a,,51aeb7ad4a20,2026-09-25 14:26:04.733504578,payment,open,7,,True,0,2
TKT_663,aa48ecc3d870334a,,e42e252be2a8,2026-08-09 05:16:01.212868656,other,open,8,,True,0,2
TKT_664,aa48ecc3d870334a,,503c5095d407,2026-07-17 12:55:28.549018917,other,open,9,,True,0,1
TKT_665,43bfd2432fe74dec,,f19ac8cc080c,2026-08-25 14:13:42.987335476,product_info,open,3,,True,1,1
TKT_666,fef31ce6a5edb66e,,801253c10f76,2026-07-02 13:45:22.973473593,payment,open,9,,True,0,1
TKT_667,a1facba1f0db8583,,32f69a6d1129,2026-08-10 10:08:36.842367516,product_info,open,7,,True,0,1
TKT_668,327b418ad7a2e396,,3cc190b02b37,2026-09-13 22:19:48.646182431,payment,open,5,,True,0,2
TKT_669,327b418ad7a2e396,,2d7b397070b2,2026-07-23 07:41:32.994542168,payment,open,9,,True,1,1
TKT_670,a8f5bd969edd207b,,4b5a20f10323,2026-09-03 13:17:29.399339918,other,open,8,,True,1,2
TKT_671,6fa44b13cebe39ea,,a7e268450c55,2026-09-16 19:20:28.609429216,other,open,3,,True,0,2
TKT_672,d7ca22dc72076073,,40ac083e5acc,2026-08-15 23:19:56.800613709,other,open,2,,True,1,1
TKT_673,48f46c9ff56cfdd2,,3dab2bd996f4,2026-08-06 04:41:07.767450089,payment,open,7,,True,1,1
TKT_674,1898fd963ddb11d7,,a89ef7335821,2026-08-18 08:57:44.610384592,payment,open,5,,True,0,2
TKT_675,e27578d385782642,,1494acd42677,2026-08-25 22:18:22.007619762,product_info,open,4,,True,1,1
TKT_676,533d3d48bba42911,,4e8a17696f63,2026-09-13 10:08:51.375794244,other,open,6,,True,0,1
TKT_677,12d4c59d2d36a390,,8ef0c1ad98b8,2026-07-06 23:20:47.359861093,other,open,3,,True,0,1
TKT_678,3ae97c50feda2771,,1bc4e6af3cc4,2026-09-01 03:05:49.539327505,other,open,9,,True,0,2
TKT_679,3ae97c50feda2771,,ab807143b463,2026-08-11 10:32:04.735296445,other,open,1,,True,0,2
TKT_680,3ae97c50feda2771,,de4587c12311,2026-09-18 16:44:52.777917179,payment,open,3,,True,1,1
TKT_681,6e313b23c3a21d63,,a05c9095985d,2026-08-28 08:22:14.889968600,payment,open,6,,True,0,2
TKT_682,e86f1652425065bf,,d449cefe640d,2026-08-18 08:59:15.160508104,product_info,open,9,,True,0,1
TKT_683,e86f1652425065bf,,5345a73604e7,2026-08-19 14:35:53.968805968,product_info,open,2,,True,0,1
TKT_684,e86f1652425065bf,,2ee46415803b,2026-07-19 03:59:09.901382437,product_info,open,2,,True,0,1
TKT_685,9dd070a2fd4a31c3,,699ced122bef,2026-07-16 02:25:56.970606904,product_info,open,5,,True,0,1
TKT_686,b05b788a15482fe8,,5fe8e9b28f5a,2026-08-15 06:17:50.713826793,payment,open,4,,True,0,2
TKT_687,b05b788a15482fe8,,08117d0df673,2026-08-12 05:36:55.961954883,product_info,open,6,,True,1,2
TKT_688,b05b788a15482fe8,,53b27f413fbf,2026-08-25 19:18:34.787125543,payment,open,4,,True,1,1
TKT_689,b5d4539dd34015ba,,f7efaecfee41,2026-07-08 04:23:30.504598522,product_info,open,4,,True,0,1
TKT_690,9a2bc77a77ebd239,,5fa5d4f12118,2026-07-14 06:36:53.552157931,payment,open,4,,True,1,1
TKT_691,d1201efe65ff6cd0,,916e0177def7,2026-08-09 15:43:58.627304035,payment,open,1,,True,0,2
TKT_692,29895f8d74cdb568,,41c4ea7dffda,2026-07-28 17:33:50.313403007,payment,open,5,,True,1,1
TKT_693,fd7a022539b41c41,,fce215167de8,2026-07-16 09:01:27.414474332,other,open,8,,True,0,1
TKT_694,e59f8a2e21415e3e,,63a1af44cab0,2026-08-06 09:17:31.486189542,other,open,9,,True,1,1
TKT_695,42a44584c7e22a01,,b01a382c7d7b,2026-07-04 11:37:03.181925987,other,open,6,,True,0,1
TKT_696,42a44584c7e22a01,,32d51e2489df,2026-09-25 18:48:19.756442528,payment,open,4,,True,0,2
TKT_697,7a14c79645b31399,,f7a945418921,2026-08-15 13:03:12.979641845,payment,open,7,,True,1,2
TKT_698,f8030a8fa47b63d9,,975abeeb10ec,2026-09-07 09:11:29.813754187,other,open,7,,True,0,2
TKT_699,bbb4704356787a31,,6e1845b20600,2026-08-23 11:26:34.895222368,payment,open,3,,True,0,2
TKT_700,c4a21ed632492ca4,,19168b24d11e,2026-09-28 00:55:45.975639703,other,open,7,,True,0,1
TKT_701,0cf618110d12a345,,666e1550f985,2026-08-25 14:55:03.283372063,product_info,open,9,,True,1,2
TKT_702,fdf5a4515848ad7a,,d2c5121ee372,2026-08-19 23:29:03.967853623,product_info,open,9,,True,1,2
TKT_703,b7f4f5d4d36a680c,,7b0870a209d9,2026-08-21 03:19:57.461470046,product_info,open,3,,True,0,2
TKT_704,07fb80e5eee737e2,,a281ecd5a7ec,2026-08-26 18:27:12.803034137,product_info,open,1,,True,1,2
TKT_705,f69d55027f2123ff,,480339a0a937,2026-09-26 22:47:01.684918569,product_info,open,3,,True,1,1
TKT_706,81a645540e12ddb8,,aa9b6b4e56aa,2026-08-31 23:57:45.239114212,other,open,3,,True,0,1
TKT_707,0ed49eae1267b01c,,be84f4edc6f3,2026-07-04 12:06:45.850021138,other,open,6,,True,1,2
TKT_708,9fc8c7a8f7397489,,4d831f66a70f,2026-09-27 22:05:15.242224718,product_info,open,8,,True,0,2
TKT_709,50174a754c954a79,,c2df8202ecf5,2026-08-05 08:52:25.219570948,product_info,open,1,,True,1,1
TKT_710,31380750d734edaf,,8acb57a77c66,2026-09-22 15:26:26.836235167,product_info,open,2,,True,0,2
TKT_711,93cf396e57dc6d7b,,af4e03a9e6ff,2026-07-08 07:23:59.725255034,payment,open,3,,True,1,2
TKT_712,c187b14f2b09f2ce,,7b43f8378a1b,2026-09-16 18:41:10.154089111,other,open,6,,True,0,1
TKT_713,c187b14f2b09f2ce,,ec87f09139ec,2026-07-05 09:40:20.329942192,other,open,6,,True,1,1
TKT_714,55f7650c48c79d4b,,b785f2bb0640,2026-08-06 00:01:24.216994298,product_info,open,7,,True,1,2
TKT_715,67d0b4dbf668103a,,8b6c5faf12f2,2026-07-26 10:50:54.613681235,product_info,open,7,,True,0,1
TKT_716,4960b343b27b03ea,,2fdf0ce44141,2026-09-16 05:41:49.288730655,other,open,5,,True,0,2
TKT_717,86e7734bed0c06e6,,9229ed1695db,2026-08-22 23:05:23.276648986,other,open,1,,True,1,1
TKT_718,e0e432197af356f1,,2b0a425921d5,2026-09-11 09:41:50.765158278,payment,open,4,,True,1,2
TKT_719,8ec78e0ade0b5b0a,,3cab092bce27,2026-08-17 22:22:52.354190964,payment,open,4,,True,0,1
TKT_720,14d0cf1ef5e15e72,,ad97ba5110a8,2026-08-11 06:17:54.122372484,product_info,open,6,,True,0,1
TKT_721,14d0cf1ef5e15e72,,83445e5bbfff,2026-09-06 06:25:49.962610293,other,open,3,,True,0,1
TKT_722,a6c91c7b9a0ffc25,,d54e73280826,2026-09-22 12:02:37.891393806,product_info,open,6,,True,1,1
TKT_723,123b2e73c04c0a96,,900711b8eed8,2026-07-10 18:54:00.783777153,product_info,open,9,,True,1,2
TKT_724,78163e45bf2f0d45,,bb83fa41e95a,2026-09-05 06:21:01.771664255,payment,open,2,,True,0,1
TKT_725,e26dba7c7248ccbc,,8b5e01dbe21e,2026-07-04 12:37:14.301500773,payment,open,2,,True,1,1
TKT_726,125c3b4e599d6f5f,,9f809e8e19f3,2026-08-03 10:41:22.003333919,other,open,6,,True,1,2
TKT_727,35895793b8287c38,,db03a96a8e15,2026-08-31 21:38:55.199509101,payment,open,8,,True,0,2
TKT_728,35895793b8287c38,,beda359e09ca,2026-09-09 22:33:35.706971303,product_info,open,3,,True,0,2
TKT_729,7e5148de6851d2a8,,ab8a9c1d5bae,2026-08-18 00:54:33.386694577,product_info,open,6,,True,0,1
TKT_730,3af9471a4c3d089c,,3be3108fd94d,2026-07-16 11:27:23.187868517,other,open,9,,True,0,2
TKT_731,7db442c850a207b6,,534ed4577df2,2026-08-19 01:45:45.969566863,payment,open,1,,True,1,2
TKT_732,cfa3f3494ea1bc70,,5e056a94f062,2026-07-05 08:16:44.815010456,product_info,open,3,,True,0,1
TKT_733,08a8e6f5f29cf1eb,,e2323a4ebbaf,2026-09-05 05:00:33.220606178,product_info,open,8,,True,1,2
TKT_734,180d2c88fcc76aa8,,94b639c64822,2026-09-07 20:42:06.700813523,product_info,open,7,,True,1,2
TKT_735,5b8e0dec66cdb2f3,,882e041d4596,2026-08-23 19:26:31.294288554,payment,open,4,,True,1,1
TKT_736,5b8e0dec66cdb2f3,,25fce7f98229,2026-08-08 06:22:15.377334766,payment,open,3,,True,0,2
TKT_737,c97e3e0d0b90b842,,ce26b8f7e31f,2026-08-10 00:30:32.978828249,product_info,open,9,,True,0,1
TKT_738,10a3ae47e9534002,,79059924d6ef,2026-09-02 09:27:04.574873254,product_info,open,3,,True,1,1
TKT_739,0b474bce7fdea156,,e125dd6e4535,2026-08-21 10:34:47.460367202,payment,open,4,,True,0,1
TKT_740,3bb299ea757c3f3c,,bd682f2f4f36,2026-08-12 07:53:15.335592882,other,open,7,,True,1,2
TKT_741,f1e46f55d8bb139a,,f5a2bfdc49ce,2026-07-11 03:24:26.707222664,payment,open,7,,True,1,2
TKT_742,eede5f578f89ea08,,2c4f5c1c8a2c,2026-07-13 22:27:22.791226278,product_info,open,3,,True,1,1
TKT_743,bc68066e93bf8047,,9973a79060d5,2026-09-07 21:21:56.063367185,other,open,2,,True,0,2
TKT_744,72838cbfd789940a,,9f92824871bd,2026-07-17 04:39:05.325940392,product_info,open,9,,True,0,1
TKT_745,72838cbfd789940a,,a56a2745308b,2026-07-12 09:11:07.045255154,product_info,open,3,,True,1,2
TKT_746,72838cbfd789940a,,cd9eebdb2fcf,2026-07-30 17:18:44.180403250,other,open,1,,True,0,2
TKT_747,72838cbfd789940a,,f6eff804a5f3,2026-09-24 01:36:36.580537943,product_info,open,5,,True,1,1
TKT_748,cfa43803976e5b4b,,a38097ec8e81,2026-08-14 15:19:41.904074641,product_info,open,1,,True,1,1
TKT_749,cfa43803976e5b4b,,c4ac4ace8797,2026-09-17 23:33:12.057797396,other,open,1,,True,0,2
TKT_750,9359710ea0c82fb1,,4e678c87b87e,2026-08-19 01:48:45.298695227,payment,open,3,,True,0,1
TKT_751,a439ff3307275bd3,,a43764ddb773,2026-09-28 10:11:19.767831438,other,open,7,,True,1,1
TKT_752,55d597461d40ecc1,,051612d8771b,2026-09-15 17:25:28.926308046,other,open,1,,True,1,1
TKT_753,f7617f4d0a376db5,,689619bcf3e3,2026-09-27 06:04:32.866953745,product_info,open,1,,True,1,2
TKT_754,3b82a1248fa2a900,,ea7653467e79,2026-07-15 18:27:39.145001753,product_info,open,2,,True,1,2
TKT_755,f9878f80de07e15e,,8381af8eccbe,2026-08-20 07:01:36.401168043,other,open,2,,True,1,2
TKT_756,0db706241bc8aee0,,79847ced42d1,2026-09-26 19:04:37.161297114,payment,open,9,,True,1,1
TKT_757,660f428da75fec9d,,22845a2a05ee,2026-08-31 21:00:41.683151103,other,open,1,,True,1,1
TKT_758,5845a0dad65f4fe2,,9fd7e35d30e8,2026-09-03 00:10:06.436456114,other,open,2,,True,0,2
TKT_759,5845a0dad65f4fe2,,48ca9b5e7bd8,2026-07-27 23:31:50.198783075,product_info,open,5,,True,0,2
TKT_760,fc67c193c512595d,,3a9f5e602063,2026-08-30 18:37:25.535417045,product_info,open,6,,True,1,2
TKT_761,16b57773b385c028,,4f99fe0bdb51,2026-08-26 10:35:46.523097593,other,open,9,,True,1,2
TKT_762,b5b565884b659723,,a85a9530dd08,2026-07-30 19:16:12.501116153,other,open,1,,True,0,1
TKT_763,b2ca03c2dc8ffcb8,,1e9f1510612c,2026-08-29 03:42:18.830464594,other,open,7,,True,1,2
TKT_764,84c81859e9852f61,,d73ec9e70852,2026-09-17 13:44:15.939101578,other,open,6,,True,0,2
TKT_765,74420b9057204e6f,,ace1d9acb132,2026-07-23 14:01:34.883075783,product_info,open,8,,True,0,2
TKT_766,5bb52cd8f9b1721d,,35b406eb0db2,2026-09-03 04:44:38.657657191,product_info,open,8,,True,1,2
TKT_767,f0bec9db49d6c0c3,,8dfbdc2b9a73,2026-07-14 01:00:33.037068439,other,open,4,,True,0,1
TKT_768,2e638cb0e3273857,,28f5024ba55e,2026-09-14 04:56:36.080501241,product_info,open,1,,True,1,1
TKT_769,3d304ab9424ca6c7,,990957d317fa,2026-09-03 16:57:49.717052872,product_info,open,3,,True,0,2
TKT_770,4b1dfb259201f3b7,,8a8177e80b99,2026-08-17 18:08:06.304045928,payment,open,7,,True,1,2
TKT_771,9f9716c507a2b5b4,,3a3a15921320,2026-08-19 11:34:54.268185600,product_info,open,3,,True,0,1
TKT_772,e7fc1b88e80abcb0,,600df271828f,2026-08-13 09:15:15.833914149,other,open,9,,True,1,2
TKT_773,dbdc12c0b0bf4fc9,,9b1b30eec773,2026-09-21 08:40:23.972049494,payment,open,1,,True,0,2
TKT_774,d10b8b73eabd0710,,dc32280384c4,2026-07-30 19:56:32.621932209,product_info,open,6,,True,0,1
TKT_775,c8807458025ab798,,ddbca8d69ce8,2026-07-08 19:35:33.730327536,product_info,open,1,,True,0,2
TKT_776,12cc96f32d1c7716,,b7fd9cd44c2b,2026-07-24 18:48:39.374231010,product_info,open,7,,True,0,2
TKT_777,a3265b8e3199f79e,,c04b8acc196b,2026-08-29 14:52:36.562258293,other,open,6,,True,1,2
TKT_778,be5926ba1d433468,,16d4a6e0017d,2026-07-02 23:47:32.537211350,payment,open,2,,True,0,2
TKT_779,b9d4f1dbf401aeb0,,c2b0fb0bc569,2026-07-10 19:02:49.743482793,product_info,open,3,,True,0,1
TKT_780,5e78d54074de5a38,,4659df3ae20e,2026-08-06 01:33:14.624524182,product_info,open,6,,True,0,1
TKT_781,06cae96dfde2d924,,43a4b3e1cd4d,2026-08-06 07:45:57.319564605,product_info,open,5,,True,0,2
TKT_782,31330f9cdf0f0264,,c733dcaaec41,2026-08-12 01:51:46.014720228,other,open,5,,True,0,2
TKT_783,3dd7f82f5da07046,,af68f54604d4,2026-07-06 15:38:44.420725454,payment,open,2,,True,0,1
TKT_784,bebcb8a679576e7c,,9d28e46861ea,2026-07-03 00:22:46.569818187,other,open,9,,True,0,2
TKT_785,da46602e228da4d7,,8848172fc9cc,2026-09-22 06:02:03.590256214,payment,open,1,,True,0,2
TKT_786,fec9b6b92893bdf9,,1befbb4f3333,2026-07-04 03:12:13.325589533,product_info,open,9,,True,1,2
TKT_787,8a8e43e768317f18,,78c42e224e19,2026-08-14 11:03:27.334605021,other,open,5,,True,0,1
TKT_788,ba7f644b92a69834,,064b9fb0d2ab,2026-09-29 18:29:20.937225536,other,open,3,,True,0,2
TKT_789,140cba174a8b61db,,d6707827f1c0,2026-08-13 12:36:07.032306975,payment,open,8,,True,1,2
TKT_790,7569ee653539f570,,408142223de6,2026-09-30 04:35:03.482625367,other,open,8,,True,1,2
TKT_791,7569ee653539f570,,2c17082dfae1,2026-08-04 21:13:55.335846947,payment,open,7,,True,0,1
TKT_792,5a4dd27cef10ba5d,,3077300c138b,2026-08-10 05:24:53.672939639,product_info,open,5,,True,1,2
TKT_793,249d40cca7bfcafc,,c210bad56ac2,2026-07-08 01:59:41.227420492,product_info,open,8,,True,0,1
TKT_794,cb4d7994de3c06eb,,cb0a0a53ec22,2026-09-19 10:18:56.052836698,product_info,open,8,,True,1,1
TKT_795,8b4366cfe15ac0ba,,c38c8c3618a4,2026-07-08 13:12:24.729164234,payment,open,9,,True,0,2
TKT_796,cae87ffa2d50fa38,,05864d7cd5ac,2026-09-28 23:50:39.886854276,product_info,open,3,,True,0,1
TKT_797,481ec001f3230c5a,,c864be50fd55,2026-08-28 21:29:52.519714443,product_info,open,9,,True,0,2
TKT_798,d49c7d9fab830900,,686b739c026a,2026-07-31 05:23:49.025892863,other,open,4,,True,0,2
TKT_799,5d270f89212e686f,,635c7f223b9c,2026-09-03 13:53:48.325540503,other,open,6,,True,1,1
TKT_800,5d270f89212e686f,,3662c1d2de2a,2026-09-16 06:59:20.315737872,payment,open,4,,True,0,2
TKT_801,69c6ad9f4897e7f7,,8cfe6d65b43a,2026-08-05 08:10:33.285813342,payment,open,2,,True,0,2
TKT_802,9df870096cd91e31,,b552c60aeb9f,2026-08-15 10:07:37.979177420,other,open,9,,True,1,1
TKT_803,6ac11ac49aae4600,,b51dd9e45565,2026-07-06 11:50:13.395139124,product_info,open,8,,True,0,2
TKT_804,16f53e4e3437e112,,f5e8e99e0cd9,2026-09-07 08:09:28.327053566,payment,open,7,,True,1,2
TKT_805,848abfdb703fe81e,,9e71b7f1a1a8,2026-09-23 10:00:43.713338935,other,open,8,,True,0,1
TKT_806,f9ca597f7b348df8,,edb457bb345b,2026-08-29 01:30:44.344566428,other,open,9,,True,1,1
TKT_807,06df075022cc0c5f,,70314e2f6b6a,2026-09-25 23:43:07.496828748,product_info,open,1,,True,1,2
TKT_808,3642599c7e6c2e58,,366f399d4a1e,2026-07-26 09:21:38.916807150,payment,open,1,,True,1,2
TKT_809,ff0b81937d803413,,dbfe79645e1d,2026-07-18 01:40:10.772949418,other,open,8,,True,1,2
TKT_810,6bcbedd9ef48ac88,,f357b12fafe1,2026-07-04 19:25:53.018451964,other,open,5,,True,1,1
TKT_811,6b78bb55f283c38f,,276386e75e28,2026-08-27 21:45:42.359574031,payment,open,6,,True,0,2
TKT_812,6b78bb55f283c38f,,c91c1d50b034,2026-08-19 03:06:23.770203386,other,open,3,,True,1,1
TKT_813,6b78bb55f283c38f,,f7e24593a5e7,2026-09-22 01:33:37.132425473,payment,open,4,,True,0,1
TKT_814,05fd42b51eee452f,,196695511a8e,2026-09-11 13:36:59.935201270,payment,open,9,,True,0,2
TKT_815,6cc5c7c627db2890,,69e29b67c7bd,2026-09-24 09:50:13.969314220,other,open,9,,True,0,1
TKT_816,2506ed6f7173dc19,,3e50bc5659f7,2026-08-18 23:49:44.351197013,product_info,open,3,,True,0,1
TKT_817,2506ed6f7173dc19,,ba3f9a9e8b7f,2026-09-17 20:56:01.995652608,payment,open,7,,True,0,1
TKT_818,2a681c4605b82d0d,,961d753c00d7,2026-07-18 08:58:01.857039941,product_info,open,8,,True,0,1
TKT_819,be05fbc23f77d9ec,,4407489cf137,2026-09-14 09:42:55.926204407,product_info,open,3,,True,0,2
TKT_820,b9f2b4999d6f5165,,5d62c4e88313,2026-09-21 22:29:23.835865404,other,open,6,,True,0,1
TKT_821,08774da2d1cf2bcc,,368d02a4e987,2026-07-31 07:55:43.626594887,product_info,open,9,,True,0,2
TKT_822,df8f65887f855261,,04f06e9c2f69,2026-08-14 08:00:08.416197023,product_info,open,5,,True,1,1
TKT_823,e4e4ce399fd71caf,,30b01d63b1c2,2026-09-24 02:55:44.019506627,product_info,open,1,,True,1,1
TKT_824,06dee98bdea2f773,,39f66143a432,2026-08-21 05:52:15.327201875,payment,open,8,,True,1,2
TKT_825,96e5f66f1cb5a153,,e9cf124f9496,2026-08-06 06:31:21.369852338,payment,open,5,,True,0,1
TKT_826,335338c6f467c88d,,5ddb53047ae9,2026-08-11 19:10:14.304161073,payment,open,4,,True,1,1
TKT_827,c575a065cc807c51,,40eb95df5e77,2026-07-10 05:35:36.781549496,other,open,4,,True,1,1
TKT_828,3cfe676f65240d25,,8950c3d73a91,2026-08-03 00:55:53.516653509,other,open,7,,True,0,2
TKT_829,61dbe198d67a4aa5,,19022849c34f,2026-08-09 19:45:43.498528866,product_info,open,6,,True,0,1
TKT_830,acdb686811448084,,f586ed4cca09,2026-09-14 14:37:25.006323156,payment,open,8,,True,1,2
TKT_831,efcc24583ee5863c,,8af401822cb2,2026-07-17 23:40:08.996500530,payment,open,7,,True,1,1
TKT_832,2f66dc0acb219e59,,ef9c6fd7bf47,2026-08-18 15:00:28.130457068,payment,open,4,,True,1,2
TKT_833,d6bbcb67291e56c0,,598fb3dd573a,2026-08-29 23:17:14.886932096,payment,open,9,,True,1,1
TKT_834,954ef6e84f41dc31,,c9c3bd08b597,2026-08-12 08:33:57.822568716,payment,open,7,,True,0,1
TKT_835,e43b1089068bf235,,7ede64549369,2026-07-06 18:03:28.970710154,payment,open,3,,True,1,1
TKT_836,7206a274e2322aa2,,dd5618e927d7,2026-09-15 11:17:50.147460004,other,open,1,,True,1,2
TKT_837,18ae02dcd4b860c0,,3465b75e3809,2026-08-30 03:24:14.944698597,other,open,8,,True,1,1
TKT_838,6bbaace2a5a99c89,,13b7ee1c54a7,2026-08-23 03:46:31.818271653,payment,open,9,,True,0,2
TKT_839,c0bf0ca2ecd36a0d,,6e8ed252fd5a,2026-08-17 22:41:17.240264177,product_info,open,8,,True,1,1
TKT_840,c0bf0ca2ecd36a0d,,9bb0dbfbbab8,2026-09-20 00:39:16.554540208,payment,open,5,,True,0,1
TKT_841,dab76e74bb7144d0,,84bac4bc1c5a,2026-08-17 02:18:07.631275653,payment,open,3,,True,1,2
TKT_842,40fc2c459e85bacc,,0c0d54147485,2026-07-27 19:46:02.117655068,other,open,7,,True,1,2
TKT_843,98e17ead8fb8275b,,4edd2ae49637,2026-08-15 03:39:14.143930442,other,open,6,,True,0,1
TKT_844,30aaac6679895a03,,7ab84154fcf0,2026-09-22 18:07:48.517743121,payment,open,2,,True,0,2
TKT_845,30aaac6679895a03,,fe78402f8b1d,2026-07-03 06:45:42.682677954,payment,open,4,,True,0,2
TKT_846,30aaac6679895a03,,d50787923594,2026-07-19 21:42:02.784010034,product_info,open,5,,True,1,2
TKT_847,973368e665ce25f1,,93aeb08199f7,2026-08-10 05:12:46.136871531,payment,open,1,,True,1,2
TKT_848,be1ace0d9970df2d,,b5962e073fac,2026-09-13 09:41:21.107191285,product_info,open,8,,True,1,1
TKT_849,be128d1666e9f114,,dadb5b503f85,2026-08-31 08:05:03.076177137,payment,open,2,,True,1,2
TKT_850,8b24a5f0d0106e72,,e8ae2f4c6092,2026-07-12 07:49:08.107605647,product_info,open,3,,True,0,2
TKT_851,c8fcfc51069c34c1,,530805b08e7a,2026-08-28 06:36:30.149417322,payment,open,7,,True,0,1
TKT_852,73305a9e43e263b0,,7c8997a9486d,2026-08-29 21:09:01.319089408,product_info,open,4,,True,1,2
TKT_853,bcc23f4e41aceac4,,4ade211528c3,2026-08-30 17:02:52.672012196,other,open,5,,True,1,2
TKT_854,2167f8859276ed8a,,9661e9dbc6fd,2026-07-31 11:17:11.128950031,payment,open,3,,True,1,1
TKT_855,02efc2964f46849a,,591c4c6c55f9,2026-07-31 19:49:17.089268974,product_info,open,8,,True,1,2
TKT_856,02efc2964f46849a,,fef629071c9e,2026-09-30 07:50:14.856113950,product_info,open,3,,True,0,1
TKT_857,a9fd0ab239fdbe0d,,b463179c3d9a,2026-08-14 16:53:35.068946140,payment,open,1,,True,1,1
TKT_858,db07e797784f2b09,,68ea0524ee86,2026-09-28 04:47:07.813052935,product_info,open,3,,True,0,2
TKT_859,155c87c15b60f61f,,6d1776c46a29,2026-08-30 15:56:16.788006810,payment,open,9,,True,1,2
TKT_860,155c87c15b60f61f,,7145a2a80bb4,2026-09-08 10:02:21.361976313,payment,open,4,,True,0,2
TKT_861,97305a2c21bc76c6,,a34c8abe92ef,2026-07-17 12:02:28.235168718,product_info,open,6,,True,0,1
TKT_862,97305a2c21bc76c6,,5d397c1cd688,2026-08-27 06:58:41.797942922,other,open,4,,True,1,1
TKT_863,7a0a0a868b519a64,,26bb9363db32,2026-08-04 00:49:31.832124563,payment,open,9,,True,1,1
TKT_864,6d98a28b76b510e9,,f5b0c8fd57b6,2026-09-03 00:10:54.311912778,product_info,open,9,,True,1,2
TKT_865,8dfba1cf5a7d256a,,e4549fb1cb1b,2026-07-19 08:54:59.461897775,payment,open,1,,True,0,1
TKT_866,6eb00d238eec8b9f,,41482cb9e9ec,2026-09-14 01:08:09.201701539,payment,open,8,,True,1,1
TKT_867,0414a39185756167,,d074fb23fef5,2026-09-17 08:53:27.439268561,payment,open,3,,True,0,1
TKT_868,53eb6cb3fb02eea8,,e49da24d889c,2026-07-28 20:15:46.823330501,payment,open,8,,True,1,1
TKT_869,2f299a43fd2e3e6d,,01fbaedc90d7,2026-07-02 14:23:23.132801998,product_info,open,3,,True,1,1
TKT_870,3149be62e2d749bc,,5addacea85b8,2026-07-31 13:00:30.905042692,payment,open,7,,True,1,2
TKT_871,e9c87ec7b660ab59,,6926d6e44406,2026-08-01 16:33:52.572167316,product_info,open,9,,True,0,2
TKT_872,2e05fde820194091,,29dc5fa03b65,2026-08-05 00:54:43.845668749,product_info,open,2,,True,0,1
TKT_873,2e05fde820194091,,224e2509cec8,2026-08-19 16:45:35.741615332,other,open,4,,True,1,2
TKT_874,c7884a7f464d15ec,,b170d77c1be9,2026-08-05 01:44:56.256133346,product_info,open,8,,True,1,1
TKT_875,28ae91b21f313818,,bfc012777890,2026-07-29 06:15:24.762102514,product_info,open,3,,True,1,1
TKT_876,28ae91b21f313818,,14177d359ad2,2026-07-06 02:02:47.694947631,other,open,4,,True,1,1
TKT_877,c7a6a937b2dcd8d5,,9265a4ee462a,2026-07-30 03:28:57.323808217,product_info,open,4,,True,1,2
TKT_878,a78272128add1405,,5cdfbd153f1b,2026-09-10 18:35:04.135597124,payment,open,6,,True,1,1
TKT_879,a78272128add1405,,1aa860f582a8,2026-09-22 15:31:14.943528121,other,open,9,,True,0,1
TKT_880,a78272128add1405,,cc21da40a00e,2026-07-13 04:37:16.309906167,product_info,open,1,,True,0,2
TKT_881,4a5815d95d72ba52,,fc83da10f6c4,2026-07-22 06:42:19.599427411,product_info,open,5,,True,0,1
TKT_882,458f047df5715e67,,6631b0bb93d4,2026-08-16 03:44:38.250406136,product_info,open,8,,True,0,2
TKT_883,458f047df5715e67,,8858da336e4e,2026-08-08 09:51:47.823317427,other,open,9,,True,1,2
TKT_884,3295f1604cd33cc7,,187763e399a5,2026-08-14 11:46:21.781027731,other,open,4,,True,1,1
TKT_885,094c7450b8fb2107,,b7a45a4c49bf,2026-07-31 03:19:07.330326804,other,open,5,,True,0,2
TKT_886,2ec5a9d8b2384f01,,58bcbd7aa7d9,2026-09-27 19:45:12.320141835,payment,open,7,,True,1,2
TKT_887,7415d35b254b805e,,b8b0c5745a28,2026-09-04 18:48:12.470203736,other,open,3,,True,1,2
TKT_888,8398e7011c4e3292,,1788bc0c74b6,2026-09-16 15:18:53.270650007,product_info,open,5,,True,1,2
TKT_889,983d67f86ff5e9d8,,6b7910618426,2026-07-31 21:07:35.713003703,other,open,9,,True,1,2
TKT_890,b17a92df2260d659,,6fba8d8bf3e0,2026-09-19 18:03:54.174152751,payment,open,1,,True,1,2
TKT_891,419a29f9009c45da,,919b3e5ae236,2026-08-28 08:16:30.086765775,payment,open,7,,True,0,1
TKT_892,419a29f9009c45da,,3a4f6160ca2b,2026-09-12 04:47:00.235424085,other,open,7,,True,1,2
TKT_893,9165daebe504776d,,923f109bca3e,2026-08-09 16:12:14.986319783,product_info,open,4,,True,0,1
TKT_894,926ec773c114eddc,,4362c36da67e,2026-08-21 09:37:42.065165805,product_info,open,3,,True,0,1
TKT_895,9a36056cd039353a,,3b2002cf47a0,2026-07-03 20:20:58.223176099,product_info,open,1,,True,0,2
TKT_896,4bc9319bf6d05b06,,76efae2edafc,2026-08-22 11:08:13.138680934,other,open,3,,True,1,1
TKT_897,46edb8c3dfad72a0,,b677f5201f73,2026-09-09 18:13:47.913934640,payment,open,7,,True,1,2
TKT_898,46edb8c3dfad72a0,,af67d9f021f6,2026-09-15 14:48:32.287763925,payment,open,5,,True,1,2
TKT_899,15db2063b0fd8acd,,6dc2b7e40c3c,2026-07-29 00:29:39.894979358,product_info,open,6,,True,0,1
TKT_900,c2b1a3b0eba33cb1,,9870d2cb29ef,2026-08-29 14:10:18.673104583,other,open,4,,True,1,2
TKT_901,c2b1a3b0eba33cb1,,da8e871f7291,2026-09-02 10:36:04.359410648,other,open,4,,True,1,2
TKT_902,9d03d4cb20da0f27,,5d5a54c9d1c5,2026-09-27 04:08:42.352508559,product_info,open,8,,True,0,1
TKT_903,2b284bd408308aa6,,c4b8a996b11d,2026-09-19 13:04:46.516230958,payment,open,5,,True,1,2
TKT_904,253d62c8d9337e1b,,4de3db15fb21,2026-09-01 17:46:49.230998802,payment,open,3,,True,0,1
TKT_905,7f3646977b30513e,,71fec0804d85,2026-08-20 14:03:04.714762190,product_info,open,1,,True,0,1
TKT_906,bc0e33ff6ea7212c,,f9629dc3cba9,2026-09-27 05:09:11.961912677,payment,open,9,,True,0,2
TKT_907,30aabde61b114d84,,dc5e18c031aa,2026-09-13 08:43:03.687268778,other,open,8,,True,1,1
TKT_908,a500cffd4f716f47,,151e435c62e9,2026-08-04 18:31:07.548115113,product_info,open,4,,True,0,1
TKT_909,66f88b66c9d93039,,cdd0c2c8d16d,2026-08-09 21:19:19.162535701,product_info,open,6,,True,1,1
TKT_910,16a2a55bcd215ee6,,6a6ffe92db77,2026-07-23 12:56:29.493965569,payment,open,1,,True,1,2
TKT_911,d5017c425a9679fd,,0433ac084c43,2026-08-05 14:13:53.031146637,payment,open,2,,True,0,2
TKT_912,5e36ed4e49d509fe,,7723d4a458f7,2026-09-09 03:24:21.330843831,payment,open,4,,True,1,2
TKT_913,f8ac551ae1714c8c,,c2c215c4e774,2026-07-31 03:10:13.316982905,payment,open,1,,True,0,2
TKT_914,a44caf8fc8b7e88b,,5b906ea18b71,2026-09-27 11:14:03.852379905,other,open,3,,True,0,2
TKT_915,e1ae25695c38003e,,51255cb3f5c3,2026-08-17 19:54:26.895420199,other,open,1,,True,1,2
TKT_916,ae351ba34f2345f1,,d1b0d06da9ce,2026-07-08 13:04:51.204251734,payment,open,5,,True,0,1
TKT_917,ae351ba34f2345f1,,79ef6c3f43e8,2026-07-15 06:59:28.864084589,product_info,open,4,,True,1,1
TKT_918,b856d396bc5075ac,,7f7386a1eb7e,2026-07-13 00:11:32.502201235,payment,open,2,,True,0,2
TKT_919,b856d396bc5075ac,,0d68160511a0,2026-09-13 14:15:15.306924293,other,open,8,,True,0,2
TKT_920,1127ad435d9e255b,,bbe3a20f4c15,2026-09-15 19:24:04.910449595,other,open,3,,True,0,2
TKT_921,1127ad435d9e255b,,5d6b0d17db06,2026-07-29 06:35:18.964138493,product_info,open,5,,True,0,1
TKT_922,fe62b32f8d194548,,d76480193188,2026-08-20 15:47:52.070463307,other,open,2,,True,1,2
TKT_923,0409fd613d5fa178,,ced66d6241f7,2026-09-13 10:31:57.255456285,payment,open,9,,True,0,1
TKT_924,0c117a2fb0d92fc2,,26d162677a6b,2026-08-11 05:07:58.872191315,other,open,7,,True,1,1
TKT_925,4d4c21f27e614c3d,,6ccf9e13de47,2026-08-19 09:11:27.267967588,product_info,open,1,,True,1,2
TKT_926,393b8a4416317e34,,f261e2e70155,2026-07-17 14:05:21.147465228,other,open,6,,True,0,2
TKT_927,2b10c88227c2e066,,7b81c54e0874,2026-08-19 12:51:34.929976826,other,open,7,,True,0,1
TKT_928,5f3ec1d315b85afd,,1827df7f04e2,2026-07-08 05:11:09.378121561,payment,open,2,,True,1,2
TKT_929,92f47163cb6e2c24,,001bed158d0a,2026-08-16 08:48:21.185303311,other,open,1,,True,0,2
TKT_930,387777beca37fac9,,a6170deb9eae,2026-08-18 15:52:33.856659882,other,open,8,,True,1,2
TKT_931,9bfc826fcbf4550a,,d74692fabc08,2026-09-04 01:05:30.363007249,other,open,5,,True,1,2
TKT_932,7c6af26a8f60984a,,b65081519fca,2026-07-27 09:24:40.607161372,product_info,open,4,,True,1,2
TKT_933,c1f98f1cdb1f4193,,bfd157be4b6c,2026-08-02 19:50:22.483778194,payment,open,5,,True,0,2
TKT_934,c1f98f1cdb1f4193,,e628cbd4d550,2026-08-22 11:36:43.883205464,other,open,9,,True,0,1
TKT_935,d39d35e323dbb01a,,2eee37c9d4b1,2026-08-16 17:34:09.764208278,product_info,open,1,,True,1,2
TKT_936,1ff0b496fda7e7cb,,feb4a6f0f4f4,2026-07-18 16:34:22.044794296,other,open,1,,True,1,1
TKT_937,cac3305ac8e077f1,,ad0955df7bd5,2026-08-28 20:19:24.700438698,product_info,open,6,,True,0,1
TKT_938,cac3305ac8e077f1,,dc796b632a15,2026-08-31 16:13:23.161956923,other,open,8,,True,0,1
TKT_939,4c6eed8c475f2171,,6ac2b726a922,2026-09-07 00:15:08.971403722,payment,open,2,,True,1,1
TKT_940,4c6eed8c475f2171,,aa66a76480a0,2026-08-27 01:16:43.806924625,other,open,4,,True,1,2
TKT_941,8dd55d57b79bfdf8,,8ed16a89c298,2026-08-22 05:37:16.256877476,other,open,2,,True,1,1
TKT_942,13c9e8e9f6645920,,c88c60840eee,2026-08-13 10:03:03.807178136,other,open,5,,True,0,1
TKT_943,f8b9438ac14466a1,,5ac3c531ff5b,2026-08-10 14:17:40.160241473,other,open,1,,True,0,1
TKT_944,0327fbed20536ff3,,4d64fbabd25f,2026-09-22 11:33:18.449120574,product_info,open,6,,True,1,2
TKT_945,1d923b7a0b784e14,,1fdfdb63384c,2026-08-22 09:55:46.823097851,other,open,1,,True,1,1
TKT_946,1d923b7a0b784e14,,b454f45feeee,2026-07-12 17:33:30.573339098,other,open,5,,True,1,2
TKT_947,6ce00f94fda115fc,,9bda94d23156,2026-08-05 02:09:15.520617411,payment,open,2,,True,0,1
TKT_948,43c0ebd34a787f22,,3e596c0e6a81,2026-09-10 05:28:01.044511056,product_info,open,9,,True,1,2
TKT_949,cee47b1e0a4be06c,,f2bb68a01505,2026-07-04 08:28:22.939395184,payment,open,8,,True,0,1
TKT_950,0b7c0342fba3d6e0,,f822291db48f,2026-07-17 06:35:16.209741972,product_info,open,5,,True,1,1
TKT_951,247d33c67f1a57be,,82c2d644324f,2026-09-07 18:27:13.322316042,product_info,open,8,,True,0,1
TKT_952,7a53fcfca28bd4f5,,46aa606ac90d,2026-07-30 11:28:57.474536483,payment,open,8,,True,0,1
TKT_953,b08600e025015b82,,713afa1f1535,2026-09-27 02:33:52.523905455,product_info,open,2,,True,0,2
TKT_954,8f06d5abdaee1acc,,042e615b8ec5,2026-09-11 07:34:45.660541737,payment,open,3,,True,1,2
TKT_955,4cf45f50960d01ef,,3b2ee23253a1,2026-09-18 11:35:33.639864911,product_info,open,3,,True,1,2
TKT_956,5d3373720db692e0,,4e91c08cbfff,2026-08-05 11:11:22.014701715,product_info,open,9,,True,1,2
TKT_957,1d61c8888fa0f4a5,,5d9f07ccf851,2026-07-20 21:16:55.679225554,other,open,6,,True,0,2
TKT_958,d8ef1db799ad27e2,,76e1fbe4a580,2026-09-25 12:30:43.589479883,payment,open,6,,True,0,2
TKT_959,4b45bc7ca7decbae,,4c66d610129c,2026-09-14 13:49:54.485091564,other,open,3,,True,1,2
TKT_960,4b45bc7ca7decbae,,5a35a5cd2606,2026-09-19 00:58:44.307283795,payment,open,5,,True,1,2
TKT_961,bb24ae6e3bd3609c,,3669a0436b17,2026-08-04 21:16:16.256245733,product_info,open,5,,True,1,1
TKT_962,c0ea3f03b8c7a955,,6ac2047ad4c2,2026-09-03 16:31:37.980013541,payment,open,4,,True,0,2
TKT_963,9313522ddb5c375d,,c8cc6b845d95,2026-08-15 04:58:39.221759419,payment,open,2,,True,1,1
TKT_964,9313522ddb5c375d,,8622f7e9c07d,2026-09-23 09:58:17.798224260,payment,open,4,,True,1,1
TKT_965,9313522ddb5c375d,,660779155655,2026-07-17 19:40:59.460000929,other,open,6,,True,0,1
TKT_966,35a4e44bcec42184,,8649de00ceba,2026-07-22 15:08:15.629478553,product_info,open,7,,True,1,2
TKT_967,275d5709a6b10cf9,,20b00b8b39f3,2026-09-30 05:04:20.492542275,other,open,4,,True,1,2
TKT_968,275d5709a6b10cf9,,5c6c300655eb,2026-08-13 21:10:00.261262696,payment,open,8,,True,0,1
TKT_969,32437bc137918a1f,,fdebb46203a7,2026-09-06 10:05:09.214919045,payment,open,2,,True,1,1
TKT_970,cc32af3f021e692c,,28c38f66e983,2026-08-12 18:51:05.650422348,product_info,open,7,,True,0,1
TKT_971,d34e3c40895a3ce7,,def944e2aa0a,2026-08-17 05:41:10.450033184,payment,open,1,,True,1,1
TKT_972,a32da0dafb4910b8,,c5c1488ad472,2026-07-05 22:26:30.687367797,other,open,7,,True,1,2
TKT_973,72455d8efb6eb3c7,,ea52b947e101,2026-07-17 16:39:06.107144924,payment,open,3,,True,0,2
TKT_974,f4fa6028cd017601,,443e2546768f,2026-07-24 07:38:03.436702588,product_info,open,9,,True,0,1
TKT_975,855976915ede159f,,59ea1ea6e127,2026-08-10 07:33:49.126309875,payment,open,3,,True,0,2
TKT_976,59dea4a4b79db291,,015c8af01d0c,2026-08-08 16:08:15.307787329,other,open,6,,True,1,1
TKT_977,94f497cb46e9c3d9,,108da904ba5a,2026-09-09 13:56:03.927519937,payment,open,7,,True,1,2
TKT_978,8fbef2015ae8115a,,ab5e6fe127cb,2026-08-10 02:13:49.547479309,payment,open,8,,True,1,1
TKT_979,b3d88ed210506451,,047ebfd43fe0,2026-07-08 06:50:28.792524448,other,open,9,,True,1,2
TKT_980,b3d88ed210506451,,2db563cf73d0,2026-07-05 07:20:09.452714201,payment,open,4,,True,1,2
TKT_981,b3d88ed210506451,,45e36a933453,2026-08-17 14:48:25.855577690,product_info,open,6,,True,1,2
TKT_982,db34f479025a4549,,d808963e453d,2026-08-06 01:52:48.331642488,other,open,4,,True,0,2
TKT_983,f356ddf96011af7b,,ba9ce94f983a,2026-07-31 00:31:24.135117792,product_info,open,2,,True,1,1
TKT_984,00806e2c9cb1f662,,be8b6411e0bd,2026-08-04 12:08:05.880975184,other,open,8,,True,1,1
TKT_985,70e1602b7ff419a4,,b225e1eac3c3,2026-08-31 01:50:48.362381057,payment,open,5,,True,0,1
TKT_986,e1766460787f0d86,,cd017f44c6b1,2026-08-02 08:06:16.960119433,product_info,open,4,,True,0,1
TKT_987,d050cdd66173a76c,,95cbb2ad29d1,2026-08-01 10:54:30.501686111,other,open,4,,True,0,1
TKT_988,f987d3b2e6e560bd,,1f6f210bb5ba,2026-09-01 12:34:12.975948727,other,open,1,,True,0,2
TKT_989,0fe56707f3f6289c,,c74ed4315578,2026-07-14 09:47:00.055665113,product_info,open,3,,True,1,2
TKT_990,1884d97d77a2836b,,c833ee3163e4,2026-09-03 13:32:23.666581221,product_info,open,7,,True,0,2
TKT_991,bd8c8661a57b185a,,fd5e09fe407e,2026-08-24 02:09:14.955328638,payment,open,9,,True,0,2
TKT_992,3289ea404b694727,,32b3fb40fbb3,2026-08-13 22:46:54.514267351,product_info,open,7,,True,1,1
TKT_993,77941f8bf3219309,,4c9795e38ae2,2026-07-11 11:23:31.337821845,payment,open,9,,True,1,2
TKT_994,b00bbdfd87bf6bcb,,9f5ae8eee0ce,2026-08-11 06:03:29.414960755,other,open,2,,True,1,2
TKT_995,d4578a5089e108e1,,0e09aa9862c1,2026-09-05 03:55:22.879005174,payment,open,9,,True,1,2
TKT_996,eb692f074f0e2d0b,,647733f0447a,2026-09-27 08:49:48.073671442,other,open,5,,True,0,1
TKT_997,f7b753d9b9d8fd35,,ad1d9098d15c,2026-09-12 10:09:40.176487660,payment,open,9,,True,0,2
TKT_998,f7b753d9b9d8fd35,,d3defaa4b46f,2026-09-06 14:21:11.411895625,payment,open,7,,True,0,2
TKT_999,9bc20673dcc30e4d,,3586373c5428,2026-09-20 03:08:24.534617858,other,open,8,,True,0,1
TKT_1000,daaf5a52fed65c4a,,49841a528bd0,2026-09-15 06:51:14.284067024,product_info,open,7,,True,0,2
TKT_1001,2cc6c9edd3eb89d0,,375caa56d69c,2026-07-12 11:16:15.706630055,payment,open,7,,True,0,1
TKT_1002,ec72acf96c0ef6e3,,047d571e6ecd,2026-08-24 11:40:04.696749996,payment,open,6,,True,0,1
TKT_1003,201e3f218ec4f69e,,1835709715db,2026-07-23 11:54:33.223404958,product_info,open,2,,True,0,1
TKT_1004,b230c5265373a51d,,5960f9d4fe02,2026-09-10 14:38:41.466225903,payment,open,7,,True,1,2
TKT_1005,1fdd81c8f1ec45e8,,eebfa8e7d749,2026-07-29 02:01:15.242242288,other,open,7,,True,0,1
TKT_1006,1fdd81c8f1ec45e8,,670a034a926d,2026-07-20 11:57:45.089552274,other,open,1,,True,1,1
TKT_1007,faee715ae88ab931,,e527a77f9d60,2026-09-12 00:39:30.072485977,other,open,6,,True,1,2
TKT_1008,006afe3dfd3e62b3,,a48f1d41ae50,2026-07-03 19:54:04.812317699,other,open,7,,True,0,1
TKT_1009,392c35991039d613,,19ed5df10d1e,2026-07-19 20:35:41.737182188,other,open,3,,True,0,1
TKT_1010,2c673fdc4b3ea287,,cb2defa0e946,2026-08-01 02:56:11.002441040,payment,open,1,,True,1,1
TKT_1011,eefc9657635ae379,,0d75ddabf50c,2026-08-31 08:40:29.480973014,payment,open,6,,True,1,2
TKT_1012,d696181ba3cf73a6,,ad3927d0eb86,2026-09-28 03:32:07.658498255,other,open,7,,True,1,2
TKT_1013,d696181ba3cf73a6,,eaf060c88130,2026-07-09 04:47:12.897201299,product_info,open,5,,True,1,1
TKT_1014,f05d396731b5c886,,e82fafa045aa,2026-09-01 03:50:19.930357975,other,open,8,,True,1,2
TKT_1015,90fc8f801d9c9d37,,32f641089584,2026-08-22 20:37:02.485689730,product_info,open,8,,True,1,1
TKT_1016,7e3b4dfa6141d055,,efb0a7e45d9b,2026-08-17 10:02:05.334002437,payment,open,4,,True,0,2
TKT_1017,61df98c37d04ff41,,613c8c81c466,2026-09-20 01:59:09.169747060,other,open,9,,True,0,2
TKT_1018,3af14c269466e0de,,79ed8afbd983,2026-09-05 00:10:57.067768331,other,open,6,,True,0,1
TKT_1019,7135d1a0994938b7,,85d246856af4,2026-07-23 11:02:01.619204194,product_info,open,5,,True,1,1
TKT_1020,b63be4fc64a35b5d,,93486e7b1104,2026-07-09 00:28:38.115716961,product_info,open,3,,True,1,2
TKT_1021,48cb09780446bcb8,,c0e796789b7a,2026-07-21 12:33:35.114894636,payment,open,4,,True,1,1
TKT_1022,09bd9733bfd1c10c,,07285e5a48ce,2026-09-12 18:01:20.995998750,product_info,open,7,,True,1,1
TKT_1023,135fd63efc6c9b8a,,0cec74fc2d99,2026-09-03 09:02:18.487982855,payment,open,3,,True,0,2
TKT_1024,0dc021332b733807,,a8e9821d5a69,2026-08-09 11:47:32.489742032,product_info,open,8,,True,1,1
TKT_1025,0dc021332b733807,,b3a172b27390,2026-08-28 20:33:19.690713709,other,open,5,,True,0,2
TKT_1026,82f4f47d0d6873ba,,d442acf4bfd4,2026-09-26 06:26:04.009882653,product_info,open,5,,True,0,1
TKT_1027,2264eaa6545e58f3,,4797431f8626,2026-08-12 00:02:20.282021074,product_info,open,9,,True,0,2
TKT_1028,15a8587442fb5be9,,6b9467708927,2026-08-06 12:49:04.185152976,other,open,5,,True,0,2
TKT_1029,15a8587442fb5be9,,03f62427d0ac,2026-08-12 05:52:13.429641597,other,open,9,,True,0,2
TKT_1030,40f81e4c102dc1a3,,27661f462b29,2026-08-01 16:33:19.691074215,payment,open,1,,True,0,2
TKT_1031,4864007020092174,,08b0acabf5d0,2026-07-09 03:35:39.229420612,payment,open,7,,True,0,2
TKT_1032,a5d4559c071beb14,,eb50695ba449,2026-09-14 10:11:00.619381562,other,open,7,,True,1,1
TKT_1033,a5d4559c071beb14,,0d796989c748,2026-08-17 13:39:22.119162046,other,open,6,,True,1,1
TKT_1034,ccba28f8294390bb,,df1b8735583d,2026-09-09 14:37:49.452870304,payment,open,9,,True,1,1
TKT_1035,a4093edc5aa00a99,,aeddcb720d22,2026-09-24 03:09:12.298656344,payment,open,5,,True,1,2
TKT_1036,e44c64ab820f4b0a,,2daac1fac8a0,2026-08-15 20:44:08.709529054,other,open,4,,True,0,2
TKT_1037,0ce294f7bd828ca9,,1723c20e6433,2026-09-27 08:53:01.104044840,payment,open,3,,True,1,1
TKT_1038,b25a92f933582d2a,,3a54e7b5c2b8,2026-07-18 00:14:19.881577029,payment,open,9,,True,1,1
TKT_1039,8ee60b6ea2aa371f,,712c08f9f1bc,2026-08-14 05:25:03.363583916,product_info,open,2,,True,1,2
TKT_1040,49f7b387c9aa1fdd,,82e1a2f50831,2026-07-22 16:54:36.860834117,product_info,open,3,,True,0,1
TKT_1041,e69f43affda16c30,,dd4c3e1b227c,2026-07-30 06:18:53.348612371,product_info,open,5,,True,0,2
TKT_1042,4840df288fc97982,,edc139db3ce6,2026-07-27 00:07:55.916606983,other,open,2,,True,1,1
TKT_1043,8a0b56a6983f6f5f,,284cedc47ab6,2026-09-04 12:53:55.154836371,payment,open,5,,True,0,2
TKT_1044,8a0b56a6983f6f5f,,e3074e1f8784,2026-09-18 06:13:30.677021277,product_info,open,2,,True,1,2
TKT_1045,a2b1b932007b39a2,,f18224adcd5a,2026-08-30 02:19:37.625449994,other,open,6,,True,0,2
TKT_1046,a2b1b932007b39a2,,3865ad47f05c,2026-09-11 14:11:56.831493581,payment,open,4,,True,0,2
TKT_1047,e0d9cbad81fbc7fd,,80e42c25f0e5,2026-09-19 19:59:35.639560408,other,open,1,,True,1,2
TKT_1048,e0d9cbad81fbc7fd,,e1b01607d868,2026-07-22 14:33:11.485716192,product_info,open,7,,True,1,2
TKT_1049,388f6d088732a051,,b403b6605d8e,2026-09-04 16:33:47.131095072,other,open,5,,True,0,1
TKT_1050,73b8143e64158152,,69a4eb5f85bd,2026-07-05 21:56:43.931802128,payment,open,3,,True,0,1
TKT_1051,73b8143e64158152,,aa576719bec0,2026-09-18 18:28:15.400994923,payment,open,6,,True,0,1
TKT_1052,1fd65ed67bd71021,,d0f9b5e269e5,2026-09-27 20:02:28.512075772,product_info,open,8,,True,1,2
TKT_1053,4dad22fe0367904d,,7d663c114d69,2026-08-14 07:20:49.715657879,other,open,6,,True,0,2
TKT_1054,4dad22fe0367904d,,1b8956d421c0,2026-09-24 07:39:55.777143074,other,open,3,,True,0,1
TKT_1055,79cea358acfd8b3d,,55d610419a54,2026-07-21 00:18:23.479606027,product_info,open,3,,True,0,2
TKT_1056,191e5e9773211ec9,,5fedfef5aa45,2026-09-11 02:10:23.261492790,other,open,7,,True,0,1
TKT_1057,1aa99e1693404bfd,,c4c0b510db6b,2026-07-09 23:39:17.828306628,product_info,open,8,,True,1,2
TKT_1058,1aa99e1693404bfd,,270ea19e606b,2026-08-11 05:18:49.169613335,payment,open,5,,True,0,1
TKT_1059,d2c101e8c0b91c32,,a516c8e38ae5,2026-08-01 19:24:22.796156215,other,open,1,,True,1,2
TKT_1060,bc95dd7000e672fd,,26426731bf7c,2026-08-09 01:58:44.344875387,other,open,2,,True,1,2
TKT_1061,f188537069265eb5,,353240da976a,2026-07-22 04:42:07.071946077,product_info,open,4,,True,1,2
TKT_1062,f188537069265eb5,,e40fde63f88c,2026-09-21 18:20:16.939848241,other,open,9,,True,0,1
TKT_1063,920bfe58c7a6c8e6,,0673633e6216,2026-08-04 02:04:17.200118745,payment,open,5,,True,0,2
