user_id,signup_date,device_type,city_tier,is_returning
cc51d24e4135cd24,2026-05-23 13:32:15.996659,mobile_app,2,True
81857e5aef869265,2025-07-15 13:32:15.996659,mobile_web,2,True
9881e40ccc14f33b,2025-09-08 13:32:15.996659,desktop,1,True
cb2f239e9650c964,2025-12-15 13:32:15.996659,mobile_web,2,False
0d484bb1e95cf996,2025-12-17 13:32:15.996659,mobile_app,2,True
72e6372ac7177b75,2025-06-07 13:32:15.996659,mobile_app,2,True
fd3aa36919a9b3db,2026-05-24 13:32:15.996659,desktop,3,True
04194887b72b3e97,2025-08-19 13:32:15.996659,desktop,3,True
90eb7d0f3db6b0d0,2026-04-02 13:32:15.996659,mobile_app,2,False
ebd45f4c3acb3c81,2026-05-21 13:32:15.996659,mobile_web,2,True
5a80910a2b3a62fb,2025-11-05 13:32:15.996659,mobile_app,2,True
bda7623d8c67247a,2025-04-15 13:32:15.996659,mobile_app,2,True
019bc37b4e1aa1fa,2025-08-02 13:32:15.996659,mobile_app,1,True
f7b479e71bb40b7c,2025-07-21 13:32:15.996659,mobile_app,2,True
c9962aa614bc7c33,2025-08-10 13:32:15.996659,mobile_app,2,True
2ba3a78614138ce6,2025-07-10 13:32:15.996659,mobile_web,2,True
2ef2e682cf59ded5,2025-11-11 13:32:15.996659,mobile_app,3,True
62e81babf103c3c9,2026-05-05 13:32:15.996659,mobile_app,2,True
ab7ae8f50c8c81d2,2025-06-15 13:32:15.996659,mobile_app,2,True
f5f7f4e90255a673,2025-12-10 13:32:15.996659,mobile_app,1,True
1540d879a80b5f4f,2025-11-17 13:32:15.996659,mobile_app,1,True
0a2c3ae171d07ea8,2026-01-15 13:32:15.996659,mobile_app,2,True
14613ae73bbc7c19,2026-04-10 13:32:15.996659,mobile_app,2,False
f49e77d235ea6472,2025-05-07 13:32:15.996659,mobile_web,1,True
59344a57ba656ca3,2025-07-12 13:32:15.996659,desktop,1,True
c0548ebeac9030fb,2025-09-13 13:32:15.996659,mobile_app,1,True
7c6b4cd13ad2244f,2025-12-31 13:32:15.996659,desktop,2,True
12d0735db6732483,2025-06-23 13:32:15.996659,desktop,2,True
b89a72fce2cc8de9,2025-10-27 13:32:15.996659,mobile_web,2,True
3f402405350a4fd6,2025-12-13 13:32:15.996659,mobile_web,1,True
05b70fe30986fd68,2025-12-10 13:32:15.996659,mobile_web,1,True
6f093e46dfe5d386,2026-03-21 13:32:15.996659,mobile_web,1,True
fb2a9699fa8e310c,2026-05-22 13:32:15.996659,mobile_web,2,True
08f014771dcf8c66,2025-10-23 13:32:15.996659,mobile_app,1,True
9e6d61468fa8f97c,2025-05-25 13:32:15.996659,desktop,2,True
7481786392bc7b7c,2026-06-03 13:32:15.996659,mobile_app,3,False
23607f770b51fa9e,2025-06-07 13:32:15.996659,mobile_web,2,True
67fee90b87961e10,2025-06-21 13:32:15.996659,mobile_app,3,True
8bb669044e8c7ea5,2026-02-27 13:32:15.996659,mobile_app,1,False
0256660739ea3bbb,2025-09-18 13:32:15.996659,mobile_app,1,True
1daf7c2dd3e1d969,2026-04-18 13:32:15.996659,mobile_app,3,True
8b8e377ac8c6b42b,2025-07-23 13:32:15.996659,mobile_app,2,True
23ac29253c687e19,2025-08-18 13:32:15.996659,mobile_app,2,True
4c1b75e6b4d8b2b8,2026-01-22 13:32:15.996659,mobile_app,3,True
820ecbb733328064,2026-06-02 13:32:15.996659,mobile_app,2,True
32cc8dca95d7d458,2025-04-17 13:32:15.996659,mobile_app,2,True
6e2c5dabfe3a49da,2025-12-12 13:32:15.996659,desktop,2,False
da2f6d0933e71e24,2025-05-22 13:32:15.996659,mobile_app,1,True
43a41a64beebccf2,2025-08-28 13:32:15.996659,mobile_app,1,True
75821f8772f56d51,2025-07-13 13:32:15.996659,mobile_app,1,True
34c3c626d79f822f,2025-07-22 13:32:15.996659,mobile_app,3,True
5bea745a0f178985,2026-04-05 13:32:15.996659,mobile_app,2,True
6289ccf1135d0e09,2026-01-18 13:32:15.996659,mobile_web,1,True
68b9de38f86a84ae,2025-12-02 13:32:15.996659,desktop,1,True
12a30c0eb9598543,2025-11-18 13:32:15.996659,mobile_app,2,False
66e2b3b4f65ea240,2026-06-13 13:32:15.996659,mobile_web,3,True
71905334e7aa8c57,2025-10-27 13:32:15.996659,mobile_app,1,True
79f2f24ba9641b4f,2026-04-23 13:32:15.996659,mobile_app,2,True
d79990af79cd51f4,2025-07-29 13:32:15.996659,mobile_app,3,True
52d8432b04e98341,2025-08-26 13:32:15.996659,mobile_app,3,True
bf0462d948d089f3,2025-05-09 13:32:15.996659,mobile_web,3,True
2da24b0a41055cd6,2025-07-29 13:32:15.996659,mobile_web,1,True
0b579b9bbd970efc,2026-01-17 13:32:15.996659,mobile_web,1,True
99b1bf6b5288ebf0,2025-04-18 13:32:15.996659,mobile_app,2,False
cc31dc16cdaf6a33,2025-12-28 13:32:15.996659,mobile_web,1,True
72ba14d70e173904,2026-02-04 13:32:15.996659,mobile_app,3,True
9637a95dad2e2c28,2025-05-16 13:32:15.996659,mobile_app,1,True
c4b78fb0365b9497,2026-01-15 13:32:15.996659,mobile_app,2,True
41928c141bb96d03,2026-05-29 13:32:15.996659,mobile_web,3,False
c65dda6e6a38dd39,2025-12-01 13:32:15.996659,desktop,3,True
5f77aed67922aa04,2025-07-05 13:32:15.996659,mobile_app,2,True
0e31b378487ddefd,2026-04-07 13:32:15.996659,mobile_app,3,False
e2dbc68efdc9cd47,2025-12-04 13:32:15.996659,mobile_web,1,True
ce336e98472c9220,2026-05-04 13:32:15.996659,mobile_web,2,True
a2421eda4a93e3e2,2025-08-24 13:32:15.996659,mobile_app,1,True
19d9b3a6b2542237,2025-11-28 13:32:15.996659,mobile_web,3,True
ade31eed58388bbb,2026-02-02 13:32:15.996659,mobile_web,3,True
9f80e10a59e44a80,2026-03-21 13:32:15.996659,desktop,1,False
6c7108bffe917851,2025-10-19 13:32:15.996659,mobile_app,1,True
fc5f0fb0baacbedd,2025-09-01 13:32:15.996659,desktop,2,True
78ec9350e3b84b04,2025-05-01 13:32:15.996659,mobile_app,1,True
b77c9bfff82238bb,2025-12-16 13:32:15.996659,mobile_web,3,True
e0b9377e3573c5c2,2026-04-20 13:32:15.996659,mobile_app,1,True
4279b769f2454d19,2025-06-19 13:32:15.996659,mobile_app,2,True
58ff420764a77812,2025-09-19 13:32:15.996659,mobile_app,2,True
670ce97b06833908,2025-08-18 13:32:15.996659,mobile_app,2,True
75fa8026e40712e2,2026-05-19 13:32:15.996659,mobile_app,1,True
52eb587e2f3f2f82,2026-02-10 13:32:15.996659,mobile_app,3,True
9d0be38bd80b6ffe,2025-07-18 13:32:15.996659,mobile_app,2,True
41c8304c15721f2f,2025-06-19 13:32:15.996659,mobile_app,2,True
28431ea2250d5e1f,2025-12-16 13:32:15.996659,mobile_web,2,True
4361050c7614e301,2025-07-01 13:32:15.996659,desktop,3,False
d62b8e7f9e85bfd5,2025-06-15 13:32:15.996659,mobile_web,3,True
5b877888694273be,2026-01-07 13:32:15.996659,mobile_app,3,True
26e74938409fa121,2025-05-20 13:32:15.996659,mobile_app,2,True
b4c77b6a9d42945a,2026-02-21 13:32:15.996659,desktop,3,True
1415e70338b04ec8,2026-03-16 13:32:15.996659,mobile_app,1,False
a50ed856087fa87c,2025-08-26 13:32:15.996659,mobile_app,2,True
d5c53eaa5a8ebb75,2025-09-16 13:32:15.996659,desktop,2,True
ce0917db1f352659,2026-04-30 13:32:15.996659,desktop,2,True
a1cfbb82983fec7e,2025-06-19 13:32:15.996659,mobile_app,3,True
398c847f765f44c9,2026-04-03 13:32:15.996659,mobile_web,3,False
ac1fde5399bdeec5,2025-07-01 13:32:15.996659,mobile_app,2,False
118c3a58424960f1,2026-06-29 13:32:15.996659,mobile_web,2,True
91d170ab728e938e,2025-07-05 13:32:15.996659,mobile_app,3,True
b092b6454c68bb47,2025-07-09 13:32:15.996659,mobile_app,3,True
4dd5b4411b6091f5,2025-07-12 13:32:15.996659,mobile_web,2,True
c3b7e514e4ea83b2,2025-09-03 13:32:15.996659,mobile_app,1,False
4f4539b1079789ce,2025-11-30 13:32:15.996659,mobile_web,2,True
bce00f9eee42373a,2025-08-16 13:32:15.996659,mobile_app,3,False
9070951aa736b215,2026-02-26 13:32:15.996659,desktop,2,True
ea4e303227d293c0,2025-07-12 13:32:15.996659,mobile_web,2,True
47961863603cef9f,2025-10-23 13:32:15.996659,mobile_app,2,True
c10dbfaecb91545f,2025-12-06 13:32:15.996659,mobile_web,2,True
6d8d70f75405518a,2025-11-14 13:32:15.996659,mobile_app,2,True
97726718da96e3c7,2025-10-17 13:32:15.996659,mobile_app,3,True
7c10afb52e166eb4,2026-06-16 13:32:15.996659,mobile_app,1,True
382cc87cf6ffc258,2026-04-30 13:32:15.996659,desktop,2,True
88c8c1cf6fe8be43,2026-03-13 13:32:15.996659,mobile_web,2,True
f53105ee2dc01028,2026-05-11 13:32:15.996659,desktop,3,False
d9a655d643d04f4f,2025-12-14 13:32:15.996659,desktop,2,True
28d70dd4241250c3,2025-09-01 13:32:15.996659,desktop,2,True
b2da2f5c90ba19b0,2025-09-08 13:32:15.996659,mobile_app,1,True
c0700c8e8b9c57ca,2025-11-30 13:32:15.996659,desktop,1,True
db74a6d6fc7e9f4d,2025-06-08 13:32:15.996659,mobile_app,2,False
382a24d67515aac6,2025-10-18 13:32:15.996659,mobile_app,1,True
847414c2e82798e2,2026-05-27 13:32:15.996659,mobile_app,3,True
c60c1f59e9f69d03,2025-07-19 13:32:15.996659,mobile_app,3,True
a38492e20f5ececf,2025-10-14 13:32:15.996659,mobile_app,1,True
960d474fbe5101bd,2025-09-17 13:32:15.996659,mobile_app,3,True
aeca194b92a32b3d,2025-10-18 13:32:15.996659,mobile_app,2,True
9e9b3fbb6bb2a7f0,2025-10-24 13:32:15.996659,mobile_app,2,True
98c7a308427fd7da,2026-05-22 13:32:15.996659,desktop,3,False
97b5516c1a8640f3,2025-10-21 13:32:15.996659,mobile_web,2,True
ed55dceaa06dc861,2025-07-06 13:32:15.996659,mobile_app,1,True
0691774b30b1c79c,2026-02-14 13:32:15.996659,mobile_app,1,True
a86cdab34e5636be,2025-10-01 13:32:15.996659,mobile_app,2,True
e0d172549e738321,2026-06-18 13:32:15.996659,mobile_app,3,True
6a867144d50bbf80,2026-01-25 13:32:15.996659,mobile_web,2,True
8284c1578375e227,2025-12-16 13:32:15.996659,mobile_app,2,True
9e81b5d28c6193df,2025-04-11 13:32:15.996659,mobile_web,1,True
a99ca1758caeeb9e,2026-03-27 13:32:15.996659,mobile_web,3,True
bea07835ef315e2f,2026-02-27 13:32:15.996659,mobile_app,2,True
fc96b1f59b8648eb,2025-12-29 13:32:15.996659,desktop,2,True
aaac8205af2f67fd,2025-04-07 13:32:15.996659,mobile_app,2,True
88f4ec861fcd56ce,2025-06-09 13:32:15.996659,desktop,1,False
b9ac2edeaa34b96c,2026-06-17 13:32:15.996659,mobile_web,1,True
c29005990689442f,2026-03-18 13:32:15.996659,mobile_web,2,True
43652961db98e313,2025-06-24 13:32:15.996659,mobile_web,2,True
7fca7853df115b8a,2026-06-06 13:32:15.996659,mobile_web,2,True
ba27339b15485c14,2025-06-08 13:32:15.996659,desktop,3,True
cc4587c861c7d682,2026-02-24 13:32:15.996659,mobile_app,1,True
8acb8685b9eb29bd,2025-05-11 13:32:15.996659,mobile_web,2,True
398572c4b2b78665,2026-02-19 13:32:15.996659,mobile_web,1,True
397e41f945365a1d,2025-12-17 13:32:15.996659,mobile_app,1,True
544b5728d0763a02,2025-09-04 13:32:15.996659,desktop,2,True
990d7c4f1fa99a84,2026-05-06 13:32:15.996659,mobile_app,2,True
455b38d7db4abe8d,2025-10-22 13:32:15.996659,mobile_app,2,True
8b3c51180300cd00,2025-11-15 13:32:15.996659,mobile_app,1,False
8303489028cc1729,2025-07-11 13:32:15.996659,mobile_app,2,True
905e099fbaa8e784,2025-04-05 13:32:15.996659,mobile_web,2,False
6e95ad1e48b8810f,2025-09-03 13:32:15.996659,mobile_app,3,True
23099858923bc0e4,2025-12-28 13:32:15.996659,mobile_app,2,True
3825a3cc0ea246d3,2025-12-30 13:32:15.996659,mobile_app,3,True
6b66f040e9ed3606,2025-12-24 13:32:15.996659,mobile_app,1,True
409a9bc26eed4344,2025-06-27 13:32:15.996659,mobile_web,2,True
50de04d9a8a49bd9,2026-02-06 13:32:15.996659,desktop,2,True
c3b413b58bf366bf,2026-04-18 13:32:15.996659,mobile_app,2,True
fff47328324f223a,2026-01-31 13:32:15.996659,mobile_app,2,True
16afe72207eab48d,2026-06-22 13:32:15.996659,mobile_app,2,False
f3dd9b96b86d8619,2026-05-15 13:32:15.996659,mobile_web,3,True
542730ad0b0b1a01,2026-05-23 13:32:15.996659,mobile_app,1,False
471a4006cb0617cd,2025-07-16 13:32:15.996659,mobile_app,3,True
952fe4b35537dcbf,2025-08-08 13:32:15.996659,mobile_app,2,True
08ca3a692a759e88,2025-08-19 13:32:15.996659,mobile_app,2,True
b44dbc38f24d4fbb,2025-12-04 13:32:15.996659,mobile_app,2,True
f41045d24565029f,2025-08-10 13:32:15.996659,mobile_app,1,True
6ca1894d13221cf1,2026-04-20 13:32:15.996659,mobile_web,3,True
552a4055285dd332,2025-05-19 13:32:15.996659,mobile_web,3,True
150914afefcbd9ab,2025-11-17 13:32:15.996659,mobile_app,3,True
13f2dc71885d7f2e,2025-05-02 13:32:15.996659,mobile_web,3,False
861003f0e221a436,2026-04-24 13:32:15.996659,desktop,2,True
7a381759097a6dcd,2025-11-18 13:32:15.996659,mobile_app,2,True
7c96654dff3018a3,2025-08-20 13:32:15.996659,mobile_app,3,True
be6127e98f9ef585,2025-11-19 13:32:15.996659,mobile_app,1,True
4b6d9f19653e8a7d,2025-12-11 13:32:15.996659,mobile_web,3,True
3a688346f994b59c,2026-04-18 13:32:15.996659,mobile_app,2,True
2bede582c18889f3,2026-01-10 13:32:15.996659,mobile_web,2,True
50b8035ecf0d8aed,2026-03-16 13:32:15.996659,mobile_app,2,True
4db91b58d4dadc57,2026-02-15 13:32:15.996659,mobile_app,2,True
74c80ef7526c555a,2025-08-25 13:32:15.996659,desktop,1,True
0abee1a211e4b189,2025-09-19 13:32:15.996659,mobile_app,2,True
f028d8b9f501d661,2025-09-29 13:32:15.996659,desktop,2,False
ca44848aeb8aaa95,2026-01-19 13:32:15.996659,desktop,1,True
9076bf282e9bcd14,2025-04-22 13:32:15.996659,desktop,1,True
cca478418584f537,2026-05-24 13:32:15.996659,mobile_app,2,False
3b1b9cf574885fa2,2026-01-28 13:32:15.996659,mobile_web,2,True
80fea2a6ab318727,2026-05-10 13:32:15.996659,mobile_app,3,True
c712bce4b843c4ed,2026-01-29 13:32:15.996659,mobile_app,1,True
0ec09b579723a614,2025-04-21 13:32:15.996659,desktop,2,True
024f3ad868d04846,2026-01-17 13:32:15.996659,mobile_web,1,True
8c1b711df111d416,2025-05-15 13:32:15.996659,mobile_app,2,True
abd42e43fc2a83ff,2025-11-19 13:32:15.996659,mobile_app,2,True
3ab202c3aa112fee,2025-08-18 13:32:15.996659,mobile_web,2,True
c6bcc73208469e84,2025-12-06 13:32:15.996659,mobile_web,2,True
2d2cfd23b45a6ff4,2026-03-04 13:32:15.996659,mobile_app,2,False
8863df5e95b09a33,2025-07-20 13:32:15.996659,desktop,1,True
a5799009a66639f3,2025-04-18 13:32:15.996659,mobile_app,2,True
8fa75f2186a48e8e,2026-03-05 13:32:15.996659,mobile_app,2,True
e8ae6f41d8dfd454,2025-07-13 13:32:15.996659,mobile_web,2,True
0d6c2a7465632e42,2026-03-06 13:32:15.996659,desktop,2,True
b043eb3f8195980a,2025-08-10 13:32:15.996659,mobile_app,2,True
189a4f9a37dff4db,2025-07-09 13:32:15.996659,mobile_app,2,True
11aa9ddffa8694c6,2025-12-10 13:32:15.996659,mobile_app,1,True
e2e87170560e345c,2025-08-01 13:32:15.996659,desktop,1,True
f5d9060d4b7bcee7,2026-03-01 13:32:15.996659,mobile_app,1,True
5223f36329d64056,2026-05-27 13:32:15.996659,mobile_app,2,True
a1740dc3a85a9568,2026-05-20 13:32:15.996659,desktop,3,True
b078840b0ed7d8a5,2025-12-11 13:32:15.996659,mobile_app,2,True
e2848657baef2574,2025-05-18 13:32:15.996659,mobile_app,2,True
c0fd579d25e63ceb,2026-05-05 13:32:15.996659,mobile_app,1,True
897e57d85eef9c77,2025-12-07 13:32:15.996659,mobile_web,3,True
3b44775063eb2a16,2025-08-16 13:32:15.996659,mobile_app,1,True
ba86d6d91978c2a3,2026-04-01 13:32:15.996659,mobile_app,2,False
56cf350198ee2d33,2025-08-08 13:32:15.996659,mobile_app,3,True
93fda5a36fc47a80,2026-02-13 13:32:15.996659,mobile_web,2,True
2aefbd1d91039846,2025-06-30 13:32:15.996659,mobile_web,1,False
feb42ed8f16ab21b,2025-10-12 13:32:15.996659,mobile_app,1,True
1214d6377fefd844,2025-10-27 13:32:15.996659,mobile_app,2,True
778b22c656487a7d,2026-04-13 13:32:15.996659,desktop,1,True
06d063a04935ccb0,2025-12-04 13:32:15.996659,mobile_app,2,False
3329a22f0034ae78,2025-06-08 13:32:15.996659,mobile_app,2,True
e1d3e6278fd4d209,2026-06-24 13:32:15.996659,mobile_app,2,True
8cc2030dff09c66c,2025-07-22 13:32:15.996659,mobile_app,1,False
1449a3bb89a4a5df,2025-11-20 13:32:15.996659,mobile_app,3,True
3384021baad0c1fc,2025-08-09 13:32:15.996659,mobile_app,2,False
52682c986813b646,2025-09-04 13:32:15.996659,mobile_app,2,True
0d5bd0f1e3ea15e3,2025-12-18 13:32:15.996659,mobile_app,2,False
df8b2133a5ee0a6e,2026-02-12 13:32:15.996659,mobile_web,1,True
e6151a72aee3c1fe,2025-09-20 13:32:15.996659,mobile_app,2,True
6b83d8c860364e95,2026-04-30 13:32:15.996659,mobile_app,2,False
9c76c1e453f79893,2025-10-10 13:32:15.996659,mobile_web,2,True
346bd7ab2b0d4d33,2026-05-20 13:32:15.996659,mobile_app,3,True
9393f8c0aef77d5e,2025-09-10 13:32:15.996659,mobile_web,3,True
ea23fb01154f93d9,2025-09-19 13:32:15.996659,mobile_app,2,False
bc971455ecc9e97f,2026-05-25 13:32:15.996659,mobile_web,2,True
cbd6030184116052,2025-07-23 13:32:15.996659,mobile_app,2,False
ee2a683f82964937,2025-12-25 13:32:15.996659,mobile_app,2,True
f020135ae0bcd7ab,2025-07-09 13:32:15.996659,mobile_app,1,True
0cd3b75b631706db,2026-06-14 13:32:15.996659,mobile_app,3,True
6b99873260e0f9b4,2026-04-12 13:32:15.996659,mobile_app,3,False
b126f58472679731,2025-11-20 13:32:15.996659,mobile_web,1,True
c4e6c4d00531daf6,2026-04-08 13:32:15.996659,mobile_web,3,True
23cd624fa41e91e3,2026-02-02 13:32:15.996659,mobile_app,3,True
c19921e85ea01354,2025-09-05 13:32:15.996659,desktop,2,False
de6e3abf6bd7d492,2026-04-28 13:32:15.996659,mobile_web,3,True
ceed14710b34ffec,2025-08-28 13:32:15.996659,desktop,1,True
584edda262c60810,2026-05-16 13:32:15.996659,mobile_web,1,True
475951862a3268b0,2026-04-14 13:32:15.996659,mobile_web,2,True
44b268db371d2b5e,2025-10-08 13:32:15.996659,mobile_app,2,True
bcabff0ca1da8ba8,2025-07-06 13:32:15.996659,mobile_web,2,False
fe46f41427bd8426,2026-04-16 13:32:15.996659,desktop,3,True
b7344408484c6908,2026-02-16 13:32:15.996659,mobile_app,1,True
0ca01b4f6f72d2e0,2025-05-08 13:32:15.996659,mobile_app,1,True
b6ed303ce0b3a7be,2025-04-08 13:32:15.996659,mobile_app,2,True
6fa90e7129debfd6,2025-10-11 13:32:15.996659,desktop,1,True
a40a6fcbb35cbd94,2025-12-11 13:32:15.996659,mobile_app,2,True
0d14896f8c218527,2026-01-26 13:32:15.996659,mobile_web,2,True
116546cfe5d8317c,2025-09-27 13:32:15.996659,mobile_web,3,True
6f981b6ae2ccda97,2025-10-07 13:32:15.996659,desktop,2,True
9c8f6c08bf73240b,2026-02-18 13:32:15.996659,mobile_app,1,True
4dc95d35cf26f5cc,2026-06-22 13:32:15.996659,mobile_web,1,True
9ad5edfd5f3d45b7,2026-04-25 13:32:15.996659,desktop,1,True
12cc6e975f2a6833,2025-04-22 13:32:15.996659,mobile_app,3,True
c5e90ccf98f93735,2025-12-24 13:32:15.996659,mobile_web,2,True
c97f2209e6bb5fe1,2025-11-25 13:32:15.996659,mobile_app,2,True
b19d0343c0bfcb5a,2025-12-02 13:32:15.996659,mobile_web,1,True
29cd98ad549fbbfb,2025-07-11 13:32:15.996659,mobile_app,3,True
bd77bb13b950fe3d,2026-06-03 13:32:15.996659,mobile_app,1,True
848d3841e3e47700,2026-05-26 13:32:15.996659,mobile_app,2,True
b99d11941ef671bc,2026-02-27 13:32:15.996659,mobile_app,2,True
5e3962cb0af8e81c,2025-11-23 13:32:15.996659,mobile_app,1,True
7528ee594df54838,2025-08-31 13:32:15.996659,mobile_web,2,True
ff6ec62c1dee961b,2025-11-21 13:32:15.996659,mobile_app,1,True
41a59c011761eb60,2025-12-14 13:32:15.996659,mobile_app,2,True
b52ad7007ee2e2ca,2025-05-02 13:32:15.996659,mobile_web,3,True
7099e42754a6a909,2026-04-20 13:32:15.996659,mobile_web,2,True
f542bc3c68264258,2025-10-15 13:32:15.996659,mobile_app,3,True
a98462e5a89d1ecf,2025-10-29 13:32:15.996659,desktop,2,True
c59f22e3259955f6,2025-11-29 13:32:15.996659,mobile_app,1,True
3fcb468a11dac282,2025-06-30 13:32:15.996659,mobile_web,2,True
deb0525dc0562362,2026-03-03 13:32:15.996659,mobile_app,2,True
adea8c90996352d7,2025-04-25 13:32:15.996659,mobile_web,1,True
c47986c72d4a4cf6,2026-02-02 13:32:15.996659,desktop,2,True
fcfbf03042cbf1c1,2025-10-28 13:32:15.996659,mobile_web,2,True
0be76b445f4602b8,2025-11-08 13:32:15.996659,mobile_app,2,True
576ec048d6aa589f,2025-06-11 13:32:15.996659,mobile_web,1,False
2e3d81beefc05baa,2025-12-15 13:32:15.996659,mobile_app,3,True
8949dd64a2dc766e,2026-02-23 13:32:15.996659,mobile_web,2,True
74ea8ac889ef8fd9,2026-06-23 13:32:15.996659,mobile_web,1,True
0f8c235bb68e44ad,2026-01-18 13:32:15.996659,desktop,1,False
fe4464d2f99ec63b,2025-06-22 13:32:15.996659,mobile_app,3,True
2d86b13e155e69d6,2026-06-28 13:32:15.996659,mobile_app,2,True
bb9268107f99614e,2025-05-21 13:32:15.996659,mobile_app,2,True
e5595ef192f43457,2025-10-29 13:32:15.996659,mobile_app,1,True
d99d7e7bed9ff0c2,2026-04-30 13:32:15.996659,mobile_app,2,True
fc9b14278f9a4ad6,2026-02-15 13:32:15.996659,mobile_app,2,False
3cf91391c7b9741e,2025-10-23 13:32:15.996659,mobile_web,2,False
3369a689abb33c8f,2026-02-09 13:32:15.996659,mobile_app,3,False
9b638fbbce90257d,2026-05-14 13:32:15.996659,mobile_app,1,True
b8c56aa8c48a7104,2025-09-02 13:32:15.996659,mobile_app,1,True
6e4bd902a24a736e,2025-08-31 13:32:15.996659,desktop,2,True
02352006361629b0,2026-05-09 13:32:15.996659,mobile_web,2,True
8d8914fa48fe31d0,2026-02-25 13:32:15.996659,mobile_app,1,True
b4ef0124906f2e25,2026-03-14 13:32:15.996659,mobile_app,2,True
c9737907145aa594,2025-09-05 13:32:15.996659,mobile_app,2,True
f1fc95b13c4aaf12,2025-08-04 13:32:15.996659,mobile_app,2,False
f28a2151e1bc728d,2025-08-06 13:32:15.996659,mobile_app,2,False
96cff521c8d5ff0b,2025-05-01 13:32:15.996659,mobile_app,3,True
d9ec56b7bd9447c3,2025-07-18 13:32:15.996659,desktop,2,True
4aad66b82d9e87d9,2026-02-07 13:32:15.996659,mobile_app,2,True
63a490ed9af1d09d,2026-05-14 13:32:15.996659,mobile_web,2,True
0350889d925d6850,2025-09-26 13:32:15.996659,mobile_app,2,True
753c0af2852bf9c5,2025-05-12 13:32:15.996659,desktop,1,True
551fd9d8164f1fb2,2025-04-15 13:32:15.996659,desktop,3,True
4dc9a123154da372,2026-03-20 13:32:15.996659,mobile_web,1,False
9a40aba3aa530b29,2026-03-17 13:32:15.996659,mobile_app,2,False
ec01e714404edf3c,2026-06-15 13:32:15.996659,mobile_app,1,True
5b7edbc0e2d02b66,2026-04-29 13:32:15.996659,mobile_web,3,True
f1467fcbee68ff56,2025-10-23 13:32:15.996659,mobile_web,1,True
70ff17642fa06e2f,2025-10-27 13:32:15.996659,mobile_app,3,True
4d2095aead254b8d,2026-01-15 13:32:15.996659,mobile_app,2,True
381f492681102fc6,2026-02-11 13:32:15.996659,mobile_app,1,True
c51e1372856e6103,2025-06-20 13:32:15.996659,mobile_web,2,True
49f1c0d3b69a13aa,2025-12-05 13:32:15.996659,mobile_web,2,True
68cec8304518e5fb,2025-06-30 13:32:15.996659,mobile_web,2,True
ca68a578c0284d36,2025-04-20 13:32:15.996659,mobile_web,1,False
7dc904ae474e0594,2026-02-08 13:32:15.996659,mobile_app,2,True
ebba26aedbb2d6e7,2026-04-01 13:32:15.996659,mobile_app,2,True
527b1692cd4b795f,2025-04-25 13:32:15.996659,mobile_app,2,False
fed3b4ff8bea0515,2025-09-17 13:32:15.996659,mobile_web,3,True
2e0d240020ae35f2,2026-02-20 13:32:15.996659,mobile_app,1,True
1a0e257e77aa63b5,2025-09-23 13:32:15.996659,mobile_app,1,False
707c703e193cbc43,2025-11-10 13:32:15.996659,mobile_app,2,True
43c6f7fcdd716734,2025-05-16 13:32:15.996659,mobile_app,1,True
902750ce59e876b8,2026-03-08 13:32:15.996659,mobile_app,1,True
1e5bdb56c9493970,2025-04-07 13:32:15.996659,mobile_app,2,True
ff8f70494c3d0cf1,2025-05-03 13:32:15.996659,mobile_app,1,True
c4ee09a8a4facf78,2026-04-11 13:32:15.996659,mobile_web,1,True
f27ea3982b2ba332,2026-04-19 13:32:15.996659,mobile_app,2,True
3f5432112ed5d9de,2025-11-02 13:32:15.996659,mobile_app,2,True
270c10c60c573125,2026-06-12 13:32:15.996659,mobile_app,3,False
6419d60a31834b43,2026-02-17 13:32:15.996659,mobile_web,2,True
bfc1a5044047ce94,2025-12-17 13:32:15.996659,mobile_app,2,True
a70a2cd46a8ef1f8,2025-04-17 13:32:15.996659,mobile_web,1,False
8a923bccdbf78b5e,2025-04-07 13:32:15.996659,desktop,2,True
d331fd5f6c45a10b,2026-04-25 13:32:15.996659,mobile_web,1,True
3c9b06b37221d7f5,2025-05-23 13:32:15.996659,mobile_app,1,True
c222f2a5bfe9c019,2026-05-22 13:32:15.996659,mobile_web,3,True
af7a2c0f984e9244,2025-07-27 13:32:15.996659,mobile_app,2,True
ae2d8a1583055d10,2025-06-13 13:32:15.996659,mobile_app,2,True
4f52762a7bcac32a,2025-05-23 13:32:15.996659,mobile_app,1,False
bd263d8402ea37ae,2026-03-23 13:32:15.996659,mobile_app,1,True
528b52093fa41244,2025-05-22 13:32:15.996659,mobile_app,2,True
d012a3a9cdbd390e,2026-05-11 13:32:15.996659,mobile_app,2,True
66ad12c4125732d3,2025-11-08 13:32:15.996659,mobile_app,2,False
e614e2279852636f,2025-12-01 13:32:15.996659,mobile_app,1,True
39c1111da7dd0914,2026-02-09 13:32:15.996659,mobile_app,1,True
dcc1e2498a77b888,2026-06-22 13:32:15.996659,desktop,2,True
e7f340d4bb385f1c,2025-07-16 13:32:15.996659,mobile_app,2,True
62fb5c7542bfdd6d,2026-01-31 13:32:15.996659,mobile_web,1,False
7a1ad6b90caab76b,2025-09-04 13:32:15.996659,mobile_app,1,True
c8b6c1c656a0be83,2025-12-28 13:32:15.996659,mobile_app,1,True
23a6e1cdbd1fe3fa,2026-01-13 13:32:15.996659,mobile_app,1,True
cd60aee6e408b39c,2025-05-25 13:32:15.996659,mobile_app,2,True
3e0b404df37c9251,2026-05-21 13:32:15.996659,mobile_app,1,True
06cbf7f22ee40a98,2025-08-01 13:32:15.996659,mobile_app,2,True
d7b44acab557e02f,2025-07-28 13:32:15.996659,mobile_app,2,True
b47f99ebb79372b3,2026-01-11 13:32:15.996659,mobile_app,3,True
e4ffc1f508caa3df,2026-03-05 13:32:15.996659,mobile_app,3,True
e6f36f91287fa2e9,2026-06-30 13:32:15.996659,mobile_app,1,True
b0aff4125baa4cbd,2025-05-02 13:32:15.996659,mobile_app,1,True
560da33fba461f91,2025-04-27 13:32:15.996659,mobile_app,2,True
ff7900af6b76a0a2,2026-03-15 13:32:15.996659,mobile_app,2,False
a7507f914c04db98,2026-06-18 13:32:15.996659,mobile_app,1,False
f09adb36a6ecb3f0,2026-05-08 13:32:15.996659,mobile_app,2,False
613f5f16d139afe5,2026-06-02 13:32:15.996659,mobile_app,1,True
e2ed2e74e48de2dc,2025-06-19 13:32:15.996659,desktop,1,True
035d2c191856dd6c,2025-05-23 13:32:15.996659,mobile_app,2,False
38c36635d498be1b,2026-04-24 13:32:15.996659,mobile_app,2,True
ae031b90ed502364,2025-07-28 13:32:15.996659,mobile_app,2,True
2867c84e741325ff,2026-04-12 13:32:15.996659,desktop,3,False
13921650813bf998,2026-01-16 13:32:15.996659,mobile_web,1,True
3c9ff2b838c765a5,2025-10-03 13:32:15.996659,mobile_web,1,True
cce60e1430efdb53,2025-08-09 13:32:15.996659,desktop,2,True
5923703681f8bc08,2025-05-31 13:32:15.996659,mobile_app,2,True
0b7288bd374b09af,2026-06-12 13:32:15.996659,desktop,2,True
288f31602c58d076,2026-04-04 13:32:15.996659,mobile_app,1,True
a105a3c57d55194f,2026-02-25 13:32:15.996659,mobile_web,3,True
b50d8aea52618b42,2026-02-11 13:32:15.996659,mobile_app,2,True
50cf061f7dcbec76,2025-04-04 13:32:15.996659,mobile_app,2,True
8455c52c915ceae3,2025-07-14 13:32:15.996659,desktop,2,True
664e61c6f90205fc,2026-02-07 13:32:15.996659,mobile_app,3,True
5b9309d447a5f4da,2025-04-16 13:32:15.996659,desktop,2,False
4e8b7df99a3127f8,2025-11-17 13:32:15.996659,mobile_app,3,True
eaa39db93e325f54,2025-11-17 13:32:15.996659,mobile_web,1,False
77f8b4a2bb7e3d4d,2025-12-17 13:32:15.996659,desktop,2,True
9dea9f98ee452f87,2026-04-28 13:32:15.996659,mobile_app,3,True
17b050b1b75d0d1e,2025-05-03 13:32:15.996659,desktop,2,True
2cbd76c9ebc2f7be,2026-06-26 13:32:15.996659,mobile_app,2,True
d54d88c85d9e32b5,2026-04-14 13:32:15.996659,mobile_web,3,True
a6bca5eb0ae8c15b,2026-03-20 13:32:15.996659,mobile_app,1,True
514389ebfa01c6bb,2026-02-25 13:32:15.996659,mobile_app,2,True
49985ad77b3e4e7b,2026-05-04 13:32:15.996659,mobile_web,3,False
e1d0eed48e7c46ef,2026-06-24 13:32:15.996659,mobile_app,3,True
b08b8e4ca7898811,2025-08-28 13:32:15.996659,mobile_app,3,False
140ab99b84bd2d17,2025-04-17 13:32:15.996659,mobile_app,3,True
c53f8e9b27c9160f,2026-05-08 13:32:15.996659,desktop,1,False
a99714578c03c4a8,2026-02-18 13:32:15.996659,mobile_app,3,True
3cda5db478f2444c,2025-11-14 13:32:15.996659,mobile_web,2,True
41d8d381de16d8e7,2025-05-06 13:32:15.996659,desktop,2,True
eccd15a595c2b422,2025-08-21 13:32:15.996659,mobile_app,2,False
b3f59d4e80bbe3fe,2025-07-19 13:32:15.996659,mobile_app,3,True
2affe3fefe729c9a,2025-10-11 13:32:15.996659,mobile_web,2,True
2446cc100188b253,2025-12-25 13:32:15.996659,mobile_app,3,False
17aabeadaff07ffc,2026-04-03 13:32:15.996659,mobile_app,1,True
8224ac0bb930a764,2025-06-04 13:32:15.996659,mobile_web,1,True
e2a37ea76ed3011e,2025-07-02 13:32:15.996659,mobile_app,2,True
f033e55398f38eb8,2026-06-21 13:32:15.996659,mobile_app,1,True
8f0e26e24f433a5c,2025-08-11 13:32:15.996659,mobile_web,2,True
308c2f797418b712,2026-05-25 13:32:15.996659,mobile_app,1,True
4bfd8b19c0ae9882,2025-07-31 13:32:15.996659,mobile_app,2,True
5c0a0ca0efe28879,2025-06-22 13:32:15.996659,mobile_app,1,True
81b344c74ecb84ae,2026-05-04 13:32:15.996659,desktop,1,True
b10bfe05cc22c7f8,2025-12-17 13:32:15.996659,mobile_web,2,False
bbdbf6dc969cf7bc,2026-05-07 13:32:15.996659,mobile_app,2,True
64651d406857fb3c,2025-10-17 13:32:15.996659,mobile_app,1,True
525d8cda6e260b3a,2025-05-06 13:32:15.996659,mobile_app,1,True
579fc3e9ee41ff88,2026-05-27 13:32:15.996659,mobile_app,1,True
82d39910be417612,2026-01-03 13:32:15.996659,mobile_app,2,True
6eb29f3a9d7b7e72,2025-04-16 13:32:15.996659,desktop,1,True
47fe9a17f6f84553,2026-02-16 13:32:15.996659,mobile_app,2,True
690516b888089a11,2026-05-03 13:32:15.996659,mobile_web,2,True
86caf4b4b5efcc78,2025-11-22 13:32:15.996659,mobile_app,2,False
cf264ced574e7b44,2025-11-13 13:32:15.996659,mobile_app,2,True
9c98e337b0d48077,2025-09-04 13:32:15.996659,mobile_app,1,True
7e4e1f9269876643,2026-02-10 13:32:15.996659,mobile_app,3,True
6469d1825100ef7c,2025-04-24 13:32:15.996659,mobile_web,2,True
d315708e1986ad19,2025-11-07 13:32:15.996659,desktop,1,True
bb1ecd46a75fc1e6,2026-02-22 13:32:15.996659,desktop,3,False
59dcc2b7d5e1a376,2025-04-22 13:32:15.996659,mobile_app,2,True
cd13fb538796d381,2025-05-08 13:32:15.996659,mobile_web,2,True
f7ca350064413813,2025-11-17 13:32:15.996659,mobile_app,3,True
9e8dd493470fa685,2026-06-21 13:32:15.996659,desktop,1,True
f3760957038b7d38,2025-10-04 13:32:15.996659,mobile_app,3,False
450b84354c34f394,2025-10-23 13:32:15.996659,mobile_app,2,True
a78c4ae2a05a96ea,2026-04-26 13:32:15.996659,mobile_app,2,True
ae9402389c677c9a,2025-09-17 13:32:15.996659,mobile_app,1,True
56f9fe5ba7b2b2c7,2025-06-15 13:32:15.996659,mobile_app,1,False
b696b74941da058c,2026-05-15 13:32:15.996659,desktop,3,False
3e522357a4bd93e4,2025-08-07 13:32:15.996659,mobile_web,1,True
3ca84d4abcd86d97,2026-04-30 13:32:15.996659,desktop,1,True
47ac4c87165e20cf,2025-07-27 13:32:15.996659,mobile_app,2,True
5f030ba553968e8a,2025-12-24 13:32:15.996659,mobile_app,2,True
eaf13a41e34b74c5,2026-06-30 13:32:15.996659,mobile_app,1,True
73d1469bc232ba83,2025-04-19 13:32:15.996659,mobile_app,3,True
57c53a216405adcd,2026-04-18 13:32:15.996659,mobile_app,2,True
a1fda86a4dfd3a56,2025-10-04 13:32:15.996659,mobile_app,3,True
7a4dc2a6689baede,2026-04-11 13:32:15.996659,mobile_app,1,True
ba078d7f2f4e7680,2025-05-04 13:32:15.996659,mobile_app,1,True
75da4479072614cf,2025-08-01 13:32:15.996659,mobile_app,2,True
8a9cd9ed2a9468ce,2025-07-02 13:32:15.996659,mobile_web,1,True
c3014e515f0c5370,2025-12-18 13:32:15.996659,mobile_app,2,False
be8b1ca239dd472f,2025-12-02 13:32:15.996659,desktop,1,False
21233cb6ec6a2779,2025-09-17 13:32:15.996659,mobile_app,2,True
e7f2550691f2e1d9,2025-07-10 13:32:15.996659,mobile_web,3,True
a1dd16c11ff7d406,2025-06-12 13:32:15.996659,mobile_web,3,True
940c2914d5b1a070,2026-06-24 13:32:15.996659,mobile_web,3,True
0716f2e5a80d5982,2025-09-04 13:32:15.996659,mobile_web,3,True
ab10ff906bc0f2d5,2026-05-14 13:32:15.996659,desktop,2,False
47af7dc9fe51909e,2026-02-21 13:32:15.996659,mobile_web,2,True
ba4112808fb3d088,2025-06-20 13:32:15.996659,mobile_app,3,True
6478085da5f56b47,2026-03-11 13:32:15.996659,mobile_app,3,True
822010cfedd4e673,2025-07-05 13:32:15.996659,mobile_web,3,True
cc5468c316be6fc2,2025-12-04 13:32:15.996659,mobile_app,2,True
5ec3dfe7d0081bbc,2026-03-19 13:32:15.996659,mobile_app,1,True
22f40cfc99434fa7,2026-01-31 13:32:15.996659,mobile_app,3,False
236dbea6a2dc66b4,2025-11-03 13:32:15.996659,mobile_app,3,True
82fcc5a0cf013e9d,2025-07-19 13:32:15.996659,mobile_app,2,True
5c48249874062404,2025-09-30 13:32:15.996659,mobile_web,3,True
74ad78f95eea38c7,2025-05-04 13:32:15.996659,mobile_web,2,True
90481e93eb57d151,2025-06-03 13:32:15.996659,mobile_web,3,True
fff4f8ad3529bff9,2025-07-25 13:32:15.996659,mobile_app,1,True
fa4506882e9af30a,2025-10-01 13:32:15.996659,mobile_app,3,True
316f6bf49d82db85,2026-02-21 13:32:15.996659,mobile_app,1,False
56558e2b8736bd7e,2025-12-27 13:32:15.996659,mobile_app,2,True
6c2b7d67f90d2015,2026-05-09 13:32:15.996659,mobile_web,1,False
8232d80a0c6888c2,2026-01-13 13:32:15.996659,mobile_app,2,True
5afec12ca019c755,2025-05-07 13:32:15.996659,desktop,1,False
1cfb8cf16c09f050,2025-12-21 13:32:15.996659,mobile_app,3,True
6b953ed078d03ed3,2026-05-12 13:32:15.996659,mobile_web,2,True
ee5653537d22d185,2025-09-09 13:32:15.996659,mobile_app,3,True
4e1f028037e6805b,2025-04-21 13:32:15.996659,mobile_app,1,True
275f1653996f3f9e,2025-06-03 13:32:15.996659,mobile_web,1,True
ec3c9982649b8573,2026-02-28 13:32:15.996659,mobile_app,2,True
baf8834eba5ce8ee,2025-12-08 13:32:15.996659,mobile_web,2,True
90e67f505726682f,2025-11-03 13:32:15.996659,mobile_app,2,True
a269835ce254c31e,2026-03-12 13:32:15.996659,mobile_app,3,True
a118de02ec2b7936,2026-03-02 13:32:15.996659,mobile_app,3,True
d02335742c0a5150,2026-03-17 13:32:15.996659,mobile_web,2,True
b7c80f504622f5d5,2025-04-06 13:32:15.996659,mobile_app,3,True
0cddf553261fa28c,2025-07-28 13:32:15.996659,desktop,2,True
220dfd69d97174a0,2025-06-15 13:32:15.996659,mobile_web,2,False
a7229edb00265773,2025-06-26 13:32:15.996659,mobile_web,2,True
5492afb71432e1e7,2025-04-22 13:32:15.996659,mobile_app,1,True
c18e1f6b74fcc313,2026-05-16 13:32:15.996659,mobile_web,1,True
77afd0946c12764e,2025-05-27 13:32:15.996659,desktop,2,True
e9fca821ad7d96cd,2026-06-02 13:32:15.996659,mobile_app,2,True
96809affe19dcd26,2025-11-28 13:32:15.996659,mobile_app,2,True
45d9f149ec8c8689,2025-10-05 13:32:15.996659,mobile_app,2,True
9f42861c61a4436f,2026-01-21 13:32:15.996659,mobile_app,1,False
de94469b4bc5d54c,2026-04-27 13:32:15.996659,mobile_web,1,True
2f47537cf7276a82,2026-04-06 13:32:15.996659,mobile_app,3,True
46e87c29b680c795,2025-06-22 13:32:15.996659,mobile_app,2,True
3b4898ca0b7cea01,2026-02-07 13:32:15.996659,mobile_app,1,True
8e824821d15b3d75,2026-02-11 13:32:15.996659,mobile_app,2,True
301d129e49638a77,2025-05-08 13:32:15.996659,mobile_app,2,True
f55a5860cf8c7f32,2026-04-28 13:32:15.996659,desktop,2,True
5d89ab51d65d1f0d,2025-05-12 13:32:15.996659,mobile_web,3,True
1fd34587750a114f,2025-05-09 13:32:15.996659,mobile_app,2,True
bcd94d203d9571e3,2025-10-03 13:32:15.996659,mobile_web,2,True
c677176833d7c86e,2026-04-18 13:32:15.996659,mobile_app,2,True
f456d4470844a394,2026-04-23 13:32:15.996659,mobile_app,2,True
0e56b5cc7eaf80a1,2026-02-23 13:32:15.996659,mobile_app,2,True
6ef4d18333b3bcca,2025-10-13 13:32:15.996659,desktop,1,True
ed8212c7793e31ed,2026-04-24 13:32:15.996659,mobile_web,3,True
a7288a871d1e60e4,2025-12-07 13:32:15.996659,mobile_web,2,False
5adfb5610f03aa7c,2026-05-11 13:32:15.996659,mobile_app,2,True
645028005d4181ac,2025-10-30 13:32:15.996659,mobile_app,1,True
4a2c2450990d72ec,2026-06-23 13:32:15.996659,mobile_web,3,False
441877b32ba459f7,2025-08-14 13:32:15.996659,mobile_app,1,False
8223919ef0831885,2026-06-07 13:32:15.996659,desktop,2,True
1dc3e793cd30dcc5,2026-04-05 13:32:15.996659,mobile_web,3,True
dc3c5f9b40188308,2026-04-14 13:32:15.996659,mobile_app,2,True
607b5204bac45678,2025-06-19 13:32:15.996659,mobile_web,3,False
c713066300807c25,2026-06-08 13:32:15.996659,desktop,1,True
44383d75ad64ec7e,2025-12-19 13:32:15.996659,mobile_app,2,True
d73d285c37edc1d2,2025-10-07 13:32:15.996659,mobile_web,3,True
b0d4a100788ece4b,2025-11-10 13:32:15.996659,desktop,2,False
cdbc275c6ad3e131,2025-08-27 13:32:15.996659,mobile_app,2,True
932737c0fd1ea05d,2025-07-02 13:32:15.996659,desktop,2,True
43b116219d307a0c,2026-01-04 13:32:15.996659,mobile_app,2,False
dd644f8b61291994,2025-06-21 13:32:15.996659,mobile_web,3,True
63b63d779d9eb1d6,2026-02-08 13:32:15.996659,mobile_web,2,True
8e5646f499947713,2025-04-11 13:32:15.996659,mobile_web,3,True
2fe595784e675f8f,2025-11-15 13:32:15.996659,mobile_app,2,True
9946278ca1c652ae,2025-08-02 13:32:15.996659,mobile_web,2,True
84acb12c3df67d5d,2025-05-30 13:32:15.996659,mobile_app,2,True
5e4115602255b03f,2025-07-07 13:32:15.996659,mobile_app,2,True
d19192b3b4225ef2,2025-06-10 13:32:15.996659,mobile_app,3,True
377865d7f11390de,2025-10-31 13:32:15.996659,mobile_app,2,True
03bf3371ef60d26f,2026-06-13 13:32:15.996659,mobile_app,1,False
1a604242d16ee0c6,2025-11-20 13:32:15.996659,mobile_app,2,True
a72c75c98d440cba,2026-04-11 13:32:15.996659,desktop,2,False
6007f2c8b0f1544b,2025-05-24 13:32:15.996659,mobile_app,3,True
53e3baf3fda02819,2026-03-17 13:32:15.996659,mobile_app,1,True
deb5e252b416cf8d,2026-03-21 13:32:15.996659,mobile_app,1,True
b205a6625e384c47,2026-03-11 13:32:15.996659,mobile_app,2,False
7635b42aa797509a,2025-09-13 13:32:15.996659,mobile_web,1,True
7c7846e2b9cff289,2025-10-16 13:32:15.996659,mobile_app,3,True
66d3be29e2b15ba6,2025-04-27 13:32:15.996659,mobile_app,2,True
33ac0fac2bfb7c19,2025-12-25 13:32:15.996659,desktop,2,True
5ae05f506a65d4e7,2026-02-24 13:32:15.996659,mobile_web,1,True
31cab318ebda8aec,2026-06-10 13:32:15.996659,mobile_web,2,True
040d0aa177b10c09,2026-06-29 13:32:15.996659,desktop,3,True
676dcacfc9940449,2026-01-14 13:32:15.996659,desktop,2,False
abe5a046ac7c2468,2025-05-07 13:32:15.996659,mobile_app,1,True
a881249736f27b9d,2025-11-06 13:32:15.996659,mobile_web,1,True
6b2b6268765f4647,2025-05-22 13:32:15.996659,mobile_web,3,True
138f202f1d242f38,2026-05-17 13:32:15.996659,mobile_app,3,False
49cb4a372abe9fed,2026-05-21 13:32:15.996659,mobile_app,1,True
c4c1977da317af25,2025-06-18 13:32:15.996659,mobile_app,2,True
f0b0bb400c58bdd3,2026-05-15 13:32:15.996659,mobile_web,1,True
fa32f093e61f1669,2026-06-09 13:32:15.996659,mobile_web,2,True
ee12e7d42662036c,2025-12-31 13:32:15.996659,mobile_web,1,True
f02bef3fa36999e4,2025-05-08 13:32:15.996659,mobile_app,3,True
5a9366f1da8d5f37,2025-08-23 13:32:15.996659,mobile_app,3,True
ded7a79bee061eac,2026-05-18 13:32:15.996659,mobile_app,1,True
8bd4e74da25ed14c,2025-06-17 13:32:15.996659,mobile_app,2,False
37c0109c2d6a867f,2025-06-14 13:32:15.996659,desktop,1,False
4424c5463ad89a84,2025-07-03 13:32:15.996659,desktop,2,True
549e1a7d6f7dc93b,2025-05-18 13:32:15.996659,desktop,1,True
4f9ed42f64a60b17,2026-03-15 13:32:15.996659,desktop,1,True
6d0d20fe4902c26c,2025-04-13 13:32:15.996659,desktop,3,True
fbe8b00fc15f8316,2026-02-07 13:32:15.996659,mobile_app,1,True
5d467ca1f884e0fd,2025-07-03 13:32:15.996659,mobile_app,3,True
5cd6b0897bc01274,2025-10-12 13:32:15.996659,mobile_app,1,True
827c47d0e103485b,2025-07-13 13:32:15.996659,mobile_app,2,True
2c7ed2b3e4da8c25,2025-09-20 13:32:15.996659,mobile_app,2,True
d9f1390fe32f0bde,2025-09-13 13:32:15.996659,mobile_app,3,True
36aeaa01e4047807,2025-09-25 13:32:15.996659,desktop,1,True
337084523813a1a4,2025-07-13 13:32:15.996659,mobile_app,1,True
ae0936086b0de21e,2025-07-31 13:32:15.996659,desktop,2,True
f615e492492c811a,2026-05-02 13:32:15.996659,mobile_web,2,True
c53cad740f9ec2e0,2025-06-22 13:32:15.996659,mobile_web,2,True
34a1f2c3cc814e85,2025-11-01 13:32:15.996659,mobile_web,1,True
e045b19b3be810d9,2026-02-05 13:32:15.996659,mobile_app,1,False
75861d7578a2c096,2025-11-11 13:32:15.996659,mobile_web,3,True
35b1a16c44571996,2025-04-19 13:32:15.996659,mobile_app,2,False
f33a09d4d643ca76,2025-06-07 13:32:15.996659,desktop,2,True
84a874eeff26ecdc,2025-06-18 13:32:15.996659,mobile_app,1,True
dadbad9ef1016ed2,2025-12-04 13:32:15.996659,mobile_app,1,True
6b278561f6f67c4b,2025-07-11 13:32:15.996659,mobile_web,3,True
0d0ca1881dd2f6ad,2026-01-08 13:32:15.996659,mobile_web,2,True
1f3b6c3b8d940d15,2025-08-24 13:32:15.996659,mobile_app,1,True
83a76ea5c28400c7,2025-09-14 13:32:15.996659,mobile_web,3,False
08dc2a9b2049621b,2026-03-11 13:32:15.996659,mobile_app,2,True
98da80229b797632,2026-03-03 13:32:15.996659,mobile_web,2,False
8cc4eaad2f400d28,2026-06-05 13:32:15.996659,mobile_app,2,True
6b9ae1b44749d52e,2026-04-30 13:32:15.996659,mobile_app,2,True
74fb351890f88249,2025-12-17 13:32:15.996659,mobile_app,2,True
73fc471d68c87ae0,2025-11-27 13:32:15.996659,mobile_app,2,True
3bbdcf37e3c6e054,2026-04-18 13:32:15.996659,mobile_app,2,True
adec38b8445ad68c,2025-12-25 13:32:15.996659,mobile_app,1,False
e5472c1e0f7110ef,2025-10-01 13:32:15.996659,mobile_app,3,False
039f133e8575a116,2026-03-19 13:32:15.996659,mobile_app,2,True
8026972cb495eb07,2026-01-30 13:32:15.996659,mobile_app,2,True
d990de023c56551b,2026-01-16 13:32:15.996659,mobile_app,2,True
8a27c86d413d3b67,2025-11-15 13:32:15.996659,mobile_web,2,True
a5bfab266052fc04,2026-01-17 13:32:15.996659,desktop,2,True
b468798a15218e95,2025-08-01 13:32:15.996659,mobile_app,2,True
43294925d4572cb5,2026-02-03 13:32:15.996659,desktop,3,True
a6dc98740aafdb95,2025-12-17 13:32:15.996659,mobile_app,3,True
08d4da80bbb6fa1e,2026-01-11 13:32:15.996659,mobile_app,3,True
4f5e43e423653554,2026-04-10 13:32:15.996659,mobile_web,1,True
534968032fecc2cf,2025-08-24 13:32:15.996659,mobile_web,2,False
af31c1ad2c737a31,2026-03-17 13:32:15.996659,mobile_web,2,True
e658a0b68b87ea4c,2026-02-17 13:32:15.996659,mobile_app,1,True
3da4ab5e47b4ffe5,2025-07-07 13:32:15.996659,mobile_web,2,True
47222da28bfcbd51,2025-04-27 13:32:15.996659,mobile_app,2,False
9e3b6d25dfab4a19,2025-08-31 13:32:15.996659,mobile_app,1,True
3922525b4603bd13,2025-05-12 13:32:15.996659,mobile_app,1,True
8fe262ddc3275933,2025-06-09 13:32:15.996659,desktop,1,True
a831505c744c2b79,2025-11-26 13:32:15.996659,mobile_app,2,True
c1b2c7cb4ac0ca83,2025-07-17 13:32:15.996659,mobile_web,2,True
e9d245edd621e2c5,2026-02-03 13:32:15.996659,mobile_web,2,True
d53da14171a29b48,2025-12-05 13:32:15.996659,mobile_web,1,False
46d4083be931db94,2025-11-01 13:32:15.996659,mobile_web,1,True
23d1db06f184cce7,2025-04-21 13:32:15.996659,desktop,3,True
bf111b183dd3ce6a,2025-06-11 13:32:15.996659,mobile_app,1,True
2dd176095fe62304,2025-11-22 13:32:15.996659,mobile_app,2,True
43bade6ff80985e6,2025-09-09 13:32:15.996659,mobile_app,2,True
b85c53c334eea80d,2026-04-01 13:32:15.996659,mobile_app,2,True
1139f65329777235,2025-07-02 13:32:15.996659,mobile_app,3,True
7ea90f13f887c49c,2025-10-24 13:32:15.996659,mobile_app,2,False
a1aa3c2e9b23eb81,2025-11-02 13:32:15.996659,mobile_app,3,False
39a998d3a45544e3,2025-07-19 13:32:15.996659,mobile_app,3,True
608e700c7e2f225a,2025-09-18 13:32:15.996659,mobile_app,1,True
4478623da9c283d8,2026-05-31 13:32:15.996659,desktop,1,False
eedb348a938d1ba9,2026-02-21 13:32:15.996659,mobile_app,2,True
7ff7962d61b6a275,2026-04-13 13:32:15.996659,desktop,2,True
81a1f98ad19fbf7d,2025-08-02 13:32:15.996659,desktop,2,True
20d2c5ad484b1a53,2026-06-17 13:32:15.996659,mobile_app,1,False
afdba43bc58b22a9,2026-04-01 13:32:15.996659,mobile_web,1,True
922f1c7cfa78c83d,2025-10-04 13:32:15.996659,mobile_web,2,True
9ae1261ef1c92bf0,2025-08-20 13:32:15.996659,mobile_web,2,True
a2824b0d73cfc4ee,2025-11-15 13:32:15.996659,mobile_app,2,True
3daacdadc88a375f,2025-06-06 13:32:15.996659,mobile_app,3,True
d0ed511e28e27d9d,2025-05-10 13:32:15.996659,mobile_app,1,True
fda716bf09ed9b85,2026-05-03 13:32:15.996659,mobile_web,2,True
ed260b327d88a932,2025-04-25 13:32:15.996659,desktop,3,False
33cd36bcf47804fc,2025-09-26 13:32:15.996659,mobile_web,2,True
7f9d3147eda1c992,2025-09-16 13:32:15.996659,mobile_web,2,False
9c5741c153300045,2026-05-20 13:32:15.996659,desktop,2,True
909bbb4fc90df7db,2025-09-23 13:32:15.996659,mobile_web,1,True
5d7e7aa0af5f2fff,2025-08-06 13:32:15.996659,mobile_app,3,True
190e1dbc45458277,2025-10-11 13:32:15.996659,desktop,2,True
5afe011c77c13ced,2026-05-25 13:32:15.996659,mobile_app,2,True
97e1282841302b67,2025-11-06 13:32:15.996659,mobile_app,2,True
c35bba0a8041ceac,2025-05-03 13:32:15.996659,mobile_app,2,False
9642b8b808b56e47,2025-08-07 13:32:15.996659,desktop,1,True
8a7f751e98f5b7da,2026-05-01 13:32:15.996659,mobile_app,2,False
721e6d09480fefcc,2025-04-22 13:32:15.996659,mobile_app,2,True
bbb52d18b695921a,2025-04-22 13:32:15.996659,mobile_app,1,True
9eb4fa6f2a39cb67,2026-04-16 13:32:15.996659,mobile_app,2,True
63a43ded06d2fa34,2025-07-03 13:32:15.996659,mobile_app,3,True
f916ed51de4f6e9d,2025-12-29 13:32:15.996659,mobile_web,2,True
43bb0babd3010707,2025-10-05 13:32:15.996659,desktop,2,True
a25bc633e1b13ea2,2025-12-12 13:32:15.996659,mobile_app,2,True
bef27d73132d5ab1,2025-07-11 13:32:15.996659,mobile_app,3,True
cb58a8a889a51945,2025-04-05 13:32:15.996659,mobile_app,2,True
e7257ba2a739b5e4,2025-07-06 13:32:15.996659,mobile_app,3,False
6a05a6f224d98ea2,2025-05-05 13:32:15.996659,mobile_app,1,True
9e2a6608c1bb2384,2025-04-28 13:32:15.996659,mobile_web,3,True
b06b2ac8af0e69d2,2026-05-23 13:32:15.996659,mobile_web,3,True
9d7cd1fb1943c915,2026-03-09 13:32:15.996659,mobile_app,2,True
472f1b1d0f96a742,2025-08-08 13:32:15.996659,mobile_app,2,False
b1e4a1d3976911ad,2025-10-07 13:32:15.996659,mobile_app,1,False
66615b7031e36249,2026-06-10 13:32:15.996659,mobile_app,2,True
a24e1376891b0b54,2026-05-20 13:32:15.996659,desktop,1,True
ab504e4cfc0025f5,2025-11-08 13:32:15.996659,mobile_web,1,False
f8ae7adaca734def,2025-09-25 13:32:15.996659,desktop,3,True
4635f3cb7ec40061,2026-04-17 13:32:15.996659,desktop,1,True
64445594029cd33e,2026-04-16 13:32:15.996659,mobile_web,2,True
bd4bf75cb3843002,2026-05-05 13:32:15.996659,desktop,2,True
4e7bf14496f2cab3,2025-10-18 13:32:15.996659,mobile_app,2,True
854057c512b6bf8f,2026-06-29 13:32:15.996659,mobile_app,2,True
4d6bd09e71a5b132,2025-10-15 13:32:15.996659,mobile_app,2,False
b9738fbaaf3020e6,2025-11-28 13:32:15.996659,mobile_app,2,True
7cd08b16a045d193,2025-12-02 13:32:15.996659,mobile_app,3,False
cdf696f522a9c2c0,2025-08-27 13:32:15.996659,mobile_app,2,True
4ba497bbbabc896c,2025-11-07 13:32:15.996659,mobile_web,3,True
c0e3cb2e165520e1,2025-08-05 13:32:15.996659,mobile_web,2,True
4383b1e4387fa1bf,2025-07-20 13:32:15.996659,mobile_app,2,True
8b837bde91360ec9,2025-05-10 13:32:15.996659,mobile_app,1,False
5b6ea01fa01f03cb,2025-07-04 13:32:15.996659,mobile_web,1,True
064b63f882c6a6bb,2025-11-09 13:32:15.996659,mobile_app,3,False
924d6d098ec69c84,2025-11-21 13:32:15.996659,mobile_app,2,True
713c94c89a489352,2026-03-17 13:32:15.996659,mobile_app,2,True
500e1236ed870d37,2025-10-03 13:32:15.996659,mobile_app,3,True
fd4b7ac7b65106e0,2026-04-30 13:32:15.996659,mobile_app,2,True
641fb25aee311ff6,2025-05-05 13:32:15.996659,mobile_web,2,True
6867ee8fd5d3fa75,2025-06-13 13:32:15.996659,mobile_web,2,True
40132a21fdf19cb9,2026-05-09 13:32:15.996659,mobile_web,3,True
d96e1ac6910f80ed,2025-07-10 13:32:15.996659,mobile_app,1,True
98424f4765b30305,2026-05-10 13:32:15.996659,mobile_web,1,True
2e3ec871d3b3c0c8,2025-08-08 13:32:15.996659,mobile_web,2,True
fbf49f5d1e398bb2,2026-05-24 13:32:15.996659,mobile_app,1,True
182f8c3db6077ef8,2025-11-22 13:32:15.996659,mobile_web,3,True
e81ab906ecf4348a,2025-09-06 13:32:15.996659,mobile_app,2,True
4f17440ae4c50dab,2025-08-05 13:32:15.996659,mobile_app,1,True
6e7491aca96abbf8,2025-12-24 13:32:15.996659,mobile_app,1,True
bb8f5bc9db21a76c,2025-05-09 13:32:15.996659,mobile_app,3,True
0b19837c286b7131,2025-07-15 13:32:15.996659,mobile_app,2,True
f695f18fbee1c216,2026-03-30 13:32:15.996659,mobile_app,3,True
84fc3ee3fed7bfab,2025-08-31 13:32:15.996659,mobile_app,1,True
9a922c08add7ae94,2025-08-04 13:32:15.996659,desktop,3,True
efa15674dfa683d9,2026-02-01 13:32:15.996659,mobile_app,2,True
0b73d1ed714f85bf,2025-08-01 13:32:15.996659,mobile_app,2,True
ce6bd34b347350a0,2025-05-20 13:32:15.996659,mobile_app,2,True
d7e21ccd7c6f381c,2025-06-26 13:32:15.996659,desktop,1,True
3b7dd32af44305cd,2025-07-21 13:32:15.996659,mobile_app,3,True
384dcdeeb9a52773,2025-09-17 13:32:15.996659,desktop,3,False
dbdaa3209656af48,2026-03-01 13:32:15.996659,mobile_app,2,True
2aedf887f8a98916,2025-07-06 13:32:15.996659,mobile_app,3,True
b2485949baf190bf,2026-01-18 13:32:15.996659,mobile_app,1,False
a421f95e4a97ad74,2025-11-02 13:32:15.996659,mobile_app,1,False
ca92d53a8d4ac532,2026-02-09 13:32:15.996659,mobile_web,1,True
b8c7681c55ff6c83,2026-02-10 13:32:15.996659,desktop,2,False
4c97d9c2f53ed1ac,2026-04-22 13:32:15.996659,mobile_app,1,True
56e4371453a14893,2025-04-21 13:32:15.996659,desktop,2,True
3d55d75fe38e1cf6,2026-04-26 13:32:15.996659,mobile_app,1,True
97c75dc87da553af,2026-05-24 13:32:15.996659,mobile_app,2,True
58a0d7542d8933f3,2025-05-03 13:32:15.996659,mobile_app,3,True
c133b2b0ba14a53e,2025-10-23 13:32:15.996659,mobile_app,2,True
82e7962c1ed8fb66,2025-12-15 13:32:15.996659,mobile_web,1,True
6c231e4511db9f6a,2025-08-01 13:32:15.996659,mobile_app,2,True
aa648f413b56bf3b,2026-01-09 13:32:15.996659,mobile_app,1,True
876cef266083d318,2026-05-05 13:32:15.996659,mobile_app,2,True
74b55f1dc64c9de8,2025-08-04 13:32:15.996659,mobile_app,2,False
96f199e11ede48fa,2026-04-13 13:32:15.996659,mobile_app,2,True
a35f70dc4ef6837c,2025-10-24 13:32:15.996659,mobile_web,1,True
443a75bc7081e194,2025-04-27 13:32:15.996659,mobile_app,3,True
8158b140aed624d2,2025-05-03 13:32:15.996659,mobile_app,3,True
b947ae7c38ad1536,2026-01-19 13:32:15.996659,mobile_app,2,True
e2ea9c25f5b55a7f,2025-07-12 13:32:15.996659,mobile_app,3,True
2665c05c4afd9293,2025-09-27 13:32:15.996659,mobile_app,3,True
935fe85b7308ebee,2025-11-26 13:32:15.996659,mobile_web,1,True
7623b7afea6103a4,2026-04-30 13:32:15.996659,desktop,2,True
77a218a81c3d65f4,2026-01-12 13:32:15.996659,mobile_app,2,True
fe979a27d93c5921,2025-09-09 13:32:15.996659,desktop,2,True
18182d98f899b4a9,2025-04-10 13:32:15.996659,mobile_app,1,True
35b22b021cbfe411,2026-06-30 13:32:15.996659,mobile_web,3,False
d0ac8e6b3afa2d73,2025-08-10 13:32:15.996659,mobile_web,2,True
1c646886102dee95,2025-06-12 13:32:15.996659,mobile_web,1,True
8770cce0e465b0b8,2025-04-26 13:32:15.996659,mobile_web,2,False
394b02344418abda,2025-12-22 13:32:15.996659,mobile_app,2,True
d54d121913a1581c,2026-05-10 13:32:15.996659,mobile_app,2,False
3caa4530b8e7d9a2,2026-03-01 13:32:15.996659,mobile_app,3,True
d704df2eddd036f3,2025-06-11 13:32:15.996659,mobile_app,2,True
b8fa5de559f577c7,2025-05-29 13:32:15.996659,mobile_web,2,True
c4786fd7c1ca2b03,2025-09-16 13:32:15.996659,mobile_app,2,True
4a28b2b384b01ecf,2026-05-08 13:32:15.996659,mobile_app,2,False
a6aff8cfb6b1f231,2026-05-08 13:32:15.996659,mobile_app,2,True
ded412cb59186ebc,2025-11-27 13:32:15.996659,mobile_app,1,False
51c4237befedf44d,2025-10-08 13:32:15.996659,mobile_web,1,True
d1f35c01983b0c9d,2026-06-18 13:32:15.996659,mobile_web,2,False
fdd42f282e34f2fe,2025-08-24 13:32:15.996659,mobile_app,3,False
429bb807c488f4b5,2025-10-28 13:32:15.996659,mobile_app,2,True
c6d37d2378f14158,2026-06-27 13:32:15.996659,mobile_app,1,False
3b110c924ae4ac79,2026-05-20 13:32:15.996659,mobile_app,2,True
82c2b7683c65558b,2025-12-08 13:32:15.996659,mobile_web,3,True
ff6bf204beaf289a,2025-08-08 13:32:15.996659,mobile_app,2,True
6c8e7e02bc73a7e6,2025-06-22 13:32:15.996659,mobile_app,1,True
8e30abc0df47fba9,2025-12-18 13:32:15.996659,mobile_app,2,True
fd8b7a2b8ab66589,2026-02-18 13:32:15.996659,desktop,2,True
2f674cdf384aa105,2025-04-18 13:32:15.996659,mobile_web,2,True
87af68db34b1f1ae,2025-12-06 13:32:15.996659,mobile_app,1,True
8867ccec61c23947,2026-02-09 13:32:15.996659,mobile_app,1,True
b9fa250bc30a549a,2025-12-13 13:32:15.996659,mobile_app,2,True
14e41e7fe81193f7,2026-06-27 13:32:15.996659,desktop,2,True
a3713fa88f0e5feb,2026-02-15 13:32:15.996659,mobile_app,2,False
306a74a99e8e30af,2025-11-10 13:32:15.996659,mobile_app,1,False
8d7e8240febcc20d,2025-05-11 13:32:15.996659,desktop,2,False
05912c74732b4b1c,2025-08-01 13:32:15.996659,mobile_web,2,True
0ec3b1891fe7dec8,2025-07-12 13:32:15.996659,mobile_app,1,True
3b60e6580f66bd6c,2025-10-28 13:32:15.996659,mobile_app,2,False
f3644d0ea71d36c3,2026-05-13 13:32:15.996659,mobile_app,2,True
524f0733dd46f768,2026-01-06 13:32:15.996659,mobile_app,2,True
0500c1dc4a64eeeb,2025-04-05 13:32:15.996659,mobile_app,3,True
d0906b84bbf2809f,2026-06-12 13:32:15.996659,desktop,3,True
14c7390bc4adadd0,2025-05-28 13:32:15.996659,desktop,2,True
75852ae9f54c489a,2025-08-25 13:32:15.996659,mobile_app,1,True
dfcef9e102df1f33,2026-02-23 13:32:15.996659,mobile_web,2,True
75bb2170970781f0,2025-07-14 13:32:15.996659,mobile_app,1,True
b7eac51e0a6cfbf3,2025-06-17 13:32:15.996659,mobile_app,2,True
7ea6e64cdd2b2618,2026-06-13 13:32:15.996659,mobile_web,3,True
76b665a0014b13db,2026-05-15 13:32:15.996659,mobile_app,3,True
0f12b6f8ab646860,2025-09-03 13:32:15.996659,mobile_app,2,True
bf24c25989c4def8,2025-04-04 13:32:15.996659,mobile_app,2,True
455a7e5866303498,2026-06-22 13:32:15.996659,mobile_app,1,True
46a4937ef1bd6c9c,2025-09-03 13:32:15.996659,mobile_app,2,True
4dc358c55eae18a9,2026-05-01 13:32:15.996659,mobile_web,1,True
6822f637b767983c,2025-09-10 13:32:15.996659,mobile_web,3,False
d8f5975857859c06,2025-09-22 13:32:15.996659,mobile_web,3,True
d41dca1413987176,2026-05-22 13:32:15.996659,mobile_web,1,True
66a5a87d5f62012d,2025-08-27 13:32:15.996659,mobile_app,2,False
f6be9cb40a134c8d,2025-05-20 13:32:15.996659,mobile_web,2,True
c354936546e0a7d5,2025-06-05 13:32:15.996659,mobile_app,3,True
a089c87352d005a8,2026-06-19 13:32:15.996659,mobile_app,2,True
f4dfbac001931a79,2026-03-13 13:32:15.996659,desktop,1,True
e4a362dd58c23cf5,2026-03-15 13:32:15.996659,mobile_app,2,True
509a7ce0443220e8,2025-12-08 13:32:15.996659,mobile_app,1,True
ea806c7f33d2026d,2026-04-28 13:32:15.996659,mobile_app,2,True
ca338db5908814a8,2025-06-09 13:32:15.996659,mobile_app,1,True
e3497247d343fb64,2025-07-14 13:32:15.996659,mobile_app,2,True
04b661cf29f12299,2025-06-30 13:32:15.996659,mobile_app,3,True
163d2616101cc440,2026-04-03 13:32:15.996659,desktop,1,False
e6dcb4060604c5a4,2026-06-26 13:32:15.996659,mobile_app,2,True
af13fa8e5168e1a2,2025-05-14 13:32:15.996659,mobile_app,2,True
521b61badb4d6c6f,2026-02-21 13:32:15.996659,mobile_app,1,True
09354e4c59d74413,2025-09-07 13:32:15.996659,mobile_web,2,True
5b32e19158e75c65,2025-05-15 13:32:15.996659,mobile_app,2,True
835f36d0d2167b8e,2026-06-16 13:32:15.996659,mobile_app,2,True
f15d50ee069fded6,2026-06-30 13:32:15.996659,mobile_app,3,True
57700cd46f16c9fa,2026-06-30 13:32:15.996659,mobile_web,2,False
eb332704cd3cf5ea,2026-04-22 13:32:15.996659,mobile_web,2,False
a761b5f4f5e09b07,2026-06-09 13:32:15.996659,mobile_app,1,True
b3af9b04d38f36bb,2025-06-24 13:32:15.996659,mobile_web,1,True
c22d2bd51381bfbe,2025-09-30 13:32:15.996659,mobile_app,1,True
cea8c93cede3505c,2025-04-13 13:32:15.996659,mobile_app,3,True
dd4cbb65b094049e,2025-07-03 13:32:15.996659,mobile_app,3,False
6deaf12c4f9614cc,2025-04-20 13:32:15.996659,mobile_app,3,True
605eeea08adbc7ce,2026-03-16 13:32:15.996659,mobile_app,1,True
72258e7d6757ca5d,2026-02-22 13:32:15.996659,mobile_app,2,False
bb60431b9ec87e66,2025-06-11 13:32:15.996659,mobile_app,2,True
1affbf7f40e4ec99,2026-03-13 13:32:15.996659,mobile_app,2,True
c515d43ee4c2df02,2026-06-06 13:32:15.996659,mobile_app,1,True
fd16a3b2b9febc43,2025-09-01 13:32:15.996659,mobile_web,3,True
167c86cbb94a90c1,2025-07-03 13:32:15.996659,mobile_web,1,True
f3542f3d1f710d24,2025-04-18 13:32:15.996659,mobile_app,1,True
d61284526fe01550,2025-05-06 13:32:15.996659,mobile_app,3,True
707e9a16ca344969,2026-05-09 13:32:15.996659,mobile_app,2,True
7cb0c79dde2213de,2025-07-16 13:32:15.996659,mobile_app,2,False
04f1ca02940da16f,2025-06-13 13:32:15.996659,mobile_app,2,True
048e0f0c2f2398a1,2025-08-19 13:32:15.996659,mobile_app,3,True
81da37ded3edb892,2025-06-24 13:32:15.996659,mobile_web,1,True
ed6e61c3fee74a27,2025-06-16 13:32:15.996659,mobile_web,2,True
8ed8edb0fb7e05d5,2025-12-11 13:32:15.996659,mobile_app,2,True
5391e8125e913dc9,2026-06-14 13:32:15.996659,mobile_app,1,True
6fb9b5acbb2ce393,2025-12-07 13:32:15.996659,desktop,2,True
dbec9b38eff57036,2026-04-02 13:32:15.996659,mobile_app,2,True
866507cd5fa36dbc,2026-05-12 13:32:15.996659,desktop,1,True
08a64768ee97e566,2026-05-07 13:32:15.996659,mobile_app,2,True
54617a4a1a6faa73,2025-08-19 13:32:15.996659,mobile_app,2,False
9974bf5ceb0dac6a,2025-11-15 13:32:15.996659,mobile_app,2,False
bd7cf745e3d3f032,2025-10-30 13:32:15.996659,mobile_app,2,True
c3c3d04702346e7b,2025-07-28 13:32:15.996659,desktop,3,True
29d4d44cdc82ffe4,2025-10-26 13:32:15.996659,mobile_app,2,True
0f5c1ffb99098d2d,2025-09-19 13:32:15.996659,desktop,2,False
552b8ba356a13739,2026-05-24 13:32:15.996659,mobile_app,2,True
b2a6c58c24c06035,2025-06-10 13:32:15.996659,desktop,2,True
c6340a7ab0dfaf81,2025-12-10 13:32:15.996659,desktop,1,True
938c2c27526df1d1,2026-04-23 13:32:15.996659,mobile_app,2,True
990f918d4a16515d,2025-06-27 13:32:15.996659,mobile_app,1,True
99516e7165129d63,2025-08-02 13:32:15.996659,mobile_web,2,True
4ad9165cec00834b,2026-06-08 13:32:15.996659,mobile_app,3,True
c7464ee8d0d0428c,2026-04-06 13:32:15.996659,desktop,2,False
73c4aaf9b991e923,2026-06-25 13:32:15.996659,mobile_app,2,True
43a659c679c23bb0,2026-03-01 13:32:15.996659,mobile_app,2,False
33abcf384d477dcf,2026-05-18 13:32:15.996659,mobile_app,2,True
b5ce97711dd8557a,2025-08-13 13:32:15.996659,mobile_web,2,False
82cda38e4ac87fa0,2025-11-07 13:32:15.996659,desktop,2,True
a7330d3885e31960,2025-04-13 13:32:15.996659,mobile_app,2,True
3d3d7d0f5d46a187,2025-07-27 13:32:15.996659,mobile_web,1,True
cf1861c99fe7268c,2025-09-27 13:32:15.996659,desktop,2,False
7d571e58ad662d15,2025-11-13 13:32:15.996659,mobile_app,2,True
5e12fad8ae7c6eda,2026-06-08 13:32:15.996659,mobile_app,2,True
5196fa588df7b5dd,2026-06-01 13:32:15.996659,mobile_web,3,True
b8618384937181b3,2025-09-25 13:32:15.996659,mobile_web,2,True
82edd4b6060e8a81,2026-07-01 13:32:15.996659,mobile_app,2,True
11025ce492ea3d1d,2026-06-13 13:32:15.996659,mobile_web,1,True
0a0b51429ec7afda,2026-03-25 13:32:15.996659,mobile_app,2,True
733da08ab30edf0d,2025-05-26 13:32:15.996659,desktop,3,True
79bc35ccc2169c5e,2025-12-06 13:32:15.996659,desktop,3,True
e0fcff83dcf12350,2025-08-14 13:32:15.996659,mobile_web,3,True
35da04135d07bf26,2025-12-27 13:32:15.996659,mobile_app,1,True
d091ae614b4ab6ae,2026-04-15 13:32:15.996659,mobile_app,2,True
a13b252aa7472d09,2026-01-15 13:32:15.996659,mobile_app,3,True
1b13af903a218a84,2026-05-22 13:32:15.996659,mobile_app,2,True
d867cfdabce57cba,2025-07-17 13:32:15.996659,mobile_web,2,False
65739ca838bf2e6f,2026-04-10 13:32:15.996659,mobile_app,2,True
93c9ff4cb80aa71c,2026-01-12 13:32:15.996659,mobile_app,2,True
a21f25d83fed9ba6,2025-04-13 13:32:15.996659,mobile_app,1,True
38a5ed69fce45336,2025-10-06 13:32:15.996659,mobile_app,1,True
432827c19d2c048d,2025-12-06 13:32:15.996659,mobile_app,3,True
c61d1d458d9891d6,2025-10-28 13:32:15.996659,mobile_web,3,False
39291978dafff493,2025-07-11 13:32:15.996659,mobile_web,3,True
fd04fd67fe7f745d,2026-03-09 13:32:15.996659,mobile_app,2,True
077abb0c096977c3,2025-09-16 13:32:15.996659,desktop,1,True
d5287309471d8c54,2025-05-31 13:32:15.996659,desktop,1,True
0d7221cd166a7b95,2025-10-15 13:32:15.996659,mobile_app,3,True
21d6d51db86ad9d4,2025-12-11 13:32:15.996659,mobile_web,2,False
62cf32198ec96193,2026-04-27 13:32:15.996659,mobile_app,3,True
dcc7873541771724,2026-03-12 13:32:15.996659,mobile_app,2,True
8ba55f389aa27193,2025-04-28 13:32:15.996659,mobile_app,2,True
6e89589243c438f5,2025-10-29 13:32:15.996659,mobile_app,2,False
3da31e9b049a99a9,2026-02-15 13:32:15.996659,desktop,1,True
79a9ab290c7b6bcf,2025-12-24 13:32:15.996659,desktop,3,True
55f7200430160cbd,2025-10-13 13:32:15.996659,mobile_web,2,False
f507bfd25e370b51,2025-10-31 13:32:15.996659,mobile_app,1,False
93de3921b1b759e5,2025-08-18 13:32:15.996659,mobile_app,1,True
e21a398db9a84a29,2026-03-07 13:32:15.996659,desktop,3,True
89ec6b5b55afdcb8,2025-09-10 13:32:15.996659,mobile_app,2,True
9049c1b6ac8698bc,2025-12-13 13:32:15.996659,mobile_app,2,False
fd354fdf33caa42d,2025-05-01 13:32:15.996659,mobile_app,2,True
bad13a28e912f7cb,2026-04-22 13:32:15.996659,mobile_app,2,True
f347998a1cb5935b,2026-04-26 13:32:15.996659,mobile_app,2,True
b24ab799cb871a58,2025-12-04 13:32:15.996659,mobile_app,3,True
67e66ca45ba76f05,2025-11-13 13:32:15.996659,mobile_app,1,True
5baf35cf2a01107c,2025-08-22 13:32:15.996659,mobile_app,2,True
97256a1782a82976,2025-12-31 13:32:15.996659,mobile_app,2,True
4e3167345af4096a,2025-05-13 13:32:15.996659,mobile_app,2,True
faae1d85aa485bae,2025-11-29 13:32:15.996659,mobile_app,2,False
dacbdfdc698192e8,2026-05-05 13:32:15.996659,desktop,3,True
b1f0928af8e49f00,2026-05-09 13:32:15.996659,mobile_app,1,True
19ce5e65b0f3af9e,2025-04-16 13:32:15.996659,mobile_web,2,False
9f46bb333e65569b,2026-05-02 13:32:15.996659,mobile_web,2,True
4d40b4c90175ee8f,2025-04-27 13:32:15.996659,mobile_app,1,False
09de901a56b761eb,2026-02-26 13:32:15.996659,mobile_web,2,True
8fa04bc1268299a3,2026-05-21 13:32:15.996659,mobile_web,3,True
53deaf34e98aee3c,2026-02-14 13:32:15.996659,mobile_app,1,True
d4c888e76fc10317,2025-09-26 13:32:15.996659,mobile_app,1,True
fa915489e98edd3e,2025-12-20 13:32:15.996659,mobile_app,3,True
b81a11efdadba5ce,2025-07-10 13:32:15.996659,desktop,1,True
8f2d613858735ab7,2025-09-28 13:32:15.996659,mobile_web,1,True
ab8d12eba975d3f3,2026-01-01 13:32:15.996659,desktop,3,True
b77c556c59d0cca5,2025-09-17 13:32:15.996659,desktop,3,True
1fd1c4c3654aba53,2025-04-16 13:32:15.996659,mobile_app,2,True
cc1d56ff3434242c,2025-12-27 13:32:15.996659,mobile_web,2,True
4d5748baee744f81,2026-04-24 13:32:15.996659,mobile_app,3,True
62f40daa2cfb3526,2025-12-29 13:32:15.996659,mobile_web,2,True
73181850169923bd,2025-06-15 13:32:15.996659,mobile_app,2,True
c4fe69e26ae2c8ac,2026-03-25 13:32:15.996659,mobile_app,3,True
ee9b1607f7503511,2025-04-27 13:32:15.996659,mobile_web,2,True
e7dc5a64d6b6b4ac,2025-10-08 13:32:15.996659,mobile_web,2,True
1e038d47f2c3fd88,2025-10-02 13:32:15.996659,mobile_web,2,True
fcafe6fe95a37373,2026-02-08 13:32:15.996659,mobile_app,2,True
6711a231bf79245b,2025-05-10 13:32:15.996659,mobile_app,2,True
6dc5c7768f4edf9c,2026-06-16 13:32:15.996659,desktop,2,True
52001abaa19527ac,2026-02-17 13:32:15.996659,mobile_app,2,True
4318f25ec501cbdf,2025-12-24 13:32:15.996659,mobile_app,3,True
810ce634df3fd6cf,2025-11-27 13:32:15.996659,mobile_app,2,True
545c7cde645c1824,2025-11-29 13:32:15.996659,mobile_app,1,True
8c425d2fa1bf5bfe,2026-04-26 13:32:15.996659,mobile_app,1,True
0348c685f84af7fd,2026-03-22 13:32:15.996659,mobile_app,1,True
1dd28322d3d5ff19,2026-05-20 13:32:15.996659,mobile_web,2,True
aac49a016c6a865a,2025-10-15 13:32:15.996659,desktop,2,True
a80f0f31432a6e35,2026-01-24 13:32:15.996659,desktop,1,True
ac4350f260e3adf3,2025-10-18 13:32:15.996659,mobile_app,3,False
4a7e085e75e4dda1,2025-10-07 13:32:15.996659,mobile_app,1,True
8b863200e7989b00,2025-08-17 13:32:15.996659,mobile_web,1,True
de9d2b5c1433fe19,2025-10-27 13:32:15.996659,mobile_web,3,True
f352ce440eef29b4,2025-09-11 13:32:15.996659,mobile_app,2,True
68383b6e16e3233c,2025-10-08 13:32:15.996659,mobile_web,2,True
e8eb75f04f42b13c,2025-09-09 13:32:15.996659,mobile_web,3,False
413844ad62330f9c,2025-09-25 13:32:15.996659,mobile_web,3,True
4c885aabf9258ef3,2026-02-09 13:32:15.996659,mobile_web,1,True
59f157ecaa8aefdf,2026-03-12 13:32:15.996659,mobile_app,2,True
e8cdfd1241aae017,2025-07-09 13:32:15.996659,mobile_app,2,False
83a62b2fe9a9feff,2026-01-28 13:32:15.996659,mobile_app,1,True
34e26651526edc7a,2025-10-26 13:32:15.996659,mobile_app,3,True
e47ff60b08ce9aae,2026-04-04 13:32:15.996659,desktop,2,False
acd0c53ec68ff15d,2025-12-18 13:32:15.996659,mobile_web,3,True
c709ab6800960591,2025-11-04 13:32:15.996659,mobile_app,2,True
f53a20cbb2f64701,2025-09-21 13:32:15.996659,mobile_web,2,True
3de12150fd88f034,2025-11-05 13:32:15.996659,mobile_web,1,True
7382d2bc6b19810a,2026-01-19 13:32:15.996659,mobile_web,3,True
ab721eeea2f8242f,2025-04-21 13:32:15.996659,mobile_app,2,True
5e01cb028516016a,2025-11-11 13:32:15.996659,desktop,1,True
a2e96c20c9f0803f,2025-06-30 13:32:15.996659,mobile_app,1,False
aa9ba869d78e3170,2025-08-01 13:32:15.996659,mobile_app,2,True
35cf95fe714a3147,2025-10-21 13:32:15.996659,mobile_app,1,True
c590091479c52f51,2025-05-25 13:32:15.996659,mobile_web,2,True
81b42de03e9ccca6,2026-05-05 13:32:15.996659,mobile_web,2,True
c9f9866f0fafa99a,2025-05-09 13:32:15.996659,mobile_app,1,True
24d01dd72db3f12e,2025-06-11 13:32:15.996659,mobile_app,2,True
dae7678912441df6,2025-11-15 13:32:15.996659,mobile_web,1,True
5b136898fd39c1a2,2025-08-03 13:32:15.996659,mobile_web,3,True
3864c9c8acbb3911,2025-11-08 13:32:15.996659,mobile_app,3,False
4138a48db0182e86,2026-03-02 13:32:15.996659,desktop,1,True
76374b4c8df88b7d,2025-07-04 13:32:15.996659,mobile_web,2,True
4cbe02e4124cc400,2026-03-13 13:32:15.996659,desktop,2,True
b65e2b4fb13c5663,2026-02-09 13:32:15.996659,desktop,3,True
d8ef0242745ffaf1,2025-11-08 13:32:15.996659,desktop,2,True
01d195c629726d62,2025-06-16 13:32:15.996659,mobile_web,2,False
ee594c6b5c59faf3,2026-01-09 13:32:15.996659,mobile_web,3,True
31fc455f002be6e6,2025-11-20 13:32:15.996659,mobile_app,1,True
7059ea186ed59bbd,2026-06-14 13:32:15.996659,mobile_app,2,True
9e0fd25b9ad7dcd8,2026-05-11 13:32:15.996659,mobile_web,1,True
498d8d0a19625fa0,2026-06-07 13:32:15.996659,mobile_app,2,True
e3ed4edf74249d48,2026-05-31 13:32:15.996659,desktop,2,False
c323dd37eda34adc,2025-06-02 13:32:15.996659,mobile_app,3,True
927dadf843d6ef26,2025-06-14 13:32:15.996659,mobile_app,2,True
672416001b157038,2025-06-24 13:32:15.996659,mobile_app,1,True
a035b969391d2ee0,2026-06-07 13:32:15.996659,mobile_app,3,True
949609fa3cbe763f,2026-05-28 13:32:15.996659,mobile_app,3,True
05231856758bb16f,2026-02-25 13:32:15.996659,mobile_app,2,True
64d9b613fd313f78,2025-10-18 13:32:15.996659,mobile_web,2,True
71e68bc120012bae,2026-01-31 13:32:15.996659,mobile_app,1,True
820ce373aaa413fa,2025-11-23 13:32:15.996659,mobile_app,2,True
f1c057a8d6f9ebac,2026-04-15 13:32:15.996659,mobile_app,1,True
657586b47577c17f,2025-08-04 13:32:15.996659,mobile_app,1,True
aabf14d8f1bfecdd,2026-02-10 13:32:15.996659,mobile_app,3,False
1bb0975b00c4cd4a,2026-06-02 13:32:15.996659,mobile_web,2,True
bc1db1d9dc46432a,2025-07-30 13:32:15.996659,mobile_web,1,True
b3c9629086c28f10,2025-05-18 13:32:15.996659,mobile_app,1,True
d8923267a09c3e20,2026-06-26 13:32:15.996659,mobile_app,3,False
025f21074ebecc2f,2025-12-16 13:32:15.996659,mobile_app,1,True
f1cd4247e8f35281,2025-06-21 13:32:15.996659,mobile_app,1,False
5bca8df8b38b7802,2025-08-15 13:32:15.996659,desktop,1,True
c0605c7fb1ea09b9,2025-06-08 13:32:15.996659,mobile_app,1,False
ca5afb806a5ac4a9,2025-12-26 13:32:15.996659,desktop,2,True
34f339fcc1981c88,2026-01-14 13:32:15.996659,mobile_app,3,True
fa24f8e9496312f1,2025-08-14 13:32:15.996659,mobile_app,2,True
8cf93cbaba1bd688,2026-04-24 13:32:15.996659,mobile_app,2,False
704432ebb21fa79a,2026-03-16 13:32:15.996659,mobile_app,2,False
750f920eea21c4b8,2025-10-02 13:32:15.996659,desktop,2,True
3f107471c0ee6dbe,2025-09-01 13:32:15.996659,mobile_app,2,True
6bdb2d43c9758a62,2026-05-09 13:32:15.996659,desktop,2,True
55f7ad6bda10a18b,2025-11-13 13:32:15.996659,desktop,2,True
2227da9af34baf6b,2026-01-17 13:32:15.996659,mobile_app,2,True
5d932f3a3e00bb99,2025-11-16 13:32:15.996659,mobile_app,2,True
3ff48ee4836f20b1,2025-04-22 13:32:15.996659,mobile_app,2,False
b4b13d78271d6f1c,2026-05-29 13:32:15.996659,mobile_app,2,False
b4846065e0e0d4f2,2025-04-06 13:32:15.996659,mobile_web,1,True
b8166b60fda3777b,2025-12-10 13:32:15.996659,mobile_app,2,True
e636cc2af5847a2d,2025-07-16 13:32:15.996659,desktop,2,False
b77591170f34e946,2025-12-21 13:32:15.996659,mobile_web,1,False
361cddfd4d0e66f8,2026-02-11 13:32:15.996659,mobile_app,3,True
3ec3848ee7d1a890,2025-07-17 13:32:15.996659,mobile_web,2,True
391f0156b6df88e2,2025-08-24 13:32:15.996659,mobile_app,1,True
3200a9b2cff3322e,2026-04-28 13:32:15.996659,desktop,3,True
273d070849fb24bf,2025-08-16 13:32:15.996659,mobile_app,1,True
76a8af676e70071a,2025-07-25 13:32:15.996659,desktop,2,True
62ab9ca21defefdb,2026-01-07 13:32:15.996659,mobile_web,2,True
b9ebfaf63ffa279e,2025-05-07 13:32:15.996659,desktop,3,True
30871d9436313861,2025-09-14 13:32:15.996659,mobile_app,2,True
9caf05b85485604c,2026-02-01 13:32:15.996659,mobile_web,2,True
493a884ac0186843,2026-06-28 13:32:15.996659,mobile_app,2,False
3753780d32ca05d3,2025-08-29 13:32:15.996659,mobile_web,2,True
64eceb01da4a399b,2026-03-29 13:32:15.996659,mobile_app,3,True
0aadef5960a40ffa,2025-07-23 13:32:15.996659,mobile_app,3,False
4b5d9c88cd3047cc,2025-11-06 13:32:15.996659,mobile_app,2,True
54bf8947efc7dc74,2025-12-02 13:32:15.996659,mobile_app,3,True
a7e96459ce4e5e39,2026-04-19 13:32:15.996659,mobile_app,2,False
072c7c398bf5e9c5,2025-08-13 13:32:15.996659,mobile_web,1,True
baf63617e01fb544,2026-04-18 13:32:15.996659,mobile_app,1,False
3acaf9a2254f28b3,2025-12-24 13:32:15.996659,mobile_web,2,False
eb1212a91f2c9cac,2025-06-17 13:32:15.996659,mobile_app,1,True
6a17946601d0a466,2025-05-10 13:32:15.996659,mobile_web,2,True
cff6d163ebc50b88,2025-04-08 13:32:15.996659,mobile_web,2,True
03c2ec38ecc170f9,2025-04-23 13:32:15.996659,mobile_app,2,True
9e832716d5d382fe,2025-10-23 13:32:15.996659,mobile_web,1,True
647ac03828885570,2026-04-02 13:32:15.996659,desktop,3,True
4c94f59fefd090bd,2025-06-16 13:32:15.996659,mobile_web,2,False
a405ae21304f9fc2,2025-07-03 13:32:15.996659,mobile_app,1,True
5b385b749a196732,2025-04-08 13:32:15.996659,mobile_app,2,True
113dbe438afd3cbd,2025-09-09 13:32:15.996659,mobile_web,2,True
541235160d2260dd,2026-04-29 13:32:15.996659,mobile_app,2,True
4b6e19d33fdb8cb1,2025-11-16 13:32:15.996659,mobile_web,2,True
511b42001c2b48ef,2025-12-11 13:32:15.996659,mobile_app,1,True
4e834f3403785364,2025-06-14 13:32:15.996659,mobile_web,3,True
17e36076fe601808,2026-01-05 13:32:15.996659,mobile_app,2,True
8d527213d4057622,2026-02-03 13:32:15.996659,mobile_app,1,True
498dfc8f09e0ef1e,2026-05-27 13:32:15.996659,desktop,2,True
d0872755cb5531e2,2025-06-17 13:32:15.996659,desktop,2,True
3e69dad6af2ea323,2025-07-24 13:32:15.996659,desktop,2,False
9a04d548cb972d36,2026-06-14 13:32:15.996659,desktop,2,True
209fabea21c64691,2025-12-17 13:32:15.996659,mobile_app,2,True
c01f34d5f579e090,2025-11-26 13:32:15.996659,mobile_app,2,True
f804643a8da42540,2025-12-01 13:32:15.996659,mobile_app,1,True
1c2eea90022e84e6,2025-05-10 13:32:15.996659,mobile_app,1,True
5c4ed994ed02818c,2026-04-25 13:32:15.996659,mobile_app,3,True
5881c08fb59f1726,2026-02-13 13:32:15.996659,desktop,2,True
1e1fb42c7a8fe13c,2026-04-11 13:32:15.996659,mobile_app,2,True
23053ed319fbec3c,2026-03-13 13:32:15.996659,mobile_app,1,True
6187d4661c14be37,2025-05-16 13:32:15.996659,mobile_app,2,False
9919ba5aa6ffc32a,2025-04-30 13:32:15.996659,mobile_app,1,True
a54f21123041f546,2026-06-12 13:32:15.996659,mobile_app,1,True
797cb199955b8a7b,2025-09-18 13:32:15.996659,mobile_web,1,False
f856fdb91897775e,2026-03-19 13:32:15.996659,mobile_app,2,True
dc58de4b826b8ce3,2026-04-06 13:32:15.996659,mobile_web,2,True
40df270318090f60,2026-02-20 13:32:15.996659,desktop,1,True
a39d62033cedb73a,2026-04-05 13:32:15.996659,mobile_web,1,False
568c929061d626ab,2025-11-21 13:32:15.996659,mobile_web,2,True
aef708758b1bbddc,2025-04-05 13:32:15.996659,mobile_app,2,True
fc8c1f8624fda249,2025-10-09 13:32:15.996659,mobile_app,2,False
b92cf7435523babe,2025-08-07 13:32:15.996659,mobile_app,1,True
07d63be8aab5ba6f,2025-11-20 13:32:15.996659,desktop,2,True
54b710fefce2d397,2026-06-26 13:32:15.996659,mobile_web,3,True
e73c624a6369203d,2026-05-25 13:32:15.996659,mobile_app,2,True
9b04258bb27dec5a,2026-03-02 13:32:15.996659,mobile_app,1,True
20f07acab8c1bb65,2026-03-14 13:32:15.996659,mobile_web,2,False
9a0464d58f0a1f5d,2025-06-15 13:32:15.996659,mobile_web,2,True
61989e9b6f8e9e92,2025-06-14 13:32:15.996659,mobile_app,1,True
409a963a8ca4ccfc,2025-06-09 13:32:15.996659,desktop,2,True
1f38de5805312279,2025-09-15 13:32:15.996659,mobile_web,3,True
9b7ea79e86092a57,2025-10-22 13:32:15.996659,mobile_web,2,False
9303f021f244fc78,2025-09-10 13:32:15.996659,mobile_app,3,True
bec0d178a375a736,2025-12-29 13:32:15.996659,mobile_app,2,True
d7c4266c3b889a5b,2025-09-01 13:32:15.996659,desktop,2,False
b6c5db331c713342,2025-07-06 13:32:15.996659,mobile_app,1,False
ef64c2bd63a6e80c,2025-07-20 13:32:15.996659,mobile_app,2,True
f502ccc4774840b6,2025-09-26 13:32:15.996659,mobile_app,1,True
66633b5524415cc3,2026-06-06 13:32:15.996659,mobile_app,2,True
7386c3eeba805945,2025-08-07 13:32:15.996659,mobile_web,1,True
c44680bfc30b2591,2026-01-17 13:32:15.996659,mobile_app,2,True
75781aed6b4f1d2e,2025-07-29 13:32:15.996659,mobile_web,2,False
141ac690dc04d2ec,2025-10-30 13:32:15.996659,mobile_app,1,True
80ec4ee5147e0b2e,2025-05-28 13:32:15.996659,mobile_app,1,True
ad8cc0ba3d6f5120,2026-01-30 13:32:15.996659,mobile_app,3,True
7773ca7c40afd240,2025-05-05 13:32:15.996659,mobile_web,1,True
11870b59760d1247,2025-06-13 13:32:15.996659,mobile_app,2,True
5d7598bbf9bdd0be,2026-02-02 13:32:15.996659,mobile_app,2,True
4876fcfb6bf8d736,2025-11-25 13:32:15.996659,mobile_web,2,True
c229c8422eb723a0,2025-11-03 13:32:15.996659,mobile_app,2,True
2e67e9e794de795b,2025-07-18 13:32:15.996659,mobile_app,1,True
21ea345c66712a28,2025-08-23 13:32:15.996659,mobile_app,2,True
4931902b7683eb27,2025-06-10 13:32:15.996659,desktop,2,True
60d977e57d926bf7,2026-01-15 13:32:15.996659,mobile_app,2,True
ca6d2f16669bc95a,2025-11-15 13:32:15.996659,mobile_app,3,True
a968c21459941045,2025-12-18 13:32:15.996659,mobile_app,3,True
56788ce93c910e13,2025-05-15 13:32:15.996659,mobile_app,1,True
10271d25a6206c3e,2026-02-14 13:32:15.996659,mobile_app,2,True
3f83e7deb308591e,2025-10-08 13:32:15.996659,mobile_app,1,True
6272bef7982015c2,2026-05-09 13:32:15.996659,mobile_app,1,False
0e806ce377e38798,2025-06-11 13:32:15.996659,mobile_app,2,True
db5098501033b98c,2026-01-09 13:32:15.996659,desktop,2,True
c2865d0995227996,2026-01-29 13:32:15.996659,mobile_app,2,True
da9d43a758d633d4,2025-10-10 13:32:15.996659,mobile_app,1,True
ee8654246c3c417a,2025-11-18 13:32:15.996659,desktop,1,True
d498a456229a0bde,2025-06-12 13:32:15.996659,desktop,3,False
3eb38432d9693491,2025-11-03 13:32:15.996659,mobile_web,3,True
8ca4307c44d27d9e,2025-11-09 13:32:15.996659,mobile_app,1,True
52011cd3b0426358,2026-05-16 13:32:15.996659,mobile_app,2,True
3fb389b6450ec345,2026-06-23 13:32:15.996659,mobile_app,2,True
dbd46ed6ebfc816b,2026-01-02 13:32:15.996659,mobile_app,2,False
d82c2f1b61a70a47,2025-04-04 13:32:15.996659,mobile_app,2,True
d49992d3a2f81bcf,2025-05-11 13:32:15.996659,mobile_app,3,True
93227d99c9ba3f0c,2025-09-19 13:32:15.996659,mobile_app,1,False
8697c5d144986f6b,2025-09-18 13:32:15.996659,mobile_web,2,False
b4478fd0466c2572,2026-01-05 13:32:15.996659,mobile_app,3,True
b00be999841d7b8a,2026-04-13 13:32:15.996659,mobile_app,1,True
3b0f000319f511d6,2026-06-29 13:32:15.996659,mobile_web,1,True
5f8cd785e59d0fb9,2026-01-29 13:32:15.996659,desktop,2,False
0118d83d66bd8cb4,2026-02-09 13:32:15.996659,mobile_app,2,True
84d01bc57a5d8b34,2026-04-06 13:32:15.996659,mobile_app,2,True
4b67c74e2dd71c43,2026-03-07 13:32:15.996659,mobile_app,2,True
903fcbee14b9564d,2026-06-21 13:32:15.996659,mobile_app,2,True
dc7661c14b84f722,2025-09-29 13:32:15.996659,mobile_web,1,True
62be7178a29ee9ed,2025-05-07 13:32:15.996659,mobile_app,2,True
aeb4c81d7e82fe7c,2025-08-22 13:32:15.996659,mobile_app,2,True
07bee6e1a633c6ce,2025-12-11 13:32:15.996659,mobile_app,3,True
e1abddc937c8237c,2025-12-23 13:32:15.996659,mobile_app,1,True
3ecf9b774e2ef5ef,2026-02-13 13:32:15.996659,mobile_app,1,True
97ffa629cc41c07d,2026-04-29 13:32:15.996659,mobile_app,2,True
37288b99534c757c,2025-10-03 13:32:15.996659,desktop,1,True
e04e860ba15da5d3,2025-10-18 13:32:15.996659,mobile_web,1,True
5e74a481ce6fb8fe,2026-06-29 13:32:15.996659,mobile_app,3,True
91f7dabdf3ab1780,2025-12-25 13:32:15.996659,mobile_app,2,True
1dcb49775784e02c,2026-02-26 13:32:15.996659,mobile_web,2,True
3a0b22c5b84be00c,2026-04-16 13:32:15.996659,mobile_app,1,True
a9b158a8b6805ade,2025-08-17 13:32:15.996659,mobile_app,1,True
0ccc47487069d516,2025-11-05 13:32:15.996659,mobile_web,2,True
21750cbf682ba218,2025-09-17 13:32:15.996659,mobile_app,2,True
6899d402bea880dc,2025-08-12 13:32:15.996659,mobile_app,1,True
ce12071fc9f01722,2025-04-12 13:32:15.996659,mobile_app,2,True
467e277c51be8685,2025-07-02 13:32:15.996659,mobile_app,1,True
7efff5657116d859,2025-09-23 13:32:15.996659,mobile_app,1,True
3d10c58c34626ce0,2025-05-29 13:32:15.996659,desktop,1,False
e4fa1a852c4b47ec,2025-11-27 13:32:15.996659,mobile_app,2,True
46293cd78062b327,2025-04-10 13:32:15.996659,mobile_app,1,True
b1623ac17c2f3a6a,2025-07-21 13:32:15.996659,mobile_web,2,True
4c68f436b3cdcce3,2025-09-09 13:32:15.996659,mobile_app,2,True
4e24134e880628f9,2025-05-17 13:32:15.996659,mobile_app,2,True
4fed1220d4bb6e51,2025-11-10 13:32:15.996659,mobile_app,1,True
daa30ae396811b04,2025-08-09 13:32:15.996659,mobile_web,1,True
aba2367c4b82e7e9,2026-02-23 13:32:15.996659,mobile_app,1,False
c1d37ac98b9c1900,2025-04-20 13:32:15.996659,mobile_web,2,True
8f306412f7d1eb71,2025-09-22 13:32:15.996659,desktop,2,True
1d6675510cb5dd7f,2025-07-12 13:32:15.996659,mobile_web,1,True
4fd8e260e59d8d1d,2025-12-05 13:32:15.996659,desktop,2,False
fb70e705de1113ee,2025-06-03 13:32:15.996659,mobile_web,2,True
ae9fa67b9959c49c,2026-05-30 13:32:15.996659,desktop,1,True
8c7b459bcd896756,2026-05-12 13:32:15.996659,mobile_web,1,True
54e8d3f1d8b817ad,2025-11-14 13:32:15.996659,mobile_web,1,True
7aafc66f9158719c,2025-08-03 13:32:15.996659,mobile_web,1,True
17dac482a5750aeb,2025-06-29 13:32:15.996659,desktop,2,True
6c6f3d498c0d0af5,2025-12-14 13:32:15.996659,mobile_app,1,True
e981b2067f9b9c96,2025-09-10 13:32:15.996659,mobile_web,3,True
faf89e0f05e18e90,2025-10-24 13:32:15.996659,mobile_app,2,True
18298cbf10940ca5,2025-04-21 13:32:15.996659,desktop,2,True
82082726542ff3b8,2025-09-08 13:32:15.996659,mobile_app,2,True
10159510d6ce7361,2025-12-25 13:32:15.996659,mobile_web,2,False
8033541df6176848,2025-04-17 13:32:15.996659,mobile_web,3,False
b04a81dde721f919,2026-05-15 13:32:15.996659,desktop,3,True
f4747804916a4d0d,2025-04-11 13:32:15.996659,mobile_app,2,True
3be6a2901ddd3616,2026-04-23 13:32:15.996659,mobile_web,1,True
4a47bb666b7285ca,2026-02-21 13:32:15.996659,mobile_web,2,False
47818d7f7f06538a,2025-06-24 13:32:15.996659,desktop,1,True
2f314b583a59952a,2025-08-03 13:32:15.996659,desktop,2,True
507c85a55ca63779,2025-04-17 13:32:15.996659,mobile_app,2,True
8d82a612642528da,2025-07-26 13:32:15.996659,mobile_app,2,True
3dc3bf3e6ebbf480,2025-09-16 13:32:15.996659,mobile_app,2,False
c4c2352375dd2342,2026-01-26 13:32:15.996659,desktop,1,False
b94ab3cf83dcb09e,2026-06-30 13:32:15.996659,mobile_app,2,True
8a593c7ae3e3c226,2026-05-07 13:32:15.996659,mobile_web,2,True
8e0703e0e2529990,2026-02-17 13:32:15.996659,mobile_web,2,False
1ace143f117b8804,2026-06-14 13:32:15.996659,mobile_app,2,True
8ed8707fee510c3b,2025-11-13 13:32:15.996659,mobile_app,1,True
f6589e97e6c311db,2025-07-14 13:32:15.996659,mobile_app,2,True
0cf7bf1873f9e9c1,2025-04-20 13:32:15.996659,desktop,1,True
36522b1e09c5c887,2025-11-22 13:32:15.996659,mobile_app,2,True
ca9f9e49b3dcc934,2025-05-30 13:32:15.996659,mobile_app,2,True
7e3ad5b41b9b5eb9,2025-04-10 13:32:15.996659,mobile_web,2,False
12887b3de15bc053,2025-06-06 13:32:15.996659,mobile_app,2,False
c7588100d3ba82cd,2025-12-03 13:32:15.996659,desktop,3,True
8ea6b5c1a615fe4a,2026-02-05 13:32:15.996659,mobile_app,2,True
d4e832db18371372,2025-04-14 13:32:15.996659,mobile_app,2,True
811437866d3a5fef,2026-03-14 13:32:15.996659,mobile_app,2,True
8afdc8a432d99402,2025-12-27 13:32:15.996659,mobile_app,2,True
eff043c72236352b,2026-05-30 13:32:15.996659,mobile_app,2,False
2d17666df5ef7db9,2025-07-06 13:32:15.996659,mobile_web,3,True
394f7962c9e02a10,2025-09-10 13:32:15.996659,mobile_app,1,True
9b58d3da61975105,2026-05-25 13:32:15.996659,mobile_app,1,False
2a92b36a19efff0e,2026-03-24 13:32:15.996659,mobile_app,1,False
942091da6e4151f6,2025-10-23 13:32:15.996659,mobile_app,1,True
b3c0605f28e30f27,2025-10-30 13:32:15.996659,desktop,2,True
7aa5f6b012d3c015,2025-07-03 13:32:15.996659,mobile_app,1,True
4eaec4c32e960e31,2026-03-03 13:32:15.996659,desktop,2,True
5d7f3bb7ebd1b3be,2025-05-08 13:32:15.996659,mobile_app,1,True
358c4814fed1ca4d,2025-12-12 13:32:15.996659,mobile_app,1,True
ed5ba4a66b2c7e23,2025-06-23 13:32:15.996659,mobile_app,2,True
5ef2566f7a49c99b,2026-03-16 13:32:15.996659,mobile_app,2,True
5b585fa1efaf6d9b,2026-06-16 13:32:15.996659,mobile_web,2,True
67a230292f5e6e48,2026-06-07 13:32:15.996659,mobile_app,2,True
4a1326245cb7f99c,2026-01-14 13:32:15.996659,mobile_app,3,True
640671e14a1d1176,2025-04-25 13:32:15.996659,mobile_web,2,True
31b9cc7697b07fd7,2026-06-10 13:32:15.996659,mobile_web,1,True
1c74eced152d539c,2026-01-16 13:32:15.996659,desktop,1,False
6ab6cde4d7e845a3,2026-05-14 13:32:15.996659,desktop,3,True
8af63b1cb82a8b9d,2025-05-05 13:32:15.996659,mobile_web,2,True
8e77c146741bdfc3,2025-08-29 13:32:15.996659,mobile_web,2,True
8016ca460f264b1b,2025-07-20 13:32:15.996659,mobile_web,2,False
5bc46a6cd46074e5,2025-08-12 13:32:15.996659,mobile_app,1,True
2e53b9216f891dfe,2025-09-07 13:32:15.996659,mobile_web,2,True
53afc82707475916,2025-07-15 13:32:15.996659,mobile_app,2,False
ff32d28ce3d42d1c,2026-06-29 13:32:15.996659,mobile_web,3,True
32f839a1faf0c428,2025-06-04 13:32:15.996659,desktop,1,True
371927d71bfbe890,2025-07-31 13:32:15.996659,mobile_app,2,True
83ec9e1ce9fe7df9,2025-07-31 13:32:15.996659,mobile_web,1,False
a2286ccd45efa8bf,2026-01-04 13:32:15.996659,desktop,3,True
62bb5c3f12bfd5b6,2025-07-03 13:32:15.996659,mobile_app,1,True
ea724556b017d7bc,2026-01-10 13:32:15.996659,mobile_app,2,False
e3a5d952cfb4a716,2026-06-10 13:32:15.996659,desktop,1,True
22dae977760a6123,2025-05-15 13:32:15.996659,desktop,2,True
fc1d50bad1a4c55a,2026-03-18 13:32:15.996659,mobile_app,2,True
35732223571f1425,2026-05-17 13:32:15.996659,mobile_app,2,True
9df107b8b6136089,2025-09-23 13:32:15.996659,mobile_web,3,True
9ca9712ed46a8180,2026-03-18 13:32:15.996659,mobile_app,3,True
5aff80a38c71a131,2025-06-07 13:32:15.996659,mobile_app,3,False
e4b70a6ab9c88aa1,2025-12-13 13:32:15.996659,mobile_app,2,True
9b651faf08fc0e93,2026-06-30 13:32:15.996659,mobile_app,2,True
5ba250568fda831d,2025-04-25 13:32:15.996659,mobile_app,2,True
57270709564108fd,2025-11-10 13:32:15.996659,mobile_web,2,True
b048a5dc8dcaef47,2026-03-05 13:32:15.996659,mobile_web,2,True
fa5a4413b74780e4,2025-08-28 13:32:15.996659,mobile_web,2,True
0e19f51cafb122e1,2025-11-03 13:32:15.996659,mobile_app,1,True
d97aaf2805b95d45,2026-06-19 13:32:15.996659,mobile_app,2,True
17b1a4ce9a5ad90a,2025-07-22 13:32:15.996659,mobile_app,1,True
726c7e6b301d8f33,2026-01-01 13:32:15.996659,mobile_app,1,True
813413a6271027f9,2025-08-18 13:32:15.996659,mobile_app,1,True
a98723d27d6b9c16,2025-05-21 13:32:15.996659,mobile_app,1,True
ae105c1ce632e75d,2025-09-28 13:32:15.996659,mobile_app,2,True
72673c2f09bfada9,2025-08-31 13:32:15.996659,mobile_app,2,True
d5906a375dfc2347,2026-03-09 13:32:15.996659,mobile_web,1,True
2cd75ad3529a0c04,2026-03-16 13:32:15.996659,mobile_web,2,True
32757d432c4dd795,2025-12-26 13:32:15.996659,desktop,3,True
c0768a86afbec8ca,2025-06-09 13:32:15.996659,mobile_web,3,False
c5eab4bcf4150b5c,2025-11-06 13:32:15.996659,mobile_app,3,True
4ff7e42419921af0,2026-01-25 13:32:15.996659,mobile_app,3,True
1325aa6cdc207fd8,2025-07-13 13:32:15.996659,mobile_app,2,True
16c0e738424f16e1,2025-06-09 13:32:15.996659,mobile_app,3,True
8d25d142e059ef0c,2025-05-18 13:32:15.996659,mobile_app,3,True
ea39f35387ab2cb1,2026-02-16 13:32:15.996659,mobile_app,2,False
00c2388dc286077e,2025-08-14 13:32:15.996659,mobile_app,3,True
2d0228de93eee689,2025-10-07 13:32:15.996659,mobile_app,2,False
9c78b174512570ef,2025-12-10 13:32:15.996659,mobile_web,2,True
26bfdc0fbe1f8a35,2026-01-03 13:32:15.996659,mobile_web,3,False
d26f005ef11502d3,2026-05-11 13:32:15.996659,mobile_web,2,False
52aa3144280958f6,2026-02-27 13:32:15.996659,mobile_web,2,False
87f0cc48a947cb67,2025-10-25 13:32:15.996659,mobile_app,2,True
7ad9c57b5e8677e2,2025-05-25 13:32:15.996659,mobile_app,2,False
48cece13a38da223,2025-06-03 13:32:15.996659,mobile_web,3,True
eea74a5f0f78ac39,2026-04-08 13:32:15.996659,mobile_app,3,True
48cb524b5838a738,2025-08-27 13:32:15.996659,mobile_app,2,True
26df7682a8380e77,2026-05-25 13:32:15.996659,mobile_app,3,True
360affb6a98f30c8,2025-08-29 13:32:15.996659,desktop,1,True
7e8b25a1ee2b99c5,2026-01-28 13:32:15.996659,mobile_web,3,True
c6e4af21391604b1,2025-12-10 13:32:15.996659,mobile_app,1,True
ce1db3d7fdd9b7bb,2025-08-10 13:32:15.996659,mobile_web,2,True
d1363b6a3690d1d1,2025-12-21 13:32:15.996659,mobile_app,1,True
47548c0dac4e91c3,2025-06-30 13:32:15.996659,mobile_app,2,False
7f6429522640fae8,2025-11-02 13:32:15.996659,mobile_app,2,True
f1c6125c3cd3e91b,2025-04-04 13:32:15.996659,mobile_app,1,True
749adc5ee82950b7,2025-09-15 13:32:15.996659,mobile_web,2,False
bba6c7617cc32b0b,2026-02-18 13:32:15.996659,mobile_app,2,True
a0148fd283b7397b,2025-07-15 13:32:15.996659,mobile_web,1,True
23097de306f8af64,2025-12-29 13:32:15.996659,mobile_app,2,True
18e624919f4e5d1a,2025-11-01 13:32:15.996659,mobile_web,1,True
bfd867e5170b4389,2026-05-01 13:32:15.996659,mobile_web,1,True
c5d35174f7222353,2026-05-09 13:32:15.996659,mobile_web,1,True
e2450d21eb2dc11b,2025-10-14 13:32:15.996659,mobile_web,2,True
dbd845f241e7e790,2026-04-09 13:32:15.996659,desktop,2,True
6d5601da7d2e9bf9,2025-04-05 13:32:15.996659,mobile_app,2,True
e2bbb49e207795b1,2025-06-08 13:32:15.996659,mobile_web,3,True
356fa75aabaf8dd4,2025-08-18 13:32:15.996659,mobile_web,2,True
eb28298eb14c61d4,2025-08-02 13:32:15.996659,mobile_app,2,False
720158f2dc24caed,2025-10-05 13:32:15.996659,mobile_app,3,True
97405a7277198287,2026-06-05 13:32:15.996659,mobile_app,2,True
f5c86db96a1df613,2026-01-05 13:32:15.996659,mobile_app,1,True
216fe971924cbb89,2025-11-19 13:32:15.996659,mobile_app,1,True
7997aa326c197d0e,2025-05-12 13:32:15.996659,mobile_app,2,True
fbe40d093a3644fe,2026-03-25 13:32:15.996659,mobile_web,2,True
4e7d9cf33a48a0f8,2025-11-18 13:32:15.996659,mobile_app,1,True
372611dffe5dc918,2026-01-27 13:32:15.996659,mobile_web,3,False
55dd1103900b89a6,2026-05-02 13:32:15.996659,mobile_app,3,True
df6c120f43e1a4a7,2026-05-17 13:32:15.996659,mobile_web,1,True
6c8487ac6b237e30,2026-01-17 13:32:15.996659,mobile_app,1,False
117ba72e9d076c52,2026-05-26 13:32:15.996659,mobile_app,1,True
a84ac52a65683df2,2026-06-02 13:32:15.996659,mobile_app,2,False
7dd3cf54548f567b,2026-01-24 13:32:15.996659,mobile_web,3,True
2536abf1bddfb27e,2026-04-02 13:32:15.996659,mobile_app,2,True
9399bd0e91dcc3b8,2025-10-23 13:32:15.996659,desktop,1,True
c7012fbf73172ded,2026-06-24 13:32:15.996659,mobile_app,2,True
5f1c9f2060d10cfc,2026-02-15 13:32:15.996659,mobile_app,1,True
f1e7f478b973d665,2025-12-08 13:32:15.996659,mobile_app,2,False
df6e2aaf05e61f41,2025-04-20 13:32:15.996659,mobile_web,2,True
7060f59fb434f850,2025-09-17 13:32:15.996659,mobile_app,2,False
3d27a20bcdedf41b,2025-05-28 13:32:15.996659,mobile_app,2,True
70e30adc53e199d2,2026-01-27 13:32:15.996659,mobile_app,3,True
20c6649c8db8751d,2025-12-10 13:32:15.996659,mobile_app,1,False
c716884f0795b144,2025-12-23 13:32:15.996659,mobile_app,2,False
e88eb3ddcc3df6b5,2025-05-25 13:32:15.996659,desktop,1,True
a65a6f06af368541,2025-04-22 13:32:15.996659,mobile_app,2,True
57f81c9f4b26e75c,2025-04-21 13:32:15.996659,mobile_app,3,True
1ed5a64a5cf82f72,2025-07-25 13:32:15.996659,desktop,2,True
46b5d36aa255b9e4,2025-11-16 13:32:15.996659,mobile_app,1,True
4c5c1c9ce40c2161,2025-10-29 13:32:15.996659,mobile_app,2,True
cea44a091eb18d7e,2025-04-12 13:32:15.996659,mobile_web,2,True
ce7a07981d4a2c14,2026-02-23 13:32:15.996659,desktop,3,True
ccbef206df4f0501,2026-01-26 13:32:15.996659,mobile_web,2,True
09173ecf76689484,2025-05-20 13:32:15.996659,mobile_app,1,True
16188803df10d717,2026-01-08 13:32:15.996659,desktop,2,True
31d8c667377ea103,2026-03-18 13:32:15.996659,mobile_app,1,True
41758d8960604381,2025-10-20 13:32:15.996659,desktop,1,False
c8876bc0367bb506,2026-02-04 13:32:15.996659,mobile_web,2,False
b053f076ae021730,2025-05-23 13:32:15.996659,desktop,2,True
7db5513e17dd4ea6,2025-05-15 13:32:15.996659,mobile_app,1,True
9cd1c6d41440fabe,2026-02-13 13:32:15.996659,mobile_app,2,False
8e1929962ca5f942,2025-11-04 13:32:15.996659,mobile_web,2,False
b6c808e73111a10b,2025-04-11 13:32:15.996659,mobile_app,2,False
5c5ce7083e963e36,2025-07-30 13:32:15.996659,mobile_app,1,True
7b140a762428d39e,2026-03-26 13:32:15.996659,desktop,2,True
8c9b88471cd7c4ba,2025-10-07 13:32:15.996659,mobile_web,1,True
26be0b0a3f1be491,2025-09-23 13:32:15.996659,mobile_app,1,True
928846c545c94a96,2025-09-08 13:32:15.996659,mobile_app,2,True
cc6245364e75eaf4,2026-06-21 13:32:15.996659,mobile_app,2,True
106baa1e19b7007f,2026-02-16 13:32:15.996659,mobile_app,1,True
31c45681b1ed9a94,2025-06-09 13:32:15.996659,mobile_app,1,True
ac631d884ffb65e1,2026-03-15 13:32:15.996659,mobile_web,3,True
1faa3e0c9dbec165,2026-02-16 13:32:15.996659,mobile_web,2,True
6f51a796a3c9e5e2,2026-02-06 13:32:15.996659,mobile_app,2,True
508e3056919c7efd,2026-04-13 13:32:15.996659,mobile_app,3,True
036954d729dc63cb,2026-04-23 13:32:15.996659,mobile_web,1,False
306ba32ee88423b4,2026-01-26 13:32:15.996659,mobile_web,2,True
bc27d5bdd0bada82,2025-05-31 13:32:15.996659,desktop,3,True
a9e3ef6a746d9e8e,2026-07-02 13:32:15.996659,mobile_app,2,True
de1f3bb5a22e5e19,2026-02-24 13:32:15.996659,mobile_web,1,True
3abedb95f12c9215,2026-06-05 13:32:15.996659,mobile_app,2,True
b6ee7e5d95414334,2025-10-20 13:32:15.996659,mobile_app,2,True
85e4328dd0fac339,2026-03-10 13:32:15.996659,desktop,2,False
bfd8a0e406bd98dd,2025-07-07 13:32:15.996659,mobile_app,2,True
f43a76a1bd07bd4d,2025-10-09 13:32:15.996659,mobile_app,2,False
1958c9b9280ba502,2025-07-11 13:32:15.996659,mobile_app,1,True
fb2f65af363904ef,2025-09-17 13:32:15.996659,mobile_app,2,True
31bd1fb979b18134,2025-12-15 13:32:15.996659,mobile_app,1,True
e16e8042531a35d4,2025-06-06 13:32:15.996659,mobile_web,3,True
cb5cf3d263f41f98,2025-11-28 13:32:15.996659,mobile_app,2,False
744ff0412828ca94,2025-04-26 13:32:15.996659,mobile_app,2,True
9a9affa65c35a57d,2025-04-06 13:32:15.996659,desktop,2,True
ec3a3790c2f8fb23,2025-10-07 13:32:15.996659,mobile_app,1,True
7920a874b68c6a9f,2025-08-30 13:32:15.996659,desktop,2,False
c2b078b4517ae3cf,2026-03-08 13:32:15.996659,mobile_app,2,True
a5cc5df8a94b6023,2025-06-27 13:32:15.996659,mobile_app,2,True
2df3a695f2c1a8df,2025-08-31 13:32:15.996659,mobile_app,2,True
28f5fd6bc6514dcb,2025-05-18 13:32:15.996659,mobile_web,3,True
4cbecd12267219da,2026-03-03 13:32:15.996659,mobile_app,2,True
01f3704eb1359ee8,2025-07-09 13:32:15.996659,desktop,2,True
6f4973698f67438d,2025-12-01 13:32:15.996659,mobile_app,2,False
1ffae425bb6d1dcd,2026-04-09 13:32:15.996659,mobile_app,1,True
ffb111efd5013702,2026-04-16 13:32:15.996659,mobile_app,1,True
ab152cad6e1e9be6,2025-10-20 13:32:15.996659,mobile_app,3,True
47b3074396fe0827,2026-02-07 13:32:15.996659,mobile_app,3,True
846d42c055f8ce4b,2026-05-17 13:32:15.996659,mobile_app,3,True
55080a974851d579,2025-12-20 13:32:15.996659,mobile_app,1,False
e9df93f7ce58ef01,2025-09-08 13:32:15.996659,mobile_web,1,True
e1dad9a7a9379183,2026-02-07 13:32:15.996659,mobile_app,2,True
c04f7a690082605e,2025-04-24 13:32:15.996659,mobile_app,3,False
d65a9971ae9ded46,2025-07-13 13:32:15.996659,mobile_app,1,True
01bab024b1c337f4,2025-11-11 13:32:15.996659,mobile_app,1,True
c94993c396deca54,2025-05-03 13:32:15.996659,mobile_app,1,True
68ede6d6fe35d2c1,2025-12-17 13:32:15.996659,mobile_web,2,True
adbdcf0062eadbac,2026-04-30 13:32:15.996659,mobile_app,2,True
bfe94f5b8cc8b71a,2026-06-16 13:32:15.996659,desktop,2,True
239a79359b02be3a,2025-05-02 13:32:15.996659,mobile_app,1,False
e7f9af87af0d1e57,2025-04-22 13:32:15.996659,mobile_app,2,True
58a953eb466a226c,2025-07-31 13:32:15.996659,desktop,2,False
244566ebfc19d742,2026-05-17 13:32:15.996659,mobile_app,1,True
5bbd1284c014c6f8,2026-02-19 13:32:15.996659,mobile_app,1,False
7b24e30084246685,2026-06-14 13:32:15.996659,desktop,2,True
14b195039c2b823c,2026-06-09 13:32:15.996659,desktop,2,False
ea5295fe2e7ea5fc,2026-03-13 13:32:15.996659,mobile_web,3,False
df0a07293dd408cf,2025-10-15 13:32:15.996659,mobile_app,2,False
b50b9f662734bfda,2026-06-03 13:32:15.996659,mobile_app,2,True
bed3c977be2aabac,2025-04-11 13:32:15.996659,desktop,2,True
8c56c4a39ca65278,2025-12-07 13:32:15.996659,desktop,2,True
d5edf92d40234b5a,2026-03-04 13:32:15.996659,mobile_app,1,True
1f547bcd81215639,2025-11-10 13:32:15.996659,mobile_app,2,True
8e956672911f57db,2025-07-08 13:32:15.996659,mobile_app,1,False
b7a7f3d9d82e1672,2026-02-10 13:32:15.996659,mobile_app,2,True
9a6560a4d0eff427,2026-06-11 13:32:15.996659,mobile_web,2,False
b8a887838c26dbb5,2026-06-09 13:32:15.996659,mobile_app,2,True
7c7c73f3ec794c21,2025-06-10 13:32:15.996659,mobile_app,2,False
4f69fadfe3c94b95,2026-05-13 13:32:15.996659,mobile_app,1,False
3694dddce6a591e4,2025-09-16 13:32:15.996659,mobile_app,2,True
a12e6d90a7a4f87e,2026-01-09 13:32:15.996659,mobile_app,2,True
fba13d9597b60762,2025-07-14 13:32:15.996659,mobile_app,3,True
4fbefbbe3d71f4e9,2026-06-05 13:32:15.996659,mobile_app,2,False
b8d04dc0b1c94382,2025-05-20 13:32:15.996659,desktop,3,False
839fd98a2a4a0327,2025-08-19 13:32:15.996659,mobile_app,2,True
26d3cc141b6ed5db,2025-12-10 13:32:15.996659,mobile_app,3,True
ca675a8a472cb331,2026-03-30 13:32:15.996659,mobile_app,1,True
ed529878e2e12859,2025-04-14 13:32:15.996659,mobile_app,1,True
909001b4e80657ac,2026-02-15 13:32:15.996659,mobile_app,1,False
86a6b51537e00123,2025-11-21 13:32:15.996659,mobile_app,1,True
5a244e0017df8bf3,2026-01-04 13:32:15.996659,mobile_app,3,False
d626aabb9d111126,2026-03-20 13:32:15.996659,mobile_app,2,False
a327aaad402f7135,2025-12-25 13:32:15.996659,mobile_web,2,False
50cfb4276b36539e,2026-04-25 13:32:15.996659,mobile_app,2,True
14145aff9b3e3a7c,2026-07-02 13:32:15.996659,mobile_app,2,True
e76dd089af4946a8,2026-02-21 13:32:15.996659,mobile_app,2,False
8be030231bafa58f,2026-05-13 13:32:15.996659,mobile_app,3,True
763d06d07f0893ed,2025-12-26 13:32:15.996659,mobile_app,2,False
e720d97c8a823c5c,2025-06-05 13:32:15.996659,mobile_app,2,True
c81120c378d8b037,2026-04-20 13:32:15.996659,mobile_app,1,True
349c70c7aa440e9a,2026-07-02 13:32:15.996659,mobile_app,3,False
016483710bef6c7f,2026-05-13 13:32:15.996659,desktop,1,False
ffa179ed355611a1,2025-11-13 13:32:15.996659,desktop,2,True
f0543c36d8af8aa1,2026-02-27 13:32:15.996659,desktop,3,True
9b70277de0ab58f4,2025-11-22 13:32:15.996659,mobile_app,1,True
9e570358362605d7,2026-06-19 13:32:15.996659,mobile_app,1,True
3d3a7735cf4bd793,2026-02-01 13:32:15.996659,mobile_app,2,True
ac708af019700342,2025-12-28 13:32:15.996659,mobile_app,2,True
6c78c51676fb1c39,2025-12-18 13:32:15.996659,mobile_app,3,True
2435cc876a526e3e,2025-10-25 13:32:15.996659,mobile_app,3,True
504daa50ef033f89,2025-07-12 13:32:15.996659,mobile_app,2,True
b19b7bd2f9d53846,2025-12-02 13:32:15.996659,mobile_app,3,True
09cc115c4cc74768,2025-06-15 13:32:15.996659,mobile_app,2,True
3e9355243c629d26,2025-11-03 13:32:15.996659,mobile_web,3,True
5cda2bb036e6e202,2026-03-06 13:32:15.996659,mobile_app,1,True
0e71d9089d0d012c,2026-03-20 13:32:15.996659,desktop,2,True
66a71b6e21ba3337,2026-02-06 13:32:15.996659,mobile_app,1,True
590fddfc7cd61c66,2025-10-04 13:32:15.996659,mobile_app,1,True
e1dcbfe5c80eb1f7,2026-03-14 13:32:15.996659,mobile_app,2,False
2b0601883b389f37,2025-05-13 13:32:15.996659,mobile_app,1,False
8e6a223145d20fe4,2025-11-26 13:32:15.996659,mobile_app,2,False
7731ff39970408eb,2025-06-05 13:32:15.996659,mobile_app,2,False
642e32188fe584be,2025-08-26 13:32:15.996659,mobile_web,1,True
6da38aec0f92c081,2026-02-01 13:32:15.996659,mobile_app,2,False
35439fd05c6aa8de,2026-03-21 13:32:15.996659,mobile_app,2,True
73fc182c5fd97770,2025-07-29 13:32:15.996659,desktop,3,True
5266b5139911b9a3,2026-02-02 13:32:15.996659,mobile_app,1,False
207c4678dcc9e8d0,2026-03-12 13:32:15.996659,mobile_app,3,True
7e21e372f24b8642,2025-05-05 13:32:15.996659,mobile_app,3,True
66e7b4e1fda78647,2025-11-25 13:32:15.996659,mobile_app,2,True
bc2a1c673df6fddf,2026-06-10 13:32:15.996659,mobile_app,2,True
ff9d28c55d187dea,2025-11-19 13:32:15.996659,mobile_app,2,True
ff8a3038a4b55f3b,2025-12-05 13:32:15.996659,mobile_web,3,False
b7ccbf6c5c9960ac,2025-06-04 13:32:15.996659,mobile_app,2,True
9c7eb58ef9ddd08e,2025-08-13 13:32:15.996659,mobile_app,3,True
60bc3603463f8d52,2026-04-06 13:32:15.996659,mobile_app,3,True
b67f0d3669387d36,2026-04-25 13:32:15.996659,desktop,2,True
85a8f03a0b8bef13,2025-10-01 13:32:15.996659,mobile_web,2,True
c50aab1b144369c4,2026-06-11 13:32:15.996659,desktop,2,True
3d60a0062e88986e,2026-02-07 13:32:15.996659,mobile_web,2,True
4af6e65bbe9b60a2,2026-05-01 13:32:15.996659,mobile_web,3,True
7dbc2f1b9b09aa07,2026-06-23 13:32:15.996659,mobile_app,1,True
45ff528c90978ccc,2025-05-10 13:32:15.996659,desktop,1,True
449c7974886b0f52,2026-05-23 13:32:15.996659,mobile_app,2,True
a5d475815416601c,2026-06-28 13:32:15.996659,mobile_app,3,True
dbb60120998b8881,2025-05-04 13:32:15.996659,mobile_web,2,True
d026588eb537bebf,2026-04-08 13:32:15.996659,mobile_app,3,True
66af309c5191d09c,2025-06-26 13:32:15.996659,mobile_app,2,True
883a18a6ea9d9554,2026-06-18 13:32:15.996659,mobile_app,1,True
c88752d98249382c,2026-04-24 13:32:15.996659,mobile_app,3,False
c0c82baeba346719,2026-05-13 13:32:15.996659,mobile_web,2,True
86b34288754a4780,2025-08-15 13:32:15.996659,mobile_app,2,False
e4ccc5ccb676a468,2025-09-23 13:32:15.996659,mobile_web,1,True
8bcf4b2970bbe254,2025-11-28 13:32:15.996659,mobile_app,1,True
b675142e85b2c7de,2026-03-15 13:32:15.996659,mobile_web,1,False
d2319e3c64850540,2026-05-23 13:32:15.996659,mobile_app,2,True
e1c96160830360aa,2025-10-17 13:32:15.996659,desktop,2,False
5df9569f1c5d4b36,2026-03-20 13:32:15.996659,mobile_app,2,False
6d6c705d9ba7bfa1,2025-10-07 13:32:15.996659,mobile_app,1,True
faa8f2219164359c,2025-08-24 13:32:15.996659,mobile_app,1,False
614acf97d64cfffd,2025-06-11 13:32:15.996659,mobile_app,2,False
5fba6a4dc53a3440,2025-11-20 13:32:15.996659,mobile_app,3,True
4b4f77087c72a296,2026-06-30 13:32:15.996659,mobile_web,2,True
3b3d060c8582bc9e,2026-02-25 13:32:15.996659,desktop,1,True
9523335db8966fca,2025-06-09 13:32:15.996659,mobile_web,2,False
95e798befeb8cd1b,2025-11-02 13:32:15.996659,mobile_app,3,False
915e85d587238922,2025-09-24 13:32:15.996659,mobile_app,2,False
d9be8cff55a50b33,2025-12-06 13:32:15.996659,mobile_web,3,True
d497ced00e6e8390,2026-04-19 13:32:15.996659,mobile_web,3,True
aa7ce58ed1c86fa7,2025-05-20 13:32:15.996659,mobile_app,2,True
d3c05977fe937302,2025-07-16 13:32:15.996659,desktop,3,True
6e9b9bd4945412c8,2025-04-06 13:32:15.996659,mobile_app,1,True
35e72d487016e694,2025-06-08 13:32:15.996659,mobile_web,3,True
597fac68ec2331f7,2026-02-20 13:32:15.996659,desktop,3,True
5e404403b70efabf,2026-03-09 13:32:15.996659,mobile_web,3,True
5ca58ee454087836,2026-03-11 13:32:15.996659,mobile_app,2,True
73381351a43f096c,2025-05-10 13:32:15.996659,mobile_app,2,True
0f4d1f852f9b73a4,2025-10-22 13:32:15.996659,mobile_app,1,True
b30bcd9ee31d3673,2025-12-08 13:32:15.996659,mobile_web,2,True
e85e8d6e9c6dd9ce,2025-04-18 13:32:15.996659,mobile_app,2,False
ebe5e0ed00c24791,2025-10-01 13:32:15.996659,mobile_web,2,True
f59206fb9b6e8646,2025-05-15 13:32:15.996659,desktop,2,True
976fccf4f59b51af,2025-04-10 13:32:15.996659,mobile_app,2,True
ec7561cfc40fbc93,2026-05-27 13:32:15.996659,mobile_app,1,True
5053ebad43bb4562,2026-01-19 13:32:15.996659,mobile_web,2,True
1e3289429d5e3d64,2025-08-02 13:32:15.996659,mobile_app,2,True
074acf87e8b6caa0,2025-06-28 13:32:15.996659,mobile_app,2,True
00a79c4ed362cdf5,2026-04-26 13:32:15.996659,mobile_app,2,True
0c8c9d607119a178,2026-02-08 13:32:15.996659,mobile_app,1,True
37c33dcac6978429,2025-10-26 13:32:15.996659,mobile_web,3,True
db07ea5e91c4a6ce,2025-07-04 13:32:15.996659,mobile_app,2,True
720455fda7032dff,2026-05-12 13:32:15.996659,mobile_app,1,True
bb51b71d040f6f43,2025-10-02 13:32:15.996659,mobile_app,2,True
1f81d7459c9105cd,2026-02-18 13:32:15.996659,mobile_app,2,True
6cc789a5154a97d8,2026-03-26 13:32:15.996659,mobile_app,2,True
e6fc0a29d254b73e,2025-11-10 13:32:15.996659,mobile_web,1,True
274f2db6027c482a,2025-12-26 13:32:15.996659,mobile_app,1,True
85feb09ba1b5d385,2025-09-16 13:32:15.996659,mobile_app,1,True
b4e52637e09bf31c,2026-02-08 13:32:15.996659,desktop,1,True
c8bfe3c9f1d36c14,2025-06-23 13:32:15.996659,mobile_app,1,True
98f501ed83d312fb,2026-05-28 13:32:15.996659,mobile_web,3,True
39c9ac0e707aa067,2025-06-05 13:32:15.996659,mobile_app,2,True
f1cbaef30c0dd021,2026-06-19 13:32:15.996659,mobile_app,2,True
db5d99804f7b2f34,2025-08-02 13:32:15.996659,mobile_app,2,True
eb67ffa0ab98ca29,2026-01-26 13:32:15.996659,mobile_web,2,True
ef2a6956b04c3366,2026-01-09 13:32:15.996659,mobile_web,1,False
39d6f170daf06f93,2026-06-24 13:32:15.996659,mobile_app,1,True
4a437e6aaee59e31,2025-08-17 13:32:15.996659,mobile_app,1,True
2b5346ff37768e5d,2026-04-18 13:32:15.996659,mobile_app,2,True
4362f570697dae95,2025-09-06 13:32:15.996659,mobile_app,2,True
52cfc0cdf613ad07,2025-08-07 13:32:15.996659,mobile_web,2,True
ee56fe75f8ffb833,2025-06-13 13:32:15.996659,mobile_web,2,False
a02f30c7b0f0b118,2025-08-14 13:32:15.996659,desktop,3,True
e83f0600ed667e0a,2026-02-15 13:32:15.996659,mobile_app,2,True
cd2976aa9a6e97db,2025-07-31 13:32:15.996659,mobile_web,2,True
10faf4ea0b91651e,2025-06-22 13:32:15.996659,mobile_app,2,False
412736107826d34a,2026-02-08 13:32:15.996659,mobile_app,2,False
cfc3f5056464767b,2026-05-07 13:32:15.996659,desktop,2,False
4e991958b86e883f,2025-05-24 13:32:15.996659,mobile_app,2,True
d92e7325c2551a21,2026-04-26 13:32:15.996659,mobile_web,1,True
82645dda37e0ffb3,2025-10-05 13:32:15.996659,mobile_web,2,True
7502274fa174db0a,2026-03-17 13:32:15.996659,desktop,3,True
c5f32ba3f3b66f07,2026-05-06 13:32:15.996659,mobile_app,2,True
74a9bbdb15cce454,2025-07-14 13:32:15.996659,mobile_app,3,False
0120853e842b81dd,2026-04-28 13:32:15.996659,mobile_web,2,True
823673182fb7fe29,2025-09-01 13:32:15.996659,mobile_web,2,True
a46bc7db0f52d2a4,2025-08-21 13:32:15.996659,mobile_app,2,True
8966a8d2ddb5fbca,2026-06-05 13:32:15.996659,mobile_web,2,True
91c00e183ef53381,2026-04-15 13:32:15.996659,mobile_app,3,True
46f61bb072e5493c,2025-07-06 13:32:15.996659,mobile_app,1,False
a2da3c0b218c7d8e,2025-11-14 13:32:15.996659,desktop,2,True
83e53d456fde6af9,2026-05-08 13:32:15.996659,mobile_app,2,True
fb3597b474534f4d,2025-04-07 13:32:15.996659,mobile_app,3,True
b3a519a267bb7a12,2026-03-04 13:32:15.996659,desktop,2,True
f7337b19969cc09d,2026-07-01 13:32:15.996659,mobile_web,3,True
e91487c76de2640e,2025-05-08 13:32:15.996659,desktop,3,True
372722a229879cef,2026-06-25 13:32:15.996659,mobile_app,2,True
ce72f9161d74cb30,2025-10-24 13:32:15.996659,desktop,3,True
4f088f60dbe5a4b2,2025-04-07 13:32:15.996659,mobile_app,3,False
ee35ecd6544968c3,2025-10-13 13:32:15.996659,mobile_app,1,True
4f9ac6b59d53bce0,2025-10-09 13:32:15.996659,mobile_app,2,True
a8a13d2f8c06bd64,2026-01-07 13:32:15.996659,mobile_web,1,False
5869d83c6a75bf02,2026-05-06 13:32:15.996659,desktop,2,True
1acfa8200546d649,2025-10-15 13:32:15.996659,mobile_web,1,False
bde664b39553a869,2025-05-20 13:32:15.996659,mobile_web,2,False
a91405e444d43c49,2026-05-22 13:32:15.996659,mobile_app,2,False
1d5a4068dcab1e25,2025-05-28 13:32:15.996659,mobile_app,2,True
446f742d64206b01,2025-12-26 13:32:15.996659,mobile_app,1,True
0808df50931b5c84,2025-11-01 13:32:15.996659,mobile_app,2,True
ac3452da6e62c335,2026-04-18 13:32:15.996659,mobile_app,2,True
44378a150431f4a4,2025-09-23 13:32:15.996659,desktop,2,False
412f9e9b40891a3b,2026-04-11 13:32:15.996659,mobile_web,2,True
f85c98dfa4453980,2026-02-28 13:32:15.996659,mobile_web,1,True
55fda570fe3109c1,2025-08-08 13:32:15.996659,mobile_app,2,True
d056c412bf5f59a3,2026-06-10 13:32:15.996659,mobile_app,3,True
e3b34a30f1ba9e1a,2025-12-11 13:32:15.996659,mobile_app,1,True
d61335e4bdd8a2a3,2025-10-05 13:32:15.996659,mobile_app,2,True
87e1040513dccb04,2026-05-03 13:32:15.996659,mobile_app,1,True
9c657b69cebbfb72,2026-02-18 13:32:15.996659,mobile_app,2,False
1c38fd228f662bcc,2026-01-27 13:32:15.996659,mobile_app,1,True
dc6994205d206a87,2025-09-04 13:32:15.996659,mobile_web,2,False
b35c5407a82632ea,2025-04-14 13:32:15.996659,mobile_app,2,True
67a2c0dfe7b4cd5b,2025-06-17 13:32:15.996659,mobile_app,1,False
4413200b3cdb0bc1,2026-04-07 13:32:15.996659,mobile_app,2,True
d8d1d69460a13cdb,2026-06-24 13:32:15.996659,mobile_app,2,True
96f8f60e52059a12,2026-06-09 13:32:15.996659,mobile_app,2,False
f4f1ff100549b343,2025-10-04 13:32:15.996659,mobile_app,3,True
543ce823ec005484,2026-04-22 13:32:15.996659,mobile_app,2,True
d02c47c897769b5e,2026-03-19 13:32:15.996659,mobile_app,3,True
8c60bfd33ac54fc9,2025-06-12 13:32:15.996659,desktop,2,True
8d3fd4e16986cd36,2025-05-31 13:32:15.996659,mobile_app,1,False
30a175e323b3a8a9,2025-06-16 13:32:15.996659,mobile_app,1,True
7c57f3577ef1bdff,2026-03-09 13:32:15.996659,mobile_app,2,False
b2bdf4217494ff0e,2025-09-24 13:32:15.996659,mobile_app,2,True
34c3a9bc99476db0,2025-09-28 13:32:15.996659,mobile_app,3,True
625fe1488ab35198,2026-04-09 13:32:15.996659,desktop,2,False
82377d7504cb7792,2025-10-24 13:32:15.996659,mobile_app,2,True
bc0981ed4b5d645d,2025-11-06 13:32:15.996659,mobile_web,2,True
fc611350625a3103,2026-01-03 13:32:15.996659,mobile_app,2,True
cd925debebbcfb06,2025-07-25 13:32:15.996659,mobile_app,2,True
41bfb286771895bf,2025-08-28 13:32:15.996659,mobile_app,1,True
f5ac66662dedc994,2025-11-02 13:32:15.996659,mobile_app,1,True
bf8838024e8c1a0c,2025-08-06 13:32:15.996659,mobile_app,2,True
89480fd4f8acad19,2025-07-20 13:32:15.996659,desktop,1,False
a3a9882a26cf5c64,2025-10-18 13:32:15.996659,mobile_web,2,True
c47b64b59d21ffd1,2026-03-03 13:32:15.996659,desktop,1,True
12003dc76d4e7fe3,2025-07-22 13:32:15.996659,mobile_app,1,True
95e02ecf8e6db33d,2025-08-10 13:32:15.996659,mobile_web,3,True
089cccd9d9974ed8,2025-04-11 13:32:15.996659,mobile_app,3,True
03a8f8ef765c9a04,2026-04-25 13:32:15.996659,mobile_web,2,True
de33617e10fea8b1,2025-12-24 13:32:15.996659,desktop,2,False
57fca404239ddca3,2025-05-08 13:32:15.996659,mobile_web,2,True
ed18d4e4c560057d,2025-11-10 13:32:15.996659,desktop,1,True
0564f46a49316a6e,2025-04-30 13:32:15.996659,mobile_web,2,True
27ee15d243641c78,2026-06-27 13:32:15.996659,mobile_app,1,False
a325915008ce9d8e,2026-06-16 13:32:15.996659,mobile_web,2,True
5a1c536ea261c8f4,2025-07-05 13:32:15.996659,mobile_app,3,True
2daa3348171e7a16,2026-01-20 13:32:15.996659,desktop,2,False
82bad7a83b47ffea,2025-11-08 13:32:15.996659,mobile_web,3,True
b9a5b73c4008efac,2025-12-20 13:32:15.996659,mobile_app,2,True
f29e4dd388c1f720,2025-12-29 13:32:15.996659,mobile_app,2,True
80369c17866bb9fc,2025-05-01 13:32:15.996659,mobile_app,2,True
36d1506e067285a7,2026-05-21 13:32:15.996659,mobile_app,2,False
d97bf39a9ec4cfbf,2025-07-16 13:32:15.996659,mobile_app,2,True
ffb389c5a470587d,2025-05-24 13:32:15.996659,mobile_web,1,True
45842d5c785643f9,2025-09-06 13:32:15.996659,mobile_app,2,True
4919373608731316,2026-01-04 13:32:15.996659,mobile_web,1,False
c25ab5f4b790846a,2026-04-21 13:32:15.996659,mobile_app,2,False
61c827d078464fc8,2025-08-26 13:32:15.996659,mobile_app,1,True
6d3e10627453845b,2025-12-01 13:32:15.996659,mobile_app,2,True
c34cca0802a18f82,2026-04-26 13:32:15.996659,desktop,1,True
809d7ab94a59f6fe,2026-01-20 13:32:15.996659,mobile_app,1,False
e607a1e1840c8211,2025-04-21 13:32:15.996659,mobile_app,2,True
3261fca23765542a,2026-03-04 13:32:15.996659,mobile_app,1,True
03ad588740f4cb07,2026-04-12 13:32:15.996659,mobile_web,3,False
8c726a9236096ccb,2025-08-26 13:32:15.996659,mobile_app,2,False
639636e106fc2df0,2026-04-03 13:32:15.996659,mobile_web,2,True
5ca8b09d91d2075b,2025-05-10 13:32:15.996659,mobile_web,1,False
21d7393c08975368,2025-06-07 13:32:15.996659,mobile_web,3,True
35d2e634783cf1c1,2025-04-11 13:32:15.996659,mobile_app,2,True
633d2f3281705511,2025-05-13 13:32:15.996659,mobile_app,2,False
477cf06a346a0104,2026-03-14 13:32:15.996659,mobile_app,1,True
675d2447c5c6c777,2026-03-28 13:32:15.996659,mobile_app,2,True
007d5c254df4af2f,2026-01-28 13:32:15.996659,mobile_web,3,True
e5e3928e471306d0,2025-12-01 13:32:15.996659,mobile_app,2,True
3fbb4b63adfd1eb1,2025-05-28 13:32:15.996659,mobile_app,1,True
35c1e8be069e2e27,2025-08-03 13:32:15.996659,mobile_app,1,True
7eccbabf9418cfc7,2025-09-12 13:32:15.996659,mobile_app,1,True
425e999ebd9764c5,2025-05-29 13:32:15.996659,mobile_app,2,True
7b19cfe5d540d150,2025-09-12 13:32:15.996659,mobile_web,3,False
22d4d63bde49976c,2026-01-11 13:32:15.996659,mobile_app,3,True
b750434c20898b62,2025-12-27 13:32:15.996659,desktop,2,True
91f06fca963c954e,2025-11-09 13:32:15.996659,mobile_web,1,True
3b039d954590bb51,2026-05-23 13:32:15.996659,mobile_app,3,True
804e178387cb5fc2,2025-07-30 13:32:15.996659,mobile_app,2,True
bc33b4396efe4c12,2025-09-08 13:32:15.996659,mobile_app,2,False
5c141dde52fcc962,2025-08-04 13:32:15.996659,mobile_app,2,False
a7f09a9d1a214838,2025-11-02 13:32:15.996659,mobile_app,1,True
70c6d326f98cad57,2025-07-11 13:32:15.996659,desktop,3,False
7270b16f4a8860f5,2025-04-26 13:32:15.996659,mobile_web,3,True
760471934034e136,2025-10-16 13:32:15.996659,mobile_app,2,True
b8a7108c2ab80dd9,2025-12-12 13:32:15.996659,mobile_app,2,True
a2f6b993bbe2b6e2,2026-05-16 13:32:15.996659,mobile_app,2,True
cfbbea28a7cd4c38,2025-07-13 13:32:15.996659,desktop,1,False
f8d1ac640d00bfe3,2025-05-17 13:32:15.996659,mobile_app,2,True
056774d33829d191,2025-08-18 13:32:15.996659,mobile_web,2,True
2ee5965340eb5d06,2025-06-04 13:32:15.996659,mobile_web,3,True
c6a3f8de25c1a084,2025-06-06 13:32:15.996659,mobile_app,1,True
5607a621fafe99fe,2025-07-04 13:32:15.996659,mobile_app,2,True
58383a12e36ba2c7,2025-11-16 13:32:15.996659,mobile_app,2,False
dbfac61558fd4799,2026-05-18 13:32:15.996659,desktop,2,True
fe01babe2afa4af8,2026-07-01 13:32:15.996659,mobile_app,2,True
3d71dbe50e26e689,2026-03-31 13:32:15.996659,mobile_web,3,True
2407a60aaf847db3,2025-12-18 13:32:15.996659,mobile_web,1,True
6b5a7ef662fe3766,2025-07-29 13:32:15.996659,mobile_web,2,True
1ed31f1912a56873,2025-12-07 13:32:15.996659,mobile_app,1,False
c23d3835a86ad90e,2026-06-22 13:32:15.996659,mobile_app,1,True
63012f4ba90bb775,2026-03-29 13:32:15.996659,mobile_web,2,True
894787d2a40de760,2025-04-13 13:32:15.996659,mobile_app,2,True
59faa39af2896abe,2025-04-09 13:32:15.996659,desktop,2,True
fa9e3d2253b7e262,2026-01-12 13:32:15.996659,mobile_app,2,True
12cc5eb0eaabdc21,2025-07-01 13:32:15.996659,mobile_app,2,True
2d5ba198e1977cae,2025-08-09 13:32:15.996659,mobile_web,3,True
0146f16e113ed565,2025-05-05 13:32:15.996659,mobile_app,1,True
ca072ab7fd33f354,2025-05-25 13:32:15.996659,mobile_app,2,True
87d1e2a0a0669b03,2025-09-19 13:32:15.996659,mobile_app,2,True
e4cd26920ef3d7c6,2026-01-04 13:32:15.996659,mobile_app,2,True
0e9e5c560e8d0928,2025-09-20 13:32:15.996659,mobile_web,3,False
bab31020e6280911,2026-02-07 13:32:15.996659,mobile_app,1,False
fe78d52cac7a14a6,2026-01-25 13:32:15.996659,mobile_app,2,True
4389b19d0590e007,2025-09-29 13:32:15.996659,mobile_app,3,True
029fe39f4fdee583,2025-10-16 13:32:15.996659,desktop,2,True
8690210f5995d044,2025-10-11 13:32:15.996659,mobile_app,2,False
c158b71e78f2fe20,2026-01-08 13:32:15.996659,desktop,3,True
0f8ca7f2e1397598,2025-12-28 13:32:15.996659,desktop,1,True
79e38201c5f7e778,2026-06-28 13:32:15.996659,mobile_app,2,True
b0ea3fdab55b70e3,2025-10-02 13:32:15.996659,mobile_web,3,True
f523e7db62e103d7,2025-10-14 13:32:15.996659,mobile_web,1,True
0b98a6113083e3aa,2025-05-03 13:32:15.996659,mobile_app,2,True
332c386cb91f9fd7,2025-11-15 13:32:15.996659,mobile_app,2,False
e6ee6bcea88d3188,2025-12-02 13:32:15.996659,mobile_web,3,False
186f23c4a1db8160,2026-06-02 13:32:15.996659,mobile_web,3,True
2e136b838b5c567c,2026-04-04 13:32:15.996659,mobile_web,3,True
2330cba290e08fec,2026-01-30 13:32:15.996659,desktop,1,False
1f0f62b8ea87ee89,2026-01-12 13:32:15.996659,mobile_app,2,False
5dc99d3c6f554bb1,2026-01-18 13:32:15.996659,mobile_web,3,False
cef5a0b802cb53c0,2026-01-04 13:32:15.996659,desktop,2,False
ff24f2b657ef535b,2025-07-18 13:32:15.996659,mobile_app,2,True
173985f4af36dc21,2026-05-04 13:32:15.996659,mobile_app,1,True
007bb22195c614b5,2026-02-01 13:32:15.996659,mobile_app,3,True
39f5a92ad742ae31,2026-04-19 13:32:15.996659,desktop,1,True
a627856e28f3836e,2026-02-12 13:32:15.996659,mobile_app,2,True
7082cf07ecfc0d5f,2025-08-25 13:32:15.996659,mobile_web,3,True
3b722d0f0239ed7b,2026-06-11 13:32:15.996659,mobile_app,3,True
341106fa015d4ffa,2026-01-29 13:32:15.996659,mobile_app,3,True
27e1de78b73d664c,2026-06-22 13:32:15.996659,mobile_web,2,True
55f30dda8b1a8adf,2025-04-24 13:32:15.996659,mobile_app,1,True
d8b65c83537fdd98,2025-08-06 13:32:15.996659,desktop,2,True
5da0379aceeb9c66,2026-03-14 13:32:15.996659,mobile_app,1,True
5d6206c4967c140d,2026-04-03 13:32:15.996659,desktop,3,True
44543bcf6bcc8a66,2026-05-18 13:32:15.996659,mobile_app,2,True
67ea263b7f8657a8,2025-11-29 13:32:15.996659,desktop,2,True
96a1b305dad4d3a4,2025-07-25 13:32:15.996659,mobile_web,1,True
fd5941093b6bc333,2025-10-10 13:32:15.996659,mobile_app,2,False
31a3efe38aedf4b6,2025-05-28 13:32:15.996659,mobile_app,3,True
a8058b37d57d75ce,2026-01-27 13:32:15.996659,mobile_app,2,True
944999aeba26cb23,2026-02-26 13:32:15.996659,mobile_app,1,False
34b78661f0e81026,2025-11-27 13:32:15.996659,mobile_web,1,True
16f864444f5d7567,2026-04-02 13:32:15.996659,mobile_app,2,False
67c9b38b3ad1f7fb,2025-04-15 13:32:15.996659,mobile_app,1,True
e19e28d74b976747,2026-04-09 13:32:15.996659,mobile_app,3,True
7822ceb2ad4d1c25,2025-11-27 13:32:15.996659,mobile_app,2,True
c50cb132c3d411c4,2025-11-07 13:32:15.996659,mobile_web,1,True
de164412795e6bd3,2026-06-07 13:32:15.996659,mobile_app,2,False
ab2287a176b467cd,2025-12-01 13:32:15.996659,mobile_web,2,True
5fbe7490c74c4c18,2025-12-08 13:32:15.996659,desktop,1,True
5dfd5a2727f33702,2026-03-06 13:32:15.996659,mobile_app,2,True
3e41cc9cc1538d9f,2026-05-05 13:32:15.996659,mobile_app,1,False
fc375af14d23e52b,2026-06-12 13:32:15.996659,mobile_app,2,True
fa324f2bd34df539,2026-06-29 13:32:15.996659,mobile_app,3,True
4f1a314e9ca2b1b3,2025-11-25 13:32:15.996659,mobile_app,3,False
d552481a845eae29,2026-05-23 13:32:15.996659,desktop,2,True
7d79efabd391ba3c,2025-04-22 13:32:15.996659,mobile_web,2,True
73415b74b10914fb,2026-03-13 13:32:15.996659,mobile_app,1,True
1f98989faf97c083,2025-09-09 13:32:15.996659,mobile_web,2,True
f87371673d0dc6c8,2025-08-30 13:32:15.996659,mobile_app,1,False
e47ccb391692d153,2025-11-19 13:32:15.996659,mobile_web,2,True
3d6cb208648b29f3,2025-05-26 13:32:15.996659,mobile_app,1,False
19fff08518f9fe3b,2026-05-13 13:32:15.996659,mobile_web,3,True
3c23af964741b754,2026-03-18 13:32:15.996659,desktop,3,True
18c67aaf0fc939a7,2026-03-10 13:32:15.996659,mobile_web,2,True
df7a44e0398518e3,2026-05-02 13:32:15.996659,desktop,2,True
1970eed93225b2b2,2026-02-18 13:32:15.996659,mobile_app,1,True
04b28b14d9509875,2026-02-10 13:32:15.996659,mobile_web,2,True
7640ca96b5601acb,2025-07-20 13:32:15.996659,mobile_app,1,True
e03b23d41f4843bc,2026-02-15 13:32:15.996659,mobile_web,1,False
beb5257dee82e076,2025-05-30 13:32:15.996659,mobile_app,2,True
9a796ba7c1a3834e,2025-07-16 13:32:15.996659,mobile_app,2,True
e7b1f25fbbdf818f,2025-05-18 13:32:15.996659,mobile_app,2,True
a532b857936bb28a,2026-05-16 13:32:15.996659,mobile_app,2,True
506486c55bd89155,2025-04-11 13:32:15.996659,mobile_web,1,True
7eaaae739eb4abee,2025-09-26 13:32:15.996659,mobile_web,1,False
b558f8f3117a9952,2025-04-12 13:32:15.996659,desktop,2,True
f594dc9ef2c8f526,2026-01-22 13:32:15.996659,mobile_app,2,True
ee4485fbc8e48cef,2025-04-25 13:32:15.996659,desktop,1,True
3389dbd5f38bb3ee,2025-10-08 13:32:15.996659,mobile_app,2,True
ea4b8e472617aa13,2026-05-31 13:32:15.996659,mobile_app,2,True
1e007b7c448a348b,2025-12-28 13:32:15.996659,mobile_web,2,True
083602286334df00,2026-05-01 13:32:15.996659,mobile_app,3,True
6a69de5d93cc851c,2025-04-30 13:32:15.996659,mobile_app,2,True
17cf6133cabcfe51,2026-02-14 13:32:15.996659,mobile_app,2,False
e6e5ae71f0ba01cd,2026-03-23 13:32:15.996659,mobile_app,2,True
bcb37766559707af,2025-10-24 13:32:15.996659,mobile_web,2,True
9bb65caff6c82e92,2025-12-21 13:32:15.996659,mobile_app,1,True
e9e73af35565aea8,2026-05-19 13:32:15.996659,mobile_app,1,True
3b857ef47f4a767b,2025-06-26 13:32:15.996659,mobile_app,3,True
3932c1d3297ee2fa,2025-06-13 13:32:15.996659,mobile_app,1,True
1d23e52e4bd41e47,2025-07-29 13:32:15.996659,mobile_web,2,True
f92bf15643db5d9d,2025-09-25 13:32:15.996659,desktop,2,True
41926af33000a95a,2025-12-31 13:32:15.996659,mobile_web,2,True
850fc23623df433b,2025-10-29 13:32:15.996659,desktop,3,False
4aec1b96703652b3,2025-11-07 13:32:15.996659,mobile_app,2,False
0f907f70e577eb75,2026-04-18 13:32:15.996659,mobile_web,1,False
80ccf57139d8f168,2026-05-26 13:32:15.996659,mobile_app,2,True
3b23bd50ed0cd57d,2026-03-09 13:32:15.996659,mobile_app,2,True
2d93214e92558e7e,2025-12-08 13:32:15.996659,mobile_web,2,True
232e817690496cd9,2026-04-21 13:32:15.996659,mobile_app,2,True
9aeae7f3b5f9cfcb,2026-05-15 13:32:15.996659,desktop,2,False
cb6ef236383e6739,2025-06-10 13:32:15.996659,mobile_web,2,True
9d11b1d55ff4906e,2026-01-13 13:32:15.996659,desktop,3,True
6730d5b1266e89b5,2025-10-10 13:32:15.996659,mobile_app,2,False
25f8728b7134a5e4,2025-11-06 13:32:15.996659,mobile_app,2,True
13771168e2a5989e,2025-08-02 13:32:15.996659,mobile_web,1,True
4623f91c3f606ae9,2025-07-31 13:32:15.996659,mobile_app,1,True
76483021a13975a0,2026-02-18 13:32:15.996659,mobile_app,2,True
2eaf1be2545d1df3,2025-06-12 13:32:15.996659,mobile_web,2,False
38df09891e3c5bb3,2026-01-15 13:32:15.996659,desktop,2,True
5739a22a3f5bf6ea,2025-06-17 13:32:15.996659,mobile_web,2,True
8575d205476d17bf,2025-12-30 13:32:15.996659,mobile_app,1,True
15e484c7dbcae4c2,2026-05-13 13:32:15.996659,mobile_app,2,False
d57137dc0b3d48c6,2025-07-22 13:32:15.996659,mobile_app,3,False
39e2553535243b9b,2026-06-19 13:32:15.996659,mobile_app,2,False
ab1d681be1a5c66a,2025-07-16 13:32:15.996659,mobile_app,2,False
e7b7243c3d6e0fe6,2026-06-13 13:32:15.996659,mobile_app,3,True
65287ffa981fb6a8,2026-03-30 13:32:15.996659,mobile_app,1,True
68751d02aefcc8bf,2025-10-01 13:32:15.996659,mobile_app,2,False
1e333bb5fee28870,2025-04-30 13:32:15.996659,mobile_app,3,True
9fae737890a3cc14,2025-12-29 13:32:15.996659,mobile_app,2,True
cfa8faaa0425ea10,2026-05-09 13:32:15.996659,mobile_app,1,True
64c51e0e3901b99f,2026-03-19 13:32:15.996659,mobile_web,3,True
fe31bc9ef3b9c1ad,2025-05-21 13:32:15.996659,mobile_app,1,True
0006df34a7ba6532,2025-08-06 13:32:15.996659,desktop,2,False
dd5895ae6ce5a3fc,2026-05-18 13:32:15.996659,mobile_app,1,True
a265166c810e0ebd,2026-01-08 13:32:15.996659,mobile_app,2,True
ad7fa1da285b082e,2026-03-04 13:32:15.996659,mobile_app,2,True
39cb8dc0b4202ace,2026-04-13 13:32:15.996659,mobile_app,2,True
bb407bfc3e8847bb,2025-06-12 13:32:15.996659,mobile_app,3,True
ff3d396be4ce1edf,2025-09-24 13:32:15.996659,mobile_web,2,True
c5e98d8e791f7e4b,2026-04-12 13:32:15.996659,desktop,2,True
621a77855aaccb32,2025-09-09 13:32:15.996659,mobile_app,3,True
dd5465fdf304d085,2025-12-26 13:32:15.996659,mobile_app,3,True
284be82fd28c27f7,2026-06-05 13:32:15.996659,mobile_web,1,True
4635a4e134a0810d,2025-12-10 13:32:15.996659,mobile_app,1,True
b8d8b3b47dc1d1bc,2026-04-09 13:32:15.996659,mobile_app,2,True
3515459b16d06366,2026-03-13 13:32:15.996659,mobile_web,3,True
084741ef8da8bf32,2025-05-29 13:32:15.996659,mobile_app,2,True
a93f1b3549c83c1e,2025-08-13 13:32:15.996659,mobile_web,1,False
6f64a8608ac5ca12,2026-05-02 13:32:15.996659,mobile_app,2,True
94269df29853e5d1,2025-06-10 13:32:15.996659,mobile_app,2,True
c62ab73dd695b11c,2025-10-14 13:32:15.996659,mobile_app,2,True
d045269789bd20c0,2025-05-31 13:32:15.996659,mobile_web,3,True
eb8c3c9fd44fb526,2025-07-28 13:32:15.996659,mobile_app,2,True
81d2c7723ebead27,2026-01-29 13:32:15.996659,mobile_web,2,True
58e4994e13347502,2025-11-01 13:32:15.996659,mobile_web,2,True
b9bc6f0dbd582ad2,2025-11-03 13:32:15.996659,mobile_web,2,True
e857c1f0813fe1d0,2025-08-09 13:32:15.996659,mobile_app,2,False
c0619557ccefc2f3,2026-03-11 13:32:15.996659,mobile_app,2,True
9eb8e4187e1fdecb,2026-02-01 13:32:15.996659,mobile_app,2,False
3dda6f71ee3e52fd,2026-03-13 13:32:15.996659,mobile_app,2,False
90af7cf10368faf1,2026-02-18 13:32:15.996659,desktop,2,True
0bb6c8454a0ad941,2026-04-20 13:32:15.996659,mobile_app,1,True
1f4ff193ad105583,2026-06-16 13:32:15.996659,desktop,2,True
b8d5ee3b416a5ac9,2025-05-01 13:32:15.996659,mobile_app,2,True
1aab0aafd30b403c,2026-05-30 13:32:15.996659,mobile_app,2,True
7757ae79994cef56,2025-05-24 13:32:15.996659,mobile_app,2,True
fdf278a79ce29178,2026-07-01 13:32:15.996659,mobile_web,1,True
7eaf93f760997a25,2025-07-14 13:32:15.996659,mobile_app,3,True
00244b651f95afe9,2026-02-03 13:32:15.996659,mobile_app,3,True
41bb1e73be736a53,2025-11-09 13:32:15.996659,mobile_web,2,True
254135aa18e630a9,2026-02-24 13:32:15.996659,mobile_app,2,False
6df7e5a324e8bb1a,2025-11-21 13:32:15.996659,mobile_app,2,True
7e5769442c39bb4d,2025-12-09 13:32:15.996659,mobile_app,2,True
963d8adfb2d048a7,2025-11-03 13:32:15.996659,mobile_app,3,True
66f29b1a8b2ebd89,2026-01-05 13:32:15.996659,mobile_app,1,False
1794f0a92e44b8aa,2025-10-31 13:32:15.996659,mobile_app,1,True
b64eeb5a1e98b47e,2025-06-22 13:32:15.996659,mobile_web,2,True
799b5be3bd3b78e8,2025-12-17 13:32:15.996659,mobile_app,1,False
6e628807eea61a25,2026-01-19 13:32:15.996659,mobile_app,2,True
6843da240a2b243e,2026-05-04 13:32:15.996659,mobile_app,2,True
4532dc4b971903e9,2026-01-20 13:32:15.996659,mobile_app,1,True
f673416823ca08c5,2026-05-06 13:32:15.996659,mobile_app,2,True
510c17d89c6b3407,2026-04-10 13:32:15.996659,mobile_app,2,True
97b7dc1726e0160f,2025-04-25 13:32:15.996659,mobile_app,3,True
ee2e1e686df3e634,2026-05-23 13:32:15.996659,mobile_app,2,True
754c0f8fde8ef267,2025-11-25 13:32:15.996659,desktop,1,True
9973e440868f085e,2025-06-18 13:32:15.996659,mobile_web,2,False
cc07b306a95355dc,2025-04-25 13:32:15.996659,mobile_app,2,False
396d4811c0102ece,2026-04-27 13:32:15.996659,mobile_app,2,True
3b42d0aeb2ebd41f,2026-04-19 13:32:15.996659,mobile_app,2,True
771b21132c36de8e,2026-01-14 13:32:15.996659,mobile_web,1,True
ba048628fbbfeee9,2025-10-23 13:32:15.996659,mobile_app,2,True
3f74bcfcfbb583b1,2025-04-22 13:32:15.996659,mobile_app,2,True
00b40d964d3c2fc5,2026-03-30 13:32:15.996659,mobile_app,1,True
11f8288b424bb3df,2026-04-19 13:32:15.996659,mobile_app,2,True
909dd946e5f876c3,2026-03-09 13:32:15.996659,mobile_app,3,True
b8e9b95ce7740343,2025-05-31 13:32:15.996659,desktop,2,True
53c582b64ea2324b,2026-06-19 13:32:15.996659,desktop,1,True
cf6d18272becd7bd,2026-01-11 13:32:15.996659,mobile_app,2,True
f2f31c54bb4e76f1,2026-05-09 13:32:15.996659,mobile_app,1,True
1bf6dbf2b1bdca55,2026-04-22 13:32:15.996659,mobile_app,2,True
6caf57bc5c01bbea,2025-05-11 13:32:15.996659,mobile_app,2,True
bd987e80ab989ffb,2026-07-02 13:32:15.996659,mobile_app,1,True
db1425623c6dac52,2026-02-06 13:32:15.996659,mobile_app,2,True
9409f734a849401e,2025-05-12 13:32:15.996659,mobile_web,3,True
dbc9106a58d8fca6,2025-09-29 13:32:15.996659,desktop,1,False
81051906aa5801e5,2026-05-31 13:32:15.996659,mobile_web,3,True
07a24b5ff54d73f8,2025-12-03 13:32:15.996659,mobile_web,2,True
be81ad2cc8c381f9,2025-04-17 13:32:15.996659,mobile_app,2,True
3f7770669ca8ea78,2026-01-01 13:32:15.996659,mobile_app,1,True
29664b0ce253b0dc,2025-11-04 13:32:15.996659,mobile_app,1,True
5a9326985f8a7136,2025-11-02 13:32:15.996659,mobile_app,1,True
cf94f28df8d8f01c,2025-09-05 13:32:15.996659,mobile_app,2,True
42e273733502cdee,2026-04-08 13:32:15.996659,mobile_web,3,True
12f4c45ecf060dd4,2025-06-15 13:32:15.996659,mobile_app,3,True
658406ba13cc0bbf,2025-04-09 13:32:15.996659,mobile_app,1,True
3777912b547dd6dc,2026-04-29 13:32:15.996659,mobile_app,1,True
b5b7f7dfe2bd4ac6,2025-06-25 13:32:15.996659,desktop,1,True
8403575f6e1fae87,2025-06-26 13:32:15.996659,mobile_app,3,True
9d55daeb437be282,2025-07-30 13:32:15.996659,mobile_app,1,True
5195e0497689c0b1,2026-01-15 13:32:15.996659,mobile_app,1,True
286c1e084670c4cb,2025-12-01 13:32:15.996659,mobile_web,2,True
0de8f19afb510c31,2025-06-16 13:32:15.996659,desktop,2,True
bf8fb6bcf11bb47b,2026-04-24 13:32:15.996659,mobile_app,1,False
6e335954ce7a93dc,2025-06-20 13:32:15.996659,desktop,2,True
4e5df3f6246b28bf,2025-05-10 13:32:15.996659,mobile_app,1,True
882e545ac97a7f9d,2025-08-26 13:32:15.996659,mobile_web,1,True
5e157a46f1bb2f33,2026-01-28 13:32:15.996659,mobile_app,1,True
0746b5206f5be081,2025-10-21 13:32:15.996659,mobile_app,2,True
6806f1ba69a7acdb,2026-06-10 13:32:15.996659,mobile_web,3,True
4d5eee869220ab95,2025-05-05 13:32:15.996659,mobile_app,2,True
c16e7d30659e975c,2026-01-28 13:32:15.996659,mobile_app,2,False
4829c2a487c7ebeb,2026-06-07 13:32:15.996659,mobile_web,2,True
1c9040b2065a1b70,2025-07-06 13:32:15.996659,desktop,2,True
fbbb793f851dca83,2025-09-06 13:32:15.996659,mobile_app,3,True
1735d0ad990291a5,2025-09-22 13:32:15.996659,mobile_web,2,True
97a71abbd26924f8,2026-06-08 13:32:15.996659,mobile_web,3,False
cf112ebc0c06f792,2025-07-26 13:32:15.996659,mobile_app,2,True
7fd2776f8a85e1c2,2025-09-16 13:32:15.996659,desktop,2,True
ff4f19ed4c98729f,2025-07-06 13:32:15.996659,mobile_app,1,True
9783303772df6b4f,2025-06-21 13:32:15.996659,mobile_web,2,True
54a795a79cd099bf,2026-03-28 13:32:15.996659,mobile_app,2,False
6a3749ae30bc6f1f,2026-03-29 13:32:15.996659,mobile_app,3,True
a32cd2a9590c38ea,2025-05-08 13:32:15.996659,mobile_app,3,True
9b9cdc93605858e0,2025-11-03 13:32:15.996659,mobile_app,2,True
54da93ec334b1b89,2025-12-15 13:32:15.996659,desktop,3,True
eea0575733630690,2026-02-22 13:32:15.996659,desktop,3,False
2895dff876057afe,2025-09-15 13:32:15.996659,mobile_app,2,False
3c32f4f2f0c1b536,2025-07-24 13:32:15.996659,mobile_app,1,True
1f758df75794b81b,2026-07-01 13:32:15.996659,mobile_app,1,True
84c6506fde27b7a8,2025-10-24 13:32:15.996659,mobile_app,1,False
c0b6572e02fa0f9f,2025-04-07 13:32:15.996659,mobile_app,1,True
d89d24b0a87974fe,2026-02-25 13:32:15.996659,desktop,3,True
69b208eb92819ff4,2026-02-25 13:32:15.996659,mobile_web,1,False
ae63b8161ef83941,2025-05-29 13:32:15.996659,mobile_app,2,True
c72eeee5542aa410,2026-06-04 13:32:15.996659,mobile_app,2,False
ac8cbcc21a1f35a6,2026-01-03 13:32:15.996659,mobile_web,2,True
88bb312024cf56dc,2025-12-06 13:32:15.996659,mobile_app,1,False
ea2c94712de4af53,2025-07-04 13:32:15.996659,mobile_app,2,True
0f0a3035bc0df524,2026-05-05 13:32:15.996659,mobile_app,2,True
7856ac6a3f010ee8,2025-12-17 13:32:15.996659,mobile_app,2,True
29342739aa0b35e7,2026-04-24 13:32:15.996659,mobile_app,1,True
ce4563eb27f8de7f,2025-07-09 13:32:15.996659,mobile_web,2,True
82557bdc622eea11,2025-09-18 13:32:15.996659,mobile_app,1,False
3b6d5844b51fd4e7,2025-11-18 13:32:15.996659,mobile_app,2,False
1263ee3754dbfc8f,2026-01-05 13:32:15.996659,mobile_app,2,False
3f150f19b5966874,2026-04-24 13:32:15.996659,desktop,1,True
f4fd13412a20b2af,2025-05-09 13:32:15.996659,mobile_app,3,True
6e97674bd363490f,2025-09-11 13:32:15.996659,mobile_app,1,True
81aae2bfd67fd44f,2026-02-07 13:32:15.996659,mobile_app,3,True
130ef0b7d607e75d,2025-12-26 13:32:15.996659,mobile_app,3,True
6c7005b1da47c12b,2025-08-06 13:32:15.996659,mobile_app,2,True
6a741b66f01f19f9,2025-08-09 13:32:15.996659,mobile_web,2,True
47704fa36e947836,2025-12-05 13:32:15.996659,mobile_app,1,True
bac4de91c440bcd5,2026-02-15 13:32:15.996659,mobile_app,3,True
bc17663b653c3097,2025-09-05 13:32:15.996659,mobile_app,2,True
c81fb3003abdb25a,2025-09-06 13:32:15.996659,mobile_web,1,True
d152d8d13850e541,2025-10-03 13:32:15.996659,desktop,2,False
1a64381d966de06e,2026-05-30 13:32:15.996659,mobile_web,1,False
2cb47541435e60de,2025-11-29 13:32:15.996659,mobile_app,2,True
c00ee1acc22a1df4,2025-09-26 13:32:15.996659,mobile_web,2,False
af13adb94d2d2b1a,2025-04-26 13:32:15.996659,mobile_web,1,False
a616e2fa595e85b1,2025-11-05 13:32:15.996659,mobile_app,3,True
0682312c4fe1eebb,2026-01-28 13:32:15.996659,mobile_app,1,True
332af83bf957f68d,2025-10-23 13:32:15.996659,mobile_web,2,True
38f0cd147737461d,2026-04-13 13:32:15.996659,mobile_app,2,True
a7a49c1e5b9ff364,2026-05-22 13:32:15.996659,mobile_web,3,True
38933929ebcbd9bf,2025-08-28 13:32:15.996659,mobile_app,2,True
d07c6987e333b98d,2025-04-10 13:32:15.996659,mobile_app,3,False
c47b9571092112c3,2025-06-13 13:32:15.996659,mobile_app,2,True
3125e755dec51209,2025-10-10 13:32:15.996659,mobile_web,3,True
d05478df815163be,2026-06-14 13:32:15.996659,desktop,1,False
2a0c090d56394d49,2025-04-09 13:32:15.996659,mobile_app,2,False
bff6cdbcf4a653d6,2025-12-10 13:32:15.996659,mobile_app,1,True
1856883c734d86a6,2026-02-21 13:32:15.996659,mobile_app,3,True
28ff4e137f28a8f8,2025-05-22 13:32:15.996659,mobile_app,3,False
266ee101a906abf1,2025-07-28 13:32:15.996659,desktop,2,True
a7eb733d4fec61f6,2025-07-26 13:32:15.996659,mobile_app,2,False
e20ea1792d6d23ec,2026-02-26 13:32:15.996659,mobile_app,2,True
10f614e355d8b603,2025-04-07 13:32:15.996659,mobile_app,1,True
35cbb9fbe92d6dcf,2025-12-08 13:32:15.996659,desktop,2,True
059bfa14fa290108,2025-11-03 13:32:15.996659,mobile_app,2,True
21e1d32572f909a2,2025-07-26 13:32:15.996659,mobile_web,2,True
956763b3610ad6d2,2025-09-05 13:32:15.996659,mobile_app,1,True
dcd2285bab2066e5,2026-04-15 13:32:15.996659,mobile_app,3,True
8333b50c6223513b,2026-02-15 13:32:15.996659,mobile_web,1,True
c965c8658d316fa0,2026-01-19 13:32:15.996659,mobile_app,2,True
d612301033672a40,2025-04-27 13:32:15.996659,mobile_web,1,False
05eb1a720ca051a7,2025-08-11 13:32:15.996659,mobile_app,1,True
d736e073b208088a,2026-01-17 13:32:15.996659,mobile_web,1,True
9a0190ebfa4fb610,2025-08-02 13:32:15.996659,mobile_web,2,True
dda620aec0a01508,2025-07-31 13:32:15.996659,mobile_web,2,False
74ed1db07b81344d,2026-01-04 13:32:15.996659,mobile_app,2,True
ce5a8c7be8164acd,2025-12-31 13:32:15.996659,mobile_web,2,True
56c26d75d45e8008,2025-05-22 13:32:15.996659,desktop,2,True
33bf5c87c4d1ecf6,2025-10-20 13:32:15.996659,mobile_app,1,False
ad57ab05eb081f3a,2026-04-25 13:32:15.996659,mobile_app,1,False
1aa34e380bf56035,2025-08-09 13:32:15.996659,mobile_web,2,True
5e1e6a9ace5388c8,2025-10-07 13:32:15.996659,mobile_app,2,True
0161e775ff83238f,2025-11-13 13:32:15.996659,mobile_web,2,True
6cd33be268882700,2025-08-07 13:32:15.996659,mobile_web,1,True
401494933db44ebe,2025-05-16 13:32:15.996659,mobile_app,3,True
a7176a517c491c56,2026-02-02 13:32:15.996659,mobile_app,1,True
ee06cd2f54dfd8e4,2025-12-24 13:32:15.996659,mobile_app,2,False
eb60a5af274e2bc3,2026-04-07 13:32:15.996659,mobile_app,1,False
44f18a58132836f1,2025-09-11 13:32:15.996659,desktop,2,True
e4633fe93cbcdfa4,2025-12-31 13:32:15.996659,mobile_app,2,True
1752c1c3f42fc84a,2026-01-28 13:32:15.996659,mobile_app,2,True
489c8b481f14206d,2025-08-20 13:32:15.996659,mobile_web,1,True
dc5e484b041c219b,2025-12-29 13:32:15.996659,mobile_app,2,True
6462a65647eaf3c0,2025-12-03 13:32:15.996659,mobile_web,1,True
3ad7cd93c7a0a671,2025-12-14 13:32:15.996659,mobile_app,2,True
191344b2c6d42473,2026-03-07 13:32:15.996659,mobile_app,1,True
82ecba038e06f5ef,2026-05-06 13:32:15.996659,mobile_app,1,True
5d0576fcef6b72bd,2025-06-21 13:32:15.996659,mobile_web,2,True
a56275e94ab78498,2026-05-22 13:32:15.996659,mobile_web,1,True
8f6093e26554cb55,2026-02-05 13:32:15.996659,mobile_web,1,True
f8b0d7ba6a7612b0,2025-09-02 13:32:15.996659,desktop,3,True
35d4b45fa86670c2,2026-05-04 13:32:15.996659,mobile_web,3,True
e4c8c294372099d2,2025-09-07 13:32:15.996659,mobile_web,3,True
5f4dac48a23428ac,2025-08-03 13:32:15.996659,mobile_app,2,True
71d87293c5a54732,2025-09-04 13:32:15.996659,desktop,2,True
24d779ab5d562eac,2026-02-14 13:32:15.996659,mobile_web,2,True
b4c1349922ab9b38,2026-06-24 13:32:15.996659,desktop,1,True
1546823dade2de6e,2025-05-25 13:32:15.996659,mobile_app,2,False
73020313a093310b,2026-02-04 13:32:15.996659,mobile_app,1,False
8523988018b08a98,2025-07-01 13:32:15.996659,mobile_web,3,True
57160dc5246e5d7d,2026-04-03 13:32:15.996659,mobile_app,2,False
3c2e548b8d302f8d,2026-04-20 13:32:15.996659,mobile_app,2,True
de5722de11511c12,2025-07-13 13:32:15.996659,desktop,2,True
37db66737da46c7f,2025-05-01 13:32:15.996659,mobile_app,1,True
997e27bd9400cfc4,2025-06-06 13:32:15.996659,mobile_app,2,True
c42fa7859aaf36e0,2025-07-26 13:32:15.996659,mobile_app,2,True
4f13ccc79f968924,2026-03-12 13:32:15.996659,mobile_app,2,True
ca797b21ad08ed1d,2025-05-13 13:32:15.996659,mobile_web,2,True
d25af896874cf13c,2025-09-02 13:32:15.996659,desktop,1,False
b0cbbef637ae075e,2026-04-15 13:32:15.996659,desktop,2,True
0cd201c7cdf30854,2026-05-05 13:32:15.996659,mobile_web,2,False
ded6210435fb61b2,2025-06-01 13:32:15.996659,mobile_web,1,False
b0af1e7fb13ba8c7,2026-02-27 13:32:15.996659,mobile_app,3,False
e89af903948f4650,2025-07-19 13:32:15.996659,desktop,2,True
ef08bb3acdbb9ad9,2026-04-30 13:32:15.996659,mobile_app,2,True
ee3d0547b0040f03,2026-02-25 13:32:15.996659,mobile_app,3,True
3630bbeeb15c8f8f,2026-02-23 13:32:15.996659,desktop,2,False
2c766a6d816795ed,2026-02-25 13:32:15.996659,desktop,3,True
8e6976263b754103,2025-08-29 13:32:15.996659,mobile_app,2,True
69681c2432b24067,2025-05-12 13:32:15.996659,mobile_web,2,True
f89dd11a56211858,2025-05-14 13:32:15.996659,mobile_app,1,True
acc1e8315df1c919,2025-07-30 13:32:15.996659,mobile_app,1,False
e37aa1d1f9e4c2b4,2026-04-01 13:32:15.996659,mobile_app,2,True
312140fda1fce45b,2025-04-21 13:32:15.996659,mobile_app,1,True
2f7f5912abe1b6ac,2025-10-29 13:32:15.996659,mobile_app,1,True
2a5c5cadd8f2fe1d,2025-10-27 13:32:15.996659,mobile_app,2,True
82887a0fc2e1b466,2025-08-17 13:32:15.996659,mobile_app,2,True
b87e4873ff23ecdd,2025-07-18 13:32:15.996659,mobile_app,1,True
1839aff280ce7f7d,2025-04-25 13:32:15.996659,desktop,2,True
159dbd190c8820d6,2025-10-11 13:32:15.996659,mobile_web,3,False
d9d9e8ad9fa6ae1a,2025-09-28 13:32:15.996659,desktop,2,True
a0442dd4fccab3dc,2025-07-28 13:32:15.996659,mobile_app,2,False
d301820f98448e54,2026-03-08 13:32:15.996659,mobile_web,2,True
3501ad12fe5d96fd,2026-02-12 13:32:15.996659,mobile_web,1,True
dcc2577a27d06cec,2025-09-21 13:32:15.996659,mobile_app,2,True
0e57794b5af23a95,2026-06-03 13:32:15.996659,mobile_app,3,True
d43c92acf3acd2a4,2026-02-07 13:32:15.996659,mobile_app,2,True
c9e32d115501e5f4,2025-08-10 13:32:15.996659,mobile_app,2,True
3c8102fe1b5695be,2025-04-14 13:32:15.996659,mobile_app,3,True
05ef0020ab8bb6bf,2025-11-08 13:32:15.996659,mobile_app,1,False
e5ffb9593d09ec65,2026-01-02 13:32:15.996659,mobile_app,2,False
84a236de5257443e,2025-12-14 13:32:15.996659,mobile_web,2,True
7115927fbddc5c70,2025-08-25 13:32:15.996659,mobile_app,1,True
033198a3310cd737,2025-10-28 13:32:15.996659,mobile_app,2,True
da2634a1ea6a97f8,2026-06-22 13:32:15.996659,mobile_web,3,True
8e90233aaf75da39,2025-10-30 13:32:15.996659,mobile_app,2,True
989dec8e52152d84,2026-01-01 13:32:15.996659,mobile_app,1,False
dc26153b5379f1f0,2025-08-18 13:32:15.996659,mobile_app,2,True
4a8e129581f1e263,2025-05-30 13:32:15.996659,mobile_app,1,True
a43aeefd326ae292,2025-04-21 13:32:15.996659,mobile_app,3,True
063474ecfa3041e1,2025-09-28 13:32:15.996659,mobile_app,1,True
a44fa7e393c8167b,2026-01-19 13:32:15.996659,mobile_app,3,True
f5ae64fb767da387,2025-12-13 13:32:15.996659,desktop,2,False
869595153fb2bf98,2026-04-13 13:32:15.996659,desktop,2,True
77028feeabf4c74d,2025-05-03 13:32:15.996659,mobile_app,2,False
326dda4a61cefc01,2025-06-12 13:32:15.996659,mobile_app,1,False
8fa1142fd0bc1300,2025-06-09 13:32:15.996659,mobile_app,2,True
f3654d98a61894e3,2026-02-03 13:32:15.996659,mobile_web,3,True
86ac58a7ab6c0f83,2026-02-06 13:32:15.996659,mobile_web,3,True
0b8f2edc2175c011,2025-06-08 13:32:15.996659,mobile_app,1,True
f7bb672eb286c210,2025-10-28 13:32:15.996659,mobile_app,2,True
09a8079e7a05e8a5,2025-08-16 13:32:15.996659,mobile_app,3,True
123a170c1b899177,2025-11-22 13:32:15.996659,desktop,3,True
b8a6bc2c6df2e436,2025-12-13 13:32:15.996659,desktop,2,False
a453c843a738fc9a,2025-09-18 13:32:15.996659,mobile_app,1,True
1877634c5e47be9a,2025-06-28 13:32:15.996659,mobile_app,3,True
4eb573411ed92acf,2026-01-31 13:32:15.996659,mobile_app,2,True
927f95f311d6425b,2025-06-29 13:32:15.996659,mobile_web,2,True
8e8f4910e8453b1d,2026-03-13 13:32:15.996659,desktop,2,True
d2e8946997a5bed8,2025-12-31 13:32:15.996659,mobile_app,1,True
c8991b4d4bb65fa9,2025-05-13 13:32:15.996659,mobile_app,3,True
0ff16dfee7c6f4b6,2025-04-24 13:32:15.996659,mobile_app,1,True
7cc8c1f978c4a43a,2025-05-08 13:32:15.996659,mobile_app,2,True
f6f4a7331b4eac80,2026-02-09 13:32:15.996659,mobile_web,3,True
5f2251e117904996,2025-06-14 13:32:15.996659,mobile_app,3,False
536ca644196a286c,2025-05-03 13:32:15.996659,desktop,3,True
13a9bdc03f1fd710,2025-04-13 13:32:15.996659,mobile_app,3,True
a7e57a4b2cf9e9cf,2026-06-23 13:32:15.996659,mobile_app,1,True
8c794ca960c3440d,2025-07-29 13:32:15.996659,mobile_app,3,True
c97e1752e8461880,2025-04-05 13:32:15.996659,mobile_app,3,True
127fad88a4b36ca0,2025-07-20 13:32:15.996659,mobile_app,2,True
d40a4fff8e150b4b,2026-03-18 13:32:15.996659,mobile_web,2,False
7e215682af6e679b,2025-07-21 13:32:15.996659,mobile_app,1,True
f5048a8513aca325,2026-05-16 13:32:15.996659,mobile_app,2,True
574882902c51037f,2025-11-26 13:32:15.996659,mobile_app,2,True
c3ce6b4d9ca6235c,2025-09-21 13:32:15.996659,mobile_app,2,True
ebd2705771088c26,2025-12-07 13:32:15.996659,desktop,2,True
9ff9cfb43915893f,2025-08-18 13:32:15.996659,desktop,2,False
c325fe6d36ccc707,2026-03-15 13:32:15.996659,mobile_app,1,True
211376e775c16bdf,2025-09-30 13:32:15.996659,mobile_web,3,False
58592129edd4ad5c,2025-09-12 13:32:15.996659,mobile_web,1,True
a4a43ac0f299657d,2025-09-17 13:32:15.996659,desktop,1,True
0053e2c36cf43771,2026-02-21 13:32:15.996659,mobile_app,1,False
11ad8766ed414c33,2026-02-14 13:32:15.996659,mobile_app,3,True
dacdfc8e1287b237,2026-03-07 13:32:15.996659,mobile_app,3,True
2912f2ae0b8befe1,2025-12-04 13:32:15.996659,desktop,1,True
2b93c4f99de8e2de,2025-10-09 13:32:15.996659,mobile_web,1,False
872326d7c2323c5e,2026-01-19 13:32:15.996659,mobile_app,2,False
a1ffebd3f0b5f938,2025-12-28 13:32:15.996659,mobile_app,1,True
fe34b433ae2f8f4d,2026-02-22 13:32:15.996659,mobile_web,2,True
5bcc4726ad5c5735,2026-03-25 13:32:15.996659,desktop,1,True
3a5115671dcfb2f6,2025-09-06 13:32:15.996659,mobile_app,2,True
88c7a58f47e2ce2d,2025-06-26 13:32:15.996659,mobile_web,2,True
7ff6c132d35017f6,2026-02-20 13:32:15.996659,mobile_app,2,True
70a3b01516b8d791,2025-06-06 13:32:15.996659,mobile_app,2,False
901f587177947522,2025-10-16 13:32:15.996659,mobile_app,1,True
b0011790938147ff,2026-04-17 13:32:15.996659,mobile_web,1,True
4f665d534a7c713f,2026-01-17 13:32:15.996659,desktop,1,False
051ef402671ecfde,2026-06-29 13:32:15.996659,mobile_app,1,True
b97ad2cfb4eff8ff,2026-06-15 13:32:15.996659,mobile_app,3,True
5d630bae67d2f897,2026-01-31 13:32:15.996659,mobile_app,1,True
2c74a60c7b88301b,2025-12-08 13:32:15.996659,mobile_app,2,True
05d24c61aba2e860,2025-07-05 13:32:15.996659,mobile_app,1,True
4225bfea687ff024,2026-05-02 13:32:15.996659,mobile_app,2,True
e2af14e3848f4492,2025-06-16 13:32:15.996659,mobile_app,3,True
a9ea7a7460d1a235,2026-03-18 13:32:15.996659,mobile_app,2,True
9eb6dd21b60414b4,2026-05-01 13:32:15.996659,mobile_app,2,True
44c39cf1cf174e4f,2025-08-18 13:32:15.996659,mobile_web,3,True
5244f66c01bcb6b6,2025-07-15 13:32:15.996659,mobile_app,2,True
e35d9edc8f3ffc2d,2025-09-30 13:32:15.996659,mobile_web,3,False
83b08d25f07fb3b4,2026-05-11 13:32:15.996659,desktop,2,True
b70d6c1cbae07d39,2026-05-11 13:32:15.996659,mobile_app,1,True
4bb1de52ba8940c5,2026-01-06 13:32:15.996659,mobile_app,2,True
c63d7768d6796f9f,2025-12-09 13:32:15.996659,mobile_app,1,True
e55ad678f38bb685,2025-04-04 13:32:15.996659,mobile_app,1,True
72f499e711f95a10,2026-02-22 13:32:15.996659,mobile_app,3,True
dc5448c069bded85,2026-04-06 13:32:15.996659,mobile_app,1,True
d0de2336f3b89db5,2025-04-28 13:32:15.996659,mobile_app,2,False
dfd3bee002f5d467,2026-04-23 13:32:15.996659,mobile_app,3,True
f2116831fbe7b18e,2026-06-20 13:32:15.996659,mobile_app,2,True
730d057a0f88420d,2025-12-22 13:32:15.996659,mobile_web,2,True
0b0106e2d29737a8,2026-01-01 13:32:15.996659,mobile_app,2,True
74003c2ec05d8b55,2025-09-24 13:32:15.996659,mobile_app,3,True
a2280f16ebbd2e64,2025-05-29 13:32:15.996659,mobile_web,1,True
62eacac330e31acc,2025-05-04 13:32:15.996659,mobile_app,1,True
bad62db135023cc4,2026-02-21 13:32:15.996659,mobile_web,2,False
c318802b79b61e57,2025-04-12 13:32:15.996659,mobile_app,3,True
e3723482ce7a87cf,2025-09-18 13:32:15.996659,mobile_app,1,True
3600204014ac5eef,2026-06-01 13:32:15.996659,desktop,2,True
4807a67f91d6db1e,2025-05-02 13:32:15.996659,mobile_app,3,True
bd43d6cec0a264a5,2026-05-01 13:32:15.996659,mobile_app,1,True
eebfd63ea82e8004,2025-10-08 13:32:15.996659,desktop,1,True
103ab9cb0c006f75,2025-07-08 13:32:15.996659,mobile_web,2,True
c5d31c7c5e9a6217,2026-03-11 13:32:15.996659,mobile_web,1,True
f92d7d2bd64420a3,2026-03-01 13:32:15.996659,mobile_app,1,True
deb898a583e3ac3a,2025-11-28 13:32:15.996659,mobile_app,2,True
4ebfc0ca739e8fe8,2025-05-26 13:32:15.996659,mobile_web,2,True
53c1de2adf7925e6,2026-03-23 13:32:15.996659,mobile_app,2,True
f1e93853bf0a19d4,2025-09-04 13:32:15.996659,mobile_app,2,True
d15940b517503170,2025-12-09 13:32:15.996659,mobile_web,2,True
6c573a74dff281e4,2026-05-13 13:32:15.996659,mobile_app,2,True
3d9b3c2aa7132f94,2025-08-13 13:32:15.996659,mobile_app,3,False
97b915ec9991720f,2025-06-19 13:32:15.996659,mobile_app,2,False
d02bd524992a6899,2025-10-14 13:32:15.996659,mobile_app,2,True
cb98e1760bf794dc,2026-04-13 13:32:15.996659,mobile_web,3,True
cd1f370afac5a8a9,2026-04-23 13:32:15.996659,desktop,3,False
1beccdb64034fa01,2025-12-22 13:32:15.996659,mobile_app,1,False
85cbb4843187d0cf,2025-11-14 13:32:15.996659,mobile_app,3,True
899fcc9a6035918c,2025-10-24 13:32:15.996659,mobile_app,3,True
67163939e1521d12,2026-03-14 13:32:15.996659,mobile_app,2,True
667ba1822183a5af,2025-11-17 13:32:15.996659,mobile_app,1,False
5b19f83898c67ec5,2026-02-18 13:32:15.996659,desktop,2,False
52f54d6011b58cc0,2025-08-24 13:32:15.996659,mobile_app,2,False
e17a5bbcafa0ca91,2025-07-05 13:32:15.996659,mobile_app,2,True
15fa5bfda75f0b98,2025-09-09 13:32:15.996659,desktop,2,False
b8beafacc7ce6f9f,2026-07-02 13:32:15.996659,mobile_app,1,True
9554f16fc7a9e340,2025-04-07 13:32:15.996659,desktop,1,True
a821e075fedbf8f0,2026-06-22 13:32:15.996659,mobile_app,3,True
cd8bc837c8142a7b,2025-04-04 13:32:15.996659,mobile_app,1,True
87f96d7e1b9caa94,2026-06-18 13:32:15.996659,desktop,2,True
be6e907d0ee44cd5,2025-11-10 13:32:15.996659,mobile_app,1,True
35d293b9cdec5607,2026-05-15 13:32:15.996659,mobile_app,2,True
210c325b716465cc,2026-05-20 13:32:15.996659,mobile_app,2,False
97ab71e67e03f658,2025-08-26 13:32:15.996659,mobile_web,1,True
b42bae6f717ccdce,2025-08-05 13:32:15.996659,mobile_app,2,True
8741c8cf6c31a630,2026-05-10 13:32:15.996659,mobile_app,2,True
a0c51262231e4348,2025-04-14 13:32:15.996659,mobile_web,1,True
40506217c32bc6bf,2026-02-07 13:32:15.996659,mobile_web,2,True
79fae8ad9e475908,2026-02-08 13:32:15.996659,mobile_app,2,True
b55a459b13825ac4,2026-02-17 13:32:15.996659,mobile_app,2,True
422a783560fff6b4,2025-12-05 13:32:15.996659,mobile_app,2,True
6126d4507a234834,2026-04-13 13:32:15.996659,mobile_app,2,False
746e7a362ffc0e21,2025-12-21 13:32:15.996659,mobile_app,1,True
c2182c499d249bb8,2026-03-29 13:32:15.996659,mobile_app,1,True
ea8cde382df64e3e,2026-06-09 13:32:15.996659,mobile_app,2,True
1e25cfb71762450e,2026-01-16 13:32:15.996659,mobile_app,2,False
13e72dafdfa4fcdb,2025-08-31 13:32:15.996659,mobile_web,3,True
36ac4eefa03a74ff,2025-07-20 13:32:15.996659,mobile_app,1,True
d67920c2f794dd06,2026-01-23 13:32:15.996659,desktop,2,True
2f4c4b15174a1e31,2026-02-05 13:32:15.996659,desktop,2,True
3e6db0eb980a8bb5,2025-07-09 13:32:15.996659,mobile_app,1,False
874779ad1a611454,2025-08-27 13:32:15.996659,desktop,2,True
57271921dc16a254,2025-06-19 13:32:15.996659,desktop,2,True
c9f57a5736c21d11,2025-05-16 13:32:15.996659,mobile_app,1,False
650e561c06b2d3fd,2025-06-24 13:32:15.996659,mobile_web,2,False
b743b83fc9c4bf90,2025-05-02 13:32:15.996659,mobile_app,1,True
daf0a5861ef8a763,2025-12-25 13:32:15.996659,mobile_web,3,True
fd72a9d44028130e,2026-01-04 13:32:15.996659,mobile_app,1,True
e0ca314716021742,2026-02-06 13:32:15.996659,mobile_app,1,True
6feba1680756a238,2026-03-17 13:32:15.996659,mobile_app,1,False
fdf6d9e3a7495a12,2025-07-27 13:32:15.996659,desktop,1,False
8e7194fe69aac68e,2025-08-11 13:32:15.996659,mobile_app,1,True
2ac10a4c9fe62c48,2025-07-03 13:32:15.996659,mobile_app,2,True
4324f0fd677e4c1f,2026-04-17 13:32:15.996659,mobile_app,1,True
9909ebdce2eccff9,2025-11-21 13:32:15.996659,mobile_app,1,True
e874be8de0164257,2026-03-24 13:32:15.996659,mobile_web,1,False
a02ae086ae74b5f5,2025-05-22 13:32:15.996659,mobile_web,2,True
6328ffd1df51b2d9,2026-03-03 13:32:15.996659,mobile_app,1,True
f9248d1eec5fb3b7,2026-04-28 13:32:15.996659,mobile_app,2,True
ac942727e054e8b9,2025-10-16 13:32:15.996659,mobile_app,2,True
f5fd51d579b7b655,2025-05-29 13:32:15.996659,mobile_app,2,True
9aa5cdcb671ce66e,2025-05-12 13:32:15.996659,mobile_web,1,True
42d2adcb97e602e4,2026-05-20 13:32:15.996659,mobile_web,3,True
fa6ea0523ca95773,2026-02-04 13:32:15.996659,mobile_app,2,True
4e5b36b21639d539,2026-04-24 13:32:15.996659,mobile_app,1,True
d0675da6c0ebba68,2026-02-12 13:32:15.996659,mobile_app,2,True
9ba283c4cf061c53,2025-11-02 13:32:15.996659,mobile_app,2,True
ff2e01db296fea68,2026-02-25 13:32:15.996659,mobile_app,2,False
aea6656d130acaba,2026-06-02 13:32:15.996659,mobile_web,2,True
2d7362d822e3e32b,2025-11-12 13:32:15.996659,mobile_app,2,False
097115cd4345be52,2026-06-08 13:32:15.996659,desktop,1,True
52bfff19662ecfec,2026-03-21 13:32:15.996659,mobile_app,3,True
43bc973db3ab5916,2026-07-02 13:32:15.996659,mobile_app,1,True
940901400fe4c3f5,2026-05-24 13:32:15.996659,mobile_app,1,True
8aa896c433d93f9b,2025-12-16 13:32:15.996659,mobile_app,1,False
239e4eda3069d665,2025-06-10 13:32:15.996659,mobile_app,2,True
f71b7e841322a882,2025-07-15 13:32:15.996659,mobile_app,3,True
baa192eb004c5d4b,2026-05-19 13:32:15.996659,mobile_web,3,True
0ed5d19ed4579f1d,2026-06-17 13:32:15.996659,mobile_app,3,True
a00ab5bcf5b22854,2026-01-30 13:32:15.996659,mobile_web,2,True
46738cf446e42503,2025-09-09 13:32:15.996659,mobile_web,2,False
c9e46a7d357c8acf,2025-07-28 13:32:15.996659,mobile_app,2,True
53596adfceb0d70d,2025-06-23 13:32:15.996659,mobile_app,1,True
3e691e1b61d1263b,2026-01-28 13:32:15.996659,mobile_app,3,False
1f9f9f4c1e3f080e,2026-04-17 13:32:15.996659,mobile_app,2,True
824f584c9b61b14e,2026-06-21 13:32:15.996659,mobile_web,2,True
170e5cf7e8454262,2026-04-27 13:32:15.996659,desktop,2,False
9b6238e86b540f8b,2026-06-03 13:32:15.996659,mobile_app,2,True
5bc70f7cbae0a2ba,2025-06-06 13:32:15.996659,mobile_app,1,True
ccbb61446bfbe6bd,2026-03-02 13:32:15.996659,mobile_web,2,False
3c0518a5ebca1f10,2025-06-23 13:32:15.996659,mobile_web,2,True
a656a2cf278484c1,2025-10-24 13:32:15.996659,mobile_app,3,False
10c44b8f01c2bcca,2025-10-30 13:32:15.996659,mobile_web,1,True
d289ebe5abec2d4b,2025-12-08 13:32:15.996659,mobile_app,1,True
fff98f71b7bfc41f,2025-06-25 13:32:15.996659,mobile_app,2,True
c05a1ec963ef529c,2026-06-13 13:32:15.996659,mobile_app,3,True
a074baf7b383dfaf,2026-05-21 13:32:15.996659,mobile_app,3,True
a5df8d004ec4e6a6,2025-12-22 13:32:15.996659,desktop,2,True
2d5eb868860ba4ff,2026-01-04 13:32:15.996659,mobile_app,1,True
9b6cad0079b3b795,2025-10-27 13:32:15.996659,mobile_app,1,True
c3fd3c158ebf81c3,2025-08-01 13:32:15.996659,mobile_app,2,True
d94464f994702977,2025-10-08 13:32:15.996659,mobile_app,1,True
c5dfc2d6a4bae613,2026-03-07 13:32:15.996659,mobile_app,2,True
08e05c8d24cf2a30,2026-02-04 13:32:15.996659,mobile_app,3,True
2ca8c6df98f5920b,2025-07-25 13:32:15.996659,mobile_web,2,True
d986d0c9caaa9cf6,2026-04-02 13:32:15.996659,mobile_app,2,True
6ce1eef9e4c3e93f,2025-11-15 13:32:15.996659,mobile_web,1,True
520665d84388c811,2025-10-30 13:32:15.996659,mobile_app,1,True
4b34e6f041a7d8f0,2025-07-26 13:32:15.996659,mobile_web,2,True
b59008a6af1d9a45,2025-08-11 13:32:15.996659,mobile_web,2,True
a776acbc964423be,2025-12-03 13:32:15.996659,mobile_app,1,True
d3b9e66beada7f6f,2026-02-12 13:32:15.996659,mobile_app,1,False
4138033aa1333522,2026-01-16 13:32:15.996659,desktop,1,True
57cfca37b77558fb,2025-12-27 13:32:15.996659,mobile_app,2,True
17b032670b144260,2026-03-25 13:32:15.996659,mobile_web,2,True
8fb402927bcc820c,2025-09-21 13:32:15.996659,mobile_app,2,True
bccf7d709d49c0ac,2026-03-30 13:32:15.996659,mobile_app,2,True
23dc61539d9a397a,2025-09-10 13:32:15.996659,mobile_app,1,True
550059b9c684f366,2025-07-26 13:32:15.996659,desktop,2,True
61247c85ed0367df,2025-04-21 13:32:15.996659,mobile_app,1,True
4608761007d2cbeb,2026-05-09 13:32:15.996659,mobile_web,3,True
83a68da0046c1b0c,2025-07-22 13:32:15.996659,mobile_web,1,True
47f2b88107b9ca54,2026-05-24 13:32:15.996659,mobile_app,2,True
082a159bdc73a3e2,2026-01-30 13:32:15.996659,mobile_app,1,True
89a3e95dd970b5b9,2026-04-13 13:32:15.996659,mobile_app,2,True
b500d96b268c66c0,2026-04-20 13:32:15.996659,mobile_app,1,True
941c41aba4bb20cb,2026-04-14 13:32:15.996659,mobile_web,3,True
4b14a2cdc00a7fad,2026-06-13 13:32:15.996659,mobile_app,1,True
c38f8bebb794476e,2025-06-23 13:32:15.996659,mobile_app,3,False
73859ea855ec4dd6,2026-06-05 13:32:15.996659,mobile_web,2,False
574c96360ff43db1,2026-01-02 13:32:15.996659,mobile_app,1,True
2e0a5e5233e32e63,2025-08-18 13:32:15.996659,mobile_app,1,True
e97d30ab8a803d36,2025-04-08 13:32:15.996659,mobile_app,2,True
8d3177f623a2b68a,2025-06-09 13:32:15.996659,mobile_app,3,False
27e950270da7361d,2026-05-01 13:32:15.996659,mobile_web,3,True
66ab487652dde679,2025-04-09 13:32:15.996659,mobile_app,1,True
c1faca724b1f46b0,2025-09-08 13:32:15.996659,mobile_app,2,True
93c98b6198ed374c,2026-04-12 13:32:15.996659,mobile_app,1,True
b917e1c20628d51e,2025-12-10 13:32:15.996659,mobile_app,1,True
ea0f11e96702074d,2025-05-11 13:32:15.996659,mobile_web,2,True
751474800dd40e48,2026-01-05 13:32:15.996659,mobile_app,2,True
a4bc583d81a12880,2026-04-10 13:32:15.996659,desktop,1,True
4057d1521e1a16d4,2025-05-30 13:32:15.996659,mobile_web,3,True
850cb20447da9056,2025-04-25 13:32:15.996659,mobile_app,2,True
83a7c1d8dc7f2c20,2025-04-15 13:32:15.996659,mobile_web,2,False
2f4d89cb90b8508d,2025-04-24 13:32:15.996659,mobile_app,1,False
2ed00adc22f156ff,2025-05-31 13:32:15.996659,desktop,3,True
caaf55c16e2ecbf6,2025-12-08 13:32:15.996659,mobile_app,2,False
7bd3cd1678ca777a,2026-04-06 13:32:15.996659,mobile_app,2,True
5c00176a84928417,2025-09-25 13:32:15.996659,mobile_app,1,True
c307b05d4b5df1b5,2026-03-24 13:32:15.996659,mobile_app,3,False
ac31b9e4903912f0,2025-11-29 13:32:15.996659,mobile_web,2,True
c199c735a369f9ab,2025-09-07 13:32:15.996659,mobile_app,3,False
e253f6548a1ffed0,2025-04-28 13:32:15.996659,mobile_app,2,True
40b6325ba8ce9ab4,2026-02-21 13:32:15.996659,mobile_app,2,True
613a5856394e2659,2026-03-10 13:32:15.996659,desktop,2,True
61a1f4a9cdeab6b4,2025-08-02 13:32:15.996659,mobile_web,3,True
4d9aad18c1f8107c,2026-06-30 13:32:15.996659,mobile_app,1,False
829ed6c2e2c2ae04,2025-10-18 13:32:15.996659,mobile_app,1,True
23101d1a9a2a42f8,2025-07-28 13:32:15.996659,mobile_app,2,True
161bd95a247cafc2,2025-10-25 13:32:15.996659,desktop,2,True
da01b6e646c4c2fa,2026-01-09 13:32:15.996659,mobile_web,2,True
7ae1a90d93a8e8e5,2025-06-21 13:32:15.996659,mobile_app,2,True
36e7bae5af4a0dd2,2026-01-15 13:32:15.996659,desktop,2,True
01d3f3959c0a7d99,2025-08-13 13:32:15.996659,mobile_app,2,True
289e21f9ddffcb56,2025-12-03 13:32:15.996659,mobile_web,2,True
88c6ad84159519b0,2026-06-20 13:32:15.996659,mobile_app,3,True
4ffe424d37389318,2025-11-03 13:32:15.996659,mobile_app,1,True
58322efbb0f1ca47,2026-06-10 13:32:15.996659,mobile_app,2,True
a6b85b1d4d2b1384,2025-05-05 13:32:15.996659,mobile_app,3,True
7345b21f335905b8,2025-10-02 13:32:15.996659,desktop,1,True
3c30ffe69acfc9b9,2026-01-14 13:32:15.996659,mobile_app,2,True
07d9a59ef9bb6207,2025-11-23 13:32:15.996659,mobile_web,2,True
60d639ed9020249f,2025-09-24 13:32:15.996659,mobile_web,2,True
2237704b31f5c5f9,2026-03-06 13:32:15.996659,mobile_web,2,True
f946f0601cd45c1e,2026-02-21 13:32:15.996659,desktop,1,False
5f9434ff22fefdf0,2025-12-24 13:32:15.996659,mobile_app,3,True
004c3d905204d339,2026-03-07 13:32:15.996659,mobile_app,1,True
b9cd403dd842e029,2025-07-23 13:32:15.996659,mobile_app,2,True
719f767c57cf3916,2026-05-16 13:32:15.996659,mobile_app,2,True
2b7f2c054e24ce41,2025-06-21 13:32:15.996659,desktop,1,True
b51a699c5791251d,2026-01-25 13:32:15.996659,mobile_app,1,True
9d4bf1d94174a969,2025-10-20 13:32:15.996659,mobile_app,3,True
899655a773e305c4,2026-04-22 13:32:15.996659,mobile_app,2,True
1a010e3e3612e35d,2026-01-08 13:32:15.996659,mobile_app,1,False
2ad7a4e93f8e24fc,2025-07-24 13:32:15.996659,mobile_web,2,True
267c68cdd8925f3d,2026-03-01 13:32:15.996659,mobile_app,2,True
ae6a849903cdc32d,2026-05-03 13:32:15.996659,mobile_web,1,True
d16bd5090aaf0035,2025-11-07 13:32:15.996659,mobile_web,2,True
a707c5b646bd5dd1,2026-04-20 13:32:15.996659,mobile_web,2,False
b11f444e8c732fb4,2026-02-09 13:32:15.996659,mobile_app,1,True
9943a91c348a8bea,2025-12-10 13:32:15.996659,mobile_web,3,False
a8e6be0cfbbca788,2025-10-19 13:32:15.996659,mobile_app,1,True
fd9e49a067d8122b,2025-09-15 13:32:15.996659,mobile_app,1,True
a5443516171bcbb7,2025-08-29 13:32:15.996659,mobile_web,1,True
ceeacb24b63740d5,2025-06-13 13:32:15.996659,mobile_web,2,True
26879027b720ad94,2026-06-02 13:32:15.996659,mobile_app,2,True
77f5aaf2ea37b8ab,2026-01-19 13:32:15.996659,desktop,3,True
b8a4e415a2f5fd70,2026-07-02 13:32:15.996659,mobile_app,1,False
b984c8b87d412877,2026-06-28 13:32:15.996659,mobile_app,2,True
38693d9aaf91f4b6,2026-03-28 13:32:15.996659,desktop,2,True
8d475c06c48a9d13,2025-10-03 13:32:15.996659,mobile_app,2,True
089e59d28ab01051,2025-05-21 13:32:15.996659,mobile_web,1,True
5d3096021b9149b1,2025-07-16 13:32:15.996659,mobile_app,3,True
b279cc1d11e9b283,2025-09-11 13:32:15.996659,mobile_web,1,True
9b3626b430061c16,2025-07-13 13:32:15.996659,mobile_web,2,False
5e3f4183d5edab31,2026-04-15 13:32:15.996659,mobile_web,2,True
09529a1cc3ca2dbc,2025-06-15 13:32:15.996659,mobile_app,1,True
b45e1db4098d6cf9,2025-05-23 13:32:15.996659,mobile_web,3,True
b55351711ec72e1d,2026-05-20 13:32:15.996659,mobile_app,3,True
1635fae8cbd710ce,2025-12-01 13:32:15.996659,desktop,2,True
abcf1527ee1c9e68,2025-06-20 13:32:15.996659,mobile_app,2,True
8e5df1a85634a3b7,2025-11-28 13:32:15.996659,mobile_app,2,True
f757f0b3f16ef9a4,2025-06-15 13:32:15.996659,desktop,2,True
a4033b9607d20c6a,2025-05-03 13:32:15.996659,mobile_app,1,True
bddf125630551418,2025-11-29 13:32:15.996659,mobile_app,2,False
192a94467f45cd4d,2026-06-05 13:32:15.996659,mobile_web,2,True
3df45c2164ee794f,2026-01-29 13:32:15.996659,mobile_app,2,True
1854b37012012986,2026-03-27 13:32:15.996659,mobile_app,2,True
bd2ebcbd2edb86d5,2025-11-29 13:32:15.996659,mobile_app,1,True
6fdacfe1da70ba3b,2025-10-09 13:32:15.996659,mobile_app,3,False
b86dc23307ad1e36,2025-12-03 13:32:15.996659,mobile_app,1,True
b5bc7537900e7904,2026-04-05 13:32:15.996659,mobile_app,1,True
841f5748eab416ab,2026-02-15 13:32:15.996659,mobile_app,2,True
a3f8864436d0ece9,2025-08-27 13:32:15.996659,mobile_app,2,True
3be38e550a64b485,2026-06-20 13:32:15.996659,mobile_app,1,True
5550c0e15136801e,2026-03-27 13:32:15.996659,mobile_web,2,False
7d883ae677ca07a2,2025-05-22 13:32:15.996659,mobile_web,2,True
14e27e88852258cc,2026-05-18 13:32:15.996659,mobile_app,1,True
6785ab9200992429,2025-12-26 13:32:15.996659,mobile_app,3,True
74fefeb21ceba72b,2026-03-30 13:32:15.996659,desktop,2,False
ebbb980655bc345a,2026-05-16 13:32:15.996659,mobile_app,2,True
ecfc1ebaaeba527d,2025-12-22 13:32:15.996659,mobile_app,1,True
7db669540fa8e6e4,2025-11-07 13:32:15.996659,mobile_app,2,True
143e78c42d081bcd,2026-04-13 13:32:15.996659,mobile_app,3,True
2f626d605587ad9d,2026-05-28 13:32:15.996659,mobile_web,1,False
be3001fdb3b1dcd1,2026-05-02 13:32:15.996659,desktop,1,True
088e5b501f1d0129,2025-09-09 13:32:15.996659,desktop,1,True
e7991c67212dee56,2025-06-06 13:32:15.996659,mobile_app,1,True
8680489b9083542c,2026-04-11 13:32:15.996659,mobile_app,3,False
b03df6edd796c4c4,2026-02-07 13:32:15.996659,mobile_app,2,True
9a1fedfb52168cc7,2026-01-27 13:32:15.996659,mobile_app,2,False
bc4fcdcfccaa1fb9,2026-01-19 13:32:15.996659,mobile_app,3,False
b25781a3c22216e8,2026-03-13 13:32:15.996659,mobile_web,3,False
2a28d11f20f47f3e,2026-06-07 13:32:15.996659,mobile_app,3,True
dfddedc01ad5381b,2025-11-06 13:32:15.996659,desktop,2,True
5ec9337a387873d0,2026-01-21 13:32:15.996659,mobile_app,2,False
6bdfa929c50eab57,2026-01-28 13:32:15.996659,mobile_app,1,False
93f350174ae98c2e,2026-03-04 13:32:15.996659,desktop,2,True
008d1998426a50fb,2025-05-06 13:32:15.996659,mobile_web,2,True
82b0b32c804a3818,2025-09-28 13:32:15.996659,mobile_app,1,True
0d5d0ab036616415,2025-12-24 13:32:15.996659,mobile_app,2,True
1cfb2ec8847edff8,2026-03-31 13:32:15.996659,mobile_app,2,False
c9091b27436e3261,2025-07-03 13:32:15.996659,mobile_app,2,True
85640361bd5fc14f,2025-05-24 13:32:15.996659,mobile_app,1,True
e7019999ce78ec54,2026-06-18 13:32:15.996659,mobile_app,2,True
62f7183028ec7198,2025-05-06 13:32:15.996659,mobile_web,2,False
68c5cfe33add6c6f,2025-08-18 13:32:15.996659,mobile_app,2,True
05a0ccded702e1ac,2026-05-18 13:32:15.996659,mobile_web,2,True
319d985c5a06d0c4,2025-07-25 13:32:15.996659,mobile_web,1,True
1d5193d1cef19a1a,2026-05-15 13:32:15.996659,mobile_app,1,False
4d6c13ef9105b4e5,2026-06-09 13:32:15.996659,mobile_app,2,True
cc3bd0c0d8825f72,2026-05-11 13:32:15.996659,mobile_app,1,True
5c81ec494b795e78,2025-12-05 13:32:15.996659,mobile_web,2,True
0525c539d4caa1e1,2025-09-24 13:32:15.996659,mobile_web,3,False
e22cc259c82b5e95,2025-12-29 13:32:15.996659,mobile_web,1,True
e5c3fb47bb3c32b3,2026-05-08 13:32:15.996659,mobile_app,2,True
5b0ecd533471100e,2026-04-03 13:32:15.996659,mobile_app,2,True
973c0a72b070d36d,2025-06-10 13:32:15.996659,mobile_app,2,True
3ad65a15a2feb896,2025-04-21 13:32:15.996659,mobile_app,1,False
6ccd381dbe656a55,2025-07-24 13:32:15.996659,mobile_web,1,True
122eb8d7708f8ae4,2026-05-16 13:32:15.996659,mobile_app,3,True
4d8d387f9c32466e,2025-06-24 13:32:15.996659,mobile_app,1,False
2ab98132d4b2a6b8,2025-08-22 13:32:15.996659,mobile_app,2,True
1370a663efe05951,2025-11-05 13:32:15.996659,mobile_app,2,False
b19a4417ed196cfb,2026-04-28 13:32:15.996659,mobile_web,1,True
48e31d685db542f5,2025-04-05 13:32:15.996659,mobile_app,2,True
8b5dab45c8ad25da,2025-12-13 13:32:15.996659,desktop,1,False
08376e973eb6a0f5,2026-06-12 13:32:15.996659,mobile_web,1,False
5e8745c870b27ea4,2026-03-29 13:32:15.996659,desktop,2,True
88910f0f87610ba7,2026-01-01 13:32:15.996659,mobile_web,3,True
c12499685efc4ea2,2026-06-04 13:32:15.996659,mobile_web,1,False
c18e23e067d12f6a,2026-02-05 13:32:15.996659,mobile_web,1,True
ef7a5941a7454407,2025-12-01 13:32:15.996659,mobile_app,3,True
89054e54e60f765a,2025-04-27 13:32:15.996659,mobile_app,1,True
1744d5c751ce6c33,2026-05-24 13:32:15.996659,mobile_app,3,True
0389811e802bd9c0,2025-10-13 13:32:15.996659,mobile_app,2,True
7fb5a7dfb486f64c,2025-05-12 13:32:15.996659,mobile_app,2,False
1f4c2291fe235c88,2025-07-01 13:32:15.996659,desktop,2,True
952f58553dcee4f3,2025-05-08 13:32:15.996659,mobile_app,2,True
a35cb5aa7d1505b5,2026-04-16 13:32:15.996659,mobile_app,1,True
2e59bb76184f5709,2025-07-03 13:32:15.996659,mobile_web,3,False
eb9e756897be5329,2025-04-13 13:32:15.996659,mobile_app,3,True
2b27d59e89888200,2026-02-04 13:32:15.996659,desktop,3,False
987a18d82f1f9b40,2025-11-18 13:32:15.996659,mobile_app,2,True
52c43a1e686ed422,2025-11-03 13:32:15.996659,desktop,2,True
964545d72ef42c46,2025-11-20 13:32:15.996659,mobile_web,2,False
cbe1f9c1c18caf2e,2026-02-21 13:32:15.996659,mobile_app,1,True
bb84bc1ce8b8fba6,2025-04-17 13:32:15.996659,mobile_app,2,False
3406775a31fc3161,2025-04-23 13:32:15.996659,mobile_app,2,True
1f1e221c00b958bd,2026-01-10 13:32:15.996659,mobile_app,2,True
c2a3a0376d5ceed9,2025-07-01 13:32:15.996659,mobile_app,2,True
050cc5fbee47bbf9,2026-01-03 13:32:15.996659,desktop,2,False
5cc89e97faf708bf,2025-07-06 13:32:15.996659,mobile_app,2,True
df2f8e962a2b7369,2025-10-09 13:32:15.996659,mobile_web,2,True
879e77eda22a0e87,2025-12-01 13:32:15.996659,mobile_app,3,True
9a141da6d99e77dd,2026-05-05 13:32:15.996659,desktop,2,False
4b3cfbda22b8db35,2025-09-08 13:32:15.996659,mobile_app,1,False
68eea61e5571043a,2026-02-06 13:32:15.996659,mobile_app,1,False
ea1e8e47bab02a8b,2026-03-26 13:32:15.996659,mobile_app,2,True
7757db95159d92aa,2026-04-06 13:32:15.996659,mobile_app,2,True
0a8b36c0099156bf,2025-04-12 13:32:15.996659,mobile_web,3,False
8b88cce0b46ed6b9,2026-05-17 13:32:15.996659,mobile_app,1,False
0d21e9cad830dcf1,2025-07-04 13:32:15.996659,mobile_app,1,False
9cad8f9e560e3dee,2025-06-03 13:32:15.996659,mobile_app,2,False
5530cefd99074721,2026-06-18 13:32:15.996659,mobile_web,2,False
7cd76dff5bbe2cb9,2025-10-07 13:32:15.996659,mobile_app,3,True
2ab5bc644360b498,2025-10-13 13:32:15.996659,mobile_app,3,True
44884f767749bd3b,2026-01-20 13:32:15.996659,mobile_app,2,False
d4e642972cc3603f,2025-09-02 13:32:15.996659,mobile_app,3,True
44c31a40dacbcb94,2025-12-29 13:32:15.996659,mobile_app,1,True
36daea129d773e4b,2025-12-14 13:32:15.996659,desktop,2,True
8f9b9b578050404b,2025-12-18 13:32:15.996659,mobile_app,3,True
a0b39ca34720adee,2025-07-03 13:32:15.996659,mobile_web,2,False
c5fc53cf16619f4e,2025-09-17 13:32:15.996659,mobile_app,3,False
7ca5cbb22ee8b095,2026-01-11 13:32:15.996659,mobile_app,1,True
74fd388674d4553f,2025-05-07 13:32:15.996659,mobile_app,1,True
f06d166cfcf56daf,2025-07-03 13:32:15.996659,mobile_app,2,True
810c678c38331c1c,2025-05-04 13:32:15.996659,mobile_app,3,False
1d58a53e5c86f98b,2025-08-04 13:32:15.996659,mobile_app,2,True
4b90a3fbfd55375e,2026-01-05 13:32:15.996659,mobile_app,3,True
bf4d6859ae13101f,2025-07-16 13:32:15.996659,desktop,1,True
3fba2f62edff3e3a,2026-02-03 13:32:15.996659,mobile_app,2,True
c9c11daa52abda94,2026-03-01 13:32:15.996659,mobile_app,2,True
325fa75e91a2b815,2025-12-09 13:32:15.996659,mobile_app,1,True
ead4f15e2b67f988,2025-04-17 13:32:15.996659,mobile_app,2,True
5192cecd0bf3fcd7,2025-10-17 13:32:15.996659,mobile_web,2,True
74d3cd30634d767e,2026-01-09 13:32:15.996659,mobile_app,2,True
f34a8f7dc593b857,2025-12-04 13:32:15.996659,mobile_app,1,True
7b7fb7ec069fbf5d,2026-02-20 13:32:15.996659,mobile_app,1,True
df4be065ea415fd5,2025-09-06 13:32:15.996659,mobile_app,3,True
5ebc828d08f3b03f,2026-01-24 13:32:15.996659,desktop,2,True
fbe4f12f1ff545be,2025-10-23 13:32:15.996659,mobile_app,3,False
95163e2e764af97a,2026-01-15 13:32:15.996659,mobile_web,2,True
7e02c001653efb6b,2026-02-07 13:32:15.996659,mobile_app,3,True
cef2e3dab7f96423,2025-04-17 13:32:15.996659,desktop,1,True
4a483341683ed9c3,2026-01-26 13:32:15.996659,mobile_app,2,True
73aaf777f8f5a9f9,2026-05-31 13:32:15.996659,mobile_app,2,True
76a546a442cfa310,2026-01-11 13:32:15.996659,mobile_web,1,True
8b42f1f5f11437f1,2025-11-02 13:32:15.996659,mobile_app,1,True
3b1201c5dc12b235,2026-05-20 13:32:15.996659,mobile_app,2,True
3309c2eb8aafa30b,2026-02-13 13:32:15.996659,desktop,3,True
6983f9770ce62076,2026-04-18 13:32:15.996659,mobile_app,2,False
29f6deddfc1a3270,2025-11-17 13:32:15.996659,mobile_web,1,True
e8ca5155fc705f3e,2025-08-07 13:32:15.996659,mobile_web,3,True
8778ac782bf51859,2025-04-18 13:32:15.996659,mobile_web,1,False
8875eb33a7ea84bc,2026-01-06 13:32:15.996659,desktop,1,True
4827368a7d56e483,2025-06-05 13:32:15.996659,mobile_app,3,True
40f73acf68adf150,2026-03-27 13:32:15.996659,mobile_app,2,True
51a7a44f413edfbe,2025-07-12 13:32:15.996659,mobile_app,3,True
b8f738836bb92399,2025-10-19 13:32:15.996659,mobile_web,3,True
b34d8f204dfb5d82,2025-07-23 13:32:15.996659,mobile_web,2,True
6256b1f1d7be6e18,2025-07-24 13:32:15.996659,mobile_app,1,True
f9fde1e5af85d6c4,2025-11-02 13:32:15.996659,mobile_app,2,True
616b5ff760c3018c,2026-03-07 13:32:15.996659,mobile_app,3,True
bd34d62b825a6b56,2025-11-05 13:32:15.996659,mobile_app,3,True
455dd71860f27633,2025-06-21 13:32:15.996659,mobile_web,2,False
3f92bd572218086e,2025-04-17 13:32:15.996659,mobile_app,2,True
5637b4bf91b1b3f8,2025-05-06 13:32:15.996659,mobile_web,1,True
de07e87bfb4f4818,2026-04-11 13:32:15.996659,mobile_web,2,False
1951c21db6ea53cf,2025-10-04 13:32:15.996659,desktop,3,False
75e41cb1069c745e,2026-05-16 13:32:15.996659,mobile_app,1,True
c17d312681aae9d2,2025-09-01 13:32:15.996659,desktop,2,True
223c06fdb9bb2601,2025-04-07 13:32:15.996659,mobile_web,3,True
9c6c525226c4bb6d,2026-06-09 13:32:15.996659,mobile_web,2,False
fa883aaef57b5901,2025-09-07 13:32:15.996659,mobile_app,2,True
6368e2609512bde2,2025-04-28 13:32:15.996659,mobile_app,2,True
c22c35b7873239ff,2025-06-12 13:32:15.996659,mobile_web,1,True
09cd29421712e5c9,2026-01-05 13:32:15.996659,mobile_app,1,True
5fbb14784eef759b,2026-05-16 13:32:15.996659,mobile_app,1,True
12615f56357b5b6d,2025-05-08 13:32:15.996659,mobile_app,1,True
4bc2e13ddbeef49a,2025-05-09 13:32:15.996659,mobile_app,1,True
b9ad922f2b0c0d2e,2025-10-12 13:32:15.996659,mobile_app,2,True
57bf925e638d1d8c,2025-04-13 13:32:15.996659,mobile_app,1,False
597cf5b658826b16,2026-06-30 13:32:15.996659,mobile_app,3,True
0be68fd9b2312972,2025-09-25 13:32:15.996659,desktop,1,True
d187404c0292a7c0,2026-06-15 13:32:15.996659,desktop,2,True
0aaa8e6d4ba11e2d,2025-05-03 13:32:15.996659,mobile_app,3,True
a52ef345c3d15e3e,2025-08-27 13:32:15.996659,mobile_app,1,True
c183244186b6583a,2025-05-13 13:32:15.996659,mobile_app,2,True
d7169014cfb1df3a,2025-10-19 13:32:15.996659,mobile_app,3,True
71d0f2c9fe40eaed,2026-05-26 13:32:15.996659,desktop,2,True
8651804f70cccea3,2026-06-20 13:32:15.996659,mobile_app,1,True
0eb09507aa63bbe8,2026-01-31 13:32:15.996659,mobile_app,2,True
a5b2586e7e187ce6,2025-07-29 13:32:15.996659,mobile_app,2,True
850e6f1f5e0d8c4f,2026-04-25 13:32:15.996659,mobile_app,2,True
c8d3f1a79b17f7de,2025-06-10 13:32:15.996659,mobile_web,1,True
e5fa036fc5e89ed2,2026-03-16 13:32:15.996659,mobile_web,1,True
d6b7cd28629a7c12,2025-11-19 13:32:15.996659,mobile_app,3,False
8380b995788c993f,2026-04-01 13:32:15.996659,mobile_app,2,True
1a9aac4d3dba4b28,2025-12-03 13:32:15.996659,desktop,1,True
6a2d84116e41c659,2025-12-09 13:32:15.996659,mobile_app,2,True
403b053d65f5746d,2026-06-30 13:32:15.996659,mobile_web,3,True
feabe1689b238ad6,2025-10-17 13:32:15.996659,desktop,1,False
48ffa8f90768d701,2025-07-10 13:32:15.996659,mobile_app,1,False
2bcd928d083d133e,2025-05-02 13:32:15.996659,desktop,2,True
a7541ecbf37eacdd,2026-02-02 13:32:15.996659,mobile_app,2,False
0b4528ead142cb49,2025-05-28 13:32:15.996659,mobile_web,2,True
242af4e22961250d,2025-05-29 13:32:15.996659,mobile_app,3,False
10020c06d9238b04,2025-04-09 13:32:15.996659,mobile_app,1,False
2b88e68bc0954ee6,2026-01-14 13:32:15.996659,mobile_app,2,True
3c97a3d2ff8af64c,2025-06-10 13:32:15.996659,mobile_app,2,True
36ba0182e93f9d6e,2025-10-18 13:32:15.996659,mobile_app,2,True
f87a9b56480c8de4,2026-06-06 13:32:15.996659,mobile_app,2,True
fe07729e59ee14f6,2026-03-01 13:32:15.996659,mobile_app,2,True
be77c08f2393c5e3,2025-08-31 13:32:15.996659,mobile_app,2,True
caa1a2b7c2507250,2026-04-20 13:32:15.996659,mobile_app,2,True
2365535915807edc,2025-12-17 13:32:15.996659,desktop,1,True
17b1c08a0176513d,2025-07-15 13:32:15.996659,desktop,2,True
1af83a94d1dba137,2026-04-25 13:32:15.996659,mobile_app,2,True
84309ef0229964a0,2025-11-19 13:32:15.996659,mobile_app,2,True
9fd784e22d3aaeae,2026-03-27 13:32:15.996659,mobile_web,1,True
38c5abc6440cb3a6,2025-10-31 13:32:15.996659,mobile_web,3,True
0dd3db19f29ca02c,2026-03-15 13:32:15.996659,mobile_app,3,True
1ee59703cc9302ce,2025-04-19 13:32:15.996659,mobile_web,3,True
5d111718cb991761,2026-05-29 13:32:15.996659,mobile_app,3,True
7e284b89d0fb28e4,2025-04-20 13:32:15.996659,mobile_app,1,True
ef06c652c86f97b4,2025-07-07 13:32:15.996659,mobile_web,2,True
f882cca0187983a9,2025-06-08 13:32:15.996659,mobile_web,2,True
6c3f7ffbef39d367,2025-06-10 13:32:15.996659,mobile_web,3,True
5a1934f05d3830fc,2026-04-08 13:32:15.996659,mobile_app,1,False
304132ea9d2e8b62,2025-05-05 13:32:15.996659,mobile_app,1,True
350d90a9bbcbb7f0,2025-10-05 13:32:15.996659,mobile_app,2,False
8560e8e774999437,2025-04-21 13:32:15.996659,mobile_app,1,True
bb12395931baa999,2025-05-29 13:32:15.996659,mobile_app,2,True
ea6c169a440bed61,2025-10-12 13:32:15.996659,mobile_app,1,True
a8fce57d0def8768,2026-01-13 13:32:15.996659,mobile_app,2,True
cccd8e7fc99020fa,2026-05-10 13:32:15.996659,mobile_web,3,True
cc78242101fb8b11,2026-05-17 13:32:15.996659,mobile_app,2,False
6272fae0eabd966f,2026-01-06 13:32:15.996659,mobile_app,1,True
b4abb1709ece563b,2025-06-29 13:32:15.996659,mobile_web,1,True
23b42514364f80a4,2025-11-15 13:32:15.996659,mobile_app,1,False
5982da29a0d3c489,2025-11-25 13:32:15.996659,desktop,1,True
87ad597c20936b91,2026-03-13 13:32:15.996659,mobile_app,2,True
48bc868ee97cb1a5,2025-10-19 13:32:15.996659,mobile_app,2,False
597398c191429ffb,2025-09-15 13:32:15.996659,desktop,1,True
e82080c74d1fdbdb,2025-04-12 13:32:15.996659,mobile_app,1,True
c1a9a467210e6923,2025-08-05 13:32:15.996659,mobile_web,3,True
9b3058f98189e4c1,2025-09-29 13:32:15.996659,mobile_web,1,True
cbee8ca7dcaaa48b,2025-05-14 13:32:15.996659,mobile_app,2,True
d73a499d0530c543,2025-12-21 13:32:15.996659,mobile_web,2,True
552ca9cad2f7be77,2025-05-03 13:32:15.996659,desktop,1,True
33e20216e0da8ef0,2026-01-15 13:32:15.996659,desktop,3,True
7a18b68f2f78bb54,2026-05-05 13:32:15.996659,mobile_app,1,False
24a3a0a04ee5e6a6,2025-12-24 13:32:15.996659,mobile_app,2,True
48d54d74ae5c61ec,2026-05-05 13:32:15.996659,mobile_web,2,True
eb823a079ce37b1f,2026-05-10 13:32:15.996659,mobile_app,3,True
9ec381bbfc7a8c1d,2025-05-28 13:32:15.996659,mobile_app,2,True
4621968d0cc42f44,2025-07-06 13:32:15.996659,mobile_app,2,True
2ed39172f7aaaafc,2026-03-24 13:32:15.996659,mobile_app,2,True
f159465a167b69ba,2025-06-16 13:32:15.996659,mobile_app,2,True
94985e7c383391a8,2026-06-01 13:32:15.996659,mobile_app,2,True
a855fcd5b1212c17,2026-02-23 13:32:15.996659,mobile_app,2,True
e7c644dd15d5f602,2025-08-15 13:32:15.996659,mobile_app,2,True
9016079f8ca1ded0,2026-02-14 13:32:15.996659,desktop,1,False
e1da5cf786c7001b,2025-08-04 13:32:15.996659,mobile_app,1,True
e52f7bfcf79e385a,2025-05-31 13:32:15.996659,mobile_app,2,True
e0ebc137898fe081,2026-06-02 13:32:15.996659,mobile_app,1,True
21e873965adb12fe,2026-06-22 13:32:15.996659,mobile_app,2,True
1fc83f281317990e,2025-05-01 13:32:15.996659,desktop,1,True
2f39a41da3d2f763,2025-11-08 13:32:15.996659,desktop,2,True
d07141984d3f64a4,2025-11-14 13:32:15.996659,mobile_app,2,True
d54b0ba41983d143,2025-12-04 13:32:15.996659,mobile_app,2,True
e52ae0fd59c7dfd6,2025-12-17 13:32:15.996659,mobile_app,2,True
a1e541143dec9575,2025-08-22 13:32:15.996659,mobile_app,1,True
def4c339efc34b51,2025-10-12 13:32:15.996659,mobile_app,1,True
c50e886ab60f8248,2026-04-19 13:32:15.996659,mobile_app,2,True
6e54be617ef4bba9,2025-09-20 13:32:15.996659,mobile_app,3,True
b98c0a7cfb0efc4d,2025-09-01 13:32:15.996659,mobile_app,2,True
eb6c410d4eb5b9ce,2026-05-12 13:32:15.996659,mobile_app,2,True
15d50b23f4fbb988,2026-01-12 13:32:15.996659,mobile_app,2,True
85943e285907d987,2025-07-08 13:32:15.996659,mobile_app,2,True
5ccbcb66fac24c98,2025-09-24 13:32:15.996659,mobile_app,2,True
0ad3112b1d1f2c3e,2026-05-01 13:32:15.996659,mobile_app,2,True
150181dc1b7061a9,2026-06-14 13:32:15.996659,mobile_app,1,True
1319ec63de755595,2025-10-11 13:32:15.996659,mobile_app,1,True
9888ce6bc4186802,2025-12-04 13:32:15.996659,mobile_app,2,True
bc9898cc31a478f3,2025-04-21 13:32:15.996659,mobile_web,2,True
ed04f26f9c0877bd,2025-11-07 13:32:15.996659,desktop,2,False
9bc091982aad3c91,2025-05-05 13:32:15.996659,mobile_app,2,True
d205311edeab3d05,2026-03-27 13:32:15.996659,mobile_app,1,True
68a4ae3f859ee22a,2025-12-11 13:32:15.996659,mobile_web,2,True
db6be6d4f700d740,2026-04-30 13:32:15.996659,mobile_web,1,False
a32d906de7a78861,2025-10-14 13:32:15.996659,mobile_app,3,True
d61263ba8c20ecda,2026-04-08 13:32:15.996659,mobile_app,1,True
0e48c61d51358e4e,2025-11-21 13:32:15.996659,mobile_app,2,True
0a6448dcba3a0f52,2026-01-27 13:32:15.996659,mobile_app,2,True
6e2823696a806f00,2026-04-09 13:32:15.996659,mobile_app,1,True
8ffb16d9431b2afa,2026-05-19 13:32:15.996659,mobile_app,1,False
79856212d696a420,2025-11-12 13:32:15.996659,mobile_app,1,True
ed79bc71367fdc2b,2025-04-27 13:32:15.996659,mobile_app,2,False
c1efb04bd0cea763,2026-04-03 13:32:15.996659,mobile_app,2,False
471d39ddbba2ddba,2025-12-30 13:32:15.996659,mobile_web,2,False
d7b33b1d76b24a37,2026-03-22 13:32:15.996659,mobile_app,1,False
b15ad6f53de083ed,2025-06-29 13:32:15.996659,mobile_app,2,True
f7c6e79841594192,2025-12-26 13:32:15.996659,mobile_app,1,True
5a9d7b55a1196517,2025-04-15 13:32:15.996659,mobile_web,3,True
d974f78e94463e56,2026-03-13 13:32:15.996659,mobile_app,2,True
f397b95b4327319c,2026-05-27 13:32:15.996659,mobile_app,3,True
98228883f3711777,2025-10-10 13:32:15.996659,mobile_app,3,False
1f34af77814f265a,2025-09-09 13:32:15.996659,mobile_web,2,True
ceaeb02259b3bc11,2025-04-08 13:32:15.996659,mobile_web,2,True
055bd0c3b9554764,2025-06-01 13:32:15.996659,desktop,2,True
c10af954c5385ab0,2025-05-26 13:32:15.996659,mobile_web,3,True
660329f9be557d47,2025-09-17 13:32:15.996659,mobile_app,2,True
ed5e9abda8cc8a7c,2026-01-20 13:32:15.996659,mobile_app,2,True
b89f0cc6142be732,2025-12-19 13:32:15.996659,mobile_app,3,True
ce74e856de912bf0,2026-05-03 13:32:15.996659,mobile_web,3,True
68f4adc1d10a2255,2025-12-18 13:32:15.996659,mobile_app,3,False
795cb9c49ec6dea3,2026-01-18 13:32:15.996659,mobile_app,1,True
d9aa48c4a1c92f1c,2026-06-16 13:32:15.996659,desktop,1,True
1ecc7948694316c8,2026-03-31 13:32:15.996659,mobile_app,2,True
731a3c47881a2a5e,2025-11-01 13:32:15.996659,mobile_app,2,True
5e7db7ce876bab9c,2026-01-15 13:32:15.996659,mobile_app,2,True
1c9e0d3a215b127f,2025-04-06 13:32:15.996659,desktop,1,True
b6e40bb8d21af887,2025-11-27 13:32:15.996659,desktop,2,True
188df8ad7168581d,2025-04-22 13:32:15.996659,mobile_app,1,True
6196836b548608e1,2025-09-05 13:32:15.996659,desktop,2,True
4e3d6cba53941369,2026-06-14 13:32:15.996659,desktop,3,True
60b6ac3e14034966,2026-04-01 13:32:15.996659,mobile_web,2,True
b07a4c589d739f11,2025-08-15 13:32:15.996659,desktop,2,True
f38e69426ac486be,2025-10-27 13:32:15.996659,mobile_app,1,True
fc83f2724e68c875,2026-02-15 13:32:15.996659,mobile_web,1,False
1585e7af4d8edf99,2025-11-07 13:32:15.996659,mobile_app,2,True
3ee50bdbb2470833,2025-05-18 13:32:15.996659,mobile_web,2,True
d45027724c6b7ef6,2026-01-07 13:32:15.996659,mobile_app,1,False
d13c4bc8d2266771,2026-06-12 13:32:15.996659,mobile_web,3,False
ccdf78cfe40136ad,2026-02-11 13:32:15.996659,desktop,2,False
5476b0d800b19c55,2025-05-03 13:32:15.996659,mobile_app,3,True
5e40a115c264eb39,2025-07-21 13:32:15.996659,desktop,2,False
69cb9bbf7b9c1071,2025-06-16 13:32:15.996659,mobile_app,3,False
93bfea15f96b49a4,2025-05-14 13:32:15.996659,mobile_app,1,True
1534d01714190bde,2026-05-10 13:32:15.996659,mobile_app,1,True
2e392a0d1fa4d136,2026-02-24 13:32:15.996659,mobile_web,3,False
fc0711d8173b96ae,2026-06-05 13:32:15.996659,mobile_app,3,True
d32e4797c8c03370,2026-06-30 13:32:15.996659,mobile_app,2,True
878f37116c8972cb,2025-06-18 13:32:15.996659,mobile_web,1,True
97b379c2c02cc118,2025-05-02 13:32:15.996659,mobile_app,2,True
371b85f4ef5259b6,2026-04-23 13:32:15.996659,mobile_app,2,True
b31bc3e375c7e0ea,2025-08-08 13:32:15.996659,desktop,3,True
9f6628632e4145e4,2025-11-01 13:32:15.996659,mobile_web,2,True
c94b315a20cd8317,2026-06-01 13:32:15.996659,mobile_web,1,False
00b613721235154a,2025-05-12 13:32:15.996659,mobile_app,2,True
e206254f78a84dd1,2025-06-01 13:32:15.996659,desktop,2,True
d67b41ead5a3eaa6,2025-10-17 13:32:15.996659,mobile_app,2,True
016f1e44d3627fd4,2025-08-14 13:32:15.996659,mobile_app,2,True
fb349349f6580764,2026-01-03 13:32:15.996659,mobile_app,3,False
c37777c6d2927d85,2025-07-07 13:32:15.996659,mobile_app,1,True
cd2cdd1dc7a1b75c,2025-12-12 13:32:15.996659,mobile_web,2,True
d64383f71b3b9810,2025-04-08 13:32:15.996659,mobile_web,2,False
b0ad85e644d232ad,2026-06-04 13:32:15.996659,mobile_app,2,True
7251567918a142d2,2026-04-15 13:32:15.996659,mobile_app,3,True
28d0c4b9a3687207,2025-04-18 13:32:15.996659,mobile_web,2,True
e7169be19440a340,2026-02-21 13:32:15.996659,desktop,2,True
009f040e3997f7a5,2026-02-11 13:32:15.996659,mobile_app,1,False
2f43215ab14724f8,2025-07-07 13:32:15.996659,mobile_app,2,True
cdd7c228b8399064,2026-04-07 13:32:15.996659,mobile_app,1,True
9a4fa945a0d5f77d,2025-11-11 13:32:15.996659,mobile_app,1,True
422b2f4e2023a956,2026-02-22 13:32:15.996659,mobile_app,2,False
c2616a25dc5a8011,2026-04-03 13:32:15.996659,mobile_app,2,True
cd2542aa811927d1,2025-04-20 13:32:15.996659,mobile_web,3,True
99459013768994d7,2026-04-03 13:32:15.996659,mobile_app,2,True
aef7c9c4b75f11c6,2026-05-21 13:32:15.996659,mobile_app,3,True
75c09178ff488f2a,2025-08-30 13:32:15.996659,mobile_app,2,True
64feb9664de68744,2025-06-03 13:32:15.996659,desktop,2,True
e4e60aff10823a77,2026-05-05 13:32:15.996659,mobile_app,3,True
59c755a1dfd62c43,2025-08-14 13:32:15.996659,mobile_app,2,True
5ee03d8de0994d91,2025-10-29 13:32:15.996659,mobile_app,3,True
f9164384df254f5b,2025-06-20 13:32:15.996659,mobile_web,2,True
5ab45badbf0292b3,2026-05-06 13:32:15.996659,desktop,1,True
7d9a80d73db61492,2025-04-14 13:32:15.996659,mobile_app,2,True
51c7e8632dd05592,2025-09-24 13:32:15.996659,mobile_app,1,False
403568737772ca99,2025-06-14 13:32:15.996659,mobile_app,1,True
ec6612af3e733421,2026-01-19 13:32:15.996659,mobile_web,1,True
1e9624fdb43e33c3,2025-04-29 13:32:15.996659,desktop,1,True
5e6d1f58c37414f2,2025-09-21 13:32:15.996659,mobile_app,2,True
97f0afda5c9b594e,2026-05-06 13:32:15.996659,mobile_app,3,True
f17c3d7d9ebe6f6d,2025-05-09 13:32:15.996659,mobile_web,2,False
33309a39bc878d45,2025-07-05 13:32:15.996659,mobile_web,3,True
7886eba3beb19062,2026-02-16 13:32:15.996659,mobile_app,2,True
3d51efa87f99cba9,2025-10-27 13:32:15.996659,mobile_app,1,True
a0f3a68d079f9c68,2026-01-07 13:32:15.996659,mobile_app,1,True
e57ad200be82d5ad,2025-10-28 13:32:15.996659,mobile_web,3,True
e16a2e0588dae5d6,2025-04-19 13:32:15.996659,mobile_web,2,True
d446278b3f4d3476,2025-05-19 13:32:15.996659,mobile_web,3,True
eead0d49d958de7a,2026-03-26 13:32:15.996659,mobile_web,2,False
e6dd9d2e7d2b7142,2025-04-16 13:32:15.996659,mobile_app,2,True
61bcbf1685648188,2025-12-15 13:32:15.996659,mobile_app,2,True
f35453aeb6d9939a,2025-08-16 13:32:15.996659,mobile_app,3,False
59538888a11ac3e5,2025-07-20 13:32:15.996659,desktop,1,True
ca090a57f16a993d,2025-11-25 13:32:15.996659,mobile_app,3,True
1a64d69391007eef,2025-12-07 13:32:15.996659,mobile_app,2,True
9bcb8c53303bad65,2025-12-07 13:32:15.996659,mobile_app,3,False
547968fd7f396380,2025-06-05 13:32:15.996659,mobile_web,2,True
15949734f1e4d60b,2026-01-08 13:32:15.996659,mobile_web,2,True
ad5196befd2f4365,2026-02-25 13:32:15.996659,mobile_web,2,True
ffdf022af67b00cb,2026-01-19 13:32:15.996659,mobile_app,3,True
b8ff7bf2890dcca0,2026-04-05 13:32:15.996659,desktop,1,True
66be5712f61dbcf8,2026-01-05 13:32:15.996659,mobile_web,2,True
be5a113f1e667f04,2026-05-12 13:32:15.996659,mobile_web,2,False
c9928e657eda9226,2026-05-23 13:32:15.996659,mobile_web,2,True
c0d5a4b585933eeb,2025-08-07 13:32:15.996659,desktop,2,True
05167cf8f1c95fc9,2026-05-28 13:32:15.996659,desktop,2,True
8c147ad93b7e23f1,2025-10-17 13:32:15.996659,mobile_app,2,True
5a041b3195e062e2,2025-07-13 13:32:15.996659,mobile_app,2,True
eff0c87baa93ac6b,2025-08-07 13:32:15.996659,mobile_app,2,True
c6716043aa3be09a,2025-12-12 13:32:15.996659,mobile_web,2,True
3e9a42d2fb741a6c,2026-04-05 13:32:15.996659,mobile_web,3,False
a53213aa443d0d3d,2025-05-05 13:32:15.996659,mobile_app,2,True
436ad2e139184c2c,2025-06-18 13:32:15.996659,mobile_app,1,True
21a9e5a49efeec94,2025-09-27 13:32:15.996659,desktop,2,False
0722533026cce681,2026-05-24 13:32:15.996659,desktop,1,True
c63f8615b48c6324,2026-06-16 13:32:15.996659,desktop,1,False
098a58de1cabb3b4,2026-02-09 13:32:15.996659,mobile_app,2,False
aa07f56e1f54acf3,2026-04-22 13:32:15.996659,mobile_web,2,True
c39d5af9ccd47a1f,2025-06-06 13:32:15.996659,mobile_web,2,True
267e57cde883f7a0,2026-03-31 13:32:15.996659,mobile_app,3,True
c4da928cd8946055,2026-02-24 13:32:15.996659,mobile_app,1,False
41d5053b1287da0d,2025-04-15 13:32:15.996659,desktop,1,True
8b2ac61dbac987d3,2025-06-25 13:32:15.996659,mobile_app,1,False
2c8196e1487a3b5e,2026-03-25 13:32:15.996659,mobile_app,1,True
302b571bb95048a1,2026-01-09 13:32:15.996659,mobile_web,2,True
5633e3fa04c9cc50,2025-11-10 13:32:15.996659,mobile_web,2,True
4b743f8ed007468e,2025-09-03 13:32:15.996659,mobile_app,2,False
d0c904d12f91cbdc,2025-05-03 13:32:15.996659,mobile_web,1,True
3978ea19cab4ce27,2025-06-01 13:32:15.996659,mobile_app,2,True
8168b2e0e72f78fd,2025-04-14 13:32:15.996659,mobile_web,1,False
62c2cb5b09d58bb0,2026-06-14 13:32:15.996659,mobile_app,2,True
8f570907e70f9a8e,2026-03-17 13:32:15.996659,mobile_web,2,True
54ad1eb9e06fba30,2025-10-19 13:32:15.996659,mobile_web,1,False
c9ae6854f0896a8c,2026-06-10 13:32:15.996659,mobile_app,3,False
7a46ba7575f45c0f,2026-01-22 13:32:15.996659,mobile_app,2,True
30dbd66f37f7b0fb,2026-04-24 13:32:15.996659,mobile_web,2,True
e3ff7fb8d9f0f0fa,2025-05-04 13:32:15.996659,mobile_app,2,True
4643493ae99c7486,2026-06-04 13:32:15.996659,mobile_app,2,True
1e4339eb1245b010,2026-04-26 13:32:15.996659,mobile_app,1,True
40145dea04386144,2026-04-05 13:32:15.996659,desktop,1,True
a7eb74d0d5e6482e,2026-04-26 13:32:15.996659,mobile_app,2,True
e8e1675dede352bb,2025-10-17 13:32:15.996659,mobile_app,3,True
10f38e1f2fd748a6,2026-01-18 13:32:15.996659,desktop,2,False
5ea84656ec63af20,2025-05-13 13:32:15.996659,mobile_app,2,True
71558bd8ae05a786,2026-03-06 13:32:15.996659,mobile_app,2,True
0a369da37e94c36a,2025-10-31 13:32:15.996659,mobile_app,2,False
7a1737517c87fc2b,2025-09-05 13:32:15.996659,mobile_app,1,False
33ea63b5fce3f39e,2025-09-21 13:32:15.996659,mobile_app,2,True
82f85b4eac742277,2025-07-05 13:32:15.996659,mobile_web,3,False
50e348472e065280,2026-04-02 13:32:15.996659,mobile_app,3,True
e9200c28bc51acbc,2025-11-14 13:32:15.996659,mobile_web,3,True
a938a1274edc880e,2025-07-03 13:32:15.996659,mobile_app,1,True
76b794e0f2b66988,2025-06-05 13:32:15.996659,mobile_app,2,True
452691e3566467a7,2025-09-24 13:32:15.996659,mobile_app,2,True
ceaac4ba221ca847,2025-09-09 13:32:15.996659,mobile_app,1,True
0cbf271db3559a0a,2025-06-04 13:32:15.996659,mobile_web,1,False
070828d941d21ded,2025-09-21 13:32:15.996659,mobile_app,2,True
ec3024ea9a6d54ef,2025-04-27 13:32:15.996659,mobile_app,2,True
8358d53822d97080,2026-05-05 13:32:15.996659,mobile_app,2,True
d49d34307d10a906,2026-01-25 13:32:15.996659,mobile_web,1,True
86d3b910af1d67e9,2026-05-12 13:32:15.996659,mobile_app,2,False
240f3745189c02b3,2026-05-22 13:32:15.996659,mobile_web,1,True
508e4db4e0d594c4,2025-11-30 13:32:15.996659,mobile_app,1,True
1650b79d5c42b956,2026-03-22 13:32:15.996659,mobile_app,2,True
1240635b877af172,2025-12-29 13:32:15.996659,mobile_web,2,True
9987aff17402e527,2025-12-15 13:32:15.996659,mobile_app,3,True
0c1572878ffd9518,2025-09-23 13:32:15.996659,mobile_app,2,True
9413d21364e17d12,2025-04-28 13:32:15.996659,desktop,1,False
e97974f122c4145b,2025-06-11 13:32:15.996659,mobile_app,1,True
a98037bb82aeb580,2026-01-11 13:32:15.996659,mobile_app,2,True
fed6012f4c1b6319,2026-02-04 13:32:15.996659,mobile_app,1,True
77d3675dc050f395,2025-07-17 13:32:15.996659,mobile_app,1,True
aa6489d892ae978f,2026-05-07 13:32:15.996659,mobile_web,2,True
189f9ed47b25795c,2025-10-30 13:32:15.996659,mobile_app,1,True
7a824eefd765633a,2025-12-22 13:32:15.996659,desktop,2,True
ee36baaa3ab39ff6,2026-04-10 13:32:15.996659,mobile_web,2,True
4ab8509eed99745a,2025-09-25 13:32:15.996659,desktop,1,False
bb2717514a7487e6,2026-02-07 13:32:15.996659,mobile_web,2,True
e877fc8fe23b5b23,2026-04-09 13:32:15.996659,desktop,2,True
bbbb63b92081f332,2025-09-08 13:32:15.996659,mobile_web,2,True
c6763f8265fab2de,2026-04-14 13:32:15.996659,mobile_app,1,True
298845fac5389d78,2025-08-30 13:32:15.996659,mobile_app,2,True
20daba2089342a4d,2026-04-20 13:32:15.996659,mobile_web,1,False
8bba705259be2fd2,2025-12-17 13:32:15.996659,mobile_app,2,False
6ec86668987e47bc,2025-06-30 13:32:15.996659,mobile_web,1,True
f1a3ba441199ec28,2026-03-20 13:32:15.996659,mobile_app,3,True
b8c666289511b37e,2025-07-18 13:32:15.996659,mobile_web,1,True
deac4094a756a042,2025-08-08 13:32:15.996659,mobile_app,3,True
a4275a227e7ae2eb,2025-05-18 13:32:15.996659,desktop,3,False
84718db31117cf3c,2026-04-17 13:32:15.996659,mobile_app,2,True
2c42f269f724e951,2025-08-11 13:32:15.996659,mobile_app,2,True
ad7a7fe82f07be0f,2025-05-02 13:32:15.996659,mobile_web,2,False
5949986af4740cd2,2025-07-20 13:32:15.996659,mobile_web,3,True
1cce6ebd7f63b10b,2026-04-08 13:32:15.996659,mobile_web,2,True
8be1b633f6ee608a,2025-06-23 13:32:15.996659,desktop,2,False
645450076cd79592,2026-05-15 13:32:15.996659,mobile_app,1,True
c61013fd4deb3a2d,2025-10-08 13:32:15.996659,mobile_web,3,True
203d20f0dec3af7f,2025-11-18 13:32:15.996659,mobile_app,1,True
511257a411c5e625,2025-11-03 13:32:15.996659,mobile_app,1,False
bf436f1485e43b50,2025-11-08 13:32:15.996659,mobile_app,1,True
f43c808e0cb5d4d9,2026-06-18 13:32:15.996659,mobile_app,2,True
206511deeddb4f99,2025-11-13 13:32:15.996659,mobile_app,3,True
d304e800b5c806a9,2025-05-02 13:32:15.996659,mobile_web,2,False
ef79fe30571f255c,2025-12-16 13:32:15.996659,mobile_app,1,True
7293db419ebee265,2026-02-27 13:32:15.996659,desktop,2,True
696b27feae9af68f,2025-04-06 13:32:15.996659,mobile_app,2,False
d0309f542274176c,2026-05-18 13:32:15.996659,mobile_app,2,True
776bbfa27938f066,2025-11-23 13:32:15.996659,mobile_web,1,True
71306c4bb48747ec,2025-11-11 13:32:15.996659,mobile_app,2,True
f9c32f08a4006443,2025-11-27 13:32:15.996659,mobile_app,2,True
35063011d2fcb2cf,2025-05-09 13:32:15.996659,mobile_web,3,True
c979e4e611fbca7f,2025-12-23 13:32:15.996659,mobile_app,2,True
74a039f7d4099fb1,2025-04-16 13:32:15.996659,mobile_app,1,True
c2662468e43aae8a,2026-06-02 13:32:15.996659,mobile_web,2,True
e316a8bc7810a6cc,2025-08-03 13:32:15.996659,mobile_app,1,False
9151bd5cb4898f8d,2025-10-06 13:32:15.996659,mobile_web,3,True
52d95a769e3c49d0,2026-03-15 13:32:15.996659,mobile_web,2,False
fa72f64d4108fe9c,2026-03-21 13:32:15.996659,mobile_app,1,True
bbcbd504d4d1a8d4,2025-08-09 13:32:15.996659,mobile_app,2,True
c5daa0bf585ef110,2025-09-15 13:32:15.996659,mobile_app,1,True
2f8832a941cd897d,2025-09-27 13:32:15.996659,mobile_web,1,True
00dac35d475641f7,2026-06-09 13:32:15.996659,mobile_app,2,True
e340d3d64de9f05b,2025-10-03 13:32:15.996659,desktop,2,True
46e4655dacf48bc6,2025-04-12 13:32:15.996659,mobile_app,3,False
dafa4d12b80fde38,2026-06-25 13:32:15.996659,mobile_web,2,True
37ee8adce1d6da82,2025-12-01 13:32:15.996659,mobile_app,1,True
77b71e7d915746c9,2025-11-20 13:32:15.996659,mobile_app,2,True
a0a38f4134e1ba4d,2025-05-20 13:32:15.996659,mobile_app,2,False
ac32b65b916077bb,2026-02-24 13:32:15.996659,mobile_app,1,True
aa46006cf49867a3,2025-11-28 13:32:15.996659,desktop,3,True
f7e48f5855eb826b,2025-08-10 13:32:15.996659,mobile_app,3,True
6961f42e57a65551,2026-06-05 13:32:15.996659,mobile_app,1,True
a596d686dcfc15be,2025-07-03 13:32:15.996659,mobile_app,2,True
938fd93abcba2783,2025-06-23 13:32:15.996659,mobile_app,2,True
124f17432f6f405f,2025-08-09 13:32:15.996659,desktop,1,True
b77c9c3a6244c806,2025-09-11 13:32:15.996659,desktop,2,False
2669970b06ddf03d,2025-07-27 13:32:15.996659,desktop,1,True
f328036bd8019b48,2025-07-12 13:32:15.996659,mobile_app,1,True
5bb8d2ff74603bbb,2025-05-17 13:32:15.996659,mobile_app,3,True
a0632e9ed03e9a65,2025-12-20 13:32:15.996659,mobile_web,2,False
c980c06080bf7556,2025-12-07 13:32:15.996659,mobile_app,1,True
445451109d767b87,2025-09-15 13:32:15.996659,mobile_web,2,True
2e2e36385e673c45,2026-04-06 13:32:15.996659,mobile_app,3,False
068d6534c5a173a1,2025-06-08 13:32:15.996659,mobile_app,2,True
d0045c48f7b3036d,2025-07-17 13:32:15.996659,desktop,3,True
e119ddab9b58da14,2025-09-18 13:32:15.996659,mobile_app,3,True
7649949115f59d13,2026-02-15 13:32:15.996659,desktop,2,True
ccd19dd6b96aebbd,2026-01-25 13:32:15.996659,mobile_app,2,True
4634c84ad1ee844b,2025-12-17 13:32:15.996659,mobile_app,2,True
a968c8eb54f567cc,2025-09-04 13:32:15.996659,mobile_app,2,True
b59853f057f91950,2025-07-13 13:32:15.996659,mobile_app,2,True
25360ff721536b6e,2025-08-31 13:32:15.996659,mobile_app,1,False
9f73f51a95d8b421,2025-05-05 13:32:15.996659,mobile_app,1,True
084d5c242bb8efa0,2025-04-21 13:32:15.996659,mobile_web,2,False
fd56cd54152e6ecb,2025-08-16 13:32:15.996659,desktop,2,True
b5b5c48117adabe0,2026-01-15 13:32:15.996659,mobile_app,2,True
db2c167ea19f617d,2025-10-03 13:32:15.996659,mobile_app,2,False
784b222afb0dbdec,2025-12-21 13:32:15.996659,mobile_app,1,True
a4cd0e8ec9866e2c,2025-09-19 13:32:15.996659,mobile_web,1,True
ef2b3cea70add9cb,2025-06-28 13:32:15.996659,mobile_app,2,True
8796c31ab30a40e4,2026-01-15 13:32:15.996659,mobile_app,2,True
8f413fff435cb3be,2025-11-14 13:32:15.996659,mobile_app,2,True
e7031bfe6980f14b,2026-06-12 13:32:15.996659,mobile_app,1,False
52482b49767713a3,2025-08-01 13:32:15.996659,mobile_app,2,True
1040802fbd80a32e,2025-11-22 13:32:15.996659,mobile_app,3,True
2ef47277183aeb82,2025-12-05 13:32:15.996659,desktop,1,True
6bc6c384ad91625b,2025-11-02 13:32:15.996659,mobile_app,1,True
21d4ec4c15c6e165,2026-03-26 13:32:15.996659,mobile_app,2,True
c3842c23e16d70d5,2025-10-03 13:32:15.996659,mobile_app,2,True
9d0bcdb500876fa8,2025-07-28 13:32:15.996659,mobile_app,3,True
ea68eb80fe6fbcf5,2026-01-24 13:32:15.996659,mobile_app,3,True
7103e0b3f3134ab9,2026-05-04 13:32:15.996659,mobile_app,2,True
09d38cee65a01203,2026-01-07 13:32:15.996659,mobile_app,1,True
a4c554a19a10af39,2026-04-03 13:32:15.996659,mobile_web,2,True
7475b7b36b2a0878,2026-01-13 13:32:15.996659,mobile_app,3,True
94c06b5ab926db33,2025-09-20 13:32:15.996659,desktop,2,True
bd08a06a74b62230,2026-05-12 13:32:15.996659,mobile_app,3,True
84ffe0bd84181dff,2025-07-27 13:32:15.996659,mobile_app,2,True
d77e4f041c82758f,2026-03-22 13:32:15.996659,desktop,1,True
3e78940c3b893316,2025-05-21 13:32:15.996659,mobile_web,2,True
5e460339fc1322be,2025-08-03 13:32:15.996659,mobile_app,2,False
4e292ebf2c6324f1,2026-02-28 13:32:15.996659,mobile_web,1,False
8f780cf6b9eaaadf,2025-10-19 13:32:15.996659,mobile_app,2,True
7ba913867276d115,2026-05-13 13:32:15.996659,mobile_app,2,False
3cc5423862ff7ad4,2026-05-18 13:32:15.996659,mobile_web,1,True
cf4b5fb8186d6f80,2025-04-23 13:32:15.996659,mobile_web,2,True
6c9fd4580402544a,2025-07-02 13:32:15.996659,mobile_app,2,True
e196b9f9e2b4efcc,2026-04-23 13:32:15.996659,mobile_web,2,True
cbaa0855b983ef7e,2026-02-24 13:32:15.996659,mobile_app,2,True
0a19ce515f4216e5,2026-04-04 13:32:15.996659,mobile_app,3,False
8fde0bcc7a2d95fd,2026-01-04 13:32:15.996659,desktop,3,True
4c9a140a3dd0feca,2026-02-20 13:32:15.996659,mobile_app,2,True
e3be05b4b61f10ce,2026-02-03 13:32:15.996659,mobile_app,1,True
4c00b6d723e2ff04,2025-11-04 13:32:15.996659,mobile_app,2,True
e4e0a82a391b17a7,2026-04-07 13:32:15.996659,mobile_app,1,False
5340185fe8cf420d,2025-05-27 13:32:15.996659,mobile_app,3,True
0d6a195b52e9715a,2025-08-05 13:32:15.996659,desktop,2,True
a0dd9f62867d21c8,2025-07-21 13:32:15.996659,mobile_web,2,True
ef5d04a6dd575788,2026-04-16 13:32:15.996659,mobile_web,2,True
09d912df625b6022,2025-08-14 13:32:15.996659,mobile_app,2,True
82424be212771342,2025-06-17 13:32:15.996659,mobile_app,3,True
8b1a6ed7606b9ab0,2026-04-14 13:32:15.996659,mobile_app,1,True
e2f8d2bd9bd9539d,2025-07-26 13:32:15.996659,mobile_app,3,True
2f0502492a5511c0,2026-01-21 13:32:15.996659,mobile_app,1,True
2cfd4218dbee712f,2025-07-09 13:32:15.996659,mobile_web,2,True
53f7f767524731e5,2025-11-27 13:32:15.996659,desktop,3,True
da7d4fd40fbac9e0,2025-07-02 13:32:15.996659,mobile_app,2,False
b641df1ea813d4d1,2026-04-26 13:32:15.996659,mobile_app,1,True
0700e6d7f9d96e5a,2026-01-06 13:32:15.996659,mobile_web,3,True
19635fa412b2035b,2026-02-28 13:32:15.996659,mobile_app,3,False
ba54f1a3485419fd,2026-03-11 13:32:15.996659,desktop,2,True
d0884938d78eda63,2026-02-12 13:32:15.996659,mobile_app,2,False
fa6e04223597f31b,2026-01-09 13:32:15.996659,mobile_app,3,True
2843b9fabcb96bb1,2026-05-06 13:32:15.996659,mobile_app,1,False
dd45f92dadd4059d,2025-08-15 13:32:15.996659,desktop,2,True
03c599a0bb5b8703,2025-10-25 13:32:15.996659,mobile_app,2,False
839b80b8288e4f9e,2025-06-20 13:32:15.996659,mobile_web,1,True
ad19a13aa6931cb3,2025-08-16 13:32:15.996659,mobile_app,3,True
7268f28c46fda882,2026-04-26 13:32:15.996659,mobile_app,2,True
201fd40151f80fdc,2026-06-01 13:32:15.996659,desktop,3,True
d2e6cb26317fd053,2025-12-22 13:32:15.996659,mobile_app,2,True
980d40e56889af98,2025-11-26 13:32:15.996659,mobile_app,2,False
d7bc3946327d050a,2026-03-15 13:32:15.996659,mobile_app,2,True
553bd50f00023998,2025-07-12 13:32:15.996659,desktop,2,True
7bf3f605a1302f64,2025-10-11 13:32:15.996659,mobile_app,3,True
dd584f28e2071646,2025-07-27 13:32:15.996659,mobile_app,2,True
10ebde481beacd00,2026-05-14 13:32:15.996659,desktop,2,False
eee55641531119b8,2025-06-27 13:32:15.996659,mobile_web,2,True
1d97ed114231a08f,2026-03-31 13:32:15.996659,desktop,1,True
21986b87b859dd55,2025-12-11 13:32:15.996659,mobile_web,1,True
3845ff63e2387ced,2025-12-15 13:32:15.996659,mobile_web,2,True
c2e52669c8a0e467,2025-06-24 13:32:15.996659,mobile_app,2,True
58e503a4cdb37cca,2026-02-27 13:32:15.996659,mobile_app,2,True
23432c8ad85e306c,2026-03-15 13:32:15.996659,mobile_web,2,True
3764e5734f2ac329,2026-01-29 13:32:15.996659,mobile_web,2,False
ca5a02ea4c01cc0d,2026-01-19 13:32:15.996659,desktop,2,True
cfd544480afa8313,2026-04-11 13:32:15.996659,mobile_app,2,True
046d275f572e6de2,2026-04-13 13:32:15.996659,mobile_app,3,True
d46a914e58420bbc,2026-03-19 13:32:15.996659,mobile_app,1,True
bb879b75621808b9,2025-12-02 13:32:15.996659,mobile_web,2,True
475ec1750e8bdb97,2026-01-27 13:32:15.996659,mobile_app,1,True
b2ec4f0dab9ac358,2026-01-05 13:32:15.996659,mobile_web,3,True
d7b8e2262444693d,2025-08-09 13:32:15.996659,mobile_app,2,True
f812d29316e1cade,2026-03-15 13:32:15.996659,mobile_app,2,True
86982a8f91e90543,2025-05-14 13:32:15.996659,mobile_app,3,True
1b11cc3df491c221,2025-07-25 13:32:15.996659,mobile_web,2,True
3fabd7c371cf6afd,2026-04-14 13:32:15.996659,desktop,1,True
32d65f0d6afdc960,2026-02-10 13:32:15.996659,mobile_app,2,True
f728bf54e8bbd3a8,2026-04-10 13:32:15.996659,mobile_app,1,True
9cc7da0486630002,2026-02-28 13:32:15.996659,mobile_app,3,True
959beb06a459b25e,2026-01-17 13:32:15.996659,mobile_app,2,True
3f5ab739c37a3dc0,2026-05-04 13:32:15.996659,mobile_app,2,True
539cd963912d01af,2026-06-26 13:32:15.996659,desktop,3,True
71028ad4244f28f9,2025-12-15 13:32:15.996659,desktop,2,True
bad61d6d77bb19d2,2025-08-18 13:32:15.996659,mobile_app,2,True
427e96ca1ec2c687,2026-02-15 13:32:15.996659,mobile_app,1,True
2dadb3922c66bbf5,2025-06-06 13:32:15.996659,mobile_app,2,True
9b4d3a444341b9be,2026-01-15 13:32:15.996659,mobile_app,3,True
625e7e6c9c6a4766,2025-05-19 13:32:15.996659,mobile_app,3,True
aa99f4325f4394e1,2026-03-17 13:32:15.996659,mobile_web,2,True
06d3056ee4999042,2025-10-30 13:32:15.996659,mobile_app,1,True
11ed34a16fe40399,2025-07-20 13:32:15.996659,mobile_web,1,True
9da9954b65b337db,2026-06-06 13:32:15.996659,mobile_app,3,True
6fbdaac5ebb08fdc,2025-05-05 13:32:15.996659,mobile_web,1,True
592b2b239b189a80,2026-01-17 13:32:15.996659,mobile_web,2,True
3e45fd6f9906de10,2025-11-18 13:32:15.996659,mobile_app,2,True
c2a62b8c02ce9e85,2025-09-20 13:32:15.996659,mobile_app,2,False
16d067303170d5d4,2025-09-13 13:32:15.996659,mobile_web,2,True
e1399ec681bb2c5c,2026-06-22 13:32:15.996659,mobile_web,3,True
e803c39ce9056145,2025-06-03 13:32:15.996659,mobile_app,2,True
5decf5db6a9e28b1,2025-09-22 13:32:15.996659,mobile_app,2,False
2531898b71f1be98,2025-04-04 13:32:15.996659,mobile_app,2,True
d25e4f0d33404d02,2025-11-30 13:32:15.996659,mobile_web,3,True
85b9e0851441a676,2025-09-26 13:32:15.996659,mobile_web,2,True
4f967149828f3ac9,2025-12-14 13:32:15.996659,mobile_app,2,True
ff6ef7355d35dc68,2025-05-24 13:32:15.996659,mobile_web,2,True
8a986776b956742d,2025-06-19 13:32:15.996659,mobile_web,1,True
bca5ebad39f6c7e4,2025-05-15 13:32:15.996659,mobile_web,1,True
a60b2895b3f73f23,2025-11-15 13:32:15.996659,mobile_app,3,True
545582201c31f833,2025-07-07 13:32:15.996659,mobile_app,2,True
bf861ed420257c15,2026-01-20 13:32:15.996659,mobile_app,1,True
5444272551e0b992,2025-12-05 13:32:15.996659,mobile_app,1,True
a8789d356afce254,2025-07-22 13:32:15.996659,mobile_app,3,True
a9748678744bba01,2026-05-27 13:32:15.996659,mobile_app,2,False
24bfc4046cd8d296,2025-08-13 13:32:15.996659,mobile_app,2,True
dd8536718f570787,2026-06-25 13:32:15.996659,mobile_web,1,False
6d2baa2610648399,2025-10-11 13:32:15.996659,mobile_app,3,True
810ea48204111121,2025-11-27 13:32:15.996659,mobile_web,3,True
1357678c6aca3d78,2025-12-01 13:32:15.996659,mobile_app,2,True
15b0492be706116f,2025-11-20 13:32:15.996659,mobile_app,2,True
3313e2f95e51d58c,2025-11-21 13:32:15.996659,mobile_app,2,True
481f081a80164f82,2025-12-29 13:32:15.996659,mobile_web,3,True
e3c067789f6fbe14,2025-12-09 13:32:15.996659,mobile_web,2,True
64a078b212525a59,2025-10-17 13:32:15.996659,mobile_app,3,True
03a5a3bf6bf0b1d6,2025-07-20 13:32:15.996659,mobile_web,2,False
8afbbfcce4289725,2025-10-24 13:32:15.996659,mobile_app,2,True
e307a2293925ef82,2025-09-13 13:32:15.996659,mobile_app,2,True
541a4c5208d5f7e3,2025-06-17 13:32:15.996659,mobile_app,3,True
281a28de5c2ae30b,2025-04-08 13:32:15.996659,mobile_app,1,True
bbd972ae57963e27,2026-05-14 13:32:15.996659,mobile_app,1,True
e7592fbc21ddbd5e,2025-08-12 13:32:15.996659,desktop,2,True
f4196b8ba7a838ed,2026-03-22 13:32:15.996659,mobile_app,2,True
43049a68b6d617e5,2026-04-04 13:32:15.996659,mobile_app,3,False
2b00d9494cfd83dd,2025-07-07 13:32:15.996659,mobile_app,1,True
30e0c2be673d3191,2026-06-01 13:32:15.996659,mobile_app,2,True
55fe1671716e1291,2025-06-12 13:32:15.996659,mobile_app,1,True
dd1c266010641f55,2025-07-17 13:32:15.996659,desktop,2,True
ebacf815e5e7d4eb,2025-04-06 13:32:15.996659,mobile_web,2,True
71b90ba6516e0669,2025-09-02 13:32:15.996659,mobile_app,2,True
fb93507aa90fdb1c,2025-05-31 13:32:15.996659,mobile_web,2,True
b1c0bf61e9e21def,2026-05-10 13:32:15.996659,mobile_app,1,False
00e70dddde4dc425,2025-05-24 13:32:15.996659,mobile_app,2,True
a614a15b470d6ee6,2026-04-21 13:32:15.996659,mobile_app,3,False
71a6590cd0ed8338,2026-02-09 13:32:15.996659,mobile_app,2,True
d7f1287689a50263,2026-05-05 13:32:15.996659,mobile_app,1,True
7b42ab743534a832,2026-01-01 13:32:15.996659,mobile_web,2,True
074c9d4531d774a2,2025-07-27 13:32:15.996659,mobile_app,1,True
e9d770b8814a7555,2026-03-03 13:32:15.996659,desktop,1,False
7b156a8fff689396,2025-06-23 13:32:15.996659,mobile_web,1,True
22c15a83cd9059ee,2025-09-30 13:32:15.996659,mobile_web,1,True
b7fa90e114dad57f,2025-09-19 13:32:15.996659,mobile_web,1,False
9122075a9a6971d6,2025-05-01 13:32:15.996659,desktop,2,True
491b433a90978394,2025-12-18 13:32:15.996659,mobile_app,1,True
e93d33da565752a5,2026-01-27 13:32:15.996659,mobile_app,2,True
70fb539799a2b39c,2025-04-06 13:32:15.996659,mobile_app,3,True
8f9549e76a1ee1b9,2025-10-22 13:32:15.996659,desktop,2,True
a88f1af769ec7f0e,2025-09-26 13:32:15.996659,mobile_app,2,False
b7d43d3c200c49a9,2026-02-18 13:32:15.996659,mobile_app,2,True
fb588981df4e11ba,2026-03-26 13:32:15.996659,mobile_web,1,True
7a4421c1f31743d4,2026-04-16 13:32:15.996659,mobile_app,2,True
7c29787494bb133b,2026-03-23 13:32:15.996659,desktop,2,True
1312950c2f67505f,2026-04-05 13:32:15.996659,mobile_app,3,True
04869ece84107ccb,2025-07-28 13:32:15.996659,mobile_app,3,True
7388435049cfd9fe,2026-06-06 13:32:15.996659,mobile_app,3,False
14ad0874b6dca9c4,2025-09-19 13:32:15.996659,mobile_app,2,True
6400410dbdd2d1bc,2025-04-27 13:32:15.996659,mobile_app,2,True
4569fcf45a16524a,2025-07-19 13:32:15.996659,mobile_app,3,False
ecbc1e07df4b09f9,2025-12-31 13:32:15.996659,mobile_app,3,True
c4b7a93638936dc7,2026-06-05 13:32:15.996659,mobile_web,2,True
1322e3e3defcaa12,2025-06-18 13:32:15.996659,desktop,3,False
cfab47113afc0a96,2026-07-01 13:32:15.996659,mobile_app,3,True
e9d99a9afbb1cc56,2025-08-26 13:32:15.996659,mobile_app,2,True
afabdeb6aadd9dd7,2025-08-31 13:32:15.996659,mobile_app,1,True
bad2623e40dd45e5,2026-04-06 13:32:15.996659,desktop,1,True
89686db02fc248e2,2025-07-31 13:32:15.996659,mobile_web,2,False
5a3741c6a11e1eb0,2026-04-14 13:32:15.996659,mobile_app,1,True
961dee018df54de3,2026-03-22 13:32:15.996659,mobile_app,2,False
3e39b8259ebad4e3,2025-06-28 13:32:15.996659,desktop,2,True
c64da9ce6424fe42,2025-04-13 13:32:15.996659,desktop,3,True
d2c8939aa595d14b,2026-03-04 13:32:15.996659,mobile_app,3,True
4d9c20fc086abf62,2025-05-09 13:32:15.996659,mobile_web,2,False
9dbf1cc0b6361458,2025-05-13 13:32:15.996659,mobile_app,2,False
fe37ba958859cfad,2025-07-17 13:32:15.996659,mobile_app,1,True
df666a95067039ef,2026-04-30 13:32:15.996659,mobile_web,2,False
979973f1d1223f99,2026-02-16 13:32:15.996659,mobile_app,1,True
5dfec301fdd644ee,2025-08-28 13:32:15.996659,mobile_app,2,True
edc08e23a5928189,2025-04-04 13:32:15.996659,desktop,3,True
2670b9b0a8672578,2025-06-27 13:32:15.996659,mobile_web,2,False
a276bd61f022834c,2025-12-23 13:32:15.996659,mobile_app,2,True
a292a0570f0a8e02,2026-03-17 13:32:15.996659,mobile_web,2,True
24bdb7fac602f652,2025-04-22 13:32:15.996659,mobile_web,3,False
c51fb36e048c7ab3,2026-02-27 13:32:15.996659,mobile_app,2,True
8f9f59cbca19f238,2026-01-28 13:32:15.996659,desktop,2,True
452a5c4576fca111,2025-04-20 13:32:15.996659,mobile_web,1,True
8461c32064d4f5f2,2025-10-20 13:32:15.996659,mobile_app,2,True
5f54a0ab09a5fd41,2026-03-04 13:32:15.996659,mobile_app,1,True
82491da053da1ae6,2026-06-30 13:32:15.996659,mobile_web,2,True
0843d0779bb1cc2c,2025-12-19 13:32:15.996659,desktop,2,False
076164e5a92f9c13,2025-04-10 13:32:15.996659,mobile_app,1,True
bcc2e38676c99957,2025-12-18 13:32:15.996659,mobile_app,2,True
bc17e920e7e24871,2025-08-18 13:32:15.996659,mobile_web,1,False
b072cbe646cb8f2b,2026-03-09 13:32:15.996659,mobile_app,1,True
bb27783e6b943f7f,2025-07-15 13:32:15.996659,mobile_app,1,False
3539f97e8f4b84cc,2025-07-15 13:32:15.996659,desktop,1,True
c4232fe715876a06,2025-09-29 13:32:15.996659,mobile_web,3,False
ff793aacae83f1d4,2025-07-16 13:32:15.996659,desktop,3,True
0b4345566120b8b6,2025-10-12 13:32:15.996659,mobile_web,2,True
aa48ecc3d870334a,2026-01-11 13:32:15.996659,mobile_app,2,True
01421e5bb5a00b61,2025-08-01 13:32:15.996659,desktop,2,False
111bd6396c187e1f,2025-06-18 13:32:15.996659,mobile_app,3,False
6a0dc4fcf58c8b9a,2025-06-15 13:32:15.996659,mobile_app,2,True
17d9328620e9f3fb,2026-03-28 13:32:15.996659,desktop,1,True
008c12afc96f0bfa,2025-08-29 13:32:15.996659,mobile_web,2,True
4b184a02d4326c31,2026-07-01 13:32:15.996659,desktop,3,True
43bfd2432fe74dec,2025-10-15 13:32:15.996659,mobile_app,1,False
fef31ce6a5edb66e,2025-10-16 13:32:15.996659,desktop,2,True
152132cdeb736cda,2026-01-18 13:32:15.996659,mobile_web,2,True
5ea0117d3d9e30ef,2025-04-06 13:32:15.996659,mobile_web,2,False
a1facba1f0db8583,2025-05-27 13:32:15.996659,desktop,2,True
abb2c0fb4617ad3a,2026-06-15 13:32:15.996659,mobile_app,2,True
34cbfdf7d33c0830,2026-03-29 13:32:15.996659,mobile_web,3,True
9019a110aae265d0,2026-03-30 13:32:15.996659,mobile_web,2,True
043de1d60b97237b,2025-05-20 13:32:15.996659,mobile_web,1,True
82186fc75e660a1d,2025-11-08 13:32:15.996659,desktop,3,True
749b6ba98e097d29,2025-08-05 13:32:15.996659,mobile_web,2,True
15346355ac46a0bd,2025-06-29 13:32:15.996659,mobile_app,2,True
327b418ad7a2e396,2025-07-18 13:32:15.996659,mobile_app,2,True
29ddc4fe3e026b27,2026-05-23 13:32:15.996659,desktop,3,True
734c4ea52a5f837e,2026-04-30 13:32:15.996659,desktop,2,True
0e847c5353e7b548,2026-01-04 13:32:15.996659,desktop,1,True
a283d9d8b9682148,2026-01-30 13:32:15.996659,mobile_app,2,True
adea1a8af0872414,2025-07-28 13:32:15.996659,mobile_app,1,True
a8f5bd969edd207b,2026-04-22 13:32:15.996659,mobile_web,2,True
6fa44b13cebe39ea,2026-01-14 13:32:15.996659,mobile_web,1,True
55380125e8d954ef,2026-03-17 13:32:15.996659,mobile_app,2,True
9fc6137cb59e9970,2026-04-08 13:32:15.996659,mobile_web,2,True
5c9ea7b6be29b22f,2026-04-15 13:32:15.996659,mobile_app,3,True
fa091377366aefca,2026-04-05 13:32:15.996659,mobile_app,2,True
37ecc129d5a65280,2025-10-19 13:32:15.996659,mobile_app,3,True
d7ca22dc72076073,2025-12-28 13:32:15.996659,mobile_app,3,True
735021b152c73b91,2025-12-16 13:32:15.996659,mobile_app,1,True
ae07338018283b34,2025-11-26 13:32:15.996659,desktop,2,False
cff6c2f56effa8ab,2025-07-30 13:32:15.996659,mobile_web,1,True
f482c586a51754ee,2025-06-05 13:32:15.996659,desktop,3,True
9547a30632daf53b,2025-11-05 13:32:15.996659,mobile_app,2,True
f8c47b86d155b268,2025-09-13 13:32:15.996659,mobile_app,1,True
48f46c9ff56cfdd2,2025-07-31 13:32:15.996659,mobile_app,1,True
39d4f83d9cabd1b2,2025-08-22 13:32:15.996659,mobile_web,2,False
259a34627a2bc9f4,2026-05-02 13:32:15.996659,mobile_app,3,True
1898fd963ddb11d7,2025-04-11 13:32:15.996659,mobile_web,2,True
77a4fcabe21860ae,2026-04-19 13:32:15.996659,mobile_web,1,False
e59259a798ced99a,2025-12-27 13:32:15.996659,desktop,2,True
57e1b5ece751ab51,2025-09-09 13:32:15.996659,mobile_app,2,True
e27578d385782642,2025-12-31 13:32:15.996659,mobile_app,2,True
533d3d48bba42911,2026-03-14 13:32:15.996659,mobile_app,1,True
a7fc8088421f5448,2025-05-08 13:32:15.996659,mobile_app,2,False
12d4c59d2d36a390,2026-05-31 13:32:15.996659,mobile_web,3,True
53f2d2f708dac0b3,2026-03-13 13:32:15.996659,mobile_app,2,False
fc338b4623ea2217,2025-04-07 13:32:15.996659,mobile_web,2,True
2f6ba0d2a42a7d77,2025-08-04 13:32:15.996659,mobile_app,2,True
b7de7309ea3cc449,2026-05-24 13:32:15.996659,desktop,2,True
b127109bf8a39f75,2025-07-24 13:32:15.996659,desktop,2,True
3ae97c50feda2771,2025-04-17 13:32:15.996659,mobile_app,1,True
789b79fefcd826a1,2026-05-19 13:32:15.996659,desktop,1,True
5223f19243bc4556,2025-12-26 13:32:15.996659,mobile_app,3,True
3f38b7f678b5ba69,2025-12-01 13:32:15.996659,mobile_web,3,True
3fcabf0cd9cd9bad,2026-05-04 13:32:15.996659,desktop,2,False
6c4923d7ef75e8d1,2026-04-02 13:32:15.996659,mobile_web,1,True
6e313b23c3a21d63,2026-04-14 13:32:15.996659,mobile_web,1,True
7693f1d9fa5e3f21,2026-04-09 13:32:15.996659,mobile_app,1,True
fff065fb082ab761,2025-12-31 13:32:15.996659,mobile_web,3,True
9bc51d1a12401448,2025-12-03 13:32:15.996659,mobile_web,3,False
2cb3e6a37a9f9471,2026-03-16 13:32:15.996659,mobile_app,2,False
d8a5349cb248cc8e,2026-02-21 13:32:15.996659,mobile_app,3,True
09c281788b958efc,2026-04-06 13:32:15.996659,mobile_web,1,True
01eacc6c1579533e,2025-07-05 13:32:15.996659,mobile_web,2,True
e86f1652425065bf,2026-03-28 13:32:15.996659,mobile_app,1,True
27ed5d18a997729f,2025-05-16 13:32:15.996659,desktop,2,True
7e8c24cb229b1fb1,2025-10-30 13:32:15.996659,mobile_web,3,True
a915afd54ac54f39,2025-07-02 13:32:15.996659,mobile_app,3,False
9dd070a2fd4a31c3,2025-09-16 13:32:15.996659,mobile_app,1,True
10bb56ccdbd99d2d,2026-03-03 13:32:15.996659,mobile_web,1,True
b05b788a15482fe8,2025-10-02 13:32:15.996659,mobile_web,2,True
e0668d43aa35ab1e,2026-02-28 13:32:15.996659,mobile_app,1,False
6e96d9d820f95042,2026-05-10 13:32:15.996659,mobile_app,2,True
3c8a3c098d21ce15,2026-03-09 13:32:15.996659,mobile_web,2,False
d67753aefae46a62,2026-02-27 13:32:15.996659,mobile_web,1,False
b5d4539dd34015ba,2026-05-02 13:32:15.996659,mobile_web,1,True
79bebfbe80b660fb,2026-06-22 13:32:15.996659,mobile_app,1,True
6b9286a704236502,2025-04-29 13:32:15.996659,mobile_web,3,True
7d23febcb82a46e2,2025-11-11 13:32:15.996659,mobile_app,2,True
9a2bc77a77ebd239,2026-01-01 13:32:15.996659,mobile_app,2,True
c19f12e19c058ffb,2025-05-05 13:32:15.996659,mobile_web,2,True
86ac944b716a0e40,2026-03-22 13:32:15.996659,mobile_web,2,False
d1201efe65ff6cd0,2025-12-31 13:32:15.996659,mobile_app,1,True
9f55cf9e1ee450c8,2025-06-12 13:32:15.996659,mobile_web,1,True
a5d80379c82cbce6,2025-09-18 13:32:15.996659,mobile_app,2,True
29895f8d74cdb568,2026-01-02 13:32:15.996659,mobile_app,2,True
f288d0ee84ed55f8,2026-03-08 13:32:15.996659,mobile_app,1,True
fd7a022539b41c41,2026-06-17 13:32:15.996659,mobile_app,2,True
1a0aaa977b1cb3ec,2026-05-25 13:32:15.996659,mobile_web,3,True
7a3eb6f12d332dcd,2026-04-20 13:32:15.996659,mobile_web,1,True
e510b91f813b3d3b,2025-07-10 13:32:15.996659,mobile_web,1,True
462b62a10327b697,2025-09-15 13:32:15.996659,mobile_app,2,True
e59f8a2e21415e3e,2025-12-17 13:32:15.996659,mobile_app,1,True
a7c202de3c0de77c,2025-07-11 13:32:15.996659,mobile_app,2,True
42a44584c7e22a01,2026-04-20 13:32:15.996659,mobile_web,2,True
b782789a857610eb,2026-03-29 13:32:15.996659,mobile_app,2,False
00c1382dbd2fb533,2026-01-05 13:32:15.996659,mobile_app,2,True
4ddd2e0b05ec82c9,2025-05-11 13:32:15.996659,mobile_web,2,True
385df9b8372e8c0f,2025-09-26 13:32:15.996659,mobile_web,2,True
55eb18432b71afa1,2025-06-10 13:32:15.996659,mobile_app,1,True
c45eefd94b91fd34,2026-03-12 13:32:15.996659,mobile_app,2,False
fd49eca32d80d849,2025-06-11 13:32:15.996659,mobile_web,2,True
7a14c79645b31399,2026-05-31 13:32:15.996659,mobile_app,2,True
021e7f3d83794551,2026-03-21 13:32:15.996659,mobile_app,1,True
1eedef30a3e07a49,2025-11-07 13:32:15.996659,desktop,2,True
153c8f66727f524a,2026-06-10 13:32:15.996659,mobile_app,2,False
b7b6cfd3b1d5e323,2025-06-07 13:32:15.996659,mobile_app,1,False
437ecd31670b9f08,2025-06-03 13:32:15.996659,mobile_app,2,True
d4928f687070987b,2025-10-29 13:32:15.996659,mobile_app,2,True
3ced5aaac4491370,2026-02-13 13:32:15.996659,mobile_app,2,True
6255a0cf5a3f8c4d,2026-05-18 13:32:15.996659,mobile_app,1,True
d889a7de447dbf93,2025-09-24 13:32:15.996659,mobile_app,3,True
f8030a8fa47b63d9,2025-10-31 13:32:15.996659,mobile_app,1,False
7e21b7d96571dbab,2025-07-22 13:32:15.996659,desktop,3,True
b42504aa32bf5bed,2025-10-01 13:32:15.996659,desktop,2,True
2ad12a3858fe3ee5,2026-05-05 13:32:15.996659,mobile_app,1,True
d9af1add9e08beee,2026-05-08 13:32:15.996659,mobile_app,2,False
c2d837094c5e44d7,2025-07-12 13:32:15.996659,mobile_web,2,False
a784368107f20b45,2026-04-21 13:32:15.996659,desktop,2,True
ffd21e1299003188,2025-05-01 13:32:15.996659,desktop,2,True
bd061b4aac62613c,2026-05-15 13:32:15.996659,mobile_app,2,False
bbb4704356787a31,2025-08-05 13:32:15.996659,mobile_app,2,True
d5ac9c8aea779c73,2025-04-15 13:32:15.996659,mobile_app,3,False
334f2f91b11d715e,2025-12-14 13:32:15.996659,mobile_web,1,False
f916702e53246de4,2026-06-07 13:32:15.996659,mobile_app,2,True
0341f45b2773ae74,2025-05-30 13:32:15.996659,mobile_app,2,True
c4a21ed632492ca4,2026-04-08 13:32:15.996659,mobile_app,2,True
72262fde8cdf6af3,2025-11-05 13:32:15.996659,mobile_app,2,False
b30d42e1e5badc00,2025-04-11 13:32:15.996659,mobile_web,2,True
80ba232a2f8f48b9,2025-07-29 13:32:15.996659,mobile_app,2,False
9c649c51033c08a7,2026-06-11 13:32:15.996659,mobile_web,2,True
70478fe229377460,2025-06-24 13:32:15.996659,mobile_web,1,False
c03ad83eae315e03,2026-04-20 13:32:15.996659,mobile_web,2,True
0cf618110d12a345,2025-07-27 13:32:15.996659,mobile_app,1,True
43e503d15e567340,2025-09-23 13:32:15.996659,mobile_web,1,True
1e32189d3de73b25,2026-02-22 13:32:15.996659,mobile_web,1,True
3778e720032b0eb7,2025-12-22 13:32:15.996659,mobile_app,2,True
c0cdc669928b8057,2026-05-10 13:32:15.996659,mobile_app,3,False
fdf5a4515848ad7a,2025-04-10 13:32:15.996659,mobile_web,2,True
82048f1a2d4efb49,2026-03-16 13:32:15.996659,mobile_app,1,False
b7f4f5d4d36a680c,2026-02-12 13:32:15.996659,mobile_app,3,True
07fb80e5eee737e2,2025-11-16 13:32:15.996659,mobile_app,1,True
c342494f62ef9808,2025-08-31 13:32:15.996659,mobile_app,3,False
67ae9a718e3a220b,2025-11-15 13:32:15.996659,mobile_app,2,True
7e26b69a4a440852,2025-11-15 13:32:15.996659,mobile_web,1,False
0f8f3216173e091d,2025-10-10 13:32:15.996659,mobile_app,2,False
73d03d2db0e4a0ca,2025-06-07 13:32:15.996659,mobile_web,2,True
3fc43295356883ff,2026-01-04 13:32:15.996659,mobile_app,2,True
f06d6f7c203e425a,2025-06-19 13:32:15.996659,mobile_app,1,True
9d7de68487b8c7b3,2025-07-09 13:32:15.996659,mobile_app,3,True
7bac7d7ecfe4d637,2025-04-21 13:32:15.996659,mobile_web,2,True
1ace6f368d0bd553,2025-05-13 13:32:15.996659,desktop,3,False
f69d55027f2123ff,2025-07-04 13:32:15.996659,mobile_app,3,True
ac97deeb76857c4a,2026-03-12 13:32:15.996659,mobile_app,1,True
2807005058059975,2025-07-15 13:32:15.996659,mobile_app,2,False
42ab77c84100d391,2025-08-01 13:32:15.996659,mobile_app,3,True
0aabe0b3ada4d32f,2026-02-21 13:32:15.996659,mobile_web,2,False
e226b25aabab34b1,2025-08-28 13:32:15.996659,mobile_app,1,True
9a9610085767328b,2026-03-09 13:32:15.996659,desktop,1,True
1807d53df5ac9477,2025-11-06 13:32:15.996659,mobile_app,1,True
805aa0e7fc8e0acd,2025-07-05 13:32:15.996659,mobile_app,3,True
bbdf94aadc1cc957,2026-04-08 13:32:15.996659,mobile_web,2,True
0126cd56ee36ae75,2026-01-30 13:32:15.996659,mobile_app,2,True
330e50c5ae9ac47a,2025-07-06 13:32:15.996659,mobile_web,3,False
95305b5c3c90eb2a,2025-12-08 13:32:15.996659,mobile_app,1,True
efa973382cede3b9,2025-04-21 13:32:15.996659,mobile_web,2,True
372f9cfbe75bddc5,2026-06-29 13:32:15.996659,mobile_app,1,True
e7a27674bd9bd108,2025-08-08 13:32:15.996659,mobile_app,1,True
5f808d5468b44209,2025-06-27 13:32:15.996659,mobile_web,1,True
0572ff5fffa231f2,2025-05-11 13:32:15.996659,mobile_app,2,True
a55eb04f23f8b972,2026-04-22 13:32:15.996659,mobile_app,2,False
3664842173dae002,2025-04-11 13:32:15.996659,mobile_web,2,False
037c449f27b815d4,2026-01-05 13:32:15.996659,mobile_app,1,False
1c057afa936a8738,2026-01-23 13:32:15.996659,desktop,1,True
6b6660919d027b68,2026-01-22 13:32:15.996659,mobile_web,2,True
0d27aba501ed70af,2025-09-15 13:32:15.996659,mobile_web,1,True
c6dc22c14eb57f66,2025-09-06 13:32:15.996659,mobile_app,3,True
81a645540e12ddb8,2025-11-29 13:32:15.996659,mobile_app,3,True
110ba3d0ed013b3a,2026-05-31 13:32:15.996659,desktop,2,False
0ed49eae1267b01c,2025-04-10 13:32:15.996659,mobile_app,2,True
9fc8c7a8f7397489,2026-03-23 13:32:15.996659,mobile_app,2,True
2a9424affbeca99d,2026-05-21 13:32:15.996659,mobile_app,2,True
bce73ca153176324,2025-10-04 13:32:15.996659,mobile_app,3,False
50174a754c954a79,2025-12-27 13:32:15.996659,mobile_app,3,True
b9a623dbddb46965,2025-09-25 13:32:15.996659,mobile_web,2,False
31380750d734edaf,2025-05-30 13:32:15.996659,mobile_web,2,True
32ecc2960a83bcc8,2026-05-19 13:32:15.996659,desktop,3,True
115093ebccc333b8,2026-02-23 13:32:15.996659,mobile_app,1,False
93cf396e57dc6d7b,2025-11-09 13:32:15.996659,mobile_app,2,True
ae26034b2e4d7168,2025-07-09 13:32:15.996659,mobile_app,2,True
e78aaca8c372e900,2025-10-02 13:32:15.996659,mobile_web,2,True
c187b14f2b09f2ce,2026-01-09 13:32:15.996659,mobile_app,2,True
7c202231faa1bee0,2025-09-28 13:32:15.996659,mobile_app,1,True
af506c3506710dbf,2025-04-13 13:32:15.996659,mobile_app,1,False
55f7650c48c79d4b,2025-11-26 13:32:15.996659,mobile_web,2,False
b926265ad5078c9c,2025-05-26 13:32:15.996659,mobile_web,3,True
5c216d58e72d89e3,2025-07-13 13:32:15.996659,desktop,3,True
b932b49d007b4384,2026-02-15 13:32:15.996659,mobile_app,2,True
67d0b4dbf668103a,2026-03-11 13:32:15.996659,desktop,1,True
281b5a57f025b5ad,2025-07-17 13:32:15.996659,mobile_app,2,True
35418978ee88c55b,2026-03-30 13:32:15.996659,mobile_app,2,True
5d5da035dbd83aab,2026-01-30 13:32:15.996659,mobile_app,2,False
8df65f555c5c856b,2026-03-17 13:32:15.996659,mobile_app,2,True
4960b343b27b03ea,2025-09-30 13:32:15.996659,mobile_app,1,True
62f652c377950d69,2026-02-19 13:32:15.996659,mobile_app,2,False
cc615eb86b7cdfd0,2025-09-06 13:32:15.996659,mobile_app,2,True
86e7734bed0c06e6,2025-05-03 13:32:15.996659,mobile_web,2,True
f7b02c8bbe8ada30,2025-06-20 13:32:15.996659,mobile_web,3,True
e0e432197af356f1,2025-04-27 13:32:15.996659,mobile_web,2,True
8ec78e0ade0b5b0a,2026-06-21 13:32:15.996659,mobile_app,3,True
14d0cf1ef5e15e72,2025-12-07 13:32:15.996659,mobile_app,2,True
18de1dfb978cba7e,2026-03-24 13:32:15.996659,mobile_web,2,True
718612387f53d1b3,2025-05-11 13:32:15.996659,mobile_app,3,True
7aecc300726a890a,2025-08-13 13:32:15.996659,mobile_app,3,True
0357aba646178900,2026-02-07 13:32:15.996659,mobile_app,3,True
d55d324e2c81c68f,2025-10-19 13:32:15.996659,mobile_web,3,True
d28166967736e46c,2025-09-30 13:32:15.996659,mobile_app,2,True
a6c91c7b9a0ffc25,2025-11-19 13:32:15.996659,mobile_web,1,True
d8fb3a47e1a658f6,2025-11-29 13:32:15.996659,mobile_app,2,True
3d6c036f84168c0b,2026-06-07 13:32:15.996659,mobile_app,3,True
4e3b8812508c165a,2025-12-09 13:32:15.996659,mobile_app,2,True
c1eaf282b15861a1,2026-01-25 13:32:15.996659,mobile_app,2,True
c135dacd5127d1c5,2025-06-25 13:32:15.996659,mobile_app,3,True
c2e4c2d9959ef4f0,2025-06-04 13:32:15.996659,mobile_web,3,False
e1f930aff9a78302,2025-07-26 13:32:15.996659,mobile_app,3,True
18090c50cc91ee85,2026-06-18 13:32:15.996659,mobile_app,2,True
57ae308620018014,2025-06-15 13:32:15.996659,mobile_web,2,True
123b2e73c04c0a96,2026-01-03 13:32:15.996659,mobile_app,3,True
f34ab51be2600f68,2025-12-25 13:32:15.996659,mobile_app,1,True
3c5d86218de99c1b,2025-04-28 13:32:15.996659,mobile_app,1,True
9f7ec3732a4849ab,2025-06-03 13:32:15.996659,mobile_app,3,True
6eaf4b8f94b34c0b,2026-06-09 13:32:15.996659,mobile_app,2,False
3ce4f219e69381dc,2026-01-20 13:32:15.996659,mobile_web,2,True
69db4f2d7f2d05db,2025-07-26 13:32:15.996659,mobile_app,1,False
78163e45bf2f0d45,2025-10-30 13:32:15.996659,mobile_web,2,True
8385c4f69e96e800,2026-03-07 13:32:15.996659,mobile_app,3,True
5b6fa0f3dbb984a1,2025-11-06 13:32:15.996659,mobile_web,2,True
e26dba7c7248ccbc,2025-06-03 13:32:15.996659,mobile_web,2,True
125c3b4e599d6f5f,2026-03-23 13:32:15.996659,mobile_app,2,True
a5f4aba654eca61d,2025-07-28 13:32:15.996659,mobile_app,3,True
babc97f854a994c6,2025-08-02 13:32:15.996659,mobile_app,3,True
35895793b8287c38,2025-05-26 13:32:15.996659,desktop,2,True
9665d64e08ca72f4,2026-02-17 13:32:15.996659,desktop,2,True
7e5148de6851d2a8,2026-03-26 13:32:15.996659,mobile_app,1,True
fd2df6144c61f636,2025-10-26 13:32:15.996659,mobile_web,2,True
91dfc8cdc0c8caf0,2025-11-03 13:32:15.996659,mobile_app,1,False
5230d7f65f7f7bfb,2025-12-28 13:32:15.996659,mobile_app,2,True
156ddb2866ac0da9,2025-07-13 13:32:15.996659,mobile_web,2,False
9c016e4b6357fabb,2025-07-04 13:32:15.996659,mobile_app,2,True
c19d78188ef7846a,2026-03-13 13:32:15.996659,mobile_app,1,True
3af9471a4c3d089c,2025-07-06 13:32:15.996659,mobile_web,1,True
7db442c850a207b6,2026-03-20 13:32:15.996659,mobile_app,1,True
d5716a1ac3aed1af,2025-12-29 13:32:15.996659,mobile_web,2,True
1ed015c5546845f1,2026-06-20 13:32:15.996659,mobile_app,1,True
8380ddb59a4f38d4,2026-01-29 13:32:15.996659,mobile_app,1,True
8fd9b1776c53eebc,2025-04-22 13:32:15.996659,mobile_app,3,True
919f751f62100cff,2025-12-13 13:32:15.996659,desktop,1,True
cfa3f3494ea1bc70,2025-08-13 13:32:15.996659,mobile_app,3,True
7206d09230705e01,2026-05-14 13:32:15.996659,mobile_app,2,True
fe0dc6536042d67c,2025-09-16 13:32:15.996659,mobile_web,2,False
08a8e6f5f29cf1eb,2026-01-14 13:32:15.996659,desktop,2,True
180d2c88fcc76aa8,2025-07-29 13:32:15.996659,desktop,1,True
133fb3408377ec99,2025-05-06 13:32:15.996659,mobile_app,3,True
004ae83a3641e70f,2025-11-03 13:32:15.996659,mobile_app,3,True
6d92505a23c97896,2026-05-17 13:32:15.996659,mobile_app,2,False
9569bac1d4fe7410,2025-11-28 13:32:15.996659,mobile_web,2,True
64781fe2e6289d97,2026-05-07 13:32:15.996659,desktop,2,True
bb47599c23c9abfe,2025-12-10 13:32:15.996659,mobile_web,3,True
5b8e0dec66cdb2f3,2026-06-05 13:32:15.996659,mobile_app,3,True
6dd2001c37d2e7d4,2025-09-14 13:32:15.996659,mobile_app,1,True
c97e3e0d0b90b842,2026-02-11 13:32:15.996659,mobile_app,3,True
10a3ae47e9534002,2026-04-02 13:32:15.996659,mobile_app,3,True
0800bd3baba4dc7f,2026-06-25 13:32:15.996659,mobile_app,2,True
b21b972fd11ac110,2025-05-24 13:32:15.996659,mobile_app,1,False
5163459096994f9c,2025-06-17 13:32:15.996659,mobile_web,3,True
0cbe4d9498e9bb63,2025-06-28 13:32:15.996659,desktop,2,True
4c974249d5ef4489,2026-06-06 13:32:15.996659,mobile_web,2,True
527a7a93fb51943f,2026-01-24 13:32:15.996659,desktop,3,True
b18765d0fc359532,2025-04-17 13:32:15.996659,mobile_web,2,True
980901fb151ec5d5,2025-10-12 13:32:15.996659,mobile_web,3,True
9ad4e681f440dc9f,2026-05-05 13:32:15.996659,mobile_app,2,True
6f235f35a081654e,2026-04-29 13:32:15.996659,mobile_web,1,True
95b6f42d2a315980,2026-03-05 13:32:15.996659,mobile_app,3,True
1a1e848144195d22,2025-04-16 13:32:15.996659,mobile_app,2,True
60e106469b60c2fe,2026-04-16 13:32:15.996659,mobile_app,2,True
0b3782776d1ef750,2025-05-18 13:32:15.996659,mobile_web,2,True
b98795eff6c46b46,2025-08-28 13:32:15.996659,mobile_web,1,True
c469963e8d507282,2025-05-09 13:32:15.996659,desktop,2,False
1e797e7b146f2c75,2025-06-22 13:32:15.996659,desktop,2,True
f4b42253291d4944,2026-02-01 13:32:15.996659,desktop,3,True
839004537b04b704,2025-06-21 13:32:15.996659,mobile_app,3,False
9d238af18bab415a,2026-04-17 13:32:15.996659,desktop,2,True
79a92ad91c1a872d,2026-02-20 13:32:15.996659,mobile_web,1,False
597fe0e1746cb75b,2026-03-28 13:32:15.996659,desktop,2,False
37bd7f314a3b1a2b,2026-05-03 13:32:15.996659,mobile_app,1,False
0b474bce7fdea156,2026-05-23 13:32:15.996659,mobile_app,3,False
3bb299ea757c3f3c,2026-04-08 13:32:15.996659,desktop,2,True
e476924818223609,2026-05-09 13:32:15.996659,mobile_app,3,True
0ab408a6d738c7bd,2026-01-10 13:32:15.996659,mobile_app,2,False
6f00fda24cca2394,2026-05-31 13:32:15.996659,mobile_app,1,False
f1e46f55d8bb139a,2026-06-05 13:32:15.996659,mobile_app,3,True
c397024216c913e2,2025-04-08 13:32:15.996659,mobile_app,2,True
c34562cedbe333ef,2026-05-24 13:32:15.996659,desktop,3,True
93056697c0e9f47c,2026-05-30 13:32:15.996659,desktop,3,False
564e8da76bfcbf9c,2026-06-19 13:32:15.996659,desktop,2,True
eede5f578f89ea08,2026-05-03 13:32:15.996659,mobile_app,2,True
bc68066e93bf8047,2025-11-04 13:32:15.996659,mobile_app,2,True
9f91d1c6b4bc7796,2025-06-21 13:32:15.996659,mobile_app,3,True
1b363961820d291b,2025-08-02 13:32:15.996659,mobile_app,3,False
220c1df7a312cb13,2025-10-11 13:32:15.996659,mobile_app,2,True
33ebc3878a3e09b9,2026-05-25 13:32:15.996659,mobile_web,2,True
51e9c4b706692cf5,2025-07-15 13:32:15.996659,desktop,1,True
ea50237b228050b5,2026-06-16 13:32:15.996659,mobile_app,2,True
5f21e7d93cb3a641,2025-09-18 13:32:15.996659,mobile_app,3,True
72838cbfd789940a,2025-12-28 13:32:15.996659,mobile_app,3,True
0e137fbde0f8904a,2025-05-27 13:32:15.996659,mobile_app,2,True
7a9447fa426a2b70,2026-02-13 13:32:15.996659,mobile_app,2,False
22de1f03334ca674,2025-09-15 13:32:15.996659,mobile_app,1,True
219e4aefa4a27ec8,2025-12-14 13:32:15.996659,mobile_app,1,True
a5a23812b3ccf466,2025-11-07 13:32:15.996659,mobile_app,2,True
00248bb0c71f0e15,2025-05-01 13:32:15.996659,mobile_web,3,False
cfa43803976e5b4b,2025-08-12 13:32:15.996659,mobile_app,2,True
29c00542c83c4fac,2025-12-26 13:32:15.996659,mobile_app,2,True
ba397fbf640453fd,2025-12-11 13:32:15.996659,mobile_app,2,False
ec2a3e9476b7bed0,2025-08-16 13:32:15.996659,mobile_app,1,False
7acee763d2ae16e5,2026-01-26 13:32:15.996659,mobile_app,1,True
94c22b496c602b0c,2026-04-17 13:32:15.996659,mobile_web,3,True
f02b82e475eeb9f8,2025-12-02 13:32:15.996659,desktop,1,True
2b2cc94fbd670361,2026-06-01 13:32:15.996659,mobile_web,2,True
9359710ea0c82fb1,2026-04-16 13:32:15.996659,mobile_app,2,True
4f0d943ae759643d,2025-12-23 13:32:15.996659,mobile_app,1,True
fca6c471b511143b,2025-07-05 13:32:15.996659,mobile_app,1,True
ac5bd03a1112624d,2025-07-12 13:32:15.996659,mobile_app,1,True
49ee722b1dff327e,2026-03-06 13:32:15.996659,desktop,2,False
9ec56781d5e29f88,2025-12-23 13:32:15.996659,mobile_app,3,True
718c93079a2917b2,2026-04-24 13:32:15.996659,mobile_app,2,False
8345776de41173ec,2025-07-24 13:32:15.996659,mobile_app,2,True
faf07450baf3a8d1,2026-03-12 13:32:15.996659,mobile_app,2,True
a439ff3307275bd3,2025-07-04 13:32:15.996659,desktop,3,True
031355c6e20ccd0a,2025-06-14 13:32:15.996659,mobile_app,1,True
518d560739fa86d7,2025-08-23 13:32:15.996659,mobile_app,3,True
55d597461d40ecc1,2026-02-02 13:32:15.996659,mobile_app,2,True
f7617f4d0a376db5,2025-04-25 13:32:15.996659,mobile_web,3,True
d5cfc68d44b2632b,2025-08-24 13:32:15.996659,mobile_app,2,True
da607cfc7ef8d34d,2025-09-12 13:32:15.996659,mobile_web,1,True
9da55d81cdd66cdd,2025-06-08 13:32:15.996659,mobile_app,2,True
edd81a1648dbde7a,2025-05-27 13:32:15.996659,mobile_app,1,True
3b82a1248fa2a900,2026-05-28 13:32:15.996659,desktop,2,True
f9878f80de07e15e,2025-05-27 13:32:15.996659,mobile_app,2,True
ea38c68ac1b2d545,2025-07-19 13:32:15.996659,mobile_app,2,True
0db706241bc8aee0,2026-03-31 13:32:15.996659,mobile_app,1,True
9b34c9dd18319230,2026-02-13 13:32:15.996659,mobile_app,2,False
660f428da75fec9d,2025-07-25 13:32:15.996659,mobile_app,2,True
6d2a4b565716dc1d,2026-03-26 13:32:15.996659,mobile_web,3,True
8f6a732a2041a52d,2025-12-09 13:32:15.996659,mobile_app,2,True
07dcd3c5c6827242,2025-08-23 13:32:15.996659,mobile_app,2,True
2b5667686df12852,2025-09-10 13:32:15.996659,mobile_app,3,True
1e82eecc8d3ddfc5,2025-05-15 13:32:15.996659,mobile_web,2,True
7745d6f0bccdd5b5,2026-05-13 13:32:15.996659,mobile_app,2,True
8d8ede1a91062e98,2026-02-18 13:32:15.996659,mobile_app,1,False
ccd1da23141b2b36,2025-04-10 13:32:15.996659,mobile_web,2,True
5845a0dad65f4fe2,2025-10-17 13:32:15.996659,mobile_web,2,True
8b0bf4ddc07510d8,2026-03-11 13:32:15.996659,desktop,1,False
f545254a374c13b1,2026-02-21 13:32:15.996659,mobile_app,3,True
df3bdefdb968d7ae,2026-01-29 13:32:15.996659,mobile_app,1,True
2ba58fea31199569,2025-10-23 13:32:15.996659,mobile_app,2,True
1e3c8452cf8f6b66,2026-02-23 13:32:15.996659,mobile_web,1,True
8032471d257256cf,2025-09-23 13:32:15.996659,mobile_app,2,False
d40e297506e9f291,2025-12-12 13:32:15.996659,mobile_app,3,True
fc67c193c512595d,2025-09-28 13:32:15.996659,mobile_app,1,True
16b57773b385c028,2026-04-23 13:32:15.996659,mobile_web,2,True
82a09dac7aa5171e,2025-09-22 13:32:15.996659,mobile_web,2,True
4fd10d94f24d4d08,2025-05-08 13:32:15.996659,mobile_app,3,True
9ed645814e91bd78,2026-05-02 13:32:15.996659,desktop,1,True
9cf7f36cfddb67c2,2026-02-04 13:32:15.996659,desktop,2,True
9569675c06e1d632,2025-08-21 13:32:15.996659,mobile_app,2,True
369c6d6c20b11abc,2025-09-25 13:32:15.996659,mobile_app,2,False
fbd377fb820f5251,2025-08-29 13:32:15.996659,mobile_web,2,False
43b0e2eed62a8248,2025-10-21 13:32:15.996659,mobile_app,2,False
f0c2f8226e77509b,2025-08-26 13:32:15.996659,mobile_app,2,True
9d9c9aefe097c7a4,2025-09-28 13:32:15.996659,mobile_app,1,True
4015d5e593504395,2026-05-30 13:32:15.996659,desktop,2,False
d1bbb586d8786bab,2025-07-26 13:32:15.996659,mobile_app,2,True
b5b565884b659723,2025-12-11 13:32:15.996659,mobile_web,2,True
b2ca03c2dc8ffcb8,2026-06-09 13:32:15.996659,mobile_app,1,True
d834c2774e12bda4,2025-12-28 13:32:15.996659,mobile_app,2,False
4adf918c2b8c74b5,2025-12-16 13:32:15.996659,desktop,2,False
45c45e818ae5d176,2026-05-24 13:32:15.996659,mobile_app,2,False
ccb14f16bc96d2d1,2025-04-05 13:32:15.996659,mobile_app,3,True
e6d761e4bb07bb88,2026-03-23 13:32:15.996659,mobile_app,2,False
b8da5e409b92ba51,2026-02-02 13:32:15.996659,mobile_web,2,True
a3a789110952e119,2025-12-14 13:32:15.996659,mobile_app,1,True
243e193ab2bc9c27,2025-06-19 13:32:15.996659,mobile_app,3,True
dc43fac896043f65,2025-07-29 13:32:15.996659,mobile_app,2,True
1272032be7834d20,2025-07-17 13:32:15.996659,mobile_app,2,False
c69d48202c636cfc,2026-03-17 13:32:15.996659,mobile_app,1,True
98303e7802f7de18,2025-06-13 13:32:15.996659,mobile_app,1,True
6df40d8f1a2edbe8,2025-06-20 13:32:15.996659,mobile_app,2,True
84c81859e9852f61,2025-12-03 13:32:15.996659,mobile_app,1,True
e91fd51683658746,2025-10-27 13:32:15.996659,mobile_web,1,False
fdf2dc44d7264f1d,2026-06-16 13:32:15.996659,mobile_web,1,True
b76952821132a44a,2025-07-22 13:32:15.996659,mobile_app,3,True
1934c7a053b239ad,2025-04-21 13:32:15.996659,mobile_app,2,True
4f119670976e9597,2025-11-29 13:32:15.996659,mobile_app,3,True
2e1c49e4dd8f2b20,2025-10-30 13:32:15.996659,desktop,3,False
74420b9057204e6f,2025-11-17 13:32:15.996659,mobile_app,3,True
5bb52cd8f9b1721d,2026-05-26 13:32:15.996659,mobile_app,2,True
54fb031d74ed363c,2025-09-24 13:32:15.996659,mobile_app,1,False
142dc3344ce17c81,2025-08-08 13:32:15.996659,mobile_app,2,True
1bb792c532ee5ec0,2025-05-06 13:32:15.996659,mobile_app,1,True
f0bec9db49d6c0c3,2025-05-05 13:32:15.996659,mobile_app,2,True
c9befe6103e9b823,2025-11-21 13:32:15.996659,mobile_web,1,False
207ae08fd518b13b,2025-04-22 13:32:15.996659,mobile_web,1,True
02c0143a47215c48,2025-11-04 13:32:15.996659,mobile_web,2,True
cb5b16007ee3c88e,2025-09-13 13:32:15.996659,mobile_web,1,True
7cc412ce87faf8e7,2025-10-02 13:32:15.996659,mobile_app,1,True
be8016f0bf75b983,2025-04-04 13:32:15.996659,desktop,1,True
2e638cb0e3273857,2025-08-01 13:32:15.996659,mobile_web,2,True
bbf240b3349435d6,2026-05-09 13:32:15.996659,mobile_web,1,True
7eda16f6e1febad8,2026-05-31 13:32:15.996659,mobile_web,1,True
3d304ab9424ca6c7,2025-12-28 13:32:15.996659,mobile_app,1,True
d874978d7ca9dd6e,2025-11-10 13:32:15.996659,mobile_app,2,True
c71dd899e1ce8347,2025-09-01 13:32:15.996659,mobile_app,1,True
b80956345c5967c5,2025-11-25 13:32:15.996659,mobile_app,1,False
2d70fae352dcdc37,2025-11-10 13:32:15.996659,mobile_app,3,True
b22e760102b9e550,2025-05-09 13:32:15.996659,mobile_app,3,False
9bb288bc55e3ce2a,2026-01-31 13:32:15.996659,mobile_app,1,False
b5ae16693043e53e,2025-11-20 13:32:15.996659,desktop,1,False
4b1dfb259201f3b7,2025-10-22 13:32:15.996659,mobile_web,1,True
9f9716c507a2b5b4,2025-12-01 13:32:15.996659,mobile_app,2,True
6ea3b9754a643bcd,2025-04-18 13:32:15.996659,mobile_app,1,True
47fe3ad089caab2a,2025-04-21 13:32:15.996659,mobile_app,3,True
e7fc1b88e80abcb0,2025-11-11 13:32:15.996659,desktop,3,True
70ddea27a396c950,2025-12-09 13:32:15.996659,mobile_web,2,True
87c37336e0eca4f5,2025-10-08 13:32:15.996659,mobile_web,1,True
af2e124bbe4ba8fc,2026-04-11 13:32:15.996659,mobile_app,3,False
35de6bd2bd6aa05b,2025-12-21 13:32:15.996659,mobile_app,2,True
10284691745e8db2,2026-03-26 13:32:15.996659,mobile_web,2,False
dbdc12c0b0bf4fc9,2026-04-28 13:32:15.996659,desktop,1,True
59663ba5c366d80d,2026-05-20 13:32:15.996659,mobile_app,2,True
85004f3ab239446a,2025-10-08 13:32:15.996659,mobile_app,3,True
d10b8b73eabd0710,2026-07-02 13:32:15.996659,mobile_app,3,True
bb5b01b965009347,2025-09-11 13:32:15.996659,mobile_app,2,False
d5c7accf5f82ba9c,2025-12-18 13:32:15.996659,desktop,2,True
c8807458025ab798,2026-01-17 13:32:15.996659,mobile_web,2,True
76452369c8329df3,2025-07-17 13:32:15.996659,mobile_app,2,True
36abc716ac1dab8d,2025-10-30 13:32:15.996659,mobile_app,3,True
c22dbadb9ecd3af8,2025-08-03 13:32:15.996659,mobile_app,2,False
9fffddb60a33e1d3,2025-08-14 13:32:15.996659,mobile_app,1,False
41d122fa2bc7e107,2026-06-18 13:32:15.996659,mobile_app,1,True
8b43374ddf870374,2026-03-26 13:32:15.996659,mobile_web,2,True
02bb7ad028bf2511,2025-10-16 13:32:15.996659,mobile_web,3,True
936a64c1716663f8,2025-04-15 13:32:15.996659,mobile_app,1,True
12cc96f32d1c7716,2026-04-23 13:32:15.996659,mobile_web,2,True
109b9243776c7547,2026-05-15 13:32:15.996659,mobile_web,3,True
2c55b365ae71c401,2025-04-30 13:32:15.996659,mobile_app,2,True
0113a1601f27a0e9,2025-04-19 13:32:15.996659,mobile_web,1,False
ae595235d3954a09,2026-04-17 13:32:15.996659,mobile_web,2,True
a3265b8e3199f79e,2026-01-01 13:32:15.996659,mobile_web,2,True
0a813e045cca19d7,2025-09-20 13:32:15.996659,mobile_app,1,True
7cf706ccbe7f522f,2026-04-05 13:32:15.996659,mobile_app,2,False
0d57b778b9eeec22,2026-02-04 13:32:15.996659,mobile_app,2,True
03381f9306f119b8,2026-01-04 13:32:15.996659,mobile_app,2,True
e64420b036fc40e7,2025-09-14 13:32:15.996659,mobile_app,2,True
7f355ce7627ef069,2026-02-12 13:32:15.996659,mobile_web,1,True
39670681407cfd82,2025-12-27 13:32:15.996659,mobile_app,1,True
2514de1571858342,2026-02-21 13:32:15.996659,mobile_app,1,True
50605aec44ca67fd,2025-07-22 13:32:15.996659,desktop,1,True
b33402d3dcdbb593,2026-04-24 13:32:15.996659,mobile_app,2,True
2c2d18cc0a85628a,2026-03-20 13:32:15.996659,mobile_app,1,True
5283336b7e6b4d24,2026-03-11 13:32:15.996659,mobile_app,2,True
be5926ba1d433468,2025-05-16 13:32:15.996659,mobile_app,1,True
8d83a8ad78a073ad,2025-04-29 13:32:15.996659,mobile_app,1,True
fda6e37bd33e5c1a,2025-11-17 13:32:15.996659,mobile_web,1,True
fe2f715c86ed07ae,2026-04-22 13:32:15.996659,mobile_app,2,False
b9d4f1dbf401aeb0,2025-07-23 13:32:15.996659,mobile_app,2,True
5f075fbee9792b8f,2025-11-21 13:32:15.996659,mobile_app,3,True
5e78d54074de5a38,2025-06-11 13:32:15.996659,mobile_web,1,True
27325b0c5dc94892,2026-01-20 13:32:15.996659,mobile_app,2,True
111b9e571cccd468,2025-04-04 13:32:15.996659,mobile_web,2,True
cd4b5a067908a270,2025-06-30 13:32:15.996659,mobile_app,2,True
b51f957e0d2c5a34,2026-03-23 13:32:15.996659,mobile_app,1,True
06cae96dfde2d924,2025-08-06 13:32:15.996659,mobile_app,1,True
d743fcc3a7a8d296,2026-02-22 13:32:15.996659,mobile_app,1,True
13b7415c63e0cb94,2026-01-24 13:32:15.996659,mobile_app,3,True
31330f9cdf0f0264,2026-03-11 13:32:15.996659,mobile_web,2,True
610e2b5f68e5549c,2025-08-26 13:32:15.996659,mobile_app,2,True
abc4b208bc99ad93,2026-03-05 13:32:15.996659,mobile_app,2,True
6fd93b56eac55cb9,2025-09-15 13:32:15.996659,mobile_app,2,True
601945415a786ede,2025-10-10 13:32:15.996659,mobile_app,2,True
3dd7f82f5da07046,2025-07-26 13:32:15.996659,mobile_app,1,True
78a7f7f30a7eaa51,2025-04-06 13:32:15.996659,mobile_app,2,False
2423d1abdfea77e8,2026-06-28 13:32:15.996659,mobile_app,1,True
d8776a4b61842b94,2025-04-08 13:32:15.996659,mobile_app,1,True
32d23400775773e6,2026-05-14 13:32:15.996659,mobile_app,1,False
79fc0a5d604d2d96,2025-11-05 13:32:15.996659,mobile_app,2,False
b9a2d1151fd5e3d7,2026-01-28 13:32:15.996659,mobile_app,2,True
d25ce86da94062c4,2025-09-15 13:32:15.996659,mobile_app,2,False
bebcb8a679576e7c,2025-08-08 13:32:15.996659,desktop,1,True
da46602e228da4d7,2025-06-06 13:32:15.996659,mobile_app,3,False
c142e0f3428b483d,2026-01-01 13:32:15.996659,mobile_web,1,True
c4afa4c6168b66ae,2025-05-04 13:32:15.996659,mobile_app,3,True
6c2d32392b74d82c,2026-02-06 13:32:15.996659,mobile_app,2,False
a99e3c6760c0f68f,2026-04-01 13:32:15.996659,mobile_app,2,True
75afc3369b6a1d1e,2026-01-11 13:32:15.996659,mobile_app,2,False
ee673c5975660084,2025-11-04 13:32:15.996659,mobile_web,2,True
6bce51738cb611d9,2025-09-01 13:32:15.996659,mobile_web,2,True
3e91455ec27a2b37,2025-06-19 13:32:15.996659,mobile_app,1,False
b4db1183495082a4,2026-03-22 13:32:15.996659,mobile_web,2,True
2bdf827eae76dce8,2026-02-15 13:32:15.996659,mobile_app,1,False
9d13d1377ac61ed9,2025-05-01 13:32:15.996659,mobile_app,2,False
e3822087bae1e186,2025-12-14 13:32:15.996659,mobile_web,2,True
fec9b6b92893bdf9,2026-03-15 13:32:15.996659,mobile_app,3,True
8a8e43e768317f18,2025-04-10 13:32:15.996659,mobile_app,2,True
639d9a8e3618d2a7,2025-12-10 13:32:15.996659,desktop,1,True
ba7f644b92a69834,2025-04-10 13:32:15.996659,desktop,2,True
140cba174a8b61db,2025-05-10 13:32:15.996659,mobile_web,1,True
9f0ec9d5de7df954,2025-05-16 13:32:15.996659,mobile_app,2,False
670f0ed4eafea799,2025-10-11 13:32:15.996659,mobile_web,2,True
a7b5a4f2b40632f8,2025-07-04 13:32:15.996659,mobile_app,2,True
4cdf18005a54feb2,2025-04-21 13:32:15.996659,mobile_app,1,True
7569ee653539f570,2026-03-02 13:32:15.996659,mobile_app,1,True
5a4dd27cef10ba5d,2026-06-15 13:32:15.996659,desktop,2,True
88d3e3d66ef57398,2026-02-07 13:32:15.996659,desktop,1,True
249d40cca7bfcafc,2025-09-16 13:32:15.996659,mobile_web,1,True
0ace606c6fda581d,2025-10-26 13:32:15.996659,mobile_app,2,True
fd7fbf4231517e87,2026-05-27 13:32:15.996659,mobile_app,2,False
16eeea2f172e07e2,2025-10-20 13:32:15.996659,mobile_app,1,False
cb4d7994de3c06eb,2026-04-14 13:32:15.996659,desktop,2,True
03abe409d33580d2,2025-11-14 13:32:15.996659,mobile_app,3,False
7f8cfd345d90b98f,2025-10-14 13:32:15.996659,mobile_app,2,False
05aa37c7f6f8a4df,2025-09-16 13:32:15.996659,mobile_web,1,True
2e737bba92e0b8ef,2025-12-27 13:32:15.996659,mobile_app,1,False
8b4366cfe15ac0ba,2025-12-29 13:32:15.996659,mobile_web,1,True
317d841ffee6a442,2025-08-28 13:32:15.996659,mobile_app,2,True
c659aa9fa98564b7,2025-07-27 13:32:15.996659,mobile_web,2,True
eda22bb17da068dc,2025-06-30 13:32:15.996659,mobile_app,1,False
ec187bf578119443,2026-02-01 13:32:15.996659,mobile_app,1,False
50b60dfa9a93980c,2025-12-22 13:32:15.996659,mobile_app,2,False
01a9498881a5ac66,2026-02-02 13:32:15.996659,mobile_app,2,False
781873d67eb801c4,2025-11-04 13:32:15.996659,mobile_app,3,True
cae87ffa2d50fa38,2026-05-06 13:32:15.996659,mobile_app,1,True
0d069e326461fc12,2025-12-19 13:32:15.996659,mobile_app,1,True
d4af16b1aaa18779,2026-04-08 13:32:15.996659,mobile_web,2,True
fb89d2c111e40e32,2025-11-02 13:32:15.996659,mobile_app,1,True
481ec001f3230c5a,2025-06-11 13:32:15.996659,mobile_web,1,False
d49c7d9fab830900,2025-04-10 13:32:15.996659,mobile_web,2,True
a5404f8ac00853e2,2025-12-11 13:32:15.996659,mobile_app,2,True
ef18b3dfba8f92fa,2026-06-07 13:32:15.996659,mobile_web,1,False
0d6986a9beb3488e,2026-03-21 13:32:15.996659,mobile_app,2,False
b28f479b67d48f6b,2026-05-16 13:32:15.996659,mobile_app,2,True
a9e8c773260664eb,2025-07-22 13:32:15.996659,mobile_app,1,True
454ea69e8597c335,2025-04-10 13:32:15.996659,mobile_web,3,True
5d270f89212e686f,2025-10-23 13:32:15.996659,mobile_app,1,True
7b37846273b4ab6f,2026-04-13 13:32:15.996659,mobile_app,3,True
262603a7b14a0607,2026-06-23 13:32:15.996659,desktop,3,True
69c6ad9f4897e7f7,2025-04-14 13:32:15.996659,mobile_app,2,True
d445ca9c320ba1cf,2026-02-09 13:32:15.996659,desktop,1,True
7480ee41a410126c,2026-05-13 13:32:15.996659,mobile_web,3,True
9662d049b40030bb,2026-04-13 13:32:15.996659,desktop,2,True
9df870096cd91e31,2026-03-08 13:32:15.996659,desktop,1,True
1d3e2ede078d6492,2025-09-07 13:32:15.996659,desktop,2,True
b1f47ca011eb55c0,2025-05-23 13:32:15.996659,mobile_app,2,True
d27fae333e221e2e,2026-02-27 13:32:15.996659,mobile_web,3,True
6ac11ac49aae4600,2025-08-24 13:32:15.996659,mobile_web,2,True
56664f95cdfaf342,2026-06-03 13:32:15.996659,mobile_web,3,False
16f53e4e3437e112,2026-06-28 13:32:15.996659,mobile_app,2,True
f3fc80fa62e5c26f,2026-06-08 13:32:15.996659,desktop,2,True
848abfdb703fe81e,2025-05-08 13:32:15.996659,mobile_app,2,True
0eb36515ce286d20,2025-10-11 13:32:15.996659,mobile_app,3,True
781246ba3aa33592,2025-07-01 13:32:15.996659,mobile_app,3,True
f9ca597f7b348df8,2026-06-23 13:32:15.996659,mobile_app,3,True
c5a8537e7c4f390d,2026-06-22 13:32:15.996659,mobile_web,2,False
7fc5590027ac5fe7,2025-06-11 13:32:15.996659,mobile_app,2,True
be0d37d20fed815e,2026-05-17 13:32:15.996659,mobile_web,1,True
a75a4e6bbdd2bc0e,2026-04-23 13:32:15.996659,mobile_web,3,True
00e68060c29add45,2025-11-08 13:32:15.996659,mobile_app,1,False
846e60eccf04b254,2025-09-30 13:32:15.996659,mobile_web,1,False
06df075022cc0c5f,2026-03-20 13:32:15.996659,mobile_app,2,True
502c0686bf65d035,2025-12-12 13:32:15.996659,mobile_web,2,True
3642599c7e6c2e58,2025-08-29 13:32:15.996659,desktop,2,False
3498115e0e2a0ab0,2025-12-13 13:32:15.996659,mobile_app,1,False
a43b79d9b299d3fb,2026-01-09 13:32:15.996659,mobile_web,1,True
eae97ec6a30a0c1f,2026-05-31 13:32:15.996659,mobile_app,1,False
c057c7ea5c33ec8e,2025-12-09 13:32:15.996659,mobile_app,2,True
ff0b81937d803413,2025-07-02 13:32:15.996659,mobile_web,1,True
ce026e5da1162bc9,2025-09-20 13:32:15.996659,mobile_app,2,True
1519e4055757ac17,2025-05-22 13:32:15.996659,mobile_web,1,True
25b2d5a074081ba7,2026-05-06 13:32:15.996659,mobile_app,2,False
b16f9ff9f77a5cc0,2026-06-27 13:32:15.996659,mobile_app,2,True
aa1dccdc4e734124,2025-10-26 13:32:15.996659,desktop,2,True
3dd3dc9fa822b443,2026-04-12 13:32:15.996659,mobile_app,3,True
3eb319d190684ae2,2025-10-05 13:32:15.996659,mobile_app,1,True
253452066f18248b,2025-05-17 13:32:15.996659,mobile_app,2,True
5121960892ad2307,2026-01-30 13:32:15.996659,mobile_web,2,True
0a3f4a9e0602eb0f,2025-10-25 13:32:15.996659,mobile_app,1,True
83aca2cc713e3f0f,2025-08-26 13:32:15.996659,mobile_app,3,True
e86f9bdfc3e5181b,2026-04-25 13:32:15.996659,mobile_app,3,True
b84d1d153679a9f7,2025-05-20 13:32:15.996659,mobile_app,2,True
9be1a49d505aec68,2026-04-01 13:32:15.996659,desktop,3,True
b4a911aa0efc7e26,2025-06-30 13:32:15.996659,mobile_app,2,False
81da0d6a1e063706,2025-09-05 13:32:15.996659,mobile_app,2,True
eb8fc0d28be794c4,2026-04-29 13:32:15.996659,mobile_web,1,True
bd25212e04f83729,2025-08-07 13:32:15.996659,mobile_app,1,True
6c34327fb2d01217,2026-04-04 13:32:15.996659,mobile_app,1,True
8b6015bf5777166c,2025-10-03 13:32:15.996659,mobile_app,2,False
b7b4e6018c24bb1f,2025-04-22 13:32:15.996659,mobile_app,2,True
779a9d9476d7a899,2025-04-25 13:32:15.996659,mobile_web,1,True
6bcbedd9ef48ac88,2025-06-01 13:32:15.996659,desktop,2,True
6b78bb55f283c38f,2025-11-20 13:32:15.996659,desktop,1,True
bf212cfbeb41286e,2025-10-21 13:32:15.996659,desktop,2,True
2cb7e2aa5fb80f26,2026-02-16 13:32:15.996659,mobile_app,1,True
05fd42b51eee452f,2025-05-09 13:32:15.996659,mobile_app,2,True
d7c0382f8af7f43b,2025-11-27 13:32:15.996659,mobile_web,2,True
9c532d92472d7ae7,2025-07-16 13:32:15.996659,desktop,2,True
0aada61fa9ab26b1,2026-01-20 13:32:15.996659,mobile_web,1,False
f39b461d26f6b729,2025-07-31 13:32:15.996659,mobile_app,2,False
6cc5c7c627db2890,2026-03-22 13:32:15.996659,mobile_web,3,True
6f2b07e0acb9ac75,2025-08-03 13:32:15.996659,mobile_web,1,True
2506ed6f7173dc19,2026-06-12 13:32:15.996659,desktop,2,True
a6382db792e42759,2026-05-16 13:32:15.996659,mobile_web,1,True
41bc3b6fcf24aedc,2026-01-23 13:32:15.996659,mobile_app,1,False
8ab52dbf3b4036a6,2025-11-25 13:32:15.996659,mobile_app,2,True
0b920fea9900467c,2025-08-13 13:32:15.996659,mobile_app,1,True
0a421e9cb9b97ae4,2026-01-20 13:32:15.996659,mobile_app,2,True
c882885b33e2f981,2026-06-24 13:32:15.996659,desktop,3,True
98fdded366a1e55b,2026-02-04 13:32:15.996659,mobile_app,1,True
e76f627e569761d2,2025-12-15 13:32:15.996659,mobile_app,1,False
2a681c4605b82d0d,2025-10-28 13:32:15.996659,mobile_app,3,True
a0960e0aed9a4b04,2025-09-12 13:32:15.996659,mobile_web,2,True
e7d74bf91987d787,2026-03-12 13:32:15.996659,mobile_app,3,False
be05fbc23f77d9ec,2025-09-28 13:32:15.996659,mobile_app,2,True
b9f2b4999d6f5165,2025-09-18 13:32:15.996659,desktop,2,True
b9bb819cc9901f28,2025-07-14 13:32:15.996659,mobile_app,3,True
388bc1a52caef002,2025-11-07 13:32:15.996659,mobile_app,1,True
08774da2d1cf2bcc,2025-06-29 13:32:15.996659,mobile_app,3,True
3996e6446a61b8cf,2026-03-24 13:32:15.996659,mobile_app,2,True
d699fa48e15d6ed7,2025-08-13 13:32:15.996659,mobile_web,3,True
49fd8024caffd196,2026-06-12 13:32:15.996659,desktop,1,True
09067a207301c557,2026-05-17 13:32:15.996659,mobile_app,2,True
c2ad33e447fd92c1,2025-06-04 13:32:15.996659,desktop,1,False
c2e7eaf5cb2f1a63,2025-11-28 13:32:15.996659,mobile_web,3,True
7cd6f389e58895a4,2025-09-23 13:32:15.996659,mobile_app,1,True
f33843f17e2ba59a,2025-10-01 13:32:15.996659,mobile_app,1,False
df8f65887f855261,2025-08-20 13:32:15.996659,mobile_app,3,True
e4e4ce399fd71caf,2026-03-13 13:32:15.996659,desktop,2,True
fd0f81b9c8a7bd12,2026-04-12 13:32:15.996659,mobile_app,2,True
06dee98bdea2f773,2026-06-13 13:32:15.996659,mobile_app,1,True
8b82095515a44df9,2025-06-04 13:32:15.996659,mobile_web,2,False
dfc8b9c2d381eaac,2026-03-23 13:32:15.996659,desktop,1,True
9714ae97876affb3,2025-10-14 13:32:15.996659,mobile_web,2,False
a6910b17eabe01c7,2025-12-08 13:32:15.996659,mobile_web,2,True
a7f32232b1054707,2026-04-20 13:32:15.996659,mobile_app,2,True
6b9fe1743e9ef339,2025-12-26 13:32:15.996659,desktop,1,True
e065c43a1975fb7c,2026-05-26 13:32:15.996659,mobile_app,1,True
ae9618f344573193,2026-04-13 13:32:15.996659,mobile_app,2,True
3090159cccbe631d,2026-04-30 13:32:15.996659,desktop,1,True
96e5f66f1cb5a153,2025-06-22 13:32:15.996659,mobile_app,1,True
4b99b3087d29482d,2025-10-17 13:32:15.996659,mobile_app,2,False
ed63ff2369f1ceb8,2025-05-07 13:32:15.996659,mobile_web,2,False
bbe587d463f20899,2025-12-16 13:32:15.996659,mobile_app,2,True
8f50e880d2b8e1dd,2026-04-02 13:32:15.996659,mobile_app,2,False
721a4b1d983e83f0,2025-09-29 13:32:15.996659,mobile_web,3,True
cc4c219997f5a35b,2025-05-06 13:32:15.996659,mobile_web,2,True
f55347a2365e9d2d,2025-11-02 13:32:15.996659,mobile_web,3,True
335338c6f467c88d,2026-06-24 13:32:15.996659,mobile_app,2,True
531b3aaff01e081f,2026-02-14 13:32:15.996659,mobile_app,1,True
78263deacb62a908,2025-05-08 13:32:15.996659,mobile_web,3,True
7047b4390b8376a8,2025-11-09 13:32:15.996659,mobile_app,2,False
36ecf8e7f2d28b26,2025-04-25 13:32:15.996659,mobile_app,2,True
9136d03018e823e9,2025-11-13 13:32:15.996659,mobile_app,1,False
c575a065cc807c51,2026-06-27 13:32:15.996659,mobile_app,1,True
b5d549cb31f8069e,2025-05-31 13:32:15.996659,mobile_app,2,True
aa2ca1ef0928465d,2025-07-20 13:32:15.996659,mobile_web,2,True
3cfe676f65240d25,2025-08-11 13:32:15.996659,desktop,2,True
61dbe198d67a4aa5,2025-04-17 13:32:15.996659,mobile_app,2,True
e147dea11748fef9,2026-04-04 13:32:15.996659,mobile_web,2,True
272b0703862899d4,2025-05-16 13:32:15.996659,mobile_app,1,True
548799f32a892afb,2026-03-19 13:32:15.996659,mobile_app,1,True
acdb686811448084,2025-04-17 13:32:15.996659,mobile_web,1,True
459def8b01e4b936,2026-04-06 13:32:15.996659,mobile_app,3,True
74c15e854690be02,2025-10-25 13:32:15.996659,desktop,2,False
3d0a57260cd9810f,2025-07-08 13:32:15.996659,mobile_app,3,True
215142f43f646682,2026-05-28 13:32:15.996659,mobile_app,2,True
4787625e93452439,2026-06-02 13:32:15.996659,mobile_app,2,True
b38344eca9a1d806,2025-06-11 13:32:15.996659,mobile_app,2,True
95afa44766a988ab,2026-06-05 13:32:15.996659,desktop,3,True
6ef255b06832bcda,2025-09-26 13:32:15.996659,mobile_web,3,True
dd6095a4b9764351,2025-05-02 13:32:15.996659,mobile_app,2,False
efcc24583ee5863c,2025-09-26 13:32:15.996659,mobile_app,1,True
2c204e7f242700b6,2025-11-26 13:32:15.996659,mobile_web,2,True
071b59cb47350bc8,2025-12-25 13:32:15.996659,mobile_web,1,True
b1f943ac5d3a1b8f,2025-09-15 13:32:15.996659,mobile_app,1,True
0d88aa0bf001a37f,2025-10-15 13:32:15.996659,mobile_app,2,True
cfbaf0fddebe1dd2,2025-11-16 13:32:15.996659,mobile_app,3,True
89af1ea01a1e866d,2026-04-24 13:32:15.996659,mobile_app,1,True
2f66dc0acb219e59,2025-09-04 13:32:15.996659,mobile_app,1,True
d6bbcb67291e56c0,2025-07-31 13:32:15.996659,mobile_app,3,True
954ef6e84f41dc31,2025-08-14 13:32:15.996659,mobile_app,1,True
e43b1089068bf235,2026-05-29 13:32:15.996659,mobile_app,1,True
f6d26cd916580e60,2025-08-17 13:32:15.996659,mobile_app,2,False
4a8c73b9c71627ea,2025-08-04 13:32:15.996659,desktop,3,False
6c79dab3ec06a078,2026-04-10 13:32:15.996659,mobile_app,2,True
47c0c96da08aa842,2025-06-11 13:32:15.996659,mobile_app,2,True
7206a274e2322aa2,2025-11-06 13:32:15.996659,mobile_app,2,True
f463cc4a7a753a7a,2025-11-30 13:32:15.996659,mobile_app,1,False
18ae02dcd4b860c0,2025-08-08 13:32:15.996659,desktop,2,True
0dcd8827a9ab24d8,2025-11-13 13:32:15.996659,mobile_app,3,True
37a05bca84b4f99d,2025-10-28 13:32:15.996659,mobile_app,2,True
0ca824c2b75285d0,2026-02-10 13:32:15.996659,desktop,1,False
eed754bc33eacba2,2025-05-06 13:32:15.996659,mobile_web,1,True
082bbd285c7143a4,2025-04-17 13:32:15.996659,mobile_web,1,False
6bbaace2a5a99c89,2026-05-04 13:32:15.996659,mobile_app,1,True
c0bf0ca2ecd36a0d,2025-08-03 13:32:15.996659,mobile_app,1,True
5fe347556449d6f2,2026-06-22 13:32:15.996659,mobile_web,2,True
faf4c415d57df55e,2026-01-16 13:32:15.996659,mobile_app,1,True
2b94ad6516c52952,2025-04-17 13:32:15.996659,mobile_web,2,True
dab76e74bb7144d0,2026-04-14 13:32:15.996659,mobile_web,2,True
2b03472ff1a638ed,2026-01-12 13:32:15.996659,mobile_app,3,True
5d1b8388d183558c,2026-03-25 13:32:15.996659,mobile_app,3,True
975ce5f0d6c171a8,2025-08-05 13:32:15.996659,mobile_app,2,True
018110dab806987d,2025-12-03 13:32:15.996659,mobile_app,1,True
6ebc0c80dbade18e,2025-10-06 13:32:15.996659,mobile_web,2,True
bea814306f34d432,2025-04-30 13:32:15.996659,mobile_web,1,True
b73ec8089682422b,2025-11-07 13:32:15.996659,mobile_app,1,True
40fc2c459e85bacc,2025-08-02 13:32:15.996659,mobile_web,1,False
71aa716da4b6e3e4,2026-05-19 13:32:15.996659,mobile_app,3,False
6c4ef543ecaa80cc,2026-03-27 13:32:15.996659,mobile_web,1,True
349a05b930b69be0,2025-04-28 13:32:15.996659,mobile_app,2,True
1618c3873ebb413e,2025-06-06 13:32:15.996659,mobile_web,2,False
98e17ead8fb8275b,2025-09-07 13:32:15.996659,mobile_web,2,True
4e9e821ecc223b4a,2026-01-11 13:32:15.996659,mobile_app,1,True
30aaac6679895a03,2026-04-03 13:32:15.996659,mobile_app,3,True
973368e665ce25f1,2025-06-10 13:32:15.996659,desktop,2,True
600fe936bc5f3210,2025-07-10 13:32:15.996659,mobile_app,2,True
f8e179f831114b96,2026-03-15 13:32:15.996659,mobile_web,2,False
2763366b0c257b33,2025-10-07 13:32:15.996659,desktop,3,True
be1ace0d9970df2d,2025-09-24 13:32:15.996659,desktop,2,True
7f7563e4df47394e,2025-11-27 13:32:15.996659,mobile_app,2,True
a51e2e67c880a34f,2025-05-07 13:32:15.996659,mobile_web,2,True
145b633b2c76f928,2026-05-07 13:32:15.996659,desktop,1,True
6a17be4700f68b75,2026-03-07 13:32:15.996659,mobile_app,1,False
be128d1666e9f114,2026-05-20 13:32:15.996659,mobile_app,1,True
316713fdfef95da1,2025-08-21 13:32:15.996659,mobile_app,1,True
df35f9f87eb052ee,2025-09-12 13:32:15.996659,mobile_web,1,False
1070d906df3a5615,2025-04-09 13:32:15.996659,mobile_app,3,True
8b24a5f0d0106e72,2025-10-29 13:32:15.996659,mobile_app,2,True
a6c2614f1b190509,2026-04-25 13:32:15.996659,mobile_app,3,True
60b6ae3b2d37ac76,2025-12-09 13:32:15.996659,mobile_web,2,False
f200703c517bf42f,2026-05-23 13:32:15.996659,mobile_app,2,False
c8fcfc51069c34c1,2025-08-31 13:32:15.996659,desktop,1,True
492b76d3a249b156,2025-08-30 13:32:15.996659,mobile_web,2,True
a5557b856238561a,2025-06-07 13:32:15.996659,desktop,1,False
1406065a250771ca,2026-01-29 13:32:15.996659,desktop,2,False
4d574882b69c026d,2026-02-11 13:32:15.996659,mobile_app,3,True
ae9a5765d6827b82,2026-05-31 13:32:15.996659,mobile_web,3,False
e651df5e18b79cf6,2025-12-26 13:32:15.996659,mobile_app,1,True
edbce53caee7a4d9,2025-11-28 13:32:15.996659,desktop,2,True
00f6b272688c38ab,2025-07-24 13:32:15.996659,mobile_app,1,True
0011659da9dcc924,2025-07-25 13:32:15.996659,mobile_web,1,True
73305a9e43e263b0,2026-04-30 13:32:15.996659,mobile_web,1,True
2a6e3b6c29852360,2026-02-23 13:32:15.996659,mobile_app,1,True
bcc23f4e41aceac4,2025-11-12 13:32:15.996659,mobile_web,2,True
31f36a09a2c29dd1,2026-01-31 13:32:15.996659,mobile_app,2,True
d00270f2dfb4f2a0,2026-06-21 13:32:15.996659,mobile_app,1,True
d2f081e548e9c59f,2025-06-13 13:32:15.996659,mobile_app,3,True
537ba4e32ffb7642,2025-08-04 13:32:15.996659,mobile_app,2,False
ca1e75bf7d0953e2,2025-11-08 13:32:15.996659,mobile_app,2,True
56834ea2b274675c,2026-02-08 13:32:15.996659,desktop,2,False
2e5f59d3c108a693,2025-06-14 13:32:15.996659,mobile_app,2,True
c5cdc648e866f227,2026-06-16 13:32:15.996659,mobile_app,2,True
2167f8859276ed8a,2025-12-11 13:32:15.996659,desktop,2,True
a0c2c150bc82a558,2025-07-03 13:32:15.996659,mobile_web,3,True
02efc2964f46849a,2025-04-25 13:32:15.996659,mobile_app,2,True
70592234cbf19889,2026-03-10 13:32:15.996659,desktop,2,True
7e6afe83f6c33e55,2025-09-09 13:32:15.996659,mobile_app,1,True
7e5f95a3fceaf4d7,2026-04-07 13:32:15.996659,mobile_app,3,True
4c3eb2a7f06505c8,2026-05-11 13:32:15.996659,mobile_app,2,True
39f971f67999012a,2026-01-23 13:32:15.996659,mobile_web,1,True
a9fd0ab239fdbe0d,2025-05-26 13:32:15.996659,mobile_app,3,True
db07e797784f2b09,2025-08-23 13:32:15.996659,mobile_app,2,True
155c87c15b60f61f,2025-11-22 13:32:15.996659,mobile_web,1,True
97305a2c21bc76c6,2026-02-24 13:32:15.996659,mobile_app,1,True
7a0a0a868b519a64,2026-04-29 13:32:15.996659,mobile_app,2,True
e73890bfe2c94e23,2026-03-01 13:32:15.996659,mobile_web,3,True
a65399f3e5d10f61,2026-04-24 13:32:15.996659,mobile_web,2,True
5790b3188bee6600,2026-04-08 13:32:15.996659,mobile_app,1,True
cfb6621e4f6bd1f3,2025-08-24 13:32:15.996659,mobile_app,2,True
e62c9f019f54c3ba,2026-05-03 13:32:15.996659,desktop,2,False
6d98a28b76b510e9,2026-06-11 13:32:15.996659,mobile_app,1,True
9e1bf7da82f757c5,2025-10-29 13:32:15.996659,mobile_app,3,False
43b3cb72a68d78df,2026-02-22 13:32:15.996659,mobile_app,1,True
131a673ba66836ab,2025-12-08 13:32:15.996659,mobile_app,3,True
4769a9e362d36fa4,2026-04-30 13:32:15.996659,desktop,2,True
13d91443f763daf4,2026-03-29 13:32:15.996659,mobile_app,1,True
4ea49bdaae251a4e,2025-12-14 13:32:15.996659,mobile_app,2,True
838cb2eb3aab2469,2025-08-23 13:32:15.996659,mobile_app,2,True
c4ab41a6e0acc294,2025-12-26 13:32:15.996659,mobile_app,2,True
8dfba1cf5a7d256a,2025-10-29 13:32:15.996659,mobile_app,2,True
adfec2311929e951,2025-11-07 13:32:15.996659,desktop,1,True
2e506f5a2c87cf5c,2026-03-02 13:32:15.996659,mobile_web,1,False
1b4ae4098745a305,2026-02-25 13:32:15.996659,mobile_app,2,False
48093b3475eef41d,2025-12-21 13:32:15.996659,mobile_app,1,True
2fa328fffb01fe48,2026-06-18 13:32:15.996659,mobile_app,1,True
6eb00d238eec8b9f,2025-08-25 13:32:15.996659,mobile_app,2,True
6da490e62eba23da,2025-09-26 13:32:15.996659,mobile_app,1,False
36975a3477699b84,2026-02-13 13:32:15.996659,mobile_app,2,True
7c9bde79d4c980d0,2026-01-13 13:32:15.996659,mobile_web,3,True
ad3a90157ade7b8a,2026-02-03 13:32:15.996659,desktop,3,False
5f29e8fe295e54ed,2025-09-09 13:32:15.996659,mobile_app,1,True
35b8fdc7d1ea6679,2025-07-22 13:32:15.996659,desktop,2,True
8befc99d016920c2,2026-05-14 13:32:15.996659,mobile_app,3,False
a3f0e77698e49615,2025-12-26 13:32:15.996659,mobile_app,2,False
0414a39185756167,2026-06-26 13:32:15.996659,mobile_web,2,True
5c1c42458ff7a2ba,2025-12-09 13:32:15.996659,mobile_app,2,True
53eb6cb3fb02eea8,2026-03-12 13:32:15.996659,mobile_app,2,True
994b679921ef0db7,2026-01-31 13:32:15.996659,mobile_web,1,True
f91cadfc20d13c02,2025-12-07 13:32:15.996659,mobile_app,2,True
b1c52332b81abcc2,2026-02-05 13:32:15.996659,desktop,1,True
2eab680220373d46,2026-01-04 13:32:15.996659,mobile_app,3,True
2f299a43fd2e3e6d,2025-07-20 13:32:15.996659,mobile_web,2,True
5db39f4a126f395d,2025-06-29 13:32:15.996659,mobile_app,1,False
3149be62e2d749bc,2026-06-30 13:32:15.996659,mobile_app,2,False
ba9456ef6ee03982,2026-01-12 13:32:15.996659,mobile_app,2,True
bda44d79fa02207d,2025-06-12 13:32:15.996659,desktop,1,True
e9c87ec7b660ab59,2025-11-03 13:32:15.996659,mobile_app,3,True
d2cc202d756e4710,2026-03-31 13:32:15.996659,desktop,2,True
1e7d99ffcd43a4b4,2025-10-05 13:32:15.996659,mobile_app,2,True
8f9b68fa9b18293b,2026-04-28 13:32:15.996659,mobile_app,3,True
2e05fde820194091,2026-06-23 13:32:15.996659,mobile_app,2,True
a09a89295c7cba0b,2025-09-18 13:32:15.996659,mobile_app,2,True
3c3074a1a389dda9,2025-11-10 13:32:15.996659,desktop,1,True
e6c3e9ca98609bc4,2025-07-23 13:32:15.996659,mobile_app,1,False
c7884a7f464d15ec,2026-01-27 13:32:15.996659,mobile_web,2,True
28ae91b21f313818,2025-06-09 13:32:15.996659,mobile_app,2,True
916a2c63432248e9,2025-12-23 13:32:15.996659,mobile_app,2,True
6a0434318c4e2611,2025-08-01 13:32:15.996659,mobile_web,2,False
2c78d8949c261a15,2026-05-18 13:32:15.996659,desktop,2,True
467690439a4980ac,2026-05-19 13:32:15.996659,mobile_web,3,True
d7bcf81bb95eeb10,2025-07-11 13:32:15.996659,mobile_app,3,True
8175f22f0852c7b5,2025-06-18 13:32:15.996659,mobile_web,2,True
f6619049210389a9,2025-04-30 13:32:15.996659,mobile_web,3,True
92ddc6964611d19c,2026-02-05 13:32:15.996659,mobile_app,3,False
c7a6a937b2dcd8d5,2026-06-22 13:32:15.996659,mobile_web,1,True
a78272128add1405,2025-04-13 13:32:15.996659,mobile_app,2,True
8990e0388beca9b2,2025-10-02 13:32:15.996659,mobile_web,1,True
c23cf97429a5092e,2026-03-12 13:32:15.996659,desktop,2,True
4a5815d95d72ba52,2025-07-20 13:32:15.996659,desktop,2,True
458f047df5715e67,2025-05-17 13:32:15.996659,mobile_web,2,True
9ccc4e9184f3597e,2026-02-23 13:32:15.996659,mobile_web,2,False
6ecbc1d8f5d72765,2025-07-17 13:32:15.996659,mobile_web,2,True
f24d9954b5bc441d,2025-07-09 13:32:15.996659,mobile_app,2,False
bf97cb5607ad6058,2025-11-16 13:32:15.996659,mobile_app,3,False
3295f1604cd33cc7,2025-09-18 13:32:15.996659,mobile_app,3,True
ea7aab5c61f17267,2026-03-02 13:32:15.996659,mobile_app,2,True
cfe0f114c4094c4a,2025-05-06 13:32:15.996659,desktop,1,False
18adfbe9f538cd3b,2025-04-11 13:32:15.996659,desktop,1,True
3c1e0688a8b4479c,2025-04-12 13:32:15.996659,mobile_app,1,True
703c683c26be1fb9,2025-08-01 13:32:15.996659,mobile_app,2,False
9ea5c332c9c909fd,2026-06-13 13:32:15.996659,mobile_web,1,True
9351c74e1b7e8d95,2026-01-17 13:32:15.996659,mobile_app,3,True
55866c19b1a4deac,2025-12-12 13:32:15.996659,mobile_web,2,True
3b7efd961b2fa1ec,2025-04-22 13:32:15.996659,desktop,2,True
7422ac6d8024727f,2025-10-27 13:32:15.996659,mobile_app,1,True
cba8b5b47608500b,2025-11-01 13:32:15.996659,mobile_app,2,True
094c7450b8fb2107,2026-04-27 13:32:15.996659,mobile_app,2,True
3cce2bdeaf7dd002,2025-07-06 13:32:15.996659,mobile_app,2,False
f4de6d117fcd3f28,2026-01-30 13:32:15.996659,mobile_app,1,True
2ec5a9d8b2384f01,2026-05-22 13:32:15.996659,mobile_app,3,True
7415d35b254b805e,2025-04-09 13:32:15.996659,mobile_app,1,True
8398e7011c4e3292,2026-04-07 13:32:15.996659,mobile_app,1,True
a39a6f756ca6ad73,2026-06-25 13:32:15.996659,mobile_app,3,True
448894e205b951a8,2026-05-28 13:32:15.996659,mobile_web,1,True
9ec3dfeeabc5b78f,2025-12-09 13:32:15.996659,mobile_app,1,True
86151f38e6f346c6,2026-05-17 13:32:15.996659,desktop,2,False
c5abb75e5848f6fc,2025-06-14 13:32:15.996659,mobile_app,2,True
4ebc40a67613f06e,2025-11-11 13:32:15.996659,mobile_app,1,True
215f92fca83678ea,2026-02-05 13:32:15.996659,mobile_app,1,False
07a7fd1c15ce0c18,2026-07-01 13:32:15.996659,mobile_web,1,True
0a0e253509008f36,2025-11-26 13:32:15.996659,mobile_app,2,True
983d67f86ff5e9d8,2026-04-25 13:32:15.996659,mobile_app,1,True
ddcd15757f51a15b,2025-04-13 13:32:15.996659,mobile_app,2,True
ec13b280884e5124,2026-02-20 13:32:15.996659,desktop,3,True
57411916d568fc86,2025-11-28 13:32:15.996659,mobile_app,1,False
55a894386e2cafa0,2026-06-24 13:32:15.996659,mobile_app,2,True
4009b53c14bf6640,2026-05-04 13:32:15.996659,desktop,1,False
217c15f052df753f,2026-03-30 13:32:15.996659,mobile_app,1,True
d060878cc82d0158,2026-06-09 13:32:15.996659,mobile_app,1,True
b17a92df2260d659,2025-08-06 13:32:15.996659,mobile_web,2,True
d6c0c9e10adc8550,2025-04-28 13:32:15.996659,mobile_app,2,True
abf203985e158c8a,2025-04-10 13:32:15.996659,mobile_app,2,True
b18285340d716a1e,2026-03-04 13:32:15.996659,mobile_app,2,True
f17e6a9675587aef,2025-07-09 13:32:15.996659,mobile_app,3,True
419a29f9009c45da,2025-11-15 13:32:15.996659,desktop,2,True
47960c996649672b,2026-06-12 13:32:15.996659,mobile_web,1,True
02d43ce4d0c4116e,2026-05-22 13:32:15.996659,mobile_app,3,True
469aad362447a686,2025-10-26 13:32:15.996659,mobile_app,2,True
9165daebe504776d,2025-12-22 13:32:15.996659,mobile_web,2,True
9f3b90a9e23a7f51,2026-06-29 13:32:15.996659,mobile_web,2,True
44ffec1a04e557fb,2025-05-05 13:32:15.996659,mobile_app,2,True
e77a6677cead6fd0,2025-08-04 13:32:15.996659,desktop,1,True
e1964ea27ffe60b4,2025-11-16 13:32:15.996659,mobile_app,1,True
1c7787f4e8c9278e,2025-04-09 13:32:15.996659,mobile_web,2,True
60890b052d2605d3,2025-04-17 13:32:15.996659,mobile_app,2,True
98570804b1c82ec5,2025-04-15 13:32:15.996659,mobile_app,2,False
5acf9a04c11491b0,2026-03-07 13:32:15.996659,mobile_web,2,False
9fdd0d8f7f3d6c46,2025-05-28 13:32:15.996659,mobile_web,3,True
3913cf6d34fccfee,2025-11-15 13:32:15.996659,mobile_app,3,True
c58cf2c1610c48f8,2025-08-06 13:32:15.996659,mobile_app,2,True
591055011c8df6ed,2025-06-06 13:32:15.996659,mobile_web,1,True
d0fd0a0c3c56a30a,2026-04-19 13:32:15.996659,mobile_app,2,True
926ec773c114eddc,2025-12-11 13:32:15.996659,mobile_app,2,True
ec9c8436fb1ddc0b,2026-05-05 13:32:15.996659,mobile_web,2,True
fdceb251feb712d5,2026-02-25 13:32:15.996659,mobile_app,1,True
f8a0d70cd297678b,2025-12-26 13:32:15.996659,mobile_app,2,True
daeb0b6762c19b2f,2025-06-08 13:32:15.996659,mobile_app,2,True
e87440212ac18b48,2025-06-05 13:32:15.996659,desktop,2,False
0af5045722a3c7f3,2026-01-06 13:32:15.996659,mobile_app,3,False
97a03d6ae1c4adf5,2026-02-03 13:32:15.996659,mobile_web,2,True
6c16f68a27b1c549,2025-11-03 13:32:15.996659,desktop,2,True
0f48f9c5851afb98,2025-05-14 13:32:15.996659,mobile_web,2,False
0b5dad2e9294a035,2025-04-14 13:32:15.996659,mobile_app,2,True
9a36056cd039353a,2026-03-21 13:32:15.996659,mobile_app,1,True
4bc9319bf6d05b06,2026-04-09 13:32:15.996659,mobile_app,2,True
46edb8c3dfad72a0,2025-08-15 13:32:15.996659,mobile_app,2,True
b8606216e804265c,2026-02-15 13:32:15.996659,desktop,2,True
15db2063b0fd8acd,2026-04-03 13:32:15.996659,mobile_web,1,True
fc55fb7efbc37dfb,2026-06-18 13:32:15.996659,mobile_app,3,True
70aa5d4cca0d6c06,2025-12-31 13:32:15.996659,mobile_app,2,True
af016a1b82097024,2026-01-05 13:32:15.996659,desktop,2,False
9e0a9911d830aedf,2025-10-19 13:32:15.996659,mobile_app,2,True
c2b1a3b0eba33cb1,2026-04-02 13:32:15.996659,mobile_web,2,True
388bc821303efa81,2025-08-11 13:32:15.996659,mobile_app,2,True
9d03d4cb20da0f27,2025-08-27 13:32:15.996659,mobile_web,2,True
b65f2028da9e8956,2025-12-04 13:32:15.996659,mobile_web,2,True
adb2bb4cbac1896a,2026-04-11 13:32:15.996659,mobile_app,3,True
7d60a576ffaf6515,2025-11-14 13:32:15.996659,mobile_app,2,True
2b284bd408308aa6,2025-08-29 13:32:15.996659,mobile_web,2,True
253d62c8d9337e1b,2026-01-14 13:32:15.996659,mobile_app,2,False
ace42d98aa70c5d1,2026-03-05 13:32:15.996659,mobile_app,2,False
03255f8ab87c71fb,2025-11-14 13:32:15.996659,mobile_app,2,True
7f3646977b30513e,2026-01-22 13:32:15.996659,mobile_app,2,True
933569cd4657363b,2026-01-01 13:32:15.996659,mobile_web,1,True
1b1615a691dca93f,2026-01-25 13:32:15.996659,mobile_app,1,False
d83289edb1fb543d,2026-02-14 13:32:15.996659,mobile_app,1,False
bc0e33ff6ea7212c,2025-08-10 13:32:15.996659,desktop,3,True
42df8efa2d1fa42c,2025-12-05 13:32:15.996659,mobile_app,2,False
30aabde61b114d84,2025-12-02 13:32:15.996659,mobile_app,2,True
a500cffd4f716f47,2025-09-08 13:32:15.996659,mobile_web,2,True
66f88b66c9d93039,2026-01-19 13:32:15.996659,desktop,2,True
cbf30a0bf7de20ef,2026-05-18 13:32:15.996659,mobile_app,3,True
16a2a55bcd215ee6,2025-06-10 13:32:15.996659,mobile_web,3,True
b7595db709655ec6,2026-06-07 13:32:15.996659,mobile_app,3,True
d5017c425a9679fd,2025-10-15 13:32:15.996659,mobile_app,3,True
901f397949da98ec,2026-03-04 13:32:15.996659,desktop,1,False
25d9872b1b70a46f,2026-03-27 13:32:15.996659,desktop,1,True
ba68d68fa668973f,2026-06-13 13:32:15.996659,mobile_app,2,True
bc34733e7158ec02,2025-05-19 13:32:15.996659,mobile_app,2,True
5e36ed4e49d509fe,2025-12-19 13:32:15.996659,mobile_app,1,True
6fbfe696c63f6669,2026-01-28 13:32:15.996659,mobile_app,2,True
33e9423567fb35bb,2025-07-30 13:32:15.996659,desktop,1,True
bc888bb4eb3b2456,2026-06-15 13:32:15.996659,mobile_web,1,True
d61162f0cabd4f12,2025-10-19 13:32:15.996659,mobile_app,2,False
5f951a6c6a72afc4,2025-11-19 13:32:15.996659,mobile_app,3,True
1855174b26708311,2025-10-24 13:32:15.996659,mobile_app,2,True
20b778d49e65ee9a,2026-05-07 13:32:15.996659,mobile_app,2,True
412eb167dcd0facf,2025-04-25 13:32:15.996659,mobile_web,3,True
6f096c12fc786a8d,2026-03-16 13:32:15.996659,mobile_app,3,False
8cfd0698fb28ee1e,2025-08-28 13:32:15.996659,mobile_app,2,True
6954ed4373785acb,2025-07-28 13:32:15.996659,mobile_web,2,True
ae95281a679d6807,2026-01-27 13:32:15.996659,desktop,1,True
f8ac551ae1714c8c,2026-05-04 13:32:15.996659,mobile_app,2,True
819614d00fe0b359,2026-02-18 13:32:15.996659,mobile_app,1,True
1ae0f850a5868c30,2025-06-30 13:32:15.996659,mobile_app,2,True
a44caf8fc8b7e88b,2025-05-16 13:32:15.996659,mobile_app,2,True
bf4074bc2ed10b47,2025-05-02 13:32:15.996659,mobile_app,1,True
1e170953a54e7eb7,2026-03-22 13:32:15.996659,mobile_web,2,True
e1ae25695c38003e,2025-09-30 13:32:15.996659,mobile_app,2,True
ae351ba34f2345f1,2026-04-25 13:32:15.996659,mobile_app,2,True
6412a37e264837db,2025-08-13 13:32:15.996659,desktop,1,True
d2dff4e67ea8853d,2025-12-25 13:32:15.996659,mobile_app,1,True
b856d396bc5075ac,2025-08-12 13:32:15.996659,mobile_web,2,True
79624d969d7e531f,2025-08-25 13:32:15.996659,mobile_web,3,True
1127ad435d9e255b,2025-04-07 13:32:15.996659,mobile_web,3,True
33f9b87fd83b9f74,2025-11-22 13:32:15.996659,mobile_web,2,True
fe62b32f8d194548,2026-01-28 13:32:15.996659,mobile_web,2,True
049613d09f4d56bc,2025-11-05 13:32:15.996659,mobile_web,2,True
14b5a293e5cfb889,2026-04-19 13:32:15.996659,mobile_app,3,True
0409fd613d5fa178,2026-05-13 13:32:15.996659,mobile_app,1,True
ea8a67568853b5fd,2025-11-08 13:32:15.996659,mobile_app,2,True
eeed706201ef77b7,2025-06-22 13:32:15.996659,mobile_app,2,True
8ca1e14baf1fd0de,2025-11-02 13:32:15.996659,mobile_app,2,True
2d429b0b6993ad6c,2025-07-12 13:32:15.996659,mobile_app,1,False
48ddb42155dc3644,2026-04-13 13:32:15.996659,mobile_app,1,True
7020e72d7c448516,2025-12-10 13:32:15.996659,mobile_app,2,False
d6592e424b92478e,2025-09-27 13:32:15.996659,mobile_app,2,True
4cd7da76bbf52b7d,2026-01-25 13:32:15.996659,mobile_web,2,False
0b98d7f31f6a096e,2026-06-26 13:32:15.996659,mobile_app,1,False
0c117a2fb0d92fc2,2026-05-30 13:32:15.996659,mobile_web,3,True
4d4c21f27e614c3d,2025-05-06 13:32:15.996659,mobile_app,2,True
fb503e3217eb5e62,2025-09-30 13:32:15.996659,desktop,3,True
c5204208dce50660,2026-03-04 13:32:15.996659,mobile_web,1,True
393b8a4416317e34,2026-03-07 13:32:15.996659,mobile_app,3,True
51306a2df7a657ff,2026-06-15 13:32:15.996659,desktop,3,False
73bd1b4b89e2a3e5,2025-04-29 13:32:15.996659,mobile_app,3,True
2b10c88227c2e066,2026-05-14 13:32:15.996659,mobile_app,3,False
343f6d3892b81073,2025-07-22 13:32:15.996659,mobile_web,2,False
866133f1dca6e519,2026-03-15 13:32:15.996659,mobile_app,2,False
1f0854e30c84359c,2026-01-31 13:32:15.996659,mobile_app,2,True
22688cb87bf68a2b,2026-02-28 13:32:15.996659,mobile_app,2,True
d50aadedf0bac760,2025-06-22 13:32:15.996659,mobile_app,3,False
a56c6a755c2999ef,2026-06-18 13:32:15.996659,mobile_app,1,True
b64edb8ce19642f8,2026-01-23 13:32:15.996659,mobile_app,2,True
05bd5dffccb7099a,2026-02-25 13:32:15.996659,mobile_app,3,True
9db30ba6241e6258,2026-02-28 13:32:15.996659,mobile_web,1,True
7ecf829453c412d6,2026-04-06 13:32:15.996659,mobile_app,1,False
5f3ec1d315b85afd,2025-05-13 13:32:15.996659,mobile_app,2,True
53f12b6a23aeae12,2026-01-11 13:32:15.996659,mobile_web,2,True
92f47163cb6e2c24,2025-12-24 13:32:15.996659,mobile_app,3,True
387777beca37fac9,2026-01-08 13:32:15.996659,mobile_app,1,True
f649d7831479c607,2025-04-13 13:32:15.996659,mobile_web,2,True
1c86fcd6878bd561,2026-01-29 13:32:15.996659,desktop,2,True
834a4e6ece7fb04e,2026-01-28 13:32:15.996659,mobile_app,2,True
1a77f020ffa03141,2026-02-03 13:32:15.996659,mobile_app,2,True
0117cd07dfeadb74,2026-02-04 13:32:15.996659,mobile_web,3,True
e443776586f25ffb,2026-05-23 13:32:15.996659,desktop,2,True
624912408c07ac60,2025-10-01 13:32:15.996659,mobile_app,1,True
0c7ed010f11ecbec,2026-06-21 13:32:15.996659,mobile_app,2,False
2d5b2fd6216b5e3d,2026-03-22 13:32:15.996659,mobile_app,2,False
9bfc826fcbf4550a,2026-04-02 13:32:15.996659,mobile_app,2,True
9e81ab292fd01247,2026-02-20 13:32:15.996659,desktop,1,True
03de6f94cb291686,2025-07-23 13:32:15.996659,mobile_web,1,True
aecd0a34e4805aa6,2025-10-03 13:32:15.996659,mobile_app,3,False
fd3c7d6d63ab78a7,2025-04-08 13:32:15.996659,mobile_web,1,False
48c146abd7ab2f5f,2026-01-24 13:32:15.996659,mobile_web,2,True
7c6af26a8f60984a,2025-05-06 13:32:15.996659,mobile_app,2,True
50906425d8443d88,2026-06-12 13:32:15.996659,mobile_web,1,True
0ab5f739053af8c0,2025-11-15 13:32:15.996659,mobile_app,1,True
b7f0b5aca145a43f,2025-07-04 13:32:15.996659,mobile_app,2,False
7fbb4d9abe6cd19a,2025-11-03 13:32:15.996659,mobile_app,2,False
b008efdaaf7ea264,2025-05-04 13:32:15.996659,mobile_app,2,False
14ba2d8ea036b9e2,2026-02-09 13:32:15.996659,desktop,2,True
4bad523d798b9033,2026-06-17 13:32:15.996659,mobile_app,1,True
775fa292c3900e28,2025-07-15 13:32:15.996659,mobile_app,1,False
2d83130b57707128,2026-06-02 13:32:15.996659,mobile_app,1,True
8688522e94ab237e,2025-07-20 13:32:15.996659,mobile_app,2,True
2c2407d56b4e82ff,2025-08-03 13:32:15.996659,mobile_app,2,True
8f7aa82fc3a1e67d,2025-06-13 13:32:15.996659,mobile_web,3,True
92d97a49bb5d6047,2025-11-27 13:32:15.996659,mobile_app,1,True
9c7645bf68af9399,2025-05-21 13:32:15.996659,mobile_app,2,False
6603d5ea794ad37d,2026-04-16 13:32:15.996659,mobile_web,2,True
c1f98f1cdb1f4193,2025-12-17 13:32:15.996659,mobile_app,2,True
0833c57d1386a6c9,2026-05-08 13:32:15.996659,mobile_web,2,True
99c70fe45ab48e58,2025-07-19 13:32:15.996659,mobile_app,1,True
b284a86d4eebb404,2025-08-12 13:32:15.996659,mobile_app,2,True
bfff3a9ccc831256,2025-07-01 13:32:15.996659,mobile_web,2,True
5815d27eb71271a5,2025-07-20 13:32:15.996659,mobile_web,2,True
55e254b4c01a2f35,2026-02-12 13:32:15.996659,mobile_web,1,True
535e8ac6ee2120dc,2026-06-02 13:32:15.996659,mobile_app,2,True
db3b044239a9eb18,2025-05-06 13:32:15.996659,mobile_app,2,True
17c3b4a9631b4546,2025-11-20 13:32:15.996659,mobile_web,2,True
2d1c8d253ed49611,2026-05-21 13:32:15.996659,mobile_app,1,True
963c5b6bec0de176,2025-05-07 13:32:15.996659,mobile_web,2,True
d109cc1cc61d89e1,2025-04-06 13:32:15.996659,mobile_app,2,True
21204a00ad4f139c,2025-12-12 13:32:15.996659,mobile_web,2,True
3f6aa1addd8eabd3,2025-07-17 13:32:15.996659,mobile_app,2,True
8c6120ba90144612,2026-06-16 13:32:15.996659,mobile_app,1,True
0a79fd51a892d0ca,2026-05-21 13:32:15.996659,mobile_app,1,True
82e9e19504e0c4d7,2026-02-27 13:32:15.996659,mobile_app,2,True
c2db4d03da9edaeb,2025-09-07 13:32:15.996659,mobile_web,2,True
74e1675a9377b85b,2026-05-03 13:32:15.996659,mobile_app,2,True
d39d35e323dbb01a,2026-06-17 13:32:15.996659,mobile_app,2,True
66f9d1c8a47e45c1,2025-09-01 13:32:15.996659,desktop,2,True
d1b8929dec425dfe,2025-07-17 13:32:15.996659,mobile_web,2,False
753c3222ea4b0d35,2025-07-31 13:32:15.996659,mobile_app,2,True
541d5ebed0efb38e,2025-07-04 13:32:15.996659,desktop,2,True
55736ebf31870bdf,2025-07-02 13:32:15.996659,mobile_app,1,True
6005c7b175570d35,2025-10-01 13:32:15.996659,mobile_web,3,True
190ea7421a759974,2025-11-08 13:32:15.996659,mobile_app,3,False
ae206cf3e309b05c,2025-06-08 13:32:15.996659,mobile_app,2,False
d498476d72f5186f,2026-01-25 13:32:15.996659,mobile_app,3,False
a2c3478ec2b2678c,2026-05-19 13:32:15.996659,mobile_app,3,True
38a30462e26e237d,2025-07-25 13:32:15.996659,mobile_app,2,False
dc25223054082653,2026-02-27 13:32:15.996659,mobile_app,2,True
c60f463e819367fd,2025-04-13 13:32:15.996659,mobile_web,2,False
b9fb89a16c7da02e,2025-12-26 13:32:15.996659,mobile_app,1,True
301d9c5972a92ac1,2025-06-10 13:32:15.996659,mobile_app,1,False
7f77a0e44cef14a6,2026-06-13 13:32:15.996659,desktop,2,True
b8794e169f539252,2025-09-06 13:32:15.996659,mobile_web,2,True
1fd58dda8955dfa9,2025-12-11 13:32:15.996659,desktop,2,False
27981e313a5a1fc1,2025-12-04 13:32:15.996659,mobile_app,2,True
eb6770137286f16f,2026-03-04 13:32:15.996659,mobile_app,2,False
ec76bfc29e42b4a1,2025-04-17 13:32:15.996659,mobile_app,2,True
1ff0b496fda7e7cb,2026-01-05 13:32:15.996659,mobile_app,1,True
6b5767b3e8f6ed24,2025-06-11 13:32:15.996659,mobile_app,2,True
cac3305ac8e077f1,2025-12-21 13:32:15.996659,desktop,1,True
1c177d34d55375e9,2026-06-11 13:32:15.996659,mobile_web,1,True
22644478408e9d43,2025-05-28 13:32:15.996659,mobile_web,1,True
4c6eed8c475f2171,2026-04-09 13:32:15.996659,mobile_app,1,True
5ace6b9f16222e1c,2026-03-01 13:32:15.996659,mobile_web,1,True
beff1e3d9c56351e,2025-06-06 13:32:15.996659,mobile_app,2,True
33b006d554647c86,2025-05-22 13:32:15.996659,desktop,2,False
0125170527397b20,2025-05-11 13:32:15.996659,mobile_app,1,False
c828b647d8275705,2025-12-21 13:32:15.996659,mobile_app,3,True
ee4c018ba34f4524,2025-07-23 13:32:15.996659,mobile_app,2,True
d649361dee65e424,2026-02-03 13:32:15.996659,mobile_web,3,True
a8ad14abcad1e07e,2025-07-31 13:32:15.996659,desktop,2,True
11fa0d4255adc93e,2025-11-16 13:32:15.996659,desktop,1,False
b1fdb278ba0a3849,2026-06-09 13:32:15.996659,mobile_web,3,True
8c615fcfcb8bfdce,2025-12-24 13:32:15.996659,desktop,3,True
197aa5f2efe87566,2025-12-02 13:32:15.996659,mobile_web,2,True
28f961d5e97f567b,2026-03-07 13:32:15.996659,mobile_app,2,True
4961509af5c3a19d,2026-01-13 13:32:15.996659,mobile_web,2,False
3d416c15068fbfd8,2025-11-16 13:32:15.996659,mobile_app,2,True
5c412f5de579d902,2026-06-10 13:32:15.996659,mobile_app,2,True
507c8ac92ff0ae74,2026-04-24 13:32:15.996659,mobile_app,2,True
d98490414f345162,2025-07-19 13:32:15.996659,mobile_app,1,True
c2b952e7cb376485,2026-01-23 13:32:15.996659,desktop,1,True
8dd55d57b79bfdf8,2025-09-29 13:32:15.996659,desktop,1,True
b88250e91cd6663c,2025-10-18 13:32:15.996659,mobile_app,1,True
5325b07b729a87b1,2025-10-25 13:32:15.996659,mobile_web,2,True
6b9df7a5abe9f3ce,2025-12-26 13:32:15.996659,mobile_app,3,True
3c78e31a95becb0a,2025-11-25 13:32:15.996659,mobile_app,1,True
c3c1e27b7feb9357,2025-06-23 13:32:15.996659,mobile_app,2,True
7e9cf5b60df27705,2025-04-19 13:32:15.996659,mobile_app,1,True
e083955478853000,2026-03-08 13:32:15.996659,mobile_app,2,True
9a1b80e227974487,2025-09-01 13:32:15.996659,mobile_app,2,True
4dff30c70cea80e8,2025-04-17 13:32:15.996659,mobile_app,2,False
483ecc5f22b7f020,2026-06-29 13:32:15.996659,mobile_app,3,False
0f4c2b1c79939442,2025-07-10 13:32:15.996659,desktop,3,False
9ad085e76b5b0eb3,2025-11-18 13:32:15.996659,mobile_app,3,True
dfb4d370793d67cb,2025-04-18 13:32:15.996659,mobile_app,3,True
13c9e8e9f6645920,2025-10-12 13:32:15.996659,mobile_app,2,False
d818250492bbc9dc,2025-06-16 13:32:15.996659,mobile_app,2,True
c38b0eefd88f3029,2026-04-18 13:32:15.996659,mobile_app,2,True
253288396f1f13cb,2026-04-29 13:32:15.996659,mobile_app,2,True
444c6ed140973c4d,2025-05-07 13:32:15.996659,mobile_web,1,True
ea741c712cc92d9e,2025-11-05 13:32:15.996659,mobile_app,1,True
f4a7836d08840d16,2025-10-21 13:32:15.996659,mobile_web,1,False
fe6b458c09545407,2026-04-16 13:32:15.996659,mobile_app,2,True
c5b59a940b58be4c,2026-03-21 13:32:15.996659,mobile_app,2,True
6011b9ea333022e1,2025-06-25 13:32:15.996659,mobile_app,1,False
f8b9438ac14466a1,2026-02-14 13:32:15.996659,mobile_app,2,True
87593f99280b84f6,2025-10-10 13:32:15.996659,mobile_app,2,True
ee84ccd426150cd3,2026-02-08 13:32:15.996659,mobile_app,2,True
0327fbed20536ff3,2026-03-05 13:32:15.996659,mobile_app,1,True
d3eea42e2e3eb74f,2026-04-18 13:32:15.996659,mobile_web,1,True
d2d0bc58dce6c3a8,2025-05-06 13:32:15.996659,mobile_app,2,True
1d923b7a0b784e14,2025-05-01 13:32:15.996659,mobile_app,2,True
9f6ea9547e5aa7d2,2026-05-11 13:32:15.996659,mobile_web,3,True
63fd1f564d795ddd,2026-01-23 13:32:15.996659,mobile_app,2,True
8d1ea89218e6ad74,2025-10-19 13:32:15.996659,mobile_web,3,True
6ce00f94fda115fc,2026-01-09 13:32:15.996659,desktop,2,True
5d43c715a251c3d4,2025-08-08 13:32:15.996659,desktop,2,True
bb6bcdd2d5ae173a,2026-03-06 13:32:15.996659,mobile_app,3,True
122745c146e555d5,2026-06-06 13:32:15.996659,mobile_app,1,False
53031c90cb37194a,2026-01-30 13:32:15.996659,mobile_web,2,True
43c0ebd34a787f22,2025-10-03 13:32:15.996659,mobile_web,1,True
743bb56a56c1696d,2026-04-11 13:32:15.996659,mobile_web,2,True
b2ceb42778d40f14,2025-06-26 13:32:15.996659,mobile_app,1,True
572a12785ad2a377,2026-06-27 13:32:15.996659,mobile_app,2,True
16bf0ac49aaa97df,2026-06-02 13:32:15.996659,mobile_app,2,True
b5134407834fde06,2025-11-13 13:32:15.996659,mobile_app,1,True
d5019cd0b75983c1,2025-11-11 13:32:15.996659,mobile_app,1,True
c977389a6a5a57db,2026-02-18 13:32:15.996659,desktop,2,True
4cf95a935df4856e,2026-03-07 13:32:15.996659,mobile_app,1,False
01144e01297b1e3e,2026-06-01 13:32:15.996659,mobile_web,2,False
3bd2812c834c5903,2025-09-04 13:32:15.996659,desktop,3,True
0082adebd2f67f40,2026-01-11 13:32:15.996659,mobile_app,1,True
cee47b1e0a4be06c,2026-05-10 13:32:15.996659,mobile_app,2,True
f5c5ef3f36d4ea70,2026-01-02 13:32:15.996659,mobile_web,2,True
b3c85d30a5282010,2025-05-02 13:32:15.996659,mobile_app,1,False
9897dc3c6f00f405,2026-03-06 13:32:15.996659,mobile_app,1,True
340ceb0640493d84,2025-05-21 13:32:15.996659,mobile_web,2,True
0b7c0342fba3d6e0,2026-03-07 13:32:15.996659,mobile_web,2,True
f3c2ffd57b1a4cd1,2026-04-09 13:32:15.996659,mobile_web,3,False
cdb9a65e10ac2bb7,2026-03-06 13:32:15.996659,desktop,2,True
e95a0b3776db2a6c,2026-02-05 13:32:15.996659,mobile_app,2,True
6b7a4a5337c7d4dd,2026-05-09 13:32:15.996659,mobile_web,3,True
a8f490e33db51fe5,2025-10-08 13:32:15.996659,mobile_web,3,True
6e74fe38a2189432,2026-02-01 13:32:15.996659,mobile_web,3,True
d8b7dacb6ac3bea4,2025-08-10 13:32:15.996659,mobile_web,1,True
247d33c67f1a57be,2025-11-21 13:32:15.996659,mobile_web,3,True
43d4cbb715601014,2025-12-13 13:32:15.996659,desktop,3,True
f52b9e6abe24fbfb,2025-11-30 13:32:15.996659,mobile_app,2,True
e5835d11474f3713,2026-04-22 13:32:15.996659,mobile_web,2,True
86fd942f08e369be,2025-08-12 13:32:15.996659,mobile_app,3,True
08819a4dd76c235e,2026-05-16 13:32:15.996659,mobile_app,2,True
0855a0821d932457,2025-08-08 13:32:15.996659,mobile_web,2,True
bbbfc31b92997acb,2025-04-04 13:32:15.996659,mobile_web,2,True
eab018155cafda93,2025-07-20 13:32:15.996659,mobile_app,2,False
7a53fcfca28bd4f5,2025-12-07 13:32:15.996659,mobile_app,2,True
b08600e025015b82,2026-02-09 13:32:15.996659,mobile_app,1,True
422dd71ec809b06c,2025-05-31 13:32:15.996659,mobile_app,2,False
2a5ce237aa8b4348,2026-03-07 13:32:15.996659,mobile_app,2,False
618ca1bfa9542116,2025-11-25 13:32:15.996659,desktop,2,True
9b6e8a583614e9f0,2025-07-17 13:32:15.996659,mobile_app,2,True
8f06d5abdaee1acc,2025-05-09 13:32:15.996659,desktop,3,True
4cf45f50960d01ef,2025-05-09 13:32:15.996659,mobile_app,2,False
ad5dc22b45ed2fa6,2026-05-24 13:32:15.996659,mobile_web,2,True
0eab27981e82b775,2025-05-20 13:32:15.996659,mobile_app,1,True
144fbf8afb0cd572,2026-05-12 13:32:15.996659,mobile_web,2,True
ab27871a21721210,2025-10-10 13:32:15.996659,mobile_web,3,True
5d3373720db692e0,2025-05-06 13:32:15.996659,mobile_web,2,True
3d250ea331621748,2025-09-08 13:32:15.996659,desktop,3,True
1d61c8888fa0f4a5,2025-04-27 13:32:15.996659,mobile_app,3,True
03d585f3a8800594,2026-01-27 13:32:15.996659,mobile_app,2,False
208aaef9392f89a0,2026-02-09 13:32:15.996659,mobile_app,2,True
9bf372788db0ebe3,2026-02-04 13:32:15.996659,mobile_web,2,False
fe5e243e03fea4b9,2026-01-22 13:32:15.996659,mobile_app,2,True
d8ef1db799ad27e2,2025-08-26 13:32:15.996659,mobile_app,1,True
da1c19a9e31341e2,2025-12-09 13:32:15.996659,mobile_app,1,False
458ff6397145557c,2025-08-01 13:32:15.996659,mobile_app,1,False
4f7bc57064ee17ed,2025-12-25 13:32:15.996659,mobile_web,2,False
220bac31e6e06693,2026-02-12 13:32:15.996659,mobile_web,1,False
4b45bc7ca7decbae,2026-04-07 13:32:15.996659,mobile_web,2,True
fd8b23aa573082e7,2025-10-25 13:32:15.996659,mobile_web,2,True
bb24ae6e3bd3609c,2025-05-20 13:32:15.996659,desktop,2,True
e68dfae392825ebe,2025-06-07 13:32:15.996659,mobile_app,3,False
ab98e4b8f0df0056,2026-03-09 13:32:15.996659,desktop,2,False
b3616bb02f4e52d3,2025-11-27 13:32:15.996659,mobile_app,1,False
bd19c81478c8180e,2025-08-16 13:32:15.996659,mobile_web,3,False
f21c366920131b7f,2025-09-27 13:32:15.996659,mobile_web,3,True
19b47e4ca090a82a,2026-06-02 13:32:15.996659,mobile_app,2,True
928943871591ba3a,2025-10-07 13:32:15.996659,mobile_app,2,True
c0ea3f03b8c7a955,2026-06-15 13:32:15.996659,mobile_app,1,True
250af2562f5deb1e,2026-05-10 13:32:15.996659,mobile_app,2,True
7a5c8be9911d861a,2025-09-08 13:32:15.996659,desktop,1,True
342f0a15e9fc36c3,2026-05-17 13:32:15.996659,mobile_app,2,False
1933e9344bcf08f8,2026-01-29 13:32:15.996659,mobile_app,1,True
78c06cc981d46ca0,2025-10-08 13:32:15.996659,mobile_app,2,True
94b927f7452b50f2,2025-09-07 13:32:15.996659,mobile_app,1,False
20fa79309586da63,2025-12-12 13:32:15.996659,mobile_app,1,True
60ace7ffdacbfada,2026-05-21 13:32:15.996659,mobile_app,1,True
ce3132ec347725bd,2025-07-04 13:32:15.996659,mobile_app,2,True
98e06c2b9b7e5e63,2025-04-26 13:32:15.996659,mobile_app,1,True
4c6a47586b25307f,2025-05-24 13:32:15.996659,mobile_app,2,True
9313522ddb5c375d,2025-07-27 13:32:15.996659,mobile_app,2,True
06694cd6849315da,2025-12-31 13:32:15.996659,mobile_web,2,True
48f7aae9bbcde762,2025-05-30 13:32:15.996659,mobile_app,1,False
788864f2f4b528ff,2025-11-22 13:32:15.996659,mobile_app,3,False
9e831dade4e08665,2026-05-01 13:32:15.996659,desktop,2,True
794990d1cf13186b,2025-06-11 13:32:15.996659,mobile_app,1,False
eba242a178eb47e8,2026-02-07 13:32:15.996659,mobile_app,1,True
77d16632947bc88b,2025-05-01 13:32:15.996659,mobile_web,1,True
0a34898f2906216b,2026-01-16 13:32:15.996659,mobile_app,2,True
099bdee82a82463b,2025-06-02 13:32:15.996659,mobile_web,1,False
2f8798bdcb724f93,2025-10-31 13:32:15.996659,mobile_web,3,False
35a4e44bcec42184,2025-12-02 13:32:15.996659,desktop,2,False
51d3dfb5b362cc4b,2026-02-17 13:32:15.996659,desktop,1,True
08d8652853929fb8,2025-06-17 13:32:15.996659,mobile_app,2,True
ace20125b15204fb,2026-06-05 13:32:15.996659,mobile_web,1,True
ad038a23c84f26a9,2025-12-01 13:32:15.996659,mobile_app,1,True
275d5709a6b10cf9,2026-01-16 13:32:15.996659,mobile_web,2,True
32437bc137918a1f,2025-10-28 13:32:15.996659,mobile_app,1,True
529300b7364651d8,2026-03-09 13:32:15.996659,mobile_app,1,True
cc32af3f021e692c,2025-09-03 13:32:15.996659,mobile_app,3,True
ac191d63af7f9505,2026-01-08 13:32:15.996659,mobile_app,2,True
9e7d101dc19be373,2026-04-08 13:32:15.996659,mobile_app,3,True
5b9898c57bf5472a,2026-04-04 13:32:15.996659,mobile_app,1,True
1ecbba2f1ab59e2b,2025-08-20 13:32:15.996659,desktop,3,True
9f8a026bbd663ddd,2026-03-05 13:32:15.996659,mobile_app,2,True
d34e3c40895a3ce7,2026-02-13 13:32:15.996659,mobile_web,1,True
a2b20799345f6000,2025-09-20 13:32:15.996659,mobile_web,3,True
513df817ed5f1f0d,2026-02-02 13:32:15.996659,mobile_web,1,False
2f5c8ea18d5162c7,2026-01-07 13:32:15.996659,mobile_app,2,True
e9ff48b321cc55d8,2026-03-13 13:32:15.996659,desktop,3,True
758f1d5403151df7,2026-01-26 13:32:15.996659,mobile_web,2,True
4ff59c7e948b2e4a,2025-08-21 13:32:15.996659,mobile_web,2,True
a32da0dafb4910b8,2025-11-02 13:32:15.996659,desktop,2,True
70fe66f121bff86f,2025-04-05 13:32:15.996659,mobile_app,1,True
0340389ecc1d255d,2025-07-16 13:32:15.996659,mobile_app,3,False
1e5a799e7dedf050,2026-06-25 13:32:15.996659,desktop,1,True
71becd7a9cc6415d,2026-01-11 13:32:15.996659,mobile_app,1,True
2042db599d5815b7,2026-02-21 13:32:15.996659,mobile_web,1,True
3df5f1c668b22538,2025-10-08 13:32:15.996659,mobile_app,3,True
72455d8efb6eb3c7,2026-03-04 13:32:15.996659,mobile_app,2,True
f4fa6028cd017601,2025-04-19 13:32:15.996659,mobile_app,2,True
21bcd3877913cd91,2026-02-16 13:32:15.996659,mobile_app,3,True
ccb08d4410e9657d,2025-11-07 13:32:15.996659,desktop,1,True
83d81ca66085314a,2026-05-08 13:32:15.996659,mobile_app,3,False
1f6098c915301dee,2025-05-15 13:32:15.996659,mobile_web,1,True
97608a1055cd43b3,2025-05-14 13:32:15.996659,mobile_app,2,False
855976915ede159f,2025-07-06 13:32:15.996659,desktop,1,True
efaacd8d2107bbe5,2026-01-24 13:32:15.996659,mobile_app,3,True
59dea4a4b79db291,2026-06-06 13:32:15.996659,mobile_app,3,True
aa7c5ff88ddee280,2025-08-13 13:32:15.996659,mobile_app,2,True
629391bcd0b1d9bc,2025-12-19 13:32:15.996659,mobile_app,1,True
243414cb74e5ac68,2025-04-08 13:32:15.996659,desktop,1,True
94f497cb46e9c3d9,2025-08-19 13:32:15.996659,desktop,2,True
1922a20edcbdf151,2025-10-30 13:32:15.996659,mobile_app,2,True
94836af77d59d8eb,2025-04-10 13:32:15.996659,mobile_app,1,True
57dfe33a6a6d24fb,2025-07-03 13:32:15.996659,mobile_app,2,True
3a6c34be80d0a687,2025-12-06 13:32:15.996659,mobile_app,2,True
4f02f11b563164c4,2026-06-24 13:32:15.996659,mobile_app,3,False
d8a974a600747d66,2026-05-21 13:32:15.996659,mobile_app,2,True
411668b55db14550,2025-12-13 13:32:15.996659,mobile_web,2,True
66a0e171a3fab915,2025-10-20 13:32:15.996659,desktop,2,False
8fbef2015ae8115a,2026-06-19 13:32:15.996659,mobile_app,1,True
1b5c22be215ce96c,2026-05-06 13:32:15.996659,mobile_app,2,True
81a6fe6b0bec6024,2025-08-16 13:32:15.996659,mobile_app,2,True
8601fd685fab5329,2025-07-26 13:32:15.996659,mobile_app,1,True
25e44e4ac2babafa,2026-06-19 13:32:15.996659,mobile_app,2,True
d7b52d024f3d23fc,2025-11-14 13:32:15.996659,mobile_web,3,True
1188f8700e1455b2,2026-05-27 13:32:15.996659,mobile_app,2,False
1263a27c850d3b4f,2025-08-07 13:32:15.996659,mobile_web,2,True
b3d88ed210506451,2025-06-18 13:32:15.996659,desktop,2,True
1ebb60b7f50e006f,2025-06-02 13:32:15.996659,desktop,2,True
ea168ef072c17a6d,2025-10-03 13:32:15.996659,mobile_web,1,True
09c29b30732f0e4e,2025-09-19 13:32:15.996659,mobile_app,3,True
cd9238d3738789f5,2025-05-07 13:32:15.996659,mobile_app,3,True
db34f479025a4549,2025-09-27 13:32:15.996659,mobile_app,1,True
e6e3f105852835dd,2025-12-11 13:32:15.996659,desktop,1,True
8eaaad3818d4b515,2025-07-24 13:32:15.996659,desktop,2,False
9b04ad1c0effcc66,2025-10-07 13:32:15.996659,mobile_app,2,True
4bd40972a3d304a3,2025-06-14 13:32:15.996659,mobile_app,2,False
a4fb4de79b0b34fc,2025-11-06 13:32:15.996659,mobile_app,2,True
f356ddf96011af7b,2025-06-02 13:32:15.996659,mobile_app,2,True
17c58481e3b638ec,2026-06-12 13:32:15.996659,desktop,2,True
86115b3205678cfb,2026-06-16 13:32:15.996659,mobile_app,1,True
9c7ac6909e7be02c,2026-05-18 13:32:15.996659,mobile_app,1,True
00806e2c9cb1f662,2025-10-22 13:32:15.996659,mobile_app,2,True
6af74eaec53a4664,2025-08-14 13:32:15.996659,mobile_app,3,True
fa0f849782ac87f4,2026-03-26 13:32:15.996659,mobile_app,2,True
375cbb639416462b,2026-04-23 13:32:15.996659,desktop,2,False
1486fa213aa3d136,2025-06-06 13:32:15.996659,mobile_app,3,False
0a3c2f202e8c0519,2025-07-26 13:32:15.996659,mobile_app,2,True
4c4b24ae68fa6373,2025-09-10 13:32:15.996659,mobile_app,2,True
ebd74b761b2d2bf3,2025-11-22 13:32:15.996659,mobile_app,1,False
3b83ecad12fd9e34,2025-12-23 13:32:15.996659,mobile_app,2,True
5d5d7f3d310ee4ef,2026-06-23 13:32:15.996659,mobile_app,2,False
7f112a4041523957,2026-04-08 13:32:15.996659,mobile_app,2,True
433b199a1a16bdb0,2025-05-20 13:32:15.996659,mobile_app,2,False
0a97cf94cbe43342,2026-01-29 13:32:15.996659,mobile_web,2,True
97d24ab090996e2d,2025-08-16 13:32:15.996659,mobile_web,1,True
5d4c208a1a795277,2025-08-16 13:32:15.996659,desktop,3,True
9cbdf3c67143779a,2026-02-12 13:32:15.996659,mobile_app,1,True
280ea7ad7ba2e64c,2026-04-01 13:32:15.996659,mobile_web,2,True
b4b46a378b159748,2025-08-22 13:32:15.996659,mobile_web,2,False
49204433a77a2837,2026-05-21 13:32:15.996659,mobile_app,1,True
70e1602b7ff419a4,2025-11-19 13:32:15.996659,mobile_app,2,True
c86312dc2145683c,2025-05-24 13:32:15.996659,mobile_app,1,True
eadb88dd5ccb3f51,2025-08-13 13:32:15.996659,mobile_web,2,True
e1766460787f0d86,2025-07-20 13:32:15.996659,mobile_app,3,True
6454ef93f4a63a6a,2026-05-26 13:32:15.996659,mobile_app,2,True
d050cdd66173a76c,2026-04-03 13:32:15.996659,desktop,3,True
142bfdb46678bc99,2026-02-27 13:32:15.996659,mobile_app,1,False
a8a3e4b9f3542b77,2026-02-19 13:32:15.996659,desktop,2,True
f987d3b2e6e560bd,2026-04-05 13:32:15.996659,mobile_web,3,True
954e0f088aaf2954,2025-04-16 13:32:15.996659,mobile_web,3,True
688782da4532d810,2026-04-18 13:32:15.996659,mobile_web,2,True
abb3708855a4ee60,2025-08-14 13:32:15.996659,mobile_app,2,False
7ff1f87f8dbefb44,2025-10-09 13:32:15.996659,mobile_web,3,False
0461fec6adeacbd2,2025-09-28 13:32:15.996659,mobile_web,2,True
33286cae536e242a,2026-03-27 13:32:15.996659,mobile_web,2,True
6b336d8552b803a3,2026-02-13 13:32:15.996659,mobile_app,1,True
748c766f6d7432f9,2025-09-30 13:32:15.996659,mobile_app,1,True
798ccce93455d827,2026-02-16 13:32:15.996659,mobile_app,2,True
0fe56707f3f6289c,2025-08-21 13:32:15.996659,mobile_app,2,True
02a77ec861e0a0a2,2026-06-15 13:32:15.996659,mobile_app,1,False
1884d97d77a2836b,2026-05-30 13:32:15.996659,mobile_web,1,True
bd8c8661a57b185a,2025-08-05 13:32:15.996659,mobile_web,2,True
5d48a17cc64c3f28,2025-09-25 13:32:15.996659,mobile_web,2,False
10db68864fed6ad9,2026-06-13 13:32:15.996659,mobile_app,2,True
3289ea404b694727,2025-05-19 13:32:15.996659,mobile_app,2,True
d2b6eea1e9e4b890,2026-06-30 13:32:15.996659,mobile_app,1,True
86f4391253788466,2025-04-24 13:32:15.996659,mobile_app,3,False
4a35f32f5abb84cd,2025-08-05 13:32:15.996659,mobile_app,2,False
4f95f0a11f1a8f88,2025-04-09 13:32:15.996659,mobile_app,1,True
d662810d49ed9afc,2025-04-27 13:32:15.996659,mobile_app,2,True
494419a377a606ce,2026-02-10 13:32:15.996659,mobile_app,2,False
16093b796fac433e,2025-07-23 13:32:15.996659,mobile_app,2,False
279f65e663b0fff2,2026-03-29 13:32:15.996659,mobile_app,2,True
d27d84978f57854f,2025-11-30 13:32:15.996659,mobile_app,2,True
8d89927af5fcf63c,2026-03-15 13:32:15.996659,mobile_web,2,False
a5079d10c115a06e,2025-11-23 13:32:15.996659,mobile_app,1,True
1856e97fed57e2a4,2025-06-01 13:32:15.996659,mobile_app,2,True
525403124e216464,2025-12-16 13:32:15.996659,mobile_app,1,True
77941f8bf3219309,2026-05-21 13:32:15.996659,desktop,2,True
b00bbdfd87bf6bcb,2026-02-05 13:32:15.996659,mobile_app,2,True
d4578a5089e108e1,2025-07-10 13:32:15.996659,mobile_web,2,True
3d2f08985022ba76,2025-11-07 13:32:15.996659,mobile_app,1,True
7a2938fc4a9b696d,2025-10-21 13:32:15.996659,mobile_web,2,True
694db08e849aa00b,2025-12-18 13:32:15.996659,desktop,2,False
5114a2afe79a5685,2026-02-19 13:32:15.996659,mobile_app,2,True
eb692f074f0e2d0b,2025-10-03 13:32:15.996659,mobile_web,2,True
eaf29e971c1327a0,2025-09-17 13:32:15.996659,mobile_app,1,False
23d80e1a233aa66b,2025-05-20 13:32:15.996659,mobile_web,2,True
f7b753d9b9d8fd35,2025-09-24 13:32:15.996659,mobile_app,2,True
ffb46b2aa4d27f0d,2025-04-06 13:32:15.996659,mobile_app,2,True
8e42f2afb997d674,2025-06-21 13:32:15.996659,desktop,1,True
80b8f4388586d32b,2026-05-28 13:32:15.996659,desktop,3,False
196f076070424be3,2026-01-05 13:32:15.996659,mobile_app,3,True
59324ac91c63c1b9,2026-01-08 13:32:15.996659,desktop,3,False
f33457b2707b1cb9,2026-07-01 13:32:15.996659,mobile_app,1,True
0421e37aa7db60a4,2026-04-11 13:32:15.996659,mobile_app,2,True
a84e6b6d8a7a2feb,2025-07-21 13:32:15.996659,desktop,1,True
9bc20673dcc30e4d,2026-01-23 13:32:15.996659,mobile_app,3,True
37e9a97a19cab351,2026-04-26 13:32:15.996659,mobile_app,2,False
895562b5cd295ffc,2026-02-22 13:32:15.996659,mobile_web,1,True
d63b05a5a4f9971f,2026-02-28 13:32:15.996659,mobile_app,2,False
daaf5a52fed65c4a,2026-04-14 13:32:15.996659,mobile_app,3,True
5555cfab3a29aad5,2026-05-17 13:32:15.996659,mobile_app,3,True
8a758f03d1af9aaf,2025-07-20 13:32:15.996659,mobile_web,2,False
d7868d221b189088,2025-06-22 13:32:15.996659,mobile_app,2,True
11b3315f864bf4cb,2025-11-19 13:32:15.996659,mobile_app,2,True
c5b07bedb841025a,2025-09-25 13:32:15.996659,mobile_web,3,True
4f6c3ab96a4ada16,2025-05-10 13:32:15.996659,mobile_app,2,True
ec64afa2718b58a8,2025-06-14 13:32:15.996659,mobile_app,2,False
2cc6c9edd3eb89d0,2026-06-18 13:32:15.996659,mobile_web,2,True
0a7e6d8dc1f28967,2025-04-25 13:32:15.996659,mobile_web,3,True
9886291e1c216fcf,2026-06-02 13:32:15.996659,mobile_app,1,True
e1c63e7474e8c450,2026-06-20 13:32:15.996659,desktop,2,True
acffb0a004d1c6b4,2025-12-31 13:32:15.996659,mobile_web,1,False
ec72acf96c0ef6e3,2025-07-28 13:32:15.996659,mobile_app,2,False
db924e29a5dff2fe,2026-05-27 13:32:15.996659,mobile_web,2,True
e9c9ba71ddcaa1ce,2026-02-19 13:32:15.996659,mobile_web,1,True
83b4c369f77facc1,2026-03-05 13:32:15.996659,mobile_web,2,True
9c1aa1ecb9657be0,2026-01-03 13:32:15.996659,mobile_app,1,False
f4022e9b6526dee2,2025-04-10 13:32:15.996659,mobile_web,3,True
79a36012783e0ff9,2026-02-02 13:32:15.996659,desktop,3,True
58115247cd61820a,2026-03-29 13:32:15.996659,mobile_app,2,True
5d101e8bb8ec1ddf,2026-05-08 13:32:15.996659,mobile_web,2,False
8fce3f850ff3fed2,2026-04-03 13:32:15.996659,mobile_web,1,True
4a7e63ceb2b7822f,2026-05-03 13:32:15.996659,desktop,3,True
2db5cc2fc51a3c99,2025-10-14 13:32:15.996659,desktop,2,False
7481f67f191ba371,2025-12-23 13:32:15.996659,mobile_app,1,False
7e70593d666d0b37,2025-11-18 13:32:15.996659,mobile_app,3,True
e11e978fba412e02,2025-06-19 13:32:15.996659,mobile_app,1,True
2007851526a478be,2025-10-11 13:32:15.996659,mobile_app,2,True
c2f4301cdd136d6a,2026-04-23 13:32:15.996659,mobile_app,1,True
761067c639358d76,2026-01-12 13:32:15.996659,mobile_web,2,True
d071634371768911,2026-02-10 13:32:15.996659,desktop,1,True
c4cca223938b7bbf,2025-06-21 13:32:15.996659,mobile_app,1,True
14eff58e2b5c1e6b,2026-02-13 13:32:15.996659,mobile_web,2,True
201e3f218ec4f69e,2026-04-30 13:32:15.996659,mobile_app,3,True
648c8c9e3e4d09d9,2025-08-02 13:32:15.996659,mobile_app,1,True
ad9221c6bb9ce823,2025-12-20 13:32:15.996659,mobile_app,2,True
182ef0a363134a9b,2026-05-20 13:32:15.996659,mobile_app,2,True
8e0b348d959ba9a4,2025-08-23 13:32:15.996659,mobile_app,3,True
9c32e2b03af1e662,2026-03-29 13:32:15.996659,mobile_web,1,True
5eef6de4a953552a,2025-06-02 13:32:15.996659,mobile_web,2,True
45d5d7dce67f5417,2025-06-19 13:32:15.996659,mobile_app,3,True
6b434f3a72f0d683,2026-01-15 13:32:15.996659,mobile_app,2,True
8c75022f7577b5f8,2025-10-23 13:32:15.996659,mobile_app,2,True
b230c5265373a51d,2025-10-17 13:32:15.996659,desktop,3,True
25a15f12f94e487f,2025-09-08 13:32:15.996659,desktop,2,False
405a20c8e735fcd0,2026-06-01 13:32:15.996659,mobile_app,2,True
869c10c9fb3b41cd,2026-02-05 13:32:15.996659,mobile_app,2,True
e2d42be9535ba39e,2026-04-16 13:32:15.996659,mobile_app,3,True
62f4b4ebcfa7fde7,2025-08-19 13:32:15.996659,mobile_web,3,False
604d2bc387e6aab8,2026-06-01 13:32:15.996659,mobile_app,2,True
9048addbdeebada2,2025-11-09 13:32:15.996659,mobile_app,2,True
6778baf2fd4e1acb,2025-08-05 13:32:15.996659,mobile_app,2,True
b8dcf51a89483f81,2025-04-27 13:32:15.996659,mobile_app,1,True
143fa889e87919d9,2026-02-21 13:32:15.996659,mobile_app,1,False
e9c71c6ac01d4338,2026-06-29 13:32:15.996659,mobile_app,1,True
e2ae717a5cde11c6,2025-08-07 13:32:15.996659,mobile_web,1,True
306cfacc937b9f28,2026-07-02 13:32:15.996659,mobile_app,2,True
7defd6d1c08410c5,2026-06-02 13:32:15.996659,mobile_app,1,True
908a31a9748373cc,2025-04-08 13:32:15.996659,mobile_app,1,True
cdc56298695d2a6d,2025-06-05 13:32:15.996659,mobile_app,2,True
1c8eda971ece00b2,2025-08-15 13:32:15.996659,mobile_web,1,True
82449c33c365ba57,2025-06-17 13:32:15.996659,desktop,1,False
9ed506fc12d129d7,2026-05-29 13:32:15.996659,mobile_app,1,True
3e62b236e17428bb,2026-05-23 13:32:15.996659,desktop,1,True
1fdd81c8f1ec45e8,2026-02-16 13:32:15.996659,mobile_web,2,True
78a074b4a65e7285,2026-06-22 13:32:15.996659,mobile_web,2,False
c3098af33e75c644,2025-05-24 13:32:15.996659,mobile_app,3,False
9a0f64e23deaca8b,2026-06-07 13:32:15.996659,mobile_app,2,True
074e10cb678ace55,2025-10-28 13:32:15.996659,mobile_app,2,True
d3ade34c644c4913,2025-06-09 13:32:15.996659,desktop,3,True
a93709c41aa61f50,2025-08-02 13:32:15.996659,mobile_web,2,True
f22ca06b0438f7af,2026-03-18 13:32:15.996659,mobile_app,2,False
105d69a89ee8673a,2025-11-30 13:32:15.996659,mobile_app,2,False
09cddff21b3e0bd2,2025-10-26 13:32:15.996659,mobile_app,2,True
860f2160473d35b9,2025-07-18 13:32:15.996659,mobile_app,2,False
d67da7eeec2a5a6f,2025-12-21 13:32:15.996659,mobile_web,1,True
e3c552eab7d33599,2026-02-23 13:32:15.996659,mobile_app,2,True
92bc9ee51ba4f6e5,2025-07-06 13:32:15.996659,mobile_web,1,True
1a61d4bab3f9e570,2025-05-25 13:32:15.996659,mobile_web,2,True
18f41a559b69c3c4,2025-11-22 13:32:15.996659,mobile_web,3,False
8cdcf99e54534005,2026-06-20 13:32:15.996659,mobile_web,2,True
8e89d547d814b3f0,2025-11-17 13:32:15.996659,mobile_app,1,True
5e5df14f43ebb39d,2025-05-24 13:32:15.996659,mobile_web,2,True
445fef9cea3fb260,2025-04-08 13:32:15.996659,mobile_web,2,False
a25ad9cb577f5cd8,2026-01-01 13:32:15.996659,mobile_app,3,True
faee715ae88ab931,2026-04-25 13:32:15.996659,mobile_app,2,True
006afe3dfd3e62b3,2025-10-15 13:32:15.996659,mobile_app,2,True
9fecbfdcd837e04e,2025-06-20 13:32:15.996659,mobile_app,2,True
4c39f81fc607565f,2025-04-29 13:32:15.996659,mobile_app,2,True
fc80320a4d787548,2026-06-09 13:32:15.996659,mobile_app,2,True
da1214c137e54c8d,2026-02-20 13:32:15.996659,mobile_web,1,True
dcc411225b863d03,2025-11-27 13:32:15.996659,mobile_app,1,True
3ae4821e80cfc850,2026-05-19 13:32:15.996659,mobile_app,1,True
40f3c3d6771021be,2025-05-25 13:32:15.996659,mobile_app,2,True
36810ca49aae5ea8,2026-05-12 13:32:15.996659,mobile_app,3,False
e7fbc552c44da4ae,2025-09-03 13:32:15.996659,desktop,2,True
9dbd2f02d2c6822d,2025-05-11 13:32:15.996659,mobile_app,2,True
0ea3e827d2598917,2025-08-25 13:32:15.996659,mobile_app,3,False
feca7556b3d5b2f6,2025-07-20 13:32:15.996659,mobile_app,1,False
6831bd507817fd10,2026-03-05 13:32:15.996659,mobile_app,1,True
d82af81d3e92e839,2025-06-21 13:32:15.996659,mobile_web,3,True
14f4eb4584ef57b3,2025-12-24 13:32:15.996659,mobile_web,3,True
545f4976e529cd6e,2026-06-05 13:32:15.996659,mobile_app,2,True
392c35991039d613,2026-01-17 13:32:15.996659,mobile_web,1,True
8c1443336c97779e,2026-01-24 13:32:15.996659,mobile_app,3,True
469e222fa3a3e6e7,2025-11-07 13:32:15.996659,mobile_web,2,True
7022d4dc44f9071b,2026-03-04 13:32:15.996659,mobile_app,2,True
c0dc0aa8c326a88e,2025-12-04 13:32:15.996659,mobile_app,1,True
4912bfc9601c9ed8,2025-12-20 13:32:15.996659,mobile_web,2,True
7601e910649f4fc5,2026-02-04 13:32:15.996659,mobile_web,3,True
8a322c75b1453b12,2025-08-20 13:32:15.996659,mobile_app,3,False
2c673fdc4b3ea287,2026-02-14 13:32:15.996659,desktop,2,True
ce5299879eade7d4,2025-07-19 13:32:15.996659,desktop,2,True
df5b5ee2bee2b479,2026-03-10 13:32:15.996659,mobile_app,2,True
2c9f29e9c74d625a,2025-06-04 13:32:15.996659,mobile_web,2,True
70873e03a9898cad,2026-01-17 13:32:15.996659,mobile_web,2,False
0fa67c654ec25fa9,2026-06-14 13:32:15.996659,mobile_app,1,True
55e8c87af1db91b0,2026-04-25 13:32:15.996659,mobile_app,1,False
ad917466e1049b2a,2025-07-01 13:32:15.996659,desktop,2,False
eefc9657635ae379,2025-06-01 13:32:15.996659,mobile_web,1,True
d696181ba3cf73a6,2026-03-28 13:32:15.996659,mobile_app,1,True
9aee9f43ded7cd0f,2025-10-02 13:32:15.996659,mobile_app,3,True
5c75d5d721cfadcd,2025-10-14 13:32:15.996659,mobile_app,2,True
cfe078868a94fd0e,2026-05-03 13:32:15.996659,desktop,1,True
2f208cc83b38ff45,2025-12-09 13:32:15.996659,mobile_web,2,True
5e71e3ef7fca762c,2025-08-21 13:32:15.996659,mobile_app,2,True
258b2699d351fe1d,2025-04-18 13:32:15.996659,desktop,2,True
77beedfd0295a1f5,2025-06-12 13:32:15.996659,mobile_web,2,True
16abf206b84d4189,2026-05-19 13:32:15.996659,mobile_app,2,True
8ea7ff7f285aa88b,2026-03-16 13:32:15.996659,mobile_app,1,True
969df51197655248,2025-12-16 13:32:15.996659,mobile_app,2,True
6492458c8275b4c4,2026-04-25 13:32:15.996659,mobile_app,1,True
2a33cfdf98ec4fab,2025-10-16 13:32:15.996659,mobile_app,2,True
ad9b13443de22f00,2026-06-29 13:32:15.996659,mobile_web,1,True
f6d86b2e1287b53b,2026-05-12 13:32:15.996659,desktop,1,True
817c8cdd5ea8aeaa,2026-06-11 13:32:15.996659,mobile_app,1,True
96842bab9c3b48b6,2026-02-18 13:32:15.996659,desktop,3,True
3ffb3a19d487dd56,2025-07-21 13:32:15.996659,desktop,1,True
2c864d50cd70abb4,2026-04-13 13:32:15.996659,mobile_app,1,True
c9a6628398bba1dd,2025-04-09 13:32:15.996659,mobile_app,1,True
f05d396731b5c886,2026-03-02 13:32:15.996659,mobile_web,2,True
9373f8008959285f,2026-06-12 13:32:15.996659,mobile_web,2,True
3bfba92953024a28,2026-01-31 13:32:15.996659,mobile_app,3,False
42fd86cf0436ffb1,2025-07-27 13:32:15.996659,mobile_web,2,True
b7a65bdff7489168,2026-05-15 13:32:15.996659,mobile_web,2,True
aea1eecf71d748cd,2026-05-31 13:32:15.996659,mobile_web,2,True
0d786057ec53f348,2025-06-11 13:32:15.996659,mobile_web,1,True
209513795238e7cf,2025-10-06 13:32:15.996659,mobile_app,3,False
d9d60ec4d4931476,2026-01-27 13:32:15.996659,mobile_app,3,False
cc9c19ec0bc39477,2025-07-23 13:32:15.996659,mobile_app,1,True
0bfca386757d980a,2025-06-13 13:32:15.996659,desktop,2,False
3f7135fabf77e653,2026-01-20 13:32:15.996659,desktop,1,True
9454aa49dc00d295,2025-10-20 13:32:15.996659,mobile_web,2,True
c9c32a2ca762698b,2026-06-28 13:32:15.996659,mobile_app,2,True
f797eeafd03823f1,2026-02-13 13:32:15.996659,mobile_app,3,True
4eab3cb7e99240ff,2025-10-05 13:32:15.996659,mobile_app,2,True
88e3391e505bd192,2026-04-04 13:32:15.996659,mobile_app,2,True
858b37f04657b0e5,2025-04-07 13:32:15.996659,mobile_app,2,True
cfb02167e777b20b,2025-04-17 13:32:15.996659,mobile_web,1,False
90fc8f801d9c9d37,2026-03-07 13:32:15.996659,mobile_app,2,True
c6da3174ca38eef9,2026-01-03 13:32:15.996659,mobile_web,2,True
693a3e4450bff943,2026-04-07 13:32:15.996659,desktop,2,False
0ba1a77b0a2770cc,2025-11-15 13:32:15.996659,mobile_web,3,True
7e3b4dfa6141d055,2026-05-07 13:32:15.996659,mobile_app,1,True
4501d8f6b7ee6074,2026-01-06 13:32:15.996659,desktop,1,True
e548eb849c1551a1,2025-10-23 13:32:15.996659,mobile_web,1,True
61df98c37d04ff41,2025-09-27 13:32:15.996659,mobile_app,1,True
1e720586d00b4ad9,2025-10-04 13:32:15.996659,mobile_web,2,True
a59514fb4eb10d01,2026-03-24 13:32:15.996659,desktop,3,True
28596db70f9e4894,2025-07-07 13:32:15.996659,mobile_app,2,True
a367431f1be8f3ff,2025-08-22 13:32:15.996659,mobile_app,2,False
bbfbeb649c11f4f5,2025-07-25 13:32:15.996659,mobile_app,2,False
55527ba522b891dd,2025-12-02 13:32:15.996659,mobile_app,2,True
6db8f437933db96a,2025-05-22 13:32:15.996659,mobile_web,3,False
fcf5935ca38f2da8,2026-01-06 13:32:15.996659,mobile_app,2,False
e81dd191ee56b279,2025-07-01 13:32:15.996659,mobile_app,2,False
006aa3980e9abe92,2026-04-01 13:32:15.996659,mobile_app,3,True
fbcd3cc585648420,2026-03-12 13:32:15.996659,mobile_app,2,True
3af14c269466e0de,2025-11-05 13:32:15.996659,mobile_app,1,True
876bae48d2913e72,2025-10-23 13:32:15.996659,mobile_web,2,False
282cf1c6d986f014,2025-07-28 13:32:15.996659,mobile_app,2,True
ccb8bd843099d4d9,2026-02-17 13:32:15.996659,mobile_app,2,False
7135d1a0994938b7,2025-05-31 13:32:15.996659,desktop,3,True
cf14bc3470d701a3,2026-02-02 13:32:15.996659,desktop,2,True
7e367370c431397f,2025-11-01 13:32:15.996659,mobile_app,2,True
c0c1f1149ae81875,2025-05-04 13:32:15.996659,mobile_app,3,False
328e67832bfa53c7,2025-10-30 13:32:15.996659,mobile_app,2,True
2c731db15050cdb1,2025-08-26 13:32:15.996659,mobile_app,2,True
d34fbead9da06355,2025-05-15 13:32:15.996659,mobile_app,1,False
6f8ec52e1eb6bd47,2025-04-15 13:32:15.996659,desktop,2,True
0ad2aa15eb7dbd76,2025-11-17 13:32:15.996659,mobile_web,2,True
4af35267f46372a4,2025-12-25 13:32:15.996659,mobile_app,1,True
b6f1dbe2b9cc3309,2026-04-04 13:32:15.996659,desktop,2,False
b63be4fc64a35b5d,2025-10-31 13:32:15.996659,mobile_app,1,True
76dbefc1615be636,2025-05-11 13:32:15.996659,mobile_app,1,True
e75b2b2c6e08b90f,2025-11-23 13:32:15.996659,mobile_app,2,True
f8deb65d34b785db,2026-01-25 13:32:15.996659,mobile_app,1,True
effa2534f50a70ee,2026-05-15 13:32:15.996659,desktop,2,True
84882b5d6b741f35,2026-01-06 13:32:15.996659,mobile_app,2,True
5f22f54d7d5d7045,2026-03-17 13:32:15.996659,mobile_web,2,False
2961f722cfbd7526,2025-04-14 13:32:15.996659,mobile_app,1,True
47195888e63e7ca5,2025-11-04 13:32:15.996659,desktop,2,False
aa7c007f245f4b03,2026-05-01 13:32:15.996659,mobile_web,1,False
fe489a997aaf2e85,2026-06-02 13:32:15.996659,mobile_app,2,True
3ca81064650be523,2025-06-10 13:32:15.996659,mobile_app,2,True
e535c760a76594c1,2025-05-05 13:32:15.996659,desktop,2,True
86a19fcc61569a1e,2025-07-20 13:32:15.996659,mobile_app,2,True
8c6ed2869c2c6d2e,2026-05-07 13:32:15.996659,mobile_app,3,True
e4ee5c2199696df0,2026-05-19 13:32:15.996659,desktop,1,True
62363c9c20af75c0,2026-04-03 13:32:15.996659,mobile_app,3,True
7b00a50d397b5333,2025-07-26 13:32:15.996659,mobile_app,3,True
9bd7819a01d12586,2025-07-19 13:32:15.996659,mobile_app,2,True
48cb09780446bcb8,2025-06-16 13:32:15.996659,mobile_app,1,True
92aa5d4e67789a01,2026-05-19 13:32:15.996659,mobile_app,1,True
5a5695c616bebfe8,2026-04-24 13:32:15.996659,mobile_app,3,True
d5c09739f4e58046,2025-05-19 13:32:15.996659,mobile_app,1,True
09bd9733bfd1c10c,2025-05-06 13:32:15.996659,mobile_app,3,True
12ab7b84427011eb,2025-08-06 13:32:15.996659,mobile_app,2,True
7a18931447b3fe2a,2026-05-15 13:32:15.996659,desktop,2,True
135fd63efc6c9b8a,2026-06-01 13:32:15.996659,mobile_app,2,True
74a636aaae0b2abd,2026-06-07 13:32:15.996659,mobile_app,1,True
e3107247ab92a10f,2025-08-22 13:32:15.996659,mobile_app,2,False
ca573323f2836427,2025-06-13 13:32:15.996659,mobile_web,3,True
0dc021332b733807,2025-09-18 13:32:15.996659,mobile_app,1,True
02445a2ec9f44edc,2026-03-05 13:32:15.996659,mobile_app,3,True
55bd680b6a8afa34,2025-07-23 13:32:15.996659,mobile_web,3,False
c64f1a4fa7c281ab,2026-06-06 13:32:15.996659,mobile_app,1,False
82f4f47d0d6873ba,2025-06-21 13:32:15.996659,mobile_web,2,True
a8a9ee5cf80c422d,2025-05-23 13:32:15.996659,desktop,1,True
2264eaa6545e58f3,2025-08-10 13:32:15.996659,mobile_web,2,True
541f85246c4ff8d2,2025-05-28 13:32:15.996659,mobile_app,3,True
15a8587442fb5be9,2025-10-09 13:32:15.996659,mobile_app,3,True
36e9f2bf85f57f08,2025-12-01 13:32:15.996659,mobile_app,3,False
321a23c3a49202ff,2026-02-06 13:32:15.996659,mobile_web,1,True
9e1d737afd04ae1e,2025-05-09 13:32:15.996659,desktop,2,True
eb8b02cdf8ce6610,2025-08-19 13:32:15.996659,desktop,1,True
ba34f41b8dcc3dee,2026-04-07 13:32:15.996659,mobile_app,3,True
eebbd21ce6f1844c,2025-04-23 13:32:15.996659,mobile_web,1,True
c2ee374d3d7b3d66,2026-06-06 13:32:15.996659,mobile_app,1,True
3c615fcc093e64ae,2025-10-08 13:32:15.996659,mobile_web,1,True
6609b2db1fde55aa,2026-04-07 13:32:15.996659,mobile_app,1,True
92b8d4aa0bb842ab,2025-09-03 13:32:15.996659,mobile_app,1,True
40f81e4c102dc1a3,2025-12-27 13:32:15.996659,mobile_app,1,False
4864007020092174,2025-12-16 13:32:15.996659,desktop,3,True
a5d4559c071beb14,2025-08-31 13:32:15.996659,mobile_app,2,True
37b16884bea24e07,2025-07-23 13:32:15.996659,mobile_app,1,True
eed841f84da3af6e,2026-01-11 13:32:15.996659,mobile_app,2,False
71c1674fc68e0c33,2025-04-05 13:32:15.996659,mobile_app,2,True
27714312e6c089cd,2025-11-18 13:32:15.996659,desktop,2,False
1cdfa9abe4cde562,2026-04-21 13:32:15.996659,mobile_app,2,False
d164811603985461,2026-06-30 13:32:15.996659,mobile_app,2,True
c618d1483354eb1f,2026-04-01 13:32:15.996659,mobile_web,2,True
e176732908b2058d,2025-08-22 13:32:15.996659,mobile_app,1,True
cc70d92e5a2e253e,2025-10-30 13:32:15.996659,mobile_app,2,True
7c6220f7c800d560,2026-01-30 13:32:15.996659,mobile_app,2,True
ccba28f8294390bb,2025-11-25 13:32:15.996659,mobile_app,2,False
6c888d00b585b523,2025-06-16 13:32:15.996659,mobile_app,2,True
a4093edc5aa00a99,2025-10-15 13:32:15.996659,mobile_app,2,True
e0ffd9cae95b2d53,2026-06-06 13:32:15.996659,mobile_app,2,True
c2cd2c6e146ea1db,2026-06-10 13:32:15.996659,mobile_web,1,True
54e4c312653623c0,2025-11-25 13:32:15.996659,desktop,1,True
ebdcaf0fcfa2f0d1,2025-12-31 13:32:15.996659,desktop,2,False
4144164fd896eb21,2025-06-11 13:32:15.996659,mobile_app,1,True
271f94a7577d517b,2025-10-10 13:32:15.996659,mobile_app,2,False
2ee43c143d08aacd,2025-07-23 13:32:15.996659,desktop,1,False
e44c64ab820f4b0a,2025-10-09 13:32:15.996659,mobile_web,2,True
7289d19f1ea676ee,2026-01-26 13:32:15.996659,mobile_app,2,False
0ce294f7bd828ca9,2025-09-06 13:32:15.996659,mobile_app,2,True
b25a92f933582d2a,2025-09-23 13:32:15.996659,mobile_app,2,True
8ee60b6ea2aa371f,2025-08-09 13:32:15.996659,mobile_app,2,True
49f7b387c9aa1fdd,2026-04-07 13:32:15.996659,mobile_app,3,True
61cab1032d92de31,2025-09-14 13:32:15.996659,mobile_app,2,True
034f89fe2ae35d6f,2026-02-23 13:32:15.996659,desktop,2,True
d1bf9ac89fc7601e,2025-07-08 13:32:15.996659,mobile_app,1,True
58198e870b3d0a22,2025-07-04 13:32:15.996659,mobile_app,2,False
ec52892ccb626e3f,2025-09-21 13:32:15.996659,mobile_app,2,True
0d2b515d331ae885,2025-04-28 13:32:15.996659,mobile_web,2,True
21210971facf7f71,2025-10-31 13:32:15.996659,mobile_web,2,False
040c195f93218439,2026-06-21 13:32:15.996659,mobile_app,3,True
eea96706c285deaf,2025-09-30 13:32:15.996659,mobile_app,3,True
4542f4d1c520cdb0,2025-07-14 13:32:15.996659,mobile_web,2,True
5509d1a36c6f2cad,2026-05-17 13:32:15.996659,mobile_web,3,True
d475a9fa47f86ea3,2026-05-16 13:32:15.996659,mobile_app,3,True
a10d89a24fc2f958,2026-02-28 13:32:15.996659,desktop,1,True
3801c97efe50ba95,2025-06-13 13:32:15.996659,mobile_app,2,True
6aebae66cbfc4f64,2025-11-05 13:32:15.996659,mobile_app,1,True
fb0379d18f6290d6,2025-04-14 13:32:15.996659,mobile_app,1,True
ebe2618bce9596a5,2025-05-31 13:32:15.996659,mobile_app,1,True
e69f43affda16c30,2025-10-23 13:32:15.996659,mobile_app,2,True
d2115a9941e14f33,2025-08-28 13:32:15.996659,mobile_app,1,True
e3712dbf182363ac,2026-02-02 13:32:15.996659,mobile_web,1,False
48c6a27226227d05,2026-05-22 13:32:15.996659,mobile_app,1,False
ee16e4779c3149dd,2026-01-02 13:32:15.996659,desktop,2,True
7d41be3007a8e0bd,2025-10-06 13:32:15.996659,mobile_app,3,True
7385fe5ceabcca9e,2026-04-11 13:32:15.996659,mobile_app,3,True
3620053dd27dd51d,2026-03-24 13:32:15.996659,desktop,2,True
b746ec2dafa66133,2026-06-26 13:32:15.996659,mobile_web,1,True
caef80b787185cac,2025-08-03 13:32:15.996659,mobile_web,3,True
4840df288fc97982,2025-05-19 13:32:15.996659,mobile_web,1,True
c2cb312850197553,2025-06-21 13:32:15.996659,mobile_app,3,True
3e98c4a198ac3d27,2026-01-11 13:32:15.996659,mobile_app,2,True
1ab257f9322264cf,2025-10-05 13:32:15.996659,mobile_app,2,False
d0c9e2a5e51e31c7,2025-04-21 13:32:15.996659,mobile_app,1,True
4a59f08082048798,2025-10-06 13:32:15.996659,mobile_app,1,True
8a0b56a6983f6f5f,2026-02-18 13:32:15.996659,mobile_app,2,True
7da183645561882a,2026-01-29 13:32:15.996659,desktop,2,False
fedb02284cbae988,2025-08-06 13:32:15.996659,desktop,3,True
c4aeb6959a295ab1,2025-12-11 13:32:15.996659,mobile_web,2,True
c85e4ce54671631e,2025-06-17 13:32:15.996659,mobile_web,2,True
a91071d23a9e72f2,2025-06-04 13:32:15.996659,mobile_app,1,True
4bf2311f28e0cf90,2026-06-16 13:32:15.996659,mobile_app,2,False
78c00f609b3c7657,2025-08-07 13:32:15.996659,mobile_web,1,True
a2b1b932007b39a2,2026-01-15 13:32:15.996659,mobile_web,2,True
e0d9cbad81fbc7fd,2025-11-08 13:32:15.996659,mobile_app,2,True
c663e5a9fb6394df,2026-03-04 13:32:15.996659,mobile_app,3,True
c2d24e1ad3674500,2026-01-16 13:32:15.996659,mobile_app,2,True
77253f45939d2eda,2026-02-02 13:32:15.996659,mobile_app,1,True
388f6d088732a051,2026-06-10 13:32:15.996659,mobile_app,3,True
d019180f1a50156a,2025-07-11 13:32:15.996659,mobile_app,2,False
cc36ab66be827512,2026-04-28 13:32:15.996659,mobile_web,2,True
d370fd512c01efbd,2026-01-13 13:32:15.996659,desktop,2,True
40e5f0b80441fcce,2026-04-06 13:32:15.996659,mobile_app,3,False
5defd9cf955fa217,2026-04-20 13:32:15.996659,mobile_web,1,True
20816ccf215dc340,2026-01-14 13:32:15.996659,mobile_web,2,True
96b5084c79e0c45f,2025-05-10 13:32:15.996659,mobile_app,2,True
73b8143e64158152,2025-04-29 13:32:15.996659,mobile_web,1,True
c4b0606071a18b28,2026-01-10 13:32:15.996659,mobile_app,3,False
58914a198056b471,2025-11-15 13:32:15.996659,mobile_app,2,True
9cd92dae6b051060,2025-04-10 13:32:15.996659,mobile_app,1,False
1fd65ed67bd71021,2026-03-18 13:32:15.996659,desktop,1,True
4dad22fe0367904d,2025-04-29 13:32:15.996659,desktop,3,True
5ec81b4bb3975b13,2026-05-15 13:32:15.996659,mobile_app,2,True
79cea358acfd8b3d,2026-03-22 13:32:15.996659,mobile_app,1,True
191e5e9773211ec9,2026-01-30 13:32:15.996659,mobile_app,1,True
5fb31cd1c409ff9d,2026-06-16 13:32:15.996659,mobile_web,1,True
64f0ae7925f3e3c1,2025-06-26 13:32:15.996659,mobile_app,1,True
66d661b68a1b6d39,2025-06-08 13:32:15.996659,mobile_app,2,False
1aa99e1693404bfd,2026-01-09 13:32:15.996659,mobile_web,1,True
971979e0607c95d2,2025-06-17 13:32:15.996659,mobile_app,1,True
aaf3b4269b50d0c7,2025-07-16 13:32:15.996659,mobile_app,1,True
05b7b795649ad03e,2025-07-03 13:32:15.996659,mobile_app,2,True
d2c101e8c0b91c32,2025-07-02 13:32:15.996659,mobile_app,2,True
dc395ef26c42db17,2025-10-15 13:32:15.996659,mobile_app,2,True
1c56a78797b2e094,2026-05-13 13:32:15.996659,mobile_app,2,True
ec81e0df644b4edf,2025-05-08 13:32:15.996659,mobile_app,3,True
e01d59827545e610,2025-09-29 13:32:15.996659,desktop,2,True
59e5010b766f6b11,2025-05-18 13:32:15.996659,mobile_app,3,True
7e73dc46b50ec2de,2025-04-22 13:32:15.996659,desktop,2,True
e01cc696fcbbbe64,2026-04-08 13:32:15.996659,mobile_app,1,True
d8b57daebd7dfc09,2026-01-01 13:32:15.996659,mobile_web,3,True
7db616e3c1f870b6,2026-04-06 13:32:15.996659,mobile_app,2,False
19806609739c7bf4,2026-06-09 13:32:15.996659,mobile_web,2,True
1a9227bb93da1029,2025-04-19 13:32:15.996659,mobile_app,1,True
905137ebd8a2744b,2025-05-08 13:32:15.996659,mobile_app,2,True
d3d85097c464a788,2025-05-05 13:32:15.996659,mobile_app,3,True
1f7f0437b86359ae,2025-05-26 13:32:15.996659,mobile_app,1,True
c218804f90ec2905,2025-09-10 13:32:15.996659,desktop,1,True
dabe156850377a8d,2025-11-07 13:32:15.996659,desktop,1,True
bc95dd7000e672fd,2025-04-07 13:32:15.996659,mobile_web,2,True
f188537069265eb5,2025-10-24 13:32:15.996659,mobile_app,3,True
f276561de37fc798,2025-09-13 13:32:15.996659,desktop,2,True
438b9dbb96530b8b,2026-03-28 13:32:15.996659,mobile_web,3,True
09fa6d3bbae67174,2025-07-28 13:32:15.996659,mobile_app,2,False
5767bdcf42e2e03d,2025-06-25 13:32:15.996659,mobile_app,2,True
920bfe58c7a6c8e6,2025-08-28 13:32:15.996659,mobile_web,1,True
3458241b6c898a65,2025-11-18 13:32:15.996659,mobile_app,1,True
