user_id,post_purchase_friction,churned_within_60d,days_to_next_order
cc51d24e4135cd24,none,False,20.0
81857e5aef869265,none,False,39.0
9881e40ccc14f33b,none,True,
cb2f239e9650c964,none,False,42.0
0d484bb1e95cf996,none,False,13.0
72e6372ac7177b75,none,False,24.0
fd3aa36919a9b3db,none,False,35.0
04194887b72b3e97,none,True,
90eb7d0f3db6b0d0,none,False,30.0
ebd45f4c3acb3c81,none,False,33.0
5a80910a2b3a62fb,none,False,19.0
bda7623d8c67247a,none,False,28.0
019bc37b4e1aa1fa,none,False,34.0
f7b479e71bb40b7c,none,False,47.0
c9962aa614bc7c33,none,False,14.0
2ba3a78614138ce6,none,False,42.0
2ef2e682cf59ded5,none,False,34.0
62e81babf103c3c9,none,False,29.0
ab7ae8f50c8c81d2,none,True,
f5f7f4e90255a673,none,False,57.0
1540d879a80b5f4f,none,True,
0a2c3ae171d07ea8,none,True,
14613ae73bbc7c19,none,False,27.0
f49e77d235ea6472,none,False,11.0
59344a57ba656ca3,none,True,
c0548ebeac9030fb,none,False,58.0
7c6b4cd13ad2244f,none,False,42.0
12d0735db6732483,none,False,54.0
b89a72fce2cc8de9,none,False,24.0
3f402405350a4fd6,none,False,33.0
05b70fe30986fd68,none,True,
6f093e46dfe5d386,none,False,29.0
fb2a9699fa8e310c,none,True,
08f014771dcf8c66,none,False,24.0
9e6d61468fa8f97c,none,True,
7481786392bc7b7c,none,False,42.0
23607f770b51fa9e,none,False,43.0
67fee90b87961e10,none,False,59.0
8bb669044e8c7ea5,none,False,49.0
0256660739ea3bbb,none,False,14.0
1daf7c2dd3e1d969,none,False,25.0
8b8e377ac8c6b42b,none,True,
23ac29253c687e19,none,False,38.0
4c1b75e6b4d8b2b8,none,False,30.0
820ecbb733328064,none,False,17.0
32cc8dca95d7d458,none,False,34.0
6e2c5dabfe3a49da,none,True,
da2f6d0933e71e24,none,False,51.0
43a41a64beebccf2,none,False,22.0
75821f8772f56d51,none,False,42.0
34c3c626d79f822f,none,False,35.0
5bea745a0f178985,none,False,39.0
6289ccf1135d0e09,none,False,48.0
68b9de38f86a84ae,none,False,27.0
12a30c0eb9598543,none,True,
66e2b3b4f65ea240,none,True,
71905334e7aa8c57,none,False,32.0
79f2f24ba9641b4f,none,False,40.0
d79990af79cd51f4,none,False,46.0
52d8432b04e98341,none,False,35.0
bf0462d948d089f3,none,False,20.0
2da24b0a41055cd6,none,False,33.0
0b579b9bbd970efc,none,False,33.0
99b1bf6b5288ebf0,none,True,
cc31dc16cdaf6a33,none,True,
72ba14d70e173904,none,False,31.0
9637a95dad2e2c28,none,False,38.0
c4b78fb0365b9497,none,False,36.0
41928c141bb96d03,none,True,
c65dda6e6a38dd39,none,False,41.0
5f77aed67922aa04,none,False,58.0
0e31b378487ddefd,none,False,23.0
e2dbc68efdc9cd47,none,False,24.0
ce336e98472c9220,none,False,25.0
a2421eda4a93e3e2,none,True,
19d9b3a6b2542237,none,False,28.0
ade31eed58388bbb,none,False,15.0
9f80e10a59e44a80,none,False,17.0
6c7108bffe917851,none,False,57.0
fc5f0fb0baacbedd,none,False,37.0
78ec9350e3b84b04,none,False,11.0
b77c9bfff82238bb,none,True,
e0b9377e3573c5c2,none,True,
4279b769f2454d19,none,False,53.0
58ff420764a77812,none,False,28.0
670ce97b06833908,none,False,36.0
75fa8026e40712e2,none,False,40.0
52eb587e2f3f2f82,none,True,
9d0be38bd80b6ffe,none,False,33.0
41c8304c15721f2f,none,False,37.0
28431ea2250d5e1f,none,False,59.0
4361050c7614e301,none,False,17.0
d62b8e7f9e85bfd5,none,False,49.0
5b877888694273be,none,False,55.0
26e74938409fa121,none,False,24.0
b4c77b6a9d42945a,none,False,58.0
1415e70338b04ec8,none,False,58.0
a50ed856087fa87c,none,True,
d5c53eaa5a8ebb75,none,False,20.0
ce0917db1f352659,none,False,50.0
a1cfbb82983fec7e,none,True,
398c847f765f44c9,none,False,45.0
ac1fde5399bdeec5,none,False,41.0
118c3a58424960f1,none,True,
91d170ab728e938e,none,False,49.0
b092b6454c68bb47,none,False,46.0
4dd5b4411b6091f5,none,True,
c3b7e514e4ea83b2,none,False,54.0
4f4539b1079789ce,none,True,
bce00f9eee42373a,none,False,32.0
9070951aa736b215,none,True,
ea4e303227d293c0,none,False,46.0
47961863603cef9f,none,False,38.0
c10dbfaecb91545f,none,False,34.0
6d8d70f75405518a,none,False,55.0
97726718da96e3c7,none,False,47.0
7c10afb52e166eb4,none,False,15.0
382cc87cf6ffc258,none,False,45.0
88c8c1cf6fe8be43,none,False,18.0
f53105ee2dc01028,none,False,31.0
d9a655d643d04f4f,none,False,56.0
28d70dd4241250c3,none,False,28.0
b2da2f5c90ba19b0,none,False,35.0
c0700c8e8b9c57ca,none,False,44.0
db74a6d6fc7e9f4d,none,True,
382a24d67515aac6,none,False,25.0
847414c2e82798e2,none,False,10.0
c60c1f59e9f69d03,none,False,57.0
a38492e20f5ececf,none,False,45.0
960d474fbe5101bd,none,False,47.0
aeca194b92a32b3d,none,False,18.0
9e9b3fbb6bb2a7f0,none,False,56.0
98c7a308427fd7da,none,False,49.0
97b5516c1a8640f3,none,False,18.0
ed55dceaa06dc861,none,False,24.0
0691774b30b1c79c,none,False,34.0
a86cdab34e5636be,none,True,
e0d172549e738321,none,False,27.0
6a867144d50bbf80,none,False,40.0
8284c1578375e227,none,False,17.0
9e81b5d28c6193df,none,False,14.0
a99ca1758caeeb9e,none,False,52.0
bea07835ef315e2f,none,False,44.0
fc96b1f59b8648eb,none,False,18.0
aaac8205af2f67fd,none,False,26.0
88f4ec861fcd56ce,none,False,47.0
b9ac2edeaa34b96c,none,False,44.0
c29005990689442f,none,False,11.0
43652961db98e313,none,True,
7fca7853df115b8a,none,False,58.0
ba27339b15485c14,none,True,
cc4587c861c7d682,none,False,49.0
8acb8685b9eb29bd,none,False,36.0
398572c4b2b78665,none,False,44.0
397e41f945365a1d,none,False,41.0
544b5728d0763a02,none,False,39.0
990d7c4f1fa99a84,none,False,14.0
455b38d7db4abe8d,none,False,56.0
8b3c51180300cd00,none,True,
8303489028cc1729,none,False,30.0
905e099fbaa8e784,none,True,
6e95ad1e48b8810f,none,True,
23099858923bc0e4,none,False,43.0
3825a3cc0ea246d3,none,True,
6b66f040e9ed3606,none,False,59.0
409a9bc26eed4344,none,False,50.0
50de04d9a8a49bd9,none,False,36.0
c3b413b58bf366bf,none,True,
fff47328324f223a,none,True,
16afe72207eab48d,none,False,14.0
f3dd9b96b86d8619,none,False,48.0
542730ad0b0b1a01,none,False,58.0
471a4006cb0617cd,none,False,53.0
952fe4b35537dcbf,none,False,33.0
08ca3a692a759e88,none,True,
b44dbc38f24d4fbb,none,False,10.0
f41045d24565029f,none,False,30.0
6ca1894d13221cf1,none,False,54.0
552a4055285dd332,none,False,33.0
150914afefcbd9ab,none,False,46.0
13f2dc71885d7f2e,none,True,
861003f0e221a436,none,False,32.0
7a381759097a6dcd,none,False,17.0
7c96654dff3018a3,none,False,18.0
be6127e98f9ef585,none,False,43.0
4b6d9f19653e8a7d,none,False,41.0
3a688346f994b59c,none,False,42.0
2bede582c18889f3,none,False,43.0
50b8035ecf0d8aed,none,False,47.0
4db91b58d4dadc57,none,False,52.0
74c80ef7526c555a,none,False,18.0
0abee1a211e4b189,none,True,
f028d8b9f501d661,none,False,32.0
ca44848aeb8aaa95,none,True,
9076bf282e9bcd14,none,True,
cca478418584f537,none,False,49.0
3b1b9cf574885fa2,none,False,28.0
80fea2a6ab318727,none,False,22.0
c712bce4b843c4ed,none,False,12.0
0ec09b579723a614,none,True,
024f3ad868d04846,none,False,52.0
8c1b711df111d416,none,True,
abd42e43fc2a83ff,none,False,42.0
3ab202c3aa112fee,none,False,13.0
c6bcc73208469e84,none,True,
2d2cfd23b45a6ff4,none,False,53.0
8863df5e95b09a33,none,False,41.0
a5799009a66639f3,none,True,
8fa75f2186a48e8e,none,False,24.0
e8ae6f41d8dfd454,none,False,31.0
0d6c2a7465632e42,none,False,34.0
b043eb3f8195980a,none,True,
189a4f9a37dff4db,none,False,39.0
11aa9ddffa8694c6,none,True,
e2e87170560e345c,none,False,54.0
f5d9060d4b7bcee7,none,False,35.0
5223f36329d64056,none,False,53.0
a1740dc3a85a9568,none,False,51.0
b078840b0ed7d8a5,none,False,48.0
e2848657baef2574,none,False,19.0
c0fd579d25e63ceb,none,True,
897e57d85eef9c77,none,True,
3b44775063eb2a16,none,False,40.0
ba86d6d91978c2a3,none,False,27.0
56cf350198ee2d33,none,False,19.0
93fda5a36fc47a80,none,False,20.0
2aefbd1d91039846,none,False,29.0
feb42ed8f16ab21b,none,False,56.0
1214d6377fefd844,none,False,31.0
778b22c656487a7d,none,False,24.0
06d063a04935ccb0,none,True,
3329a22f0034ae78,none,True,
e1d3e6278fd4d209,none,False,44.0
8cc2030dff09c66c,none,True,
1449a3bb89a4a5df,none,False,11.0
3384021baad0c1fc,none,False,33.0
52682c986813b646,none,True,
0d5bd0f1e3ea15e3,none,False,36.0
df8b2133a5ee0a6e,none,False,39.0
e6151a72aee3c1fe,none,False,27.0
6b83d8c860364e95,none,True,
9c76c1e453f79893,none,False,17.0
346bd7ab2b0d4d33,none,False,18.0
9393f8c0aef77d5e,none,False,58.0
ea23fb01154f93d9,none,False,29.0
bc971455ecc9e97f,none,False,21.0
cbd6030184116052,none,False,52.0
ee2a683f82964937,none,True,
f020135ae0bcd7ab,none,False,15.0
0cd3b75b631706db,none,False,22.0
6b99873260e0f9b4,none,False,53.0
b126f58472679731,none,False,40.0
c4e6c4d00531daf6,none,False,59.0
23cd624fa41e91e3,none,True,
c19921e85ea01354,none,False,17.0
de6e3abf6bd7d492,none,False,59.0
ceed14710b34ffec,none,False,25.0
584edda262c60810,none,False,22.0
475951862a3268b0,none,True,
44b268db371d2b5e,none,False,43.0
bcabff0ca1da8ba8,none,False,27.0
fe46f41427bd8426,none,False,35.0
b7344408484c6908,none,False,51.0
0ca01b4f6f72d2e0,none,True,
b6ed303ce0b3a7be,none,False,38.0
6fa90e7129debfd6,none,False,30.0
a40a6fcbb35cbd94,none,True,
0d14896f8c218527,none,False,33.0
116546cfe5d8317c,none,False,46.0
6f981b6ae2ccda97,none,False,20.0
9c8f6c08bf73240b,none,False,17.0
4dc95d35cf26f5cc,none,True,
9ad5edfd5f3d45b7,none,False,22.0
12cc6e975f2a6833,none,False,52.0
c5e90ccf98f93735,none,True,
c97f2209e6bb5fe1,none,False,48.0
b19d0343c0bfcb5a,none,False,31.0
29cd98ad549fbbfb,none,False,29.0
bd77bb13b950fe3d,none,False,23.0
848d3841e3e47700,none,False,15.0
b99d11941ef671bc,none,False,56.0
5e3962cb0af8e81c,none,True,
7528ee594df54838,none,False,24.0
ff6ec62c1dee961b,none,False,20.0
41a59c011761eb60,none,False,34.0
b52ad7007ee2e2ca,none,False,21.0
7099e42754a6a909,none,False,25.0
f542bc3c68264258,none,False,50.0
a98462e5a89d1ecf,none,True,
c59f22e3259955f6,none,True,
3fcb468a11dac282,none,False,10.0
deb0525dc0562362,none,False,31.0
adea8c90996352d7,none,False,32.0
c47986c72d4a4cf6,none,False,11.0
fcfbf03042cbf1c1,none,True,
0be76b445f4602b8,none,False,34.0
576ec048d6aa589f,none,False,16.0
2e3d81beefc05baa,none,True,
8949dd64a2dc766e,none,False,51.0
74ea8ac889ef8fd9,none,False,13.0
0f8c235bb68e44ad,none,False,34.0
fe4464d2f99ec63b,none,False,47.0
2d86b13e155e69d6,none,False,23.0
bb9268107f99614e,none,True,
e5595ef192f43457,none,False,59.0
d99d7e7bed9ff0c2,none,False,27.0
fc9b14278f9a4ad6,none,False,54.0
3cf91391c7b9741e,none,False,44.0
3369a689abb33c8f,none,False,40.0
9b638fbbce90257d,none,False,45.0
b8c56aa8c48a7104,none,False,46.0
6e4bd902a24a736e,none,False,58.0
02352006361629b0,none,True,
8d8914fa48fe31d0,none,False,20.0
b4ef0124906f2e25,none,True,
c9737907145aa594,none,False,10.0
f1fc95b13c4aaf12,none,False,40.0
f28a2151e1bc728d,none,False,23.0
96cff521c8d5ff0b,none,False,50.0
d9ec56b7bd9447c3,none,False,22.0
4aad66b82d9e87d9,none,True,
63a490ed9af1d09d,none,False,30.0
0350889d925d6850,none,False,39.0
753c0af2852bf9c5,none,False,11.0
551fd9d8164f1fb2,none,False,38.0
4dc9a123154da372,none,False,29.0
9a40aba3aa530b29,none,False,46.0
ec01e714404edf3c,none,True,
5b7edbc0e2d02b66,none,False,53.0
f1467fcbee68ff56,none,False,32.0
70ff17642fa06e2f,none,False,40.0
4d2095aead254b8d,none,False,16.0
381f492681102fc6,none,True,
c51e1372856e6103,none,False,46.0
49f1c0d3b69a13aa,none,False,26.0
68cec8304518e5fb,none,False,17.0
ca68a578c0284d36,none,True,
7dc904ae474e0594,none,False,18.0
ebba26aedbb2d6e7,none,True,
527b1692cd4b795f,none,False,55.0
fed3b4ff8bea0515,none,True,
2e0d240020ae35f2,none,False,53.0
1a0e257e77aa63b5,none,False,23.0
707c703e193cbc43,none,False,37.0
43c6f7fcdd716734,none,True,
902750ce59e876b8,none,False,36.0
1e5bdb56c9493970,none,True,
ff8f70494c3d0cf1,none,False,21.0
c4ee09a8a4facf78,none,False,47.0
f27ea3982b2ba332,none,False,57.0
3f5432112ed5d9de,none,False,19.0
270c10c60c573125,none,False,21.0
6419d60a31834b43,none,False,16.0
bfc1a5044047ce94,none,True,
a70a2cd46a8ef1f8,none,False,57.0
8a923bccdbf78b5e,none,False,28.0
d331fd5f6c45a10b,none,False,41.0
3c9b06b37221d7f5,none,False,39.0
c222f2a5bfe9c019,none,True,
af7a2c0f984e9244,none,False,45.0
ae2d8a1583055d10,none,False,11.0
4f52762a7bcac32a,none,True,
bd263d8402ea37ae,none,True,
528b52093fa41244,none,True,
d012a3a9cdbd390e,none,False,45.0
66ad12c4125732d3,none,True,
e614e2279852636f,none,False,25.0
39c1111da7dd0914,none,False,17.0
dcc1e2498a77b888,none,False,41.0
e7f340d4bb385f1c,none,False,58.0
62fb5c7542bfdd6d,none,False,32.0
7a1ad6b90caab76b,none,False,26.0
c8b6c1c656a0be83,none,False,47.0
23a6e1cdbd1fe3fa,none,False,30.0
cd60aee6e408b39c,none,False,11.0
3e0b404df37c9251,none,False,46.0
06cbf7f22ee40a98,none,False,47.0
d7b44acab557e02f,none,True,
b47f99ebb79372b3,none,False,27.0
e4ffc1f508caa3df,none,False,23.0
e6f36f91287fa2e9,none,False,43.0
b0aff4125baa4cbd,none,False,43.0
560da33fba461f91,none,False,57.0
ff7900af6b76a0a2,none,False,18.0
a7507f914c04db98,none,False,42.0
f09adb36a6ecb3f0,none,False,56.0
613f5f16d139afe5,none,False,55.0
e2ed2e74e48de2dc,none,True,
035d2c191856dd6c,none,False,45.0
38c36635d498be1b,none,False,29.0
ae031b90ed502364,none,False,55.0
2867c84e741325ff,none,False,23.0
13921650813bf998,none,False,25.0
3c9ff2b838c765a5,none,False,14.0
cce60e1430efdb53,none,False,49.0
5923703681f8bc08,none,False,35.0
0b7288bd374b09af,none,True,
288f31602c58d076,none,False,59.0
a105a3c57d55194f,none,False,53.0
b50d8aea52618b42,none,False,11.0
50cf061f7dcbec76,none,True,
8455c52c915ceae3,none,False,47.0
664e61c6f90205fc,none,False,14.0
5b9309d447a5f4da,none,False,58.0
4e8b7df99a3127f8,none,False,18.0
eaa39db93e325f54,none,False,34.0
77f8b4a2bb7e3d4d,none,False,50.0
9dea9f98ee452f87,none,False,41.0
17b050b1b75d0d1e,none,False,10.0
2cbd76c9ebc2f7be,none,False,40.0
d54d88c85d9e32b5,none,False,22.0
a6bca5eb0ae8c15b,none,False,11.0
514389ebfa01c6bb,none,False,59.0
49985ad77b3e4e7b,none,False,41.0
e1d0eed48e7c46ef,none,True,
b08b8e4ca7898811,none,False,51.0
140ab99b84bd2d17,none,True,
c53f8e9b27c9160f,none,False,35.0
a99714578c03c4a8,none,True,
3cda5db478f2444c,none,True,
41d8d381de16d8e7,none,True,
eccd15a595c2b422,none,False,36.0
b3f59d4e80bbe3fe,none,False,29.0
2affe3fefe729c9a,none,False,58.0
2446cc100188b253,none,False,40.0
17aabeadaff07ffc,none,False,34.0
8224ac0bb930a764,none,False,31.0
e2a37ea76ed3011e,none,False,13.0
f033e55398f38eb8,none,True,
8f0e26e24f433a5c,none,True,
308c2f797418b712,none,False,50.0
4bfd8b19c0ae9882,none,False,16.0
5c0a0ca0efe28879,none,True,
81b344c74ecb84ae,none,True,
b10bfe05cc22c7f8,none,False,59.0
bbdbf6dc969cf7bc,none,False,10.0
64651d406857fb3c,none,True,
525d8cda6e260b3a,none,False,11.0
579fc3e9ee41ff88,none,False,57.0
82d39910be417612,none,False,46.0
6eb29f3a9d7b7e72,none,False,23.0
47fe9a17f6f84553,none,False,27.0
690516b888089a11,none,False,47.0
86caf4b4b5efcc78,none,False,57.0
cf264ced574e7b44,none,False,38.0
9c98e337b0d48077,none,False,20.0
7e4e1f9269876643,none,False,43.0
6469d1825100ef7c,none,True,
d315708e1986ad19,none,False,47.0
bb1ecd46a75fc1e6,none,False,36.0
59dcc2b7d5e1a376,none,False,58.0
cd13fb538796d381,none,False,40.0
f7ca350064413813,none,True,
9e8dd493470fa685,none,False,47.0
f3760957038b7d38,none,False,37.0
450b84354c34f394,none,False,37.0
a78c4ae2a05a96ea,none,False,50.0
ae9402389c677c9a,none,False,57.0
56f9fe5ba7b2b2c7,none,False,16.0
b696b74941da058c,none,True,
3e522357a4bd93e4,none,True,
3ca84d4abcd86d97,none,False,29.0
47ac4c87165e20cf,none,True,
5f030ba553968e8a,none,True,
eaf13a41e34b74c5,none,False,41.0
73d1469bc232ba83,none,False,23.0
57c53a216405adcd,none,False,49.0
a1fda86a4dfd3a56,none,False,48.0
7a4dc2a6689baede,none,False,15.0
ba078d7f2f4e7680,none,False,10.0
75da4479072614cf,none,False,14.0
8a9cd9ed2a9468ce,none,False,31.0
c3014e515f0c5370,none,False,55.0
be8b1ca239dd472f,none,True,
21233cb6ec6a2779,none,False,11.0
e7f2550691f2e1d9,none,True,
a1dd16c11ff7d406,none,True,
940c2914d5b1a070,none,True,
0716f2e5a80d5982,none,False,56.0
ab10ff906bc0f2d5,none,True,
47af7dc9fe51909e,none,True,
ba4112808fb3d088,none,False,27.0
6478085da5f56b47,none,False,30.0
822010cfedd4e673,none,True,
cc5468c316be6fc2,none,True,
5ec3dfe7d0081bbc,none,False,18.0
22f40cfc99434fa7,none,True,
236dbea6a2dc66b4,none,False,18.0
82fcc5a0cf013e9d,none,False,15.0
5c48249874062404,none,False,22.0
74ad78f95eea38c7,none,False,25.0
90481e93eb57d151,none,False,57.0
fff4f8ad3529bff9,none,True,
fa4506882e9af30a,none,True,
316f6bf49d82db85,none,False,34.0
56558e2b8736bd7e,none,False,49.0
6c2b7d67f90d2015,none,False,38.0
8232d80a0c6888c2,none,False,53.0
5afec12ca019c755,none,False,25.0
1cfb8cf16c09f050,none,False,20.0
6b953ed078d03ed3,none,False,42.0
ee5653537d22d185,none,False,29.0
4e1f028037e6805b,none,False,12.0
275f1653996f3f9e,none,False,54.0
ec3c9982649b8573,none,False,52.0
baf8834eba5ce8ee,none,False,38.0
90e67f505726682f,none,False,33.0
a269835ce254c31e,none,False,53.0
a118de02ec2b7936,none,False,11.0
d02335742c0a5150,none,False,40.0
b7c80f504622f5d5,none,False,37.0
0cddf553261fa28c,none,False,44.0
220dfd69d97174a0,none,False,56.0
a7229edb00265773,none,True,
5492afb71432e1e7,none,False,52.0
c18e1f6b74fcc313,none,False,21.0
77afd0946c12764e,none,False,49.0
e9fca821ad7d96cd,none,True,
96809affe19dcd26,none,False,41.0
45d9f149ec8c8689,none,False,49.0
9f42861c61a4436f,none,True,
de94469b4bc5d54c,none,True,
2f47537cf7276a82,none,False,48.0
46e87c29b680c795,none,False,29.0
3b4898ca0b7cea01,none,False,53.0
8e824821d15b3d75,none,False,54.0
301d129e49638a77,none,False,55.0
f55a5860cf8c7f32,none,True,
5d89ab51d65d1f0d,none,True,
1fd34587750a114f,none,False,50.0
bcd94d203d9571e3,none,False,21.0
c677176833d7c86e,none,False,16.0
f456d4470844a394,none,False,42.0
0e56b5cc7eaf80a1,none,False,31.0
6ef4d18333b3bcca,none,False,43.0
ed8212c7793e31ed,none,False,41.0
a7288a871d1e60e4,none,False,26.0
5adfb5610f03aa7c,none,False,58.0
645028005d4181ac,none,False,41.0
4a2c2450990d72ec,none,False,51.0
441877b32ba459f7,none,False,12.0
8223919ef0831885,none,True,
1dc3e793cd30dcc5,none,False,20.0
dc3c5f9b40188308,none,False,30.0
607b5204bac45678,none,False,37.0
c713066300807c25,none,False,27.0
44383d75ad64ec7e,none,False,24.0
d73d285c37edc1d2,none,True,
b0d4a100788ece4b,none,True,
cdbc275c6ad3e131,none,False,18.0
932737c0fd1ea05d,none,False,49.0
43b116219d307a0c,none,False,42.0
dd644f8b61291994,none,False,10.0
63b63d779d9eb1d6,none,False,39.0
8e5646f499947713,none,False,51.0
2fe595784e675f8f,none,True,
9946278ca1c652ae,none,False,23.0
84acb12c3df67d5d,none,False,20.0
5e4115602255b03f,none,False,34.0
d19192b3b4225ef2,none,True,
377865d7f11390de,none,False,30.0
03bf3371ef60d26f,none,False,20.0
1a604242d16ee0c6,none,False,51.0
a72c75c98d440cba,none,False,33.0
6007f2c8b0f1544b,none,False,14.0
53e3baf3fda02819,none,False,11.0
deb5e252b416cf8d,none,False,42.0
b205a6625e384c47,none,False,25.0
7635b42aa797509a,none,False,54.0
7c7846e2b9cff289,none,False,45.0
66d3be29e2b15ba6,none,False,17.0
33ac0fac2bfb7c19,none,True,
5ae05f506a65d4e7,none,False,46.0
31cab318ebda8aec,none,False,33.0
040d0aa177b10c09,none,False,58.0
676dcacfc9940449,none,True,
abe5a046ac7c2468,none,False,26.0
a881249736f27b9d,none,False,55.0
6b2b6268765f4647,none,False,23.0
138f202f1d242f38,none,False,55.0
49cb4a372abe9fed,none,False,20.0
c4c1977da317af25,none,True,
f0b0bb400c58bdd3,none,False,13.0
fa32f093e61f1669,none,False,34.0
ee12e7d42662036c,none,False,56.0
f02bef3fa36999e4,none,True,
5a9366f1da8d5f37,none,False,18.0
ded7a79bee061eac,none,True,
8bd4e74da25ed14c,none,True,
37c0109c2d6a867f,none,False,24.0
4424c5463ad89a84,none,False,18.0
549e1a7d6f7dc93b,none,False,37.0
4f9ed42f64a60b17,none,True,
6d0d20fe4902c26c,none,False,32.0
fbe8b00fc15f8316,none,False,49.0
5d467ca1f884e0fd,none,False,10.0
5cd6b0897bc01274,none,False,50.0
827c47d0e103485b,none,False,14.0
2c7ed2b3e4da8c25,none,False,49.0
d9f1390fe32f0bde,none,False,38.0
36aeaa01e4047807,none,False,16.0
337084523813a1a4,none,False,56.0
ae0936086b0de21e,none,False,18.0
f615e492492c811a,none,False,53.0
c53cad740f9ec2e0,none,True,
34a1f2c3cc814e85,none,False,36.0
e045b19b3be810d9,none,True,
75861d7578a2c096,none,True,
35b1a16c44571996,none,False,33.0
f33a09d4d643ca76,none,False,36.0
84a874eeff26ecdc,none,False,32.0
dadbad9ef1016ed2,none,False,46.0
6b278561f6f67c4b,none,False,33.0
0d0ca1881dd2f6ad,none,False,14.0
1f3b6c3b8d940d15,none,False,39.0
83a76ea5c28400c7,none,False,27.0
08dc2a9b2049621b,none,True,
98da80229b797632,none,False,21.0
8cc4eaad2f400d28,none,False,26.0
6b9ae1b44749d52e,none,False,57.0
74fb351890f88249,none,False,25.0
73fc471d68c87ae0,none,True,
3bbdcf37e3c6e054,none,False,38.0
adec38b8445ad68c,none,False,25.0
e5472c1e0f7110ef,none,False,48.0
039f133e8575a116,none,False,49.0
8026972cb495eb07,none,False,36.0
d990de023c56551b,none,False,20.0
8a27c86d413d3b67,none,False,51.0
a5bfab266052fc04,none,False,19.0
b468798a15218e95,none,False,33.0
43294925d4572cb5,none,False,41.0
a6dc98740aafdb95,none,False,33.0
08d4da80bbb6fa1e,none,False,14.0
4f5e43e423653554,none,True,
534968032fecc2cf,none,False,45.0
af31c1ad2c737a31,none,False,35.0
e658a0b68b87ea4c,none,True,
3da4ab5e47b4ffe5,none,False,12.0
47222da28bfcbd51,none,True,
9e3b6d25dfab4a19,none,False,34.0
3922525b4603bd13,none,False,55.0
8fe262ddc3275933,none,False,57.0
a831505c744c2b79,none,False,38.0
c1b2c7cb4ac0ca83,none,True,
e9d245edd621e2c5,none,False,36.0
d53da14171a29b48,none,True,
46d4083be931db94,none,False,33.0
23d1db06f184cce7,none,True,
bf111b183dd3ce6a,none,False,11.0
2dd176095fe62304,none,True,
43bade6ff80985e6,none,False,53.0
b85c53c334eea80d,none,False,56.0
1139f65329777235,none,False,15.0
7ea90f13f887c49c,none,True,
a1aa3c2e9b23eb81,none,True,
39a998d3a45544e3,none,False,29.0
608e700c7e2f225a,none,False,20.0
4478623da9c283d8,none,False,12.0
eedb348a938d1ba9,none,False,28.0
7ff7962d61b6a275,none,True,
81a1f98ad19fbf7d,none,False,55.0
20d2c5ad484b1a53,none,False,21.0
afdba43bc58b22a9,none,True,
922f1c7cfa78c83d,none,True,
9ae1261ef1c92bf0,none,False,56.0
a2824b0d73cfc4ee,none,True,
3daacdadc88a375f,none,True,
d0ed511e28e27d9d,none,False,16.0
fda716bf09ed9b85,none,False,59.0
ed260b327d88a932,none,True,
33cd36bcf47804fc,none,False,53.0
7f9d3147eda1c992,none,False,41.0
9c5741c153300045,none,False,12.0
909bbb4fc90df7db,none,False,34.0
5d7e7aa0af5f2fff,none,False,43.0
190e1dbc45458277,none,True,
5afe011c77c13ced,none,True,
97e1282841302b67,none,True,
c35bba0a8041ceac,none,False,53.0
9642b8b808b56e47,none,False,15.0
8a7f751e98f5b7da,none,True,
721e6d09480fefcc,none,False,56.0
bbb52d18b695921a,none,False,28.0
9eb4fa6f2a39cb67,none,False,45.0
63a43ded06d2fa34,none,False,57.0
f916ed51de4f6e9d,none,False,20.0
43bb0babd3010707,none,False,47.0
a25bc633e1b13ea2,none,False,12.0
bef27d73132d5ab1,none,False,21.0
cb58a8a889a51945,none,False,24.0
e7257ba2a739b5e4,none,False,19.0
6a05a6f224d98ea2,none,False,26.0
9e2a6608c1bb2384,none,True,
b06b2ac8af0e69d2,none,False,57.0
9d7cd1fb1943c915,none,False,53.0
472f1b1d0f96a742,none,False,21.0
b1e4a1d3976911ad,none,False,39.0
66615b7031e36249,none,False,50.0
a24e1376891b0b54,none,False,49.0
ab504e4cfc0025f5,none,False,21.0
f8ae7adaca734def,none,False,39.0
4635f3cb7ec40061,none,False,46.0
64445594029cd33e,none,False,59.0
bd4bf75cb3843002,none,False,27.0
4e7bf14496f2cab3,none,True,
854057c512b6bf8f,none,False,33.0
4d6bd09e71a5b132,none,False,31.0
b9738fbaaf3020e6,none,False,47.0
7cd08b16a045d193,none,False,24.0
cdf696f522a9c2c0,none,True,
4ba497bbbabc896c,none,True,
c0e3cb2e165520e1,none,False,58.0
4383b1e4387fa1bf,none,False,39.0
8b837bde91360ec9,none,True,
5b6ea01fa01f03cb,none,False,43.0
064b63f882c6a6bb,none,False,49.0
924d6d098ec69c84,none,False,26.0
713c94c89a489352,none,False,36.0
500e1236ed870d37,none,False,37.0
fd4b7ac7b65106e0,none,False,26.0
641fb25aee311ff6,none,False,45.0
6867ee8fd5d3fa75,none,True,
40132a21fdf19cb9,none,True,
d96e1ac6910f80ed,none,True,
98424f4765b30305,none,False,42.0
2e3ec871d3b3c0c8,none,False,25.0
fbf49f5d1e398bb2,none,False,49.0
182f8c3db6077ef8,none,False,57.0
e81ab906ecf4348a,none,True,
4f17440ae4c50dab,none,False,16.0
6e7491aca96abbf8,none,False,48.0
bb8f5bc9db21a76c,none,False,47.0
0b19837c286b7131,none,False,20.0
f695f18fbee1c216,none,False,57.0
84fc3ee3fed7bfab,none,False,17.0
9a922c08add7ae94,none,False,39.0
efa15674dfa683d9,none,False,54.0
0b73d1ed714f85bf,none,False,28.0
ce6bd34b347350a0,none,False,52.0
d7e21ccd7c6f381c,none,False,28.0
3b7dd32af44305cd,none,False,31.0
384dcdeeb9a52773,none,False,48.0
dbdaa3209656af48,none,True,
2aedf887f8a98916,none,False,34.0
b2485949baf190bf,none,False,54.0
a421f95e4a97ad74,none,False,39.0
ca92d53a8d4ac532,none,False,17.0
b8c7681c55ff6c83,none,False,48.0
4c97d9c2f53ed1ac,none,True,
56e4371453a14893,none,False,54.0
3d55d75fe38e1cf6,none,False,44.0
97c75dc87da553af,none,False,43.0
58a0d7542d8933f3,none,False,33.0
c133b2b0ba14a53e,none,False,29.0
82e7962c1ed8fb66,none,False,25.0
6c231e4511db9f6a,none,False,38.0
aa648f413b56bf3b,none,False,25.0
876cef266083d318,none,False,50.0
74b55f1dc64c9de8,none,False,58.0
96f199e11ede48fa,none,False,24.0
a35f70dc4ef6837c,none,False,25.0
443a75bc7081e194,none,False,14.0
8158b140aed624d2,none,True,
b947ae7c38ad1536,none,True,
e2ea9c25f5b55a7f,none,False,45.0
2665c05c4afd9293,none,True,
935fe85b7308ebee,none,True,
7623b7afea6103a4,none,False,55.0
77a218a81c3d65f4,none,False,25.0
fe979a27d93c5921,none,False,46.0
18182d98f899b4a9,none,False,29.0
35b22b021cbfe411,none,False,17.0
d0ac8e6b3afa2d73,none,False,21.0
1c646886102dee95,none,False,42.0
8770cce0e465b0b8,none,False,44.0
394b02344418abda,none,False,12.0
d54d121913a1581c,none,True,
3caa4530b8e7d9a2,none,False,10.0
d704df2eddd036f3,none,False,16.0
b8fa5de559f577c7,none,False,58.0
c4786fd7c1ca2b03,none,False,45.0
4a28b2b384b01ecf,none,True,
a6aff8cfb6b1f231,none,True,
ded412cb59186ebc,none,False,39.0
51c4237befedf44d,none,False,26.0
d1f35c01983b0c9d,none,False,37.0
fdd42f282e34f2fe,none,False,28.0
429bb807c488f4b5,none,True,
c6d37d2378f14158,none,False,14.0
3b110c924ae4ac79,none,False,51.0
82c2b7683c65558b,none,False,46.0
ff6bf204beaf289a,none,False,50.0
6c8e7e02bc73a7e6,none,False,37.0
8e30abc0df47fba9,none,False,36.0
fd8b7a2b8ab66589,none,False,29.0
2f674cdf384aa105,none,True,
87af68db34b1f1ae,none,False,53.0
8867ccec61c23947,none,False,17.0
b9fa250bc30a549a,none,True,
14e41e7fe81193f7,none,False,44.0
a3713fa88f0e5feb,none,True,
306a74a99e8e30af,none,True,
8d7e8240febcc20d,none,False,32.0
05912c74732b4b1c,none,True,
0ec3b1891fe7dec8,none,False,47.0
3b60e6580f66bd6c,none,False,50.0
f3644d0ea71d36c3,none,False,46.0
524f0733dd46f768,none,False,50.0
0500c1dc4a64eeeb,none,False,33.0
d0906b84bbf2809f,none,False,36.0
14c7390bc4adadd0,none,False,16.0
75852ae9f54c489a,none,False,12.0
dfcef9e102df1f33,none,False,29.0
75bb2170970781f0,none,False,15.0
b7eac51e0a6cfbf3,none,False,22.0
7ea6e64cdd2b2618,none,False,53.0
76b665a0014b13db,none,False,39.0
0f12b6f8ab646860,none,False,20.0
bf24c25989c4def8,none,False,11.0
455a7e5866303498,none,False,21.0
46a4937ef1bd6c9c,none,False,21.0
4dc358c55eae18a9,none,False,39.0
6822f637b767983c,none,False,20.0
d8f5975857859c06,none,False,39.0
d41dca1413987176,none,False,38.0
66a5a87d5f62012d,none,False,58.0
f6be9cb40a134c8d,none,False,27.0
c354936546e0a7d5,none,True,
a089c87352d005a8,none,False,37.0
f4dfbac001931a79,none,False,52.0
e4a362dd58c23cf5,none,False,23.0
509a7ce0443220e8,none,False,26.0
ea806c7f33d2026d,none,False,29.0
ca338db5908814a8,none,False,27.0
e3497247d343fb64,none,False,56.0
04b661cf29f12299,none,False,31.0
163d2616101cc440,none,True,
e6dcb4060604c5a4,none,False,17.0
af13fa8e5168e1a2,none,False,47.0
521b61badb4d6c6f,none,False,42.0
09354e4c59d74413,none,True,
5b32e19158e75c65,none,False,24.0
835f36d0d2167b8e,none,True,
f15d50ee069fded6,none,False,14.0
57700cd46f16c9fa,none,False,47.0
eb332704cd3cf5ea,none,False,56.0
a761b5f4f5e09b07,none,True,
b3af9b04d38f36bb,none,True,
c22d2bd51381bfbe,none,False,33.0
cea8c93cede3505c,none,False,48.0
dd4cbb65b094049e,none,True,
6deaf12c4f9614cc,none,False,23.0
605eeea08adbc7ce,none,True,
72258e7d6757ca5d,none,False,45.0
bb60431b9ec87e66,none,False,34.0
1affbf7f40e4ec99,none,True,
c515d43ee4c2df02,none,False,19.0
fd16a3b2b9febc43,none,False,58.0
167c86cbb94a90c1,none,False,54.0
f3542f3d1f710d24,none,False,33.0
d61284526fe01550,none,False,17.0
707e9a16ca344969,none,False,20.0
7cb0c79dde2213de,none,False,35.0
04f1ca02940da16f,none,False,53.0
048e0f0c2f2398a1,none,False,48.0
81da37ded3edb892,none,False,10.0
ed6e61c3fee74a27,none,False,57.0
8ed8edb0fb7e05d5,none,False,56.0
5391e8125e913dc9,none,False,19.0
6fb9b5acbb2ce393,none,False,40.0
dbec9b38eff57036,none,False,23.0
866507cd5fa36dbc,none,False,36.0
08a64768ee97e566,none,False,54.0
54617a4a1a6faa73,none,False,50.0
9974bf5ceb0dac6a,none,False,11.0
bd7cf745e3d3f032,none,False,30.0
c3c3d04702346e7b,none,False,17.0
29d4d44cdc82ffe4,none,False,18.0
0f5c1ffb99098d2d,none,False,57.0
552b8ba356a13739,none,False,28.0
b2a6c58c24c06035,none,False,35.0
c6340a7ab0dfaf81,none,False,51.0
938c2c27526df1d1,none,False,48.0
990f918d4a16515d,none,False,15.0
99516e7165129d63,none,False,18.0
4ad9165cec00834b,none,False,46.0
c7464ee8d0d0428c,none,False,47.0
73c4aaf9b991e923,none,False,30.0
43a659c679c23bb0,none,True,
33abcf384d477dcf,none,False,39.0
b5ce97711dd8557a,none,False,54.0
82cda38e4ac87fa0,none,True,
a7330d3885e31960,none,False,56.0
3d3d7d0f5d46a187,none,False,23.0
cf1861c99fe7268c,none,False,33.0
7d571e58ad662d15,none,True,
5e12fad8ae7c6eda,none,True,
5196fa588df7b5dd,none,False,20.0
b8618384937181b3,none,False,21.0
82edd4b6060e8a81,none,False,10.0
11025ce492ea3d1d,none,True,
0a0b51429ec7afda,none,False,55.0
733da08ab30edf0d,none,False,10.0
79bc35ccc2169c5e,none,False,46.0
e0fcff83dcf12350,none,False,30.0
35da04135d07bf26,none,False,54.0
d091ae614b4ab6ae,none,True,
a13b252aa7472d09,none,False,52.0
1b13af903a218a84,none,False,25.0
d867cfdabce57cba,none,False,56.0
65739ca838bf2e6f,none,False,47.0
93c9ff4cb80aa71c,none,True,
a21f25d83fed9ba6,none,False,28.0
38a5ed69fce45336,none,False,55.0
432827c19d2c048d,none,False,20.0
c61d1d458d9891d6,none,False,43.0
39291978dafff493,none,False,25.0
fd04fd67fe7f745d,none,False,37.0
077abb0c096977c3,none,False,46.0
d5287309471d8c54,none,False,53.0
0d7221cd166a7b95,none,False,53.0
21d6d51db86ad9d4,none,False,41.0
62cf32198ec96193,none,False,31.0
dcc7873541771724,none,True,
8ba55f389aa27193,none,True,
6e89589243c438f5,none,False,21.0
3da31e9b049a99a9,none,False,39.0
79a9ab290c7b6bcf,none,False,38.0
55f7200430160cbd,none,False,21.0
f507bfd25e370b51,none,True,
93de3921b1b759e5,none,False,11.0
e21a398db9a84a29,none,False,14.0
89ec6b5b55afdcb8,none,False,46.0
9049c1b6ac8698bc,none,False,52.0
fd354fdf33caa42d,none,False,43.0
bad13a28e912f7cb,none,False,13.0
f347998a1cb5935b,none,False,52.0
b24ab799cb871a58,none,True,
67e66ca45ba76f05,none,False,30.0
5baf35cf2a01107c,none,False,52.0
97256a1782a82976,none,False,54.0
4e3167345af4096a,none,False,19.0
faae1d85aa485bae,none,True,
dacbdfdc698192e8,none,False,18.0
b1f0928af8e49f00,none,False,10.0
19ce5e65b0f3af9e,none,False,51.0
9f46bb333e65569b,none,True,
4d40b4c90175ee8f,none,False,41.0
09de901a56b761eb,none,False,58.0
8fa04bc1268299a3,none,False,36.0
53deaf34e98aee3c,none,False,10.0
d4c888e76fc10317,none,False,20.0
fa915489e98edd3e,none,False,56.0
b81a11efdadba5ce,none,True,
8f2d613858735ab7,none,False,56.0
ab8d12eba975d3f3,none,False,37.0
b77c556c59d0cca5,none,False,58.0
1fd1c4c3654aba53,none,False,53.0
cc1d56ff3434242c,none,False,54.0
4d5748baee744f81,none,False,21.0
62f40daa2cfb3526,none,False,57.0
73181850169923bd,none,False,56.0
c4fe69e26ae2c8ac,none,False,13.0
ee9b1607f7503511,none,False,24.0
e7dc5a64d6b6b4ac,none,False,24.0
1e038d47f2c3fd88,none,True,
fcafe6fe95a37373,none,True,
6711a231bf79245b,none,False,37.0
6dc5c7768f4edf9c,none,False,34.0
52001abaa19527ac,none,False,47.0
4318f25ec501cbdf,none,False,57.0
810ce634df3fd6cf,none,False,36.0
545c7cde645c1824,none,False,46.0
8c425d2fa1bf5bfe,none,False,58.0
0348c685f84af7fd,none,False,22.0
1dd28322d3d5ff19,none,False,38.0
aac49a016c6a865a,none,False,44.0
a80f0f31432a6e35,none,False,29.0
ac4350f260e3adf3,none,False,31.0
4a7e085e75e4dda1,none,True,
8b863200e7989b00,none,True,
de9d2b5c1433fe19,none,False,15.0
f352ce440eef29b4,none,False,22.0
68383b6e16e3233c,none,False,11.0
e8eb75f04f42b13c,none,False,48.0
413844ad62330f9c,none,False,47.0
4c885aabf9258ef3,none,False,31.0
59f157ecaa8aefdf,none,False,59.0
e8cdfd1241aae017,none,False,28.0
83a62b2fe9a9feff,none,False,44.0
34e26651526edc7a,none,False,10.0
e47ff60b08ce9aae,none,False,33.0
acd0c53ec68ff15d,none,False,33.0
c709ab6800960591,none,False,56.0
f53a20cbb2f64701,none,False,16.0
3de12150fd88f034,none,False,41.0
7382d2bc6b19810a,none,True,
ab721eeea2f8242f,none,False,25.0
5e01cb028516016a,none,False,42.0
a2e96c20c9f0803f,none,False,48.0
aa9ba869d78e3170,none,False,23.0
35cf95fe714a3147,none,False,20.0
c590091479c52f51,none,False,11.0
81b42de03e9ccca6,none,False,58.0
c9f9866f0fafa99a,none,False,21.0
24d01dd72db3f12e,none,False,10.0
dae7678912441df6,none,False,24.0
5b136898fd39c1a2,none,False,36.0
3864c9c8acbb3911,none,True,
4138a48db0182e86,none,True,
76374b4c8df88b7d,none,False,53.0
4cbe02e4124cc400,none,False,33.0
b65e2b4fb13c5663,none,False,32.0
d8ef0242745ffaf1,none,True,
01d195c629726d62,none,False,26.0
ee594c6b5c59faf3,none,False,48.0
31fc455f002be6e6,none,False,39.0
7059ea186ed59bbd,none,False,26.0
9e0fd25b9ad7dcd8,none,True,
498d8d0a19625fa0,none,False,27.0
e3ed4edf74249d48,none,False,52.0
c323dd37eda34adc,none,False,51.0
927dadf843d6ef26,none,True,
672416001b157038,none,False,29.0
a035b969391d2ee0,none,False,21.0
949609fa3cbe763f,none,False,15.0
05231856758bb16f,none,False,48.0
64d9b613fd313f78,none,False,14.0
71e68bc120012bae,none,False,21.0
820ce373aaa413fa,none,True,
f1c057a8d6f9ebac,none,False,18.0
657586b47577c17f,none,False,31.0
aabf14d8f1bfecdd,none,False,49.0
1bb0975b00c4cd4a,none,False,47.0
bc1db1d9dc46432a,none,False,26.0
b3c9629086c28f10,none,False,20.0
d8923267a09c3e20,none,False,58.0
025f21074ebecc2f,none,False,51.0
f1cd4247e8f35281,none,False,23.0
5bca8df8b38b7802,none,False,55.0
c0605c7fb1ea09b9,none,False,21.0
ca5afb806a5ac4a9,none,True,
34f339fcc1981c88,none,False,41.0
fa24f8e9496312f1,none,True,
8cf93cbaba1bd688,none,False,55.0
704432ebb21fa79a,none,False,56.0
750f920eea21c4b8,none,False,40.0
3f107471c0ee6dbe,none,False,49.0
6bdb2d43c9758a62,none,False,32.0
55f7ad6bda10a18b,none,False,29.0
2227da9af34baf6b,none,False,50.0
5d932f3a3e00bb99,none,False,14.0
3ff48ee4836f20b1,none,False,14.0
b4b13d78271d6f1c,none,True,
b4846065e0e0d4f2,none,False,18.0
b8166b60fda3777b,none,False,57.0
e636cc2af5847a2d,none,False,58.0
b77591170f34e946,none,False,36.0
361cddfd4d0e66f8,none,False,38.0
3ec3848ee7d1a890,none,False,55.0
391f0156b6df88e2,none,False,17.0
3200a9b2cff3322e,none,False,24.0
273d070849fb24bf,none,False,28.0
76a8af676e70071a,none,False,39.0
62ab9ca21defefdb,none,False,17.0
b9ebfaf63ffa279e,none,False,19.0
30871d9436313861,none,True,
9caf05b85485604c,none,False,52.0
493a884ac0186843,none,False,59.0
3753780d32ca05d3,none,False,10.0
64eceb01da4a399b,none,False,18.0
0aadef5960a40ffa,none,False,51.0
4b5d9c88cd3047cc,none,False,48.0
54bf8947efc7dc74,none,False,26.0
a7e96459ce4e5e39,none,False,39.0
072c7c398bf5e9c5,none,False,29.0
baf63617e01fb544,none,False,38.0
3acaf9a2254f28b3,none,False,38.0
eb1212a91f2c9cac,none,False,13.0
6a17946601d0a466,none,False,57.0
cff6d163ebc50b88,none,True,
03c2ec38ecc170f9,none,False,52.0
9e832716d5d382fe,none,False,14.0
647ac03828885570,none,False,17.0
4c94f59fefd090bd,none,True,
a405ae21304f9fc2,none,True,
5b385b749a196732,none,False,57.0
113dbe438afd3cbd,none,False,12.0
541235160d2260dd,none,False,58.0
4b6e19d33fdb8cb1,none,False,40.0
511b42001c2b48ef,none,False,36.0
4e834f3403785364,none,False,45.0
17e36076fe601808,none,False,15.0
8d527213d4057622,none,False,50.0
498dfc8f09e0ef1e,none,False,58.0
d0872755cb5531e2,none,False,23.0
3e69dad6af2ea323,none,True,
9a04d548cb972d36,none,False,21.0
209fabea21c64691,none,False,21.0
c01f34d5f579e090,none,False,51.0
f804643a8da42540,none,True,
1c2eea90022e84e6,none,False,24.0
5c4ed994ed02818c,none,False,35.0
5881c08fb59f1726,none,False,47.0
1e1fb42c7a8fe13c,none,False,28.0
23053ed319fbec3c,none,False,37.0
6187d4661c14be37,none,False,59.0
9919ba5aa6ffc32a,none,False,51.0
a54f21123041f546,none,True,
797cb199955b8a7b,none,True,
f856fdb91897775e,none,False,58.0
dc58de4b826b8ce3,none,False,42.0
40df270318090f60,none,True,
a39d62033cedb73a,none,False,57.0
568c929061d626ab,none,False,37.0
aef708758b1bbddc,none,False,27.0
fc8c1f8624fda249,none,False,11.0
b92cf7435523babe,none,False,21.0
07d63be8aab5ba6f,none,False,34.0
54b710fefce2d397,none,False,42.0
e73c624a6369203d,none,False,48.0
9b04258bb27dec5a,none,False,48.0
20f07acab8c1bb65,none,True,
9a0464d58f0a1f5d,none,False,53.0
61989e9b6f8e9e92,none,False,23.0
409a963a8ca4ccfc,none,True,
1f38de5805312279,none,False,31.0
9b7ea79e86092a57,none,True,
9303f021f244fc78,none,False,15.0
bec0d178a375a736,none,False,17.0
d7c4266c3b889a5b,none,True,
b6c5db331c713342,none,False,26.0
ef64c2bd63a6e80c,none,False,38.0
f502ccc4774840b6,none,False,25.0
66633b5524415cc3,none,False,21.0
7386c3eeba805945,none,False,39.0
c44680bfc30b2591,none,False,44.0
75781aed6b4f1d2e,none,False,11.0
141ac690dc04d2ec,none,True,
80ec4ee5147e0b2e,none,False,40.0
ad8cc0ba3d6f5120,none,False,28.0
7773ca7c40afd240,none,False,42.0
11870b59760d1247,none,True,
5d7598bbf9bdd0be,none,False,33.0
4876fcfb6bf8d736,none,False,45.0
c229c8422eb723a0,none,False,40.0
2e67e9e794de795b,none,False,19.0
21ea345c66712a28,none,False,31.0
4931902b7683eb27,none,False,39.0
60d977e57d926bf7,none,False,32.0
ca6d2f16669bc95a,none,False,24.0
a968c21459941045,none,False,23.0
56788ce93c910e13,none,False,46.0
10271d25a6206c3e,none,True,
3f83e7deb308591e,none,False,10.0
6272bef7982015c2,none,False,44.0
0e806ce377e38798,none,True,
db5098501033b98c,none,False,31.0
c2865d0995227996,none,False,42.0
da9d43a758d633d4,none,False,58.0
ee8654246c3c417a,none,False,35.0
d498a456229a0bde,none,False,48.0
3eb38432d9693491,none,False,49.0
8ca4307c44d27d9e,none,True,
52011cd3b0426358,none,False,38.0
3fb389b6450ec345,none,False,55.0
dbd46ed6ebfc816b,none,True,
d82c2f1b61a70a47,none,True,
d49992d3a2f81bcf,none,False,18.0
93227d99c9ba3f0c,none,False,18.0
8697c5d144986f6b,none,False,10.0
b4478fd0466c2572,none,False,46.0
b00be999841d7b8a,none,True,
3b0f000319f511d6,none,False,54.0
5f8cd785e59d0fb9,none,False,45.0
0118d83d66bd8cb4,none,False,11.0
84d01bc57a5d8b34,none,False,43.0
4b67c74e2dd71c43,none,True,
903fcbee14b9564d,none,True,
dc7661c14b84f722,none,False,54.0
62be7178a29ee9ed,none,True,
aeb4c81d7e82fe7c,none,True,
07bee6e1a633c6ce,none,True,
e1abddc937c8237c,none,False,24.0
3ecf9b774e2ef5ef,none,False,17.0
97ffa629cc41c07d,none,False,23.0
37288b99534c757c,none,False,37.0
e04e860ba15da5d3,none,False,43.0
5e74a481ce6fb8fe,none,False,43.0
91f7dabdf3ab1780,none,False,20.0
1dcb49775784e02c,none,False,32.0
3a0b22c5b84be00c,none,False,33.0
a9b158a8b6805ade,none,True,
0ccc47487069d516,none,False,53.0
21750cbf682ba218,none,True,
6899d402bea880dc,none,True,
ce12071fc9f01722,none,False,23.0
467e277c51be8685,none,False,23.0
7efff5657116d859,none,False,35.0
3d10c58c34626ce0,none,False,42.0
e4fa1a852c4b47ec,none,False,58.0
46293cd78062b327,none,False,40.0
b1623ac17c2f3a6a,none,True,
4c68f436b3cdcce3,none,True,
4e24134e880628f9,none,False,52.0
4fed1220d4bb6e51,none,False,41.0
daa30ae396811b04,none,False,28.0
aba2367c4b82e7e9,none,False,46.0
c1d37ac98b9c1900,none,True,
8f306412f7d1eb71,none,False,13.0
1d6675510cb5dd7f,none,False,52.0
4fd8e260e59d8d1d,none,False,53.0
fb70e705de1113ee,none,False,46.0
ae9fa67b9959c49c,none,False,28.0
8c7b459bcd896756,none,False,11.0
54e8d3f1d8b817ad,none,False,31.0
7aafc66f9158719c,none,True,
17dac482a5750aeb,none,False,29.0
6c6f3d498c0d0af5,none,False,26.0
e981b2067f9b9c96,none,True,
faf89e0f05e18e90,none,False,18.0
18298cbf10940ca5,none,False,56.0
82082726542ff3b8,none,False,36.0
10159510d6ce7361,none,True,
8033541df6176848,none,False,27.0
b04a81dde721f919,none,True,
f4747804916a4d0d,none,False,25.0
3be6a2901ddd3616,none,False,33.0
4a47bb666b7285ca,none,False,38.0
47818d7f7f06538a,none,False,38.0
2f314b583a59952a,none,False,57.0
507c85a55ca63779,none,False,49.0
8d82a612642528da,none,False,26.0
3dc3bf3e6ebbf480,none,False,45.0
c4c2352375dd2342,none,False,36.0
b94ab3cf83dcb09e,none,True,
8a593c7ae3e3c226,none,True,
8e0703e0e2529990,none,False,41.0
1ace143f117b8804,none,False,45.0
8ed8707fee510c3b,none,False,35.0
f6589e97e6c311db,none,False,38.0
0cf7bf1873f9e9c1,none,False,12.0
36522b1e09c5c887,none,False,32.0
ca9f9e49b3dcc934,none,False,11.0
7e3ad5b41b9b5eb9,none,False,37.0
12887b3de15bc053,none,True,
c7588100d3ba82cd,none,False,55.0
8ea6b5c1a615fe4a,none,False,14.0
d4e832db18371372,none,True,
811437866d3a5fef,none,True,
8afdc8a432d99402,none,False,46.0
eff043c72236352b,none,False,46.0
2d17666df5ef7db9,none,True,
394f7962c9e02a10,none,False,35.0
9b58d3da61975105,none,False,13.0
2a92b36a19efff0e,none,False,52.0
942091da6e4151f6,none,False,25.0
b3c0605f28e30f27,none,False,36.0
7aa5f6b012d3c015,none,False,45.0
4eaec4c32e960e31,none,False,40.0
5d7f3bb7ebd1b3be,none,False,32.0
358c4814fed1ca4d,none,False,50.0
ed5ba4a66b2c7e23,none,True,
5ef2566f7a49c99b,none,False,11.0
5b585fa1efaf6d9b,none,False,28.0
67a230292f5e6e48,none,False,52.0
4a1326245cb7f99c,none,False,43.0
640671e14a1d1176,none,False,27.0
31b9cc7697b07fd7,none,False,12.0
1c74eced152d539c,none,False,24.0
6ab6cde4d7e845a3,none,False,34.0
8af63b1cb82a8b9d,none,False,14.0
8e77c146741bdfc3,none,False,59.0
8016ca460f264b1b,none,False,32.0
5bc46a6cd46074e5,none,False,37.0
2e53b9216f891dfe,none,False,19.0
53afc82707475916,none,False,28.0
ff32d28ce3d42d1c,none,False,38.0
32f839a1faf0c428,none,False,49.0
371927d71bfbe890,none,False,19.0
83ec9e1ce9fe7df9,none,False,15.0
a2286ccd45efa8bf,none,True,
62bb5c3f12bfd5b6,none,True,
ea724556b017d7bc,none,False,57.0
e3a5d952cfb4a716,none,False,19.0
22dae977760a6123,none,False,43.0
fc1d50bad1a4c55a,none,False,38.0
35732223571f1425,none,False,13.0
9df107b8b6136089,none,False,44.0
9ca9712ed46a8180,none,True,
5aff80a38c71a131,none,False,49.0
e4b70a6ab9c88aa1,none,False,42.0
9b651faf08fc0e93,none,False,54.0
5ba250568fda831d,none,False,58.0
57270709564108fd,none,False,38.0
b048a5dc8dcaef47,none,True,
fa5a4413b74780e4,none,False,49.0
0e19f51cafb122e1,none,False,53.0
d97aaf2805b95d45,none,False,10.0
17b1a4ce9a5ad90a,none,False,12.0
726c7e6b301d8f33,none,True,
813413a6271027f9,none,True,
a98723d27d6b9c16,none,False,48.0
ae105c1ce632e75d,none,False,28.0
72673c2f09bfada9,none,False,26.0
d5906a375dfc2347,none,False,46.0
2cd75ad3529a0c04,none,False,28.0
32757d432c4dd795,none,True,
c0768a86afbec8ca,none,False,50.0
c5eab4bcf4150b5c,none,False,50.0
4ff7e42419921af0,none,True,
1325aa6cdc207fd8,none,False,24.0
16c0e738424f16e1,none,False,18.0
8d25d142e059ef0c,none,False,54.0
ea39f35387ab2cb1,none,False,37.0
00c2388dc286077e,none,True,
2d0228de93eee689,none,True,
9c78b174512570ef,none,False,23.0
26bfdc0fbe1f8a35,none,False,30.0
d26f005ef11502d3,none,True,
52aa3144280958f6,none,False,58.0
87f0cc48a947cb67,none,False,25.0
7ad9c57b5e8677e2,none,False,23.0
48cece13a38da223,none,False,17.0
eea74a5f0f78ac39,none,False,42.0
48cb524b5838a738,none,False,55.0
26df7682a8380e77,none,True,
360affb6a98f30c8,none,False,38.0
7e8b25a1ee2b99c5,none,True,
c6e4af21391604b1,none,False,40.0
ce1db3d7fdd9b7bb,none,False,51.0
d1363b6a3690d1d1,none,False,35.0
47548c0dac4e91c3,none,False,43.0
7f6429522640fae8,none,False,36.0
f1c6125c3cd3e91b,none,False,19.0
749adc5ee82950b7,none,False,30.0
bba6c7617cc32b0b,none,False,29.0
a0148fd283b7397b,none,False,57.0
23097de306f8af64,none,True,
18e624919f4e5d1a,none,False,50.0
bfd867e5170b4389,none,False,47.0
c5d35174f7222353,none,False,57.0
e2450d21eb2dc11b,none,False,12.0
dbd845f241e7e790,none,False,14.0
6d5601da7d2e9bf9,none,False,28.0
e2bbb49e207795b1,none,False,57.0
356fa75aabaf8dd4,none,True,
eb28298eb14c61d4,none,False,48.0
720158f2dc24caed,none,False,25.0
97405a7277198287,none,False,17.0
f5c86db96a1df613,none,False,52.0
216fe971924cbb89,none,False,22.0
7997aa326c197d0e,none,False,49.0
fbe40d093a3644fe,none,False,29.0
4e7d9cf33a48a0f8,none,False,44.0
372611dffe5dc918,none,False,21.0
55dd1103900b89a6,none,False,12.0
df6c120f43e1a4a7,none,False,40.0
6c8487ac6b237e30,none,False,45.0
117ba72e9d076c52,none,False,51.0
a84ac52a65683df2,none,False,31.0
7dd3cf54548f567b,none,False,44.0
2536abf1bddfb27e,none,False,11.0
9399bd0e91dcc3b8,none,False,35.0
c7012fbf73172ded,none,False,40.0
5f1c9f2060d10cfc,none,False,27.0
f1e7f478b973d665,none,False,14.0
df6e2aaf05e61f41,none,True,
7060f59fb434f850,none,True,
3d27a20bcdedf41b,none,True,
70e30adc53e199d2,none,True,
20c6649c8db8751d,none,False,41.0
c716884f0795b144,none,False,26.0
e88eb3ddcc3df6b5,none,False,56.0
a65a6f06af368541,none,True,
57f81c9f4b26e75c,none,False,41.0
1ed5a64a5cf82f72,none,False,37.0
46b5d36aa255b9e4,none,False,39.0
4c5c1c9ce40c2161,none,True,
cea44a091eb18d7e,none,False,19.0
ce7a07981d4a2c14,none,False,15.0
ccbef206df4f0501,none,False,37.0
09173ecf76689484,none,False,54.0
16188803df10d717,none,False,47.0
31d8c667377ea103,none,False,26.0
41758d8960604381,none,True,
c8876bc0367bb506,none,False,13.0
b053f076ae021730,none,False,52.0
7db5513e17dd4ea6,none,True,
9cd1c6d41440fabe,none,False,30.0
8e1929962ca5f942,none,False,33.0
b6c808e73111a10b,none,False,34.0
5c5ce7083e963e36,none,False,42.0
7b140a762428d39e,none,False,47.0
8c9b88471cd7c4ba,none,False,52.0
26be0b0a3f1be491,none,False,11.0
928846c545c94a96,none,False,49.0
cc6245364e75eaf4,none,False,26.0
106baa1e19b7007f,none,False,35.0
31c45681b1ed9a94,none,True,
ac631d884ffb65e1,none,True,
1faa3e0c9dbec165,none,False,32.0
6f51a796a3c9e5e2,none,False,19.0
508e3056919c7efd,none,False,45.0
036954d729dc63cb,none,False,10.0
306ba32ee88423b4,none,False,53.0
bc27d5bdd0bada82,none,False,29.0
a9e3ef6a746d9e8e,none,False,58.0
de1f3bb5a22e5e19,none,False,31.0
3abedb95f12c9215,none,False,59.0
b6ee7e5d95414334,none,False,40.0
85e4328dd0fac339,none,True,
bfd8a0e406bd98dd,none,False,29.0
f43a76a1bd07bd4d,none,False,39.0
1958c9b9280ba502,none,True,
fb2f65af363904ef,none,True,
31bd1fb979b18134,none,False,25.0
e16e8042531a35d4,none,False,25.0
cb5cf3d263f41f98,none,False,15.0
744ff0412828ca94,none,False,59.0
9a9affa65c35a57d,none,False,32.0
ec3a3790c2f8fb23,none,False,59.0
7920a874b68c6a9f,none,False,44.0
c2b078b4517ae3cf,none,False,16.0
a5cc5df8a94b6023,none,False,26.0
2df3a695f2c1a8df,none,False,14.0
28f5fd6bc6514dcb,none,False,49.0
4cbecd12267219da,none,False,17.0
01f3704eb1359ee8,none,True,
6f4973698f67438d,none,False,49.0
1ffae425bb6d1dcd,none,True,
ffb111efd5013702,none,True,
ab152cad6e1e9be6,none,False,56.0
47b3074396fe0827,none,False,33.0
846d42c055f8ce4b,none,False,24.0
55080a974851d579,none,False,16.0
e9df93f7ce58ef01,none,False,48.0
e1dad9a7a9379183,none,False,20.0
c04f7a690082605e,none,False,30.0
d65a9971ae9ded46,none,True,
01bab024b1c337f4,none,False,14.0
c94993c396deca54,none,True,
68ede6d6fe35d2c1,none,False,35.0
adbdcf0062eadbac,none,False,40.0
bfe94f5b8cc8b71a,none,False,20.0
239a79359b02be3a,none,False,45.0
e7f9af87af0d1e57,none,False,55.0
58a953eb466a226c,none,False,56.0
244566ebfc19d742,none,True,
5bbd1284c014c6f8,none,False,12.0
7b24e30084246685,none,False,12.0
14b195039c2b823c,none,False,14.0
ea5295fe2e7ea5fc,none,False,29.0
df0a07293dd408cf,none,False,23.0
b50b9f662734bfda,none,False,18.0
bed3c977be2aabac,none,False,35.0
8c56c4a39ca65278,none,False,18.0
d5edf92d40234b5a,none,False,59.0
1f547bcd81215639,none,False,29.0
8e956672911f57db,none,False,31.0
b7a7f3d9d82e1672,none,True,
9a6560a4d0eff427,none,True,
b8a887838c26dbb5,none,True,
7c7c73f3ec794c21,none,False,52.0
4f69fadfe3c94b95,none,True,
3694dddce6a591e4,none,False,36.0
a12e6d90a7a4f87e,none,True,
fba13d9597b60762,none,False,30.0
4fbefbbe3d71f4e9,none,False,31.0
b8d04dc0b1c94382,none,False,59.0
839fd98a2a4a0327,none,False,56.0
26d3cc141b6ed5db,none,False,29.0
ca675a8a472cb331,none,False,48.0
ed529878e2e12859,none,False,35.0
909001b4e80657ac,none,True,
86a6b51537e00123,none,False,20.0
5a244e0017df8bf3,none,True,
d626aabb9d111126,none,True,
a327aaad402f7135,none,False,42.0
50cfb4276b36539e,none,False,24.0
14145aff9b3e3a7c,none,False,53.0
e76dd089af4946a8,none,False,30.0
8be030231bafa58f,none,False,11.0
763d06d07f0893ed,none,False,56.0
e720d97c8a823c5c,none,False,33.0
c81120c378d8b037,none,True,
349c70c7aa440e9a,none,True,
016483710bef6c7f,none,False,51.0
ffa179ed355611a1,none,True,
f0543c36d8af8aa1,none,True,
9b70277de0ab58f4,none,False,25.0
9e570358362605d7,none,False,12.0
3d3a7735cf4bd793,none,True,
ac708af019700342,none,True,
6c78c51676fb1c39,none,False,47.0
2435cc876a526e3e,none,False,18.0
504daa50ef033f89,none,False,33.0
b19b7bd2f9d53846,none,False,51.0
09cc115c4cc74768,none,False,58.0
3e9355243c629d26,none,False,45.0
5cda2bb036e6e202,none,False,31.0
0e71d9089d0d012c,none,False,55.0
66a71b6e21ba3337,none,False,57.0
590fddfc7cd61c66,none,False,45.0
e1dcbfe5c80eb1f7,none,False,16.0
2b0601883b389f37,none,False,29.0
8e6a223145d20fe4,none,False,34.0
7731ff39970408eb,none,False,38.0
642e32188fe584be,none,False,44.0
6da38aec0f92c081,none,False,31.0
35439fd05c6aa8de,none,False,11.0
73fc182c5fd97770,none,True,
5266b5139911b9a3,none,True,
207c4678dcc9e8d0,none,False,57.0
7e21e372f24b8642,none,False,18.0
66e7b4e1fda78647,none,False,28.0
bc2a1c673df6fddf,none,False,33.0
ff9d28c55d187dea,none,False,13.0
ff8a3038a4b55f3b,none,False,51.0
b7ccbf6c5c9960ac,none,True,
9c7eb58ef9ddd08e,none,True,
60bc3603463f8d52,none,True,
b67f0d3669387d36,none,False,43.0
85a8f03a0b8bef13,none,False,18.0
c50aab1b144369c4,none,False,29.0
3d60a0062e88986e,none,False,56.0
4af6e65bbe9b60a2,none,False,25.0
7dbc2f1b9b09aa07,none,False,40.0
45ff528c90978ccc,none,False,39.0
449c7974886b0f52,none,False,19.0
a5d475815416601c,none,False,55.0
dbb60120998b8881,none,True,
d026588eb537bebf,none,False,31.0
66af309c5191d09c,none,False,47.0
883a18a6ea9d9554,none,True,
c88752d98249382c,none,False,11.0
c0c82baeba346719,none,False,14.0
86b34288754a4780,none,True,
e4ccc5ccb676a468,none,True,
8bcf4b2970bbe254,none,False,19.0
b675142e85b2c7de,none,False,33.0
d2319e3c64850540,none,False,23.0
e1c96160830360aa,none,False,56.0
5df9569f1c5d4b36,none,False,18.0
6d6c705d9ba7bfa1,none,True,
faa8f2219164359c,none,False,30.0
614acf97d64cfffd,none,False,31.0
5fba6a4dc53a3440,none,False,15.0
4b4f77087c72a296,none,False,23.0
3b3d060c8582bc9e,none,True,
9523335db8966fca,none,False,12.0
95e798befeb8cd1b,none,False,28.0
915e85d587238922,none,False,54.0
d9be8cff55a50b33,none,False,31.0
d497ced00e6e8390,none,False,23.0
aa7ce58ed1c86fa7,none,True,
d3c05977fe937302,none,False,16.0
6e9b9bd4945412c8,none,False,28.0
35e72d487016e694,none,False,11.0
597fac68ec2331f7,none,False,24.0
5e404403b70efabf,none,False,22.0
5ca58ee454087836,none,True,
73381351a43f096c,none,False,27.0
0f4d1f852f9b73a4,none,False,15.0
b30bcd9ee31d3673,none,True,
e85e8d6e9c6dd9ce,none,False,58.0
ebe5e0ed00c24791,none,False,58.0
f59206fb9b6e8646,none,False,37.0
976fccf4f59b51af,none,True,
ec7561cfc40fbc93,none,True,
5053ebad43bb4562,none,True,
1e3289429d5e3d64,none,False,19.0
074acf87e8b6caa0,none,False,29.0
00a79c4ed362cdf5,none,False,55.0
0c8c9d607119a178,none,False,58.0
37c33dcac6978429,none,False,11.0
db07ea5e91c4a6ce,none,False,28.0
720455fda7032dff,none,False,26.0
bb51b71d040f6f43,none,False,51.0
1f81d7459c9105cd,none,False,34.0
6cc789a5154a97d8,none,False,33.0
e6fc0a29d254b73e,none,False,20.0
274f2db6027c482a,none,False,48.0
85feb09ba1b5d385,none,False,44.0
b4e52637e09bf31c,none,False,31.0
c8bfe3c9f1d36c14,none,False,13.0
98f501ed83d312fb,none,False,57.0
39c9ac0e707aa067,none,False,52.0
f1cbaef30c0dd021,none,False,33.0
db5d99804f7b2f34,none,False,49.0
eb67ffa0ab98ca29,none,False,15.0
ef2a6956b04c3366,none,False,43.0
39d6f170daf06f93,none,False,12.0
4a437e6aaee59e31,none,False,27.0
2b5346ff37768e5d,none,False,11.0
4362f570697dae95,none,True,
52cfc0cdf613ad07,none,False,47.0
ee56fe75f8ffb833,none,True,
a02f30c7b0f0b118,none,False,51.0
e83f0600ed667e0a,none,False,15.0
cd2976aa9a6e97db,none,False,56.0
10faf4ea0b91651e,none,False,36.0
412736107826d34a,none,False,11.0
cfc3f5056464767b,none,False,26.0
4e991958b86e883f,none,False,36.0
d92e7325c2551a21,none,False,22.0
82645dda37e0ffb3,none,False,58.0
7502274fa174db0a,none,False,38.0
c5f32ba3f3b66f07,none,False,40.0
74a9bbdb15cce454,none,True,
0120853e842b81dd,none,False,23.0
823673182fb7fe29,none,True,
a46bc7db0f52d2a4,none,False,12.0
8966a8d2ddb5fbca,none,False,56.0
91c00e183ef53381,none,True,
46f61bb072e5493c,none,False,31.0
a2da3c0b218c7d8e,none,False,15.0
83e53d456fde6af9,none,False,23.0
fb3597b474534f4d,none,False,29.0
b3a519a267bb7a12,none,False,23.0
f7337b19969cc09d,none,False,33.0
e91487c76de2640e,none,False,49.0
372722a229879cef,none,False,16.0
ce72f9161d74cb30,none,False,57.0
4f088f60dbe5a4b2,none,False,36.0
ee35ecd6544968c3,none,False,33.0
4f9ac6b59d53bce0,none,False,52.0
a8a13d2f8c06bd64,none,True,
5869d83c6a75bf02,none,False,17.0
1acfa8200546d649,none,False,19.0
bde664b39553a869,none,False,19.0
a91405e444d43c49,none,False,43.0
1d5a4068dcab1e25,none,False,48.0
446f742d64206b01,none,False,53.0
0808df50931b5c84,none,False,16.0
ac3452da6e62c335,none,False,56.0
44378a150431f4a4,none,False,23.0
412f9e9b40891a3b,none,False,51.0
f85c98dfa4453980,none,False,11.0
55fda570fe3109c1,none,False,30.0
d056c412bf5f59a3,none,True,
e3b34a30f1ba9e1a,none,False,16.0
d61335e4bdd8a2a3,none,True,
87e1040513dccb04,none,False,16.0
9c657b69cebbfb72,none,True,
1c38fd228f662bcc,none,False,27.0
dc6994205d206a87,none,True,
b35c5407a82632ea,none,False,28.0
67a2c0dfe7b4cd5b,none,False,44.0
4413200b3cdb0bc1,none,False,37.0
d8d1d69460a13cdb,none,False,26.0
96f8f60e52059a12,none,False,57.0
f4f1ff100549b343,none,False,16.0
543ce823ec005484,none,False,17.0
d02c47c897769b5e,none,False,43.0
8c60bfd33ac54fc9,none,False,49.0
8d3fd4e16986cd36,none,True,
30a175e323b3a8a9,none,False,18.0
7c57f3577ef1bdff,none,False,52.0
b2bdf4217494ff0e,none,False,11.0
34c3a9bc99476db0,none,False,45.0
625fe1488ab35198,none,False,11.0
82377d7504cb7792,none,True,
bc0981ed4b5d645d,none,True,
fc611350625a3103,none,True,
cd925debebbcfb06,none,False,55.0
41bfb286771895bf,none,False,24.0
f5ac66662dedc994,none,False,31.0
bf8838024e8c1a0c,none,False,19.0
89480fd4f8acad19,none,False,14.0
a3a9882a26cf5c64,none,True,
c47b64b59d21ffd1,none,False,50.0
12003dc76d4e7fe3,none,False,22.0
95e02ecf8e6db33d,none,False,22.0
089cccd9d9974ed8,none,False,34.0
03a8f8ef765c9a04,none,False,33.0
de33617e10fea8b1,none,False,57.0
57fca404239ddca3,none,False,31.0
ed18d4e4c560057d,none,False,40.0
0564f46a49316a6e,none,False,38.0
27ee15d243641c78,none,False,37.0
a325915008ce9d8e,none,False,28.0
5a1c536ea261c8f4,none,False,53.0
2daa3348171e7a16,none,False,57.0
82bad7a83b47ffea,none,False,53.0
b9a5b73c4008efac,none,False,10.0
f29e4dd388c1f720,none,False,18.0
80369c17866bb9fc,none,False,28.0
36d1506e067285a7,none,False,54.0
d97bf39a9ec4cfbf,none,False,44.0
ffb389c5a470587d,none,False,58.0
45842d5c785643f9,none,False,19.0
4919373608731316,none,True,
c25ab5f4b790846a,none,False,47.0
61c827d078464fc8,none,False,23.0
6d3e10627453845b,none,False,47.0
c34cca0802a18f82,none,False,21.0
809d7ab94a59f6fe,none,False,53.0
e607a1e1840c8211,none,False,15.0
3261fca23765542a,none,False,42.0
03ad588740f4cb07,none,False,43.0
8c726a9236096ccb,none,False,13.0
639636e106fc2df0,none,False,43.0
5ca8b09d91d2075b,none,False,22.0
21d7393c08975368,none,False,32.0
35d2e634783cf1c1,none,False,38.0
633d2f3281705511,none,False,44.0
477cf06a346a0104,none,False,29.0
675d2447c5c6c777,none,False,18.0
007d5c254df4af2f,none,False,30.0
e5e3928e471306d0,none,False,19.0
3fbb4b63adfd1eb1,none,False,43.0
35c1e8be069e2e27,none,False,17.0
7eccbabf9418cfc7,none,False,44.0
425e999ebd9764c5,none,False,43.0
7b19cfe5d540d150,none,True,
22d4d63bde49976c,none,False,14.0
b750434c20898b62,none,False,12.0
91f06fca963c954e,none,False,16.0
3b039d954590bb51,none,False,26.0
804e178387cb5fc2,none,False,55.0
bc33b4396efe4c12,none,False,41.0
5c141dde52fcc962,none,True,
a7f09a9d1a214838,none,True,
70c6d326f98cad57,none,True,
7270b16f4a8860f5,none,False,13.0
760471934034e136,none,False,31.0
b8a7108c2ab80dd9,none,False,58.0
a2f6b993bbe2b6e2,none,False,49.0
cfbbea28a7cd4c38,none,True,
f8d1ac640d00bfe3,none,False,27.0
056774d33829d191,none,False,25.0
2ee5965340eb5d06,none,True,
c6a3f8de25c1a084,none,False,32.0
5607a621fafe99fe,none,False,38.0
58383a12e36ba2c7,none,False,14.0
dbfac61558fd4799,none,False,57.0
fe01babe2afa4af8,none,False,10.0
3d71dbe50e26e689,none,True,
2407a60aaf847db3,none,True,
6b5a7ef662fe3766,none,False,30.0
1ed31f1912a56873,none,False,15.0
c23d3835a86ad90e,none,True,
63012f4ba90bb775,none,False,48.0
894787d2a40de760,none,False,14.0
59faa39af2896abe,none,False,46.0
fa9e3d2253b7e262,none,True,
12cc5eb0eaabdc21,none,False,26.0
2d5ba198e1977cae,none,True,
0146f16e113ed565,none,True,
ca072ab7fd33f354,none,True,
87d1e2a0a0669b03,none,True,
e4cd26920ef3d7c6,none,True,
0e9e5c560e8d0928,none,False,15.0
bab31020e6280911,none,False,23.0
fe78d52cac7a14a6,none,False,52.0
4389b19d0590e007,none,False,55.0
029fe39f4fdee583,none,False,37.0
8690210f5995d044,none,False,55.0
c158b71e78f2fe20,none,False,47.0
0f8ca7f2e1397598,none,False,40.0
79e38201c5f7e778,none,False,40.0
b0ea3fdab55b70e3,none,False,14.0
f523e7db62e103d7,none,False,20.0
0b98a6113083e3aa,none,False,51.0
332c386cb91f9fd7,none,False,10.0
e6ee6bcea88d3188,none,True,
186f23c4a1db8160,none,False,16.0
2e136b838b5c567c,none,True,
2330cba290e08fec,none,False,32.0
1f0f62b8ea87ee89,none,False,33.0
5dc99d3c6f554bb1,none,False,52.0
cef5a0b802cb53c0,none,False,41.0
ff24f2b657ef535b,none,False,55.0
173985f4af36dc21,none,False,10.0
007bb22195c614b5,none,False,14.0
39f5a92ad742ae31,none,False,14.0
a627856e28f3836e,none,False,22.0
7082cf07ecfc0d5f,none,False,11.0
3b722d0f0239ed7b,none,False,31.0
341106fa015d4ffa,none,False,10.0
27e1de78b73d664c,none,True,
55f30dda8b1a8adf,none,True,
d8b65c83537fdd98,none,False,47.0
5da0379aceeb9c66,none,False,41.0
5d6206c4967c140d,none,False,51.0
44543bcf6bcc8a66,none,False,29.0
67ea263b7f8657a8,none,False,21.0
96a1b305dad4d3a4,none,False,27.0
fd5941093b6bc333,none,False,21.0
31a3efe38aedf4b6,none,True,
a8058b37d57d75ce,none,False,31.0
944999aeba26cb23,none,True,
34b78661f0e81026,none,False,53.0
16f864444f5d7567,none,False,31.0
67c9b38b3ad1f7fb,none,False,16.0
e19e28d74b976747,none,True,
7822ceb2ad4d1c25,none,True,
c50cb132c3d411c4,none,False,39.0
de164412795e6bd3,none,False,18.0
ab2287a176b467cd,none,False,54.0
5fbe7490c74c4c18,none,False,56.0
5dfd5a2727f33702,none,False,18.0
3e41cc9cc1538d9f,none,False,18.0
fc375af14d23e52b,none,True,
fa324f2bd34df539,none,False,51.0
4f1a314e9ca2b1b3,none,False,21.0
d552481a845eae29,none,False,39.0
7d79efabd391ba3c,none,True,
73415b74b10914fb,none,False,15.0
1f98989faf97c083,none,False,54.0
f87371673d0dc6c8,none,False,24.0
e47ccb391692d153,none,False,57.0
3d6cb208648b29f3,none,False,21.0
19fff08518f9fe3b,none,False,26.0
3c23af964741b754,none,False,30.0
18c67aaf0fc939a7,none,False,13.0
df7a44e0398518e3,none,False,24.0
1970eed93225b2b2,none,False,35.0
04b28b14d9509875,none,False,27.0
7640ca96b5601acb,none,False,56.0
e03b23d41f4843bc,none,False,25.0
beb5257dee82e076,none,False,32.0
9a796ba7c1a3834e,none,False,23.0
e7b1f25fbbdf818f,none,False,58.0
a532b857936bb28a,none,False,14.0
506486c55bd89155,none,True,
7eaaae739eb4abee,none,False,17.0
b558f8f3117a9952,none,False,40.0
f594dc9ef2c8f526,none,True,
ee4485fbc8e48cef,none,True,
3389dbd5f38bb3ee,none,False,41.0
ea4b8e472617aa13,none,False,27.0
1e007b7c448a348b,none,False,33.0
083602286334df00,none,False,22.0
6a69de5d93cc851c,none,False,58.0
17cf6133cabcfe51,none,False,42.0
e6e5ae71f0ba01cd,none,False,10.0
bcb37766559707af,none,False,28.0
9bb65caff6c82e92,none,False,51.0
e9e73af35565aea8,none,False,39.0
3b857ef47f4a767b,none,False,21.0
3932c1d3297ee2fa,none,False,53.0
1d23e52e4bd41e47,none,True,
f92bf15643db5d9d,none,True,
41926af33000a95a,none,False,32.0
850fc23623df433b,none,False,21.0
4aec1b96703652b3,none,False,54.0
0f907f70e577eb75,none,False,23.0
80ccf57139d8f168,none,True,
3b23bd50ed0cd57d,none,False,54.0
2d93214e92558e7e,none,False,19.0
232e817690496cd9,none,False,23.0
9aeae7f3b5f9cfcb,none,False,41.0
cb6ef236383e6739,none,False,39.0
9d11b1d55ff4906e,none,False,57.0
6730d5b1266e89b5,none,False,45.0
25f8728b7134a5e4,none,False,51.0
13771168e2a5989e,none,False,27.0
4623f91c3f606ae9,none,False,19.0
76483021a13975a0,none,False,51.0
2eaf1be2545d1df3,none,False,18.0
38df09891e3c5bb3,none,False,30.0
5739a22a3f5bf6ea,none,False,11.0
8575d205476d17bf,none,False,32.0
15e484c7dbcae4c2,none,False,14.0
d57137dc0b3d48c6,none,False,58.0
39e2553535243b9b,none,False,29.0
ab1d681be1a5c66a,none,False,51.0
e7b7243c3d6e0fe6,none,False,25.0
65287ffa981fb6a8,none,False,50.0
68751d02aefcc8bf,none,True,
1e333bb5fee28870,none,False,13.0
9fae737890a3cc14,none,False,20.0
cfa8faaa0425ea10,none,False,57.0
64c51e0e3901b99f,none,True,
fe31bc9ef3b9c1ad,none,False,36.0
0006df34a7ba6532,none,False,45.0
dd5895ae6ce5a3fc,none,False,59.0
a265166c810e0ebd,none,False,22.0
ad7fa1da285b082e,none,False,56.0
39cb8dc0b4202ace,none,False,37.0
bb407bfc3e8847bb,none,False,18.0
ff3d396be4ce1edf,none,False,34.0
c5e98d8e791f7e4b,none,False,54.0
621a77855aaccb32,none,False,42.0
dd5465fdf304d085,none,False,44.0
284be82fd28c27f7,none,True,
4635a4e134a0810d,none,False,47.0
b8d8b3b47dc1d1bc,none,False,40.0
3515459b16d06366,none,False,26.0
084741ef8da8bf32,none,False,27.0
a93f1b3549c83c1e,none,False,21.0
6f64a8608ac5ca12,none,False,37.0
94269df29853e5d1,none,False,40.0
c62ab73dd695b11c,none,False,24.0
d045269789bd20c0,none,True,
eb8c3c9fd44fb526,none,False,52.0
81d2c7723ebead27,none,False,23.0
58e4994e13347502,none,False,45.0
b9bc6f0dbd582ad2,none,True,
e857c1f0813fe1d0,none,False,15.0
c0619557ccefc2f3,none,False,15.0
9eb8e4187e1fdecb,none,False,55.0
3dda6f71ee3e52fd,none,False,32.0
90af7cf10368faf1,none,False,12.0
0bb6c8454a0ad941,none,False,43.0
1f4ff193ad105583,none,False,45.0
b8d5ee3b416a5ac9,none,False,45.0
1aab0aafd30b403c,none,True,
7757ae79994cef56,none,False,52.0
fdf278a79ce29178,none,False,54.0
7eaf93f760997a25,none,False,37.0
00244b651f95afe9,none,True,
41bb1e73be736a53,none,False,34.0
254135aa18e630a9,none,False,25.0
6df7e5a324e8bb1a,none,False,16.0
7e5769442c39bb4d,none,False,31.0
963d8adfb2d048a7,none,False,55.0
66f29b1a8b2ebd89,none,False,31.0
1794f0a92e44b8aa,none,True,
b64eeb5a1e98b47e,none,False,21.0
799b5be3bd3b78e8,none,False,48.0
6e628807eea61a25,none,True,
6843da240a2b243e,none,False,13.0
4532dc4b971903e9,none,False,13.0
f673416823ca08c5,none,True,
510c17d89c6b3407,none,False,28.0
97b7dc1726e0160f,none,False,18.0
ee2e1e686df3e634,none,False,47.0
754c0f8fde8ef267,none,False,43.0
9973e440868f085e,none,False,30.0
cc07b306a95355dc,none,False,19.0
396d4811c0102ece,none,False,55.0
3b42d0aeb2ebd41f,none,False,56.0
771b21132c36de8e,none,False,27.0
ba048628fbbfeee9,none,False,44.0
3f74bcfcfbb583b1,none,False,15.0
00b40d964d3c2fc5,none,False,27.0
11f8288b424bb3df,none,False,16.0
909dd946e5f876c3,none,False,22.0
b8e9b95ce7740343,none,False,57.0
53c582b64ea2324b,none,False,32.0
cf6d18272becd7bd,none,False,22.0
f2f31c54bb4e76f1,none,False,51.0
1bf6dbf2b1bdca55,none,False,43.0
6caf57bc5c01bbea,none,False,54.0
bd987e80ab989ffb,none,False,19.0
db1425623c6dac52,none,False,36.0
9409f734a849401e,none,False,25.0
dbc9106a58d8fca6,none,True,
81051906aa5801e5,none,False,38.0
07a24b5ff54d73f8,none,False,46.0
be81ad2cc8c381f9,none,False,33.0
3f7770669ca8ea78,none,True,
29664b0ce253b0dc,none,True,
5a9326985f8a7136,none,False,15.0
cf94f28df8d8f01c,none,False,46.0
42e273733502cdee,none,False,44.0
12f4c45ecf060dd4,none,True,
658406ba13cc0bbf,none,True,
3777912b547dd6dc,none,False,37.0
b5b7f7dfe2bd4ac6,none,True,
8403575f6e1fae87,none,False,47.0
9d55daeb437be282,none,False,55.0
5195e0497689c0b1,none,False,49.0
286c1e084670c4cb,none,False,22.0
0de8f19afb510c31,none,False,19.0
bf8fb6bcf11bb47b,none,True,
6e335954ce7a93dc,none,False,36.0
4e5df3f6246b28bf,none,False,34.0
882e545ac97a7f9d,none,False,51.0
5e157a46f1bb2f33,none,True,
0746b5206f5be081,none,False,24.0
6806f1ba69a7acdb,none,False,36.0
4d5eee869220ab95,none,False,37.0
c16e7d30659e975c,none,False,49.0
4829c2a487c7ebeb,none,False,26.0
1c9040b2065a1b70,none,False,34.0
fbbb793f851dca83,none,False,55.0
1735d0ad990291a5,none,False,24.0
97a71abbd26924f8,none,False,10.0
cf112ebc0c06f792,none,False,44.0
7fd2776f8a85e1c2,none,True,
ff4f19ed4c98729f,none,False,48.0
9783303772df6b4f,none,False,27.0
54a795a79cd099bf,none,False,43.0
6a3749ae30bc6f1f,none,False,13.0
a32cd2a9590c38ea,none,True,
9b9cdc93605858e0,none,False,56.0
54da93ec334b1b89,none,False,10.0
eea0575733630690,none,False,11.0
2895dff876057afe,none,False,40.0
3c32f4f2f0c1b536,none,False,30.0
1f758df75794b81b,none,False,16.0
84c6506fde27b7a8,none,True,
c0b6572e02fa0f9f,none,False,40.0
d89d24b0a87974fe,none,False,25.0
69b208eb92819ff4,none,True,
ae63b8161ef83941,none,False,44.0
c72eeee5542aa410,none,False,24.0
ac8cbcc21a1f35a6,none,True,
88bb312024cf56dc,none,False,17.0
ea2c94712de4af53,none,False,57.0
0f0a3035bc0df524,none,False,10.0
7856ac6a3f010ee8,none,False,41.0
29342739aa0b35e7,none,False,44.0
ce4563eb27f8de7f,none,False,28.0
82557bdc622eea11,none,False,36.0
3b6d5844b51fd4e7,none,False,48.0
1263ee3754dbfc8f,none,True,
3f150f19b5966874,none,False,38.0
f4fd13412a20b2af,none,False,55.0
6e97674bd363490f,none,False,36.0
81aae2bfd67fd44f,none,False,44.0
130ef0b7d607e75d,none,False,59.0
6c7005b1da47c12b,none,False,44.0
6a741b66f01f19f9,none,False,49.0
47704fa36e947836,none,False,35.0
bac4de91c440bcd5,none,False,51.0
bc17663b653c3097,none,True,
c81fb3003abdb25a,none,False,13.0
d152d8d13850e541,none,True,
1a64381d966de06e,none,False,51.0
2cb47541435e60de,none,False,11.0
c00ee1acc22a1df4,none,False,23.0
af13adb94d2d2b1a,none,False,15.0
a616e2fa595e85b1,none,True,
0682312c4fe1eebb,none,False,47.0
332af83bf957f68d,none,False,10.0
38f0cd147737461d,none,False,52.0
a7a49c1e5b9ff364,none,True,
38933929ebcbd9bf,none,False,47.0
d07c6987e333b98d,none,False,54.0
c47b9571092112c3,none,False,37.0
3125e755dec51209,none,False,59.0
d05478df815163be,none,False,25.0
2a0c090d56394d49,none,False,18.0
bff6cdbcf4a653d6,none,False,40.0
1856883c734d86a6,none,False,41.0
28ff4e137f28a8f8,none,False,34.0
266ee101a906abf1,none,False,43.0
a7eb733d4fec61f6,none,False,52.0
e20ea1792d6d23ec,none,False,44.0
10f614e355d8b603,none,False,40.0
35cbb9fbe92d6dcf,none,False,11.0
059bfa14fa290108,none,False,35.0
21e1d32572f909a2,none,False,44.0
956763b3610ad6d2,none,False,14.0
dcd2285bab2066e5,none,False,23.0
8333b50c6223513b,none,False,17.0
c965c8658d316fa0,none,False,16.0
d612301033672a40,none,False,50.0
05eb1a720ca051a7,none,False,16.0
d736e073b208088a,none,False,32.0
9a0190ebfa4fb610,none,False,13.0
dda620aec0a01508,none,True,
74ed1db07b81344d,none,False,47.0
ce5a8c7be8164acd,none,False,25.0
56c26d75d45e8008,none,False,33.0
33bf5c87c4d1ecf6,none,False,38.0
ad57ab05eb081f3a,none,False,55.0
1aa34e380bf56035,none,False,12.0
5e1e6a9ace5388c8,none,False,19.0
0161e775ff83238f,none,True,
6cd33be268882700,none,False,33.0
401494933db44ebe,none,True,
a7176a517c491c56,none,False,51.0
ee06cd2f54dfd8e4,none,False,35.0
eb60a5af274e2bc3,none,False,27.0
44f18a58132836f1,none,True,
e4633fe93cbcdfa4,none,False,51.0
1752c1c3f42fc84a,none,False,24.0
489c8b481f14206d,none,False,37.0
dc5e484b041c219b,none,False,11.0
6462a65647eaf3c0,none,True,
3ad7cd93c7a0a671,none,False,15.0
191344b2c6d42473,none,False,41.0
82ecba038e06f5ef,none,False,57.0
5d0576fcef6b72bd,none,False,24.0
a56275e94ab78498,none,False,51.0
8f6093e26554cb55,none,False,13.0
f8b0d7ba6a7612b0,none,False,52.0
35d4b45fa86670c2,none,True,
e4c8c294372099d2,none,False,14.0
5f4dac48a23428ac,none,False,21.0
71d87293c5a54732,none,False,40.0
24d779ab5d562eac,none,True,
b4c1349922ab9b38,none,False,31.0
1546823dade2de6e,none,False,39.0
73020313a093310b,none,False,53.0
8523988018b08a98,none,False,16.0
57160dc5246e5d7d,none,True,
3c2e548b8d302f8d,none,False,25.0
de5722de11511c12,none,False,34.0
37db66737da46c7f,none,False,48.0
997e27bd9400cfc4,none,False,45.0
c42fa7859aaf36e0,none,False,11.0
4f13ccc79f968924,none,False,23.0
ca797b21ad08ed1d,none,False,43.0
d25af896874cf13c,none,True,
b0cbbef637ae075e,none,True,
0cd201c7cdf30854,none,False,27.0
ded6210435fb61b2,none,False,24.0
b0af1e7fb13ba8c7,none,False,51.0
e89af903948f4650,none,False,53.0
ef08bb3acdbb9ad9,none,False,34.0
ee3d0547b0040f03,none,False,16.0
3630bbeeb15c8f8f,none,False,42.0
2c766a6d816795ed,none,False,45.0
8e6976263b754103,none,False,39.0
69681c2432b24067,none,True,
f89dd11a56211858,none,False,44.0
acc1e8315df1c919,none,True,
e37aa1d1f9e4c2b4,none,False,54.0
312140fda1fce45b,none,False,18.0
2f7f5912abe1b6ac,none,False,15.0
2a5c5cadd8f2fe1d,none,False,26.0
82887a0fc2e1b466,none,False,41.0
b87e4873ff23ecdd,none,False,44.0
1839aff280ce7f7d,none,False,23.0
159dbd190c8820d6,none,False,46.0
d9d9e8ad9fa6ae1a,none,False,54.0
a0442dd4fccab3dc,none,False,51.0
d301820f98448e54,none,True,
3501ad12fe5d96fd,none,False,14.0
dcc2577a27d06cec,none,False,45.0
0e57794b5af23a95,none,False,53.0
d43c92acf3acd2a4,none,False,38.0
c9e32d115501e5f4,none,False,58.0
3c8102fe1b5695be,none,False,17.0
05ef0020ab8bb6bf,none,True,
e5ffb9593d09ec65,none,False,16.0
84a236de5257443e,none,False,43.0
7115927fbddc5c70,none,False,46.0
033198a3310cd737,none,False,45.0
da2634a1ea6a97f8,none,False,10.0
8e90233aaf75da39,none,False,16.0
989dec8e52152d84,none,False,51.0
dc26153b5379f1f0,none,False,57.0
4a8e129581f1e263,none,True,
a43aeefd326ae292,none,True,
063474ecfa3041e1,none,True,
a44fa7e393c8167b,none,False,14.0
f5ae64fb767da387,none,False,34.0
869595153fb2bf98,none,False,30.0
77028feeabf4c74d,none,False,29.0
326dda4a61cefc01,none,True,
8fa1142fd0bc1300,none,False,32.0
f3654d98a61894e3,none,False,32.0
86ac58a7ab6c0f83,none,False,24.0
0b8f2edc2175c011,none,False,58.0
f7bb672eb286c210,none,False,39.0
09a8079e7a05e8a5,none,False,58.0
123a170c1b899177,none,False,45.0
b8a6bc2c6df2e436,none,False,40.0
a453c843a738fc9a,none,False,53.0
1877634c5e47be9a,none,True,
4eb573411ed92acf,none,False,24.0
927f95f311d6425b,none,False,34.0
8e8f4910e8453b1d,none,False,36.0
d2e8946997a5bed8,none,False,46.0
c8991b4d4bb65fa9,none,False,34.0
0ff16dfee7c6f4b6,none,False,38.0
7cc8c1f978c4a43a,none,True,
f6f4a7331b4eac80,none,False,29.0
5f2251e117904996,none,False,52.0
536ca644196a286c,none,False,56.0
13a9bdc03f1fd710,none,False,27.0
a7e57a4b2cf9e9cf,none,False,39.0
8c794ca960c3440d,none,False,26.0
c97e1752e8461880,none,False,55.0
127fad88a4b36ca0,none,True,
d40a4fff8e150b4b,none,True,
7e215682af6e679b,none,True,
f5048a8513aca325,none,False,10.0
574882902c51037f,none,True,
c3ce6b4d9ca6235c,none,True,
ebd2705771088c26,none,False,57.0
9ff9cfb43915893f,none,False,50.0
c325fe6d36ccc707,none,False,39.0
211376e775c16bdf,none,True,
58592129edd4ad5c,none,False,28.0
a4a43ac0f299657d,none,True,
0053e2c36cf43771,none,False,26.0
11ad8766ed414c33,none,False,23.0
dacdfc8e1287b237,none,False,57.0
2912f2ae0b8befe1,none,False,35.0
2b93c4f99de8e2de,none,False,44.0
872326d7c2323c5e,none,False,18.0
a1ffebd3f0b5f938,none,False,41.0
fe34b433ae2f8f4d,none,False,35.0
5bcc4726ad5c5735,none,False,58.0
3a5115671dcfb2f6,none,False,37.0
88c7a58f47e2ce2d,none,True,
7ff6c132d35017f6,none,False,35.0
70a3b01516b8d791,none,False,32.0
901f587177947522,none,False,33.0
b0011790938147ff,none,False,20.0
4f665d534a7c713f,none,False,41.0
051ef402671ecfde,none,False,46.0
b97ad2cfb4eff8ff,none,False,21.0
5d630bae67d2f897,none,False,38.0
2c74a60c7b88301b,none,False,50.0
05d24c61aba2e860,none,True,
4225bfea687ff024,none,False,31.0
e2af14e3848f4492,none,True,
a9ea7a7460d1a235,none,False,54.0
9eb6dd21b60414b4,none,False,27.0
44c39cf1cf174e4f,none,False,13.0
5244f66c01bcb6b6,none,False,21.0
e35d9edc8f3ffc2d,none,False,25.0
83b08d25f07fb3b4,none,True,
b70d6c1cbae07d39,none,False,17.0
4bb1de52ba8940c5,none,False,11.0
c63d7768d6796f9f,none,False,59.0
e55ad678f38bb685,none,False,42.0
72f499e711f95a10,none,False,43.0
dc5448c069bded85,none,False,25.0
d0de2336f3b89db5,none,False,29.0
dfd3bee002f5d467,none,False,32.0
f2116831fbe7b18e,none,False,36.0
730d057a0f88420d,none,False,25.0
0b0106e2d29737a8,none,False,58.0
74003c2ec05d8b55,none,False,30.0
a2280f16ebbd2e64,none,False,51.0
62eacac330e31acc,none,True,
bad62db135023cc4,none,True,
c318802b79b61e57,none,False,42.0
e3723482ce7a87cf,none,False,50.0
3600204014ac5eef,none,False,27.0
4807a67f91d6db1e,none,True,
bd43d6cec0a264a5,none,False,59.0
eebfd63ea82e8004,none,False,57.0
103ab9cb0c006f75,none,False,44.0
c5d31c7c5e9a6217,none,False,31.0
f92d7d2bd64420a3,none,False,57.0
deb898a583e3ac3a,none,True,
4ebfc0ca739e8fe8,none,False,31.0
53c1de2adf7925e6,none,False,16.0
f1e93853bf0a19d4,none,False,44.0
d15940b517503170,none,False,33.0
6c573a74dff281e4,none,False,13.0
3d9b3c2aa7132f94,none,False,20.0
97b915ec9991720f,none,False,28.0
d02bd524992a6899,none,False,44.0
cb98e1760bf794dc,none,False,18.0
cd1f370afac5a8a9,none,False,33.0
1beccdb64034fa01,none,False,41.0
85cbb4843187d0cf,none,False,17.0
899fcc9a6035918c,none,False,22.0
67163939e1521d12,none,True,
667ba1822183a5af,none,False,51.0
5b19f83898c67ec5,none,False,39.0
52f54d6011b58cc0,none,False,20.0
e17a5bbcafa0ca91,none,True,
15fa5bfda75f0b98,none,True,
b8beafacc7ce6f9f,none,False,15.0
9554f16fc7a9e340,none,False,47.0
a821e075fedbf8f0,none,False,35.0
cd8bc837c8142a7b,none,False,12.0
87f96d7e1b9caa94,none,False,12.0
be6e907d0ee44cd5,none,False,51.0
35d293b9cdec5607,none,False,48.0
210c325b716465cc,none,False,58.0
97ab71e67e03f658,none,False,19.0
b42bae6f717ccdce,none,False,20.0
8741c8cf6c31a630,none,False,46.0
a0c51262231e4348,none,False,49.0
40506217c32bc6bf,none,False,42.0
79fae8ad9e475908,none,True,
b55a459b13825ac4,none,False,36.0
422a783560fff6b4,none,False,41.0
6126d4507a234834,none,False,43.0
746e7a362ffc0e21,none,False,44.0
c2182c499d249bb8,none,True,
ea8cde382df64e3e,none,False,59.0
1e25cfb71762450e,none,False,42.0
13e72dafdfa4fcdb,none,False,40.0
36ac4eefa03a74ff,none,False,34.0
d67920c2f794dd06,none,True,
2f4c4b15174a1e31,none,False,10.0
3e6db0eb980a8bb5,none,True,
874779ad1a611454,none,False,45.0
57271921dc16a254,none,True,
c9f57a5736c21d11,none,False,10.0
650e561c06b2d3fd,none,False,57.0
b743b83fc9c4bf90,none,True,
daf0a5861ef8a763,none,False,23.0
fd72a9d44028130e,none,False,24.0
e0ca314716021742,none,True,
6feba1680756a238,none,False,30.0
fdf6d9e3a7495a12,none,False,25.0
8e7194fe69aac68e,none,False,30.0
2ac10a4c9fe62c48,none,False,30.0
4324f0fd677e4c1f,none,True,
9909ebdce2eccff9,none,True,
e874be8de0164257,none,True,
a02ae086ae74b5f5,none,False,59.0
6328ffd1df51b2d9,none,False,50.0
f9248d1eec5fb3b7,none,True,
ac942727e054e8b9,none,False,18.0
f5fd51d579b7b655,none,False,57.0
9aa5cdcb671ce66e,none,False,20.0
42d2adcb97e602e4,none,False,21.0
fa6ea0523ca95773,none,False,33.0
4e5b36b21639d539,none,False,14.0
d0675da6c0ebba68,none,False,19.0
9ba283c4cf061c53,none,False,28.0
ff2e01db296fea68,none,False,22.0
aea6656d130acaba,none,False,40.0
2d7362d822e3e32b,none,False,39.0
097115cd4345be52,none,True,
52bfff19662ecfec,none,True,
43bc973db3ab5916,none,False,37.0
940901400fe4c3f5,none,False,21.0
8aa896c433d93f9b,none,False,13.0
239e4eda3069d665,none,False,21.0
f71b7e841322a882,none,False,43.0
baa192eb004c5d4b,none,False,42.0
0ed5d19ed4579f1d,none,False,54.0
a00ab5bcf5b22854,none,False,19.0
46738cf446e42503,none,False,45.0
c9e46a7d357c8acf,none,False,22.0
53596adfceb0d70d,none,False,15.0
3e691e1b61d1263b,none,False,28.0
1f9f9f4c1e3f080e,none,False,38.0
824f584c9b61b14e,none,False,34.0
170e5cf7e8454262,none,False,23.0
9b6238e86b540f8b,none,False,24.0
5bc70f7cbae0a2ba,none,False,54.0
ccbb61446bfbe6bd,none,False,21.0
3c0518a5ebca1f10,none,False,46.0
a656a2cf278484c1,none,False,12.0
10c44b8f01c2bcca,none,True,
d289ebe5abec2d4b,none,True,
fff98f71b7bfc41f,none,True,
c05a1ec963ef529c,none,False,52.0
a074baf7b383dfaf,none,True,
a5df8d004ec4e6a6,none,True,
2d5eb868860ba4ff,none,False,39.0
9b6cad0079b3b795,none,False,27.0
c3fd3c158ebf81c3,none,False,18.0
d94464f994702977,none,False,33.0
c5dfc2d6a4bae613,none,False,54.0
08e05c8d24cf2a30,none,False,13.0
2ca8c6df98f5920b,none,False,30.0
d986d0c9caaa9cf6,none,False,59.0
6ce1eef9e4c3e93f,none,True,
520665d84388c811,none,False,51.0
4b34e6f041a7d8f0,none,True,
b59008a6af1d9a45,none,True,
a776acbc964423be,none,False,32.0
d3b9e66beada7f6f,none,False,32.0
4138033aa1333522,none,False,13.0
57cfca37b77558fb,none,True,
17b032670b144260,none,True,
8fb402927bcc820c,none,False,35.0
bccf7d709d49c0ac,none,False,31.0
23dc61539d9a397a,none,False,18.0
550059b9c684f366,none,False,15.0
61247c85ed0367df,none,False,38.0
4608761007d2cbeb,none,False,26.0
83a68da0046c1b0c,none,False,59.0
47f2b88107b9ca54,none,False,36.0
082a159bdc73a3e2,none,False,53.0
89a3e95dd970b5b9,none,True,
b500d96b268c66c0,none,False,13.0
941c41aba4bb20cb,none,False,22.0
4b14a2cdc00a7fad,none,False,11.0
c38f8bebb794476e,none,False,21.0
73859ea855ec4dd6,none,False,24.0
574c96360ff43db1,none,False,38.0
2e0a5e5233e32e63,none,False,21.0
e97d30ab8a803d36,none,False,34.0
8d3177f623a2b68a,none,True,
27e950270da7361d,none,False,28.0
66ab487652dde679,none,False,26.0
c1faca724b1f46b0,none,False,38.0
93c98b6198ed374c,none,False,41.0
b917e1c20628d51e,none,False,43.0
ea0f11e96702074d,none,False,26.0
751474800dd40e48,none,False,20.0
a4bc583d81a12880,none,False,11.0
4057d1521e1a16d4,none,False,10.0
850cb20447da9056,none,False,23.0
83a7c1d8dc7f2c20,none,False,41.0
2f4d89cb90b8508d,none,False,40.0
2ed00adc22f156ff,none,True,
caaf55c16e2ecbf6,none,False,59.0
7bd3cd1678ca777a,none,False,49.0
5c00176a84928417,none,False,48.0
c307b05d4b5df1b5,none,True,
ac31b9e4903912f0,none,False,52.0
c199c735a369f9ab,none,True,
e253f6548a1ffed0,none,False,46.0
40b6325ba8ce9ab4,none,False,21.0
613a5856394e2659,none,False,41.0
61a1f4a9cdeab6b4,none,False,43.0
4d9aad18c1f8107c,none,False,18.0
829ed6c2e2c2ae04,none,False,33.0
23101d1a9a2a42f8,none,False,52.0
161bd95a247cafc2,none,False,34.0
da01b6e646c4c2fa,none,False,53.0
7ae1a90d93a8e8e5,none,False,36.0
36e7bae5af4a0dd2,none,False,45.0
01d3f3959c0a7d99,none,False,32.0
289e21f9ddffcb56,none,False,19.0
88c6ad84159519b0,none,True,
4ffe424d37389318,none,True,
58322efbb0f1ca47,none,False,38.0
a6b85b1d4d2b1384,none,False,33.0
7345b21f335905b8,none,False,52.0
3c30ffe69acfc9b9,none,False,28.0
07d9a59ef9bb6207,none,False,49.0
60d639ed9020249f,none,False,59.0
2237704b31f5c5f9,none,True,
f946f0601cd45c1e,none,True,
5f9434ff22fefdf0,none,True,
004c3d905204d339,none,True,
b9cd403dd842e029,none,False,58.0
719f767c57cf3916,none,False,38.0
2b7f2c054e24ce41,none,False,11.0
b51a699c5791251d,none,False,22.0
9d4bf1d94174a969,none,False,52.0
899655a773e305c4,none,False,57.0
1a010e3e3612e35d,none,True,
2ad7a4e93f8e24fc,none,False,54.0
267c68cdd8925f3d,none,False,15.0
ae6a849903cdc32d,none,False,53.0
d16bd5090aaf0035,none,False,24.0
a707c5b646bd5dd1,none,False,36.0
b11f444e8c732fb4,none,True,
9943a91c348a8bea,none,False,43.0
a8e6be0cfbbca788,none,False,43.0
fd9e49a067d8122b,none,False,45.0
a5443516171bcbb7,none,False,14.0
ceeacb24b63740d5,none,False,22.0
26879027b720ad94,none,False,48.0
77f5aaf2ea37b8ab,none,False,55.0
b8a4e415a2f5fd70,none,False,51.0
b984c8b87d412877,none,False,20.0
38693d9aaf91f4b6,none,False,26.0
8d475c06c48a9d13,none,False,14.0
089e59d28ab01051,none,False,28.0
5d3096021b9149b1,none,False,29.0
b279cc1d11e9b283,none,True,
9b3626b430061c16,none,False,21.0
5e3f4183d5edab31,none,False,38.0
09529a1cc3ca2dbc,none,True,
b45e1db4098d6cf9,none,False,58.0
b55351711ec72e1d,none,True,
1635fae8cbd710ce,none,False,12.0
abcf1527ee1c9e68,none,False,10.0
8e5df1a85634a3b7,none,False,13.0
f757f0b3f16ef9a4,none,True,
a4033b9607d20c6a,none,False,24.0
bddf125630551418,none,False,27.0
192a94467f45cd4d,none,False,27.0
3df45c2164ee794f,none,False,48.0
1854b37012012986,none,False,17.0
bd2ebcbd2edb86d5,none,True,
6fdacfe1da70ba3b,none,True,
b86dc23307ad1e36,none,False,56.0
b5bc7537900e7904,none,True,
841f5748eab416ab,none,True,
a3f8864436d0ece9,none,False,51.0
3be38e550a64b485,none,True,
5550c0e15136801e,none,False,35.0
7d883ae677ca07a2,none,False,54.0
14e27e88852258cc,none,False,24.0
6785ab9200992429,none,False,45.0
74fefeb21ceba72b,none,False,33.0
ebbb980655bc345a,none,False,27.0
ecfc1ebaaeba527d,none,False,50.0
7db669540fa8e6e4,none,False,35.0
143e78c42d081bcd,none,False,44.0
2f626d605587ad9d,none,False,41.0
be3001fdb3b1dcd1,none,False,37.0
088e5b501f1d0129,none,False,31.0
e7991c67212dee56,none,False,27.0
8680489b9083542c,none,False,36.0
b03df6edd796c4c4,none,False,31.0
9a1fedfb52168cc7,none,False,56.0
bc4fcdcfccaa1fb9,none,False,26.0
b25781a3c22216e8,none,False,45.0
2a28d11f20f47f3e,none,False,38.0
dfddedc01ad5381b,none,True,
5ec9337a387873d0,none,True,
6bdfa929c50eab57,none,False,22.0
93f350174ae98c2e,none,False,50.0
008d1998426a50fb,none,False,41.0
82b0b32c804a3818,none,False,36.0
0d5d0ab036616415,none,False,23.0
1cfb2ec8847edff8,none,False,36.0
c9091b27436e3261,none,False,36.0
85640361bd5fc14f,none,False,47.0
e7019999ce78ec54,none,False,11.0
62f7183028ec7198,none,True,
68c5cfe33add6c6f,none,True,
05a0ccded702e1ac,none,True,
319d985c5a06d0c4,none,False,10.0
1d5193d1cef19a1a,none,True,
4d6c13ef9105b4e5,none,False,42.0
cc3bd0c0d8825f72,none,False,18.0
5c81ec494b795e78,none,False,21.0
0525c539d4caa1e1,none,False,12.0
e22cc259c82b5e95,none,False,54.0
e5c3fb47bb3c32b3,none,False,27.0
5b0ecd533471100e,none,False,23.0
973c0a72b070d36d,none,True,
3ad65a15a2feb896,none,False,56.0
6ccd381dbe656a55,none,True,
122eb8d7708f8ae4,none,False,59.0
4d8d387f9c32466e,none,False,41.0
2ab98132d4b2a6b8,none,True,
1370a663efe05951,none,False,24.0
b19a4417ed196cfb,none,True,
48e31d685db542f5,none,False,49.0
8b5dab45c8ad25da,none,False,35.0
08376e973eb6a0f5,none,False,33.0
5e8745c870b27ea4,none,False,30.0
88910f0f87610ba7,none,False,41.0
c12499685efc4ea2,none,False,36.0
c18e23e067d12f6a,none,False,18.0
ef7a5941a7454407,none,True,
89054e54e60f765a,none,False,35.0
1744d5c751ce6c33,none,False,30.0
0389811e802bd9c0,none,False,13.0
7fb5a7dfb486f64c,none,False,37.0
1f4c2291fe235c88,none,False,10.0
952f58553dcee4f3,none,False,31.0
a35cb5aa7d1505b5,none,False,57.0
2e59bb76184f5709,none,False,54.0
eb9e756897be5329,none,False,21.0
2b27d59e89888200,none,True,
987a18d82f1f9b40,none,False,27.0
52c43a1e686ed422,none,False,38.0
964545d72ef42c46,none,False,53.0
cbe1f9c1c18caf2e,none,True,
bb84bc1ce8b8fba6,none,False,16.0
3406775a31fc3161,none,False,46.0
1f1e221c00b958bd,none,True,
c2a3a0376d5ceed9,none,False,20.0
050cc5fbee47bbf9,none,True,
5cc89e97faf708bf,none,True,
df2f8e962a2b7369,none,False,38.0
879e77eda22a0e87,none,True,
9a141da6d99e77dd,none,False,33.0
4b3cfbda22b8db35,none,False,14.0
68eea61e5571043a,none,True,
ea1e8e47bab02a8b,none,True,
7757db95159d92aa,none,False,43.0
0a8b36c0099156bf,none,True,
8b88cce0b46ed6b9,none,False,35.0
0d21e9cad830dcf1,none,False,54.0
9cad8f9e560e3dee,none,False,29.0
5530cefd99074721,none,True,
7cd76dff5bbe2cb9,none,False,55.0
2ab5bc644360b498,none,True,
44884f767749bd3b,none,False,43.0
d4e642972cc3603f,none,False,57.0
44c31a40dacbcb94,none,True,
36daea129d773e4b,none,False,40.0
8f9b9b578050404b,none,False,57.0
a0b39ca34720adee,none,False,58.0
c5fc53cf16619f4e,none,True,
7ca5cbb22ee8b095,none,False,43.0
74fd388674d4553f,none,True,
f06d166cfcf56daf,none,False,30.0
810c678c38331c1c,none,True,
1d58a53e5c86f98b,none,True,
4b90a3fbfd55375e,none,False,50.0
bf4d6859ae13101f,none,False,11.0
3fba2f62edff3e3a,none,False,13.0
c9c11daa52abda94,none,True,
325fa75e91a2b815,none,False,57.0
ead4f15e2b67f988,none,False,40.0
5192cecd0bf3fcd7,none,False,38.0
74d3cd30634d767e,none,False,27.0
f34a8f7dc593b857,none,False,54.0
7b7fb7ec069fbf5d,none,False,20.0
df4be065ea415fd5,none,True,
5ebc828d08f3b03f,none,False,39.0
fbe4f12f1ff545be,none,False,56.0
95163e2e764af97a,none,False,44.0
7e02c001653efb6b,none,False,15.0
cef2e3dab7f96423,none,False,54.0
4a483341683ed9c3,none,True,
73aaf777f8f5a9f9,none,False,20.0
76a546a442cfa310,none,False,49.0
8b42f1f5f11437f1,none,True,
3b1201c5dc12b235,none,False,12.0
3309c2eb8aafa30b,none,True,
6983f9770ce62076,none,False,20.0
29f6deddfc1a3270,none,False,19.0
e8ca5155fc705f3e,none,False,49.0
8778ac782bf51859,none,True,
8875eb33a7ea84bc,none,False,33.0
4827368a7d56e483,none,False,12.0
40f73acf68adf150,none,False,11.0
51a7a44f413edfbe,none,False,33.0
b8f738836bb92399,none,False,31.0
b34d8f204dfb5d82,none,False,53.0
6256b1f1d7be6e18,none,False,46.0
f9fde1e5af85d6c4,none,True,
616b5ff760c3018c,none,False,59.0
bd34d62b825a6b56,none,True,
455dd71860f27633,none,False,38.0
3f92bd572218086e,none,False,26.0
5637b4bf91b1b3f8,none,True,
de07e87bfb4f4818,none,False,23.0
1951c21db6ea53cf,none,True,
75e41cb1069c745e,none,False,22.0
c17d312681aae9d2,none,False,53.0
223c06fdb9bb2601,none,False,16.0
9c6c525226c4bb6d,none,False,25.0
fa883aaef57b5901,none,False,26.0
6368e2609512bde2,none,False,28.0
c22c35b7873239ff,none,True,
09cd29421712e5c9,none,True,
5fbb14784eef759b,none,False,39.0
12615f56357b5b6d,none,False,44.0
4bc2e13ddbeef49a,none,False,44.0
b9ad922f2b0c0d2e,none,True,
57bf925e638d1d8c,none,True,
597cf5b658826b16,none,True,
0be68fd9b2312972,none,False,44.0
d187404c0292a7c0,none,False,13.0
0aaa8e6d4ba11e2d,none,False,40.0
a52ef345c3d15e3e,none,False,32.0
c183244186b6583a,none,False,15.0
d7169014cfb1df3a,none,False,42.0
71d0f2c9fe40eaed,none,False,23.0
8651804f70cccea3,none,False,30.0
0eb09507aa63bbe8,none,False,31.0
a5b2586e7e187ce6,none,False,28.0
850e6f1f5e0d8c4f,none,False,36.0
c8d3f1a79b17f7de,none,True,
e5fa036fc5e89ed2,none,False,52.0
d6b7cd28629a7c12,none,True,
8380b995788c993f,none,False,25.0
1a9aac4d3dba4b28,none,False,14.0
6a2d84116e41c659,none,False,57.0
403b053d65f5746d,none,False,13.0
feabe1689b238ad6,none,False,17.0
48ffa8f90768d701,none,False,14.0
2bcd928d083d133e,none,True,
a7541ecbf37eacdd,none,False,20.0
0b4528ead142cb49,none,False,21.0
242af4e22961250d,none,False,49.0
10020c06d9238b04,none,False,41.0
2b88e68bc0954ee6,none,False,44.0
3c97a3d2ff8af64c,none,True,
36ba0182e93f9d6e,none,False,22.0
f87a9b56480c8de4,none,False,30.0
fe07729e59ee14f6,none,False,43.0
be77c08f2393c5e3,none,False,19.0
caa1a2b7c2507250,none,False,37.0
2365535915807edc,none,True,
17b1c08a0176513d,none,False,49.0
1af83a94d1dba137,none,False,59.0
84309ef0229964a0,none,False,20.0
9fd784e22d3aaeae,none,False,59.0
38c5abc6440cb3a6,none,False,57.0
0dd3db19f29ca02c,none,False,20.0
1ee59703cc9302ce,none,False,29.0
5d111718cb991761,none,False,50.0
7e284b89d0fb28e4,none,True,
ef06c652c86f97b4,none,True,
f882cca0187983a9,none,False,35.0
6c3f7ffbef39d367,none,True,
5a1934f05d3830fc,none,False,15.0
304132ea9d2e8b62,none,False,54.0
350d90a9bbcbb7f0,none,False,27.0
8560e8e774999437,none,False,41.0
bb12395931baa999,none,False,15.0
ea6c169a440bed61,none,False,38.0
a8fce57d0def8768,none,False,39.0
cccd8e7fc99020fa,none,True,
cc78242101fb8b11,none,True,
6272fae0eabd966f,none,False,58.0
b4abb1709ece563b,none,False,15.0
23b42514364f80a4,none,False,27.0
5982da29a0d3c489,none,False,27.0
87ad597c20936b91,none,False,13.0
48bc868ee97cb1a5,none,False,36.0
597398c191429ffb,none,False,24.0
e82080c74d1fdbdb,none,False,42.0
c1a9a467210e6923,none,False,19.0
9b3058f98189e4c1,none,False,46.0
cbee8ca7dcaaa48b,none,True,
d73a499d0530c543,none,False,22.0
552ca9cad2f7be77,none,False,42.0
33e20216e0da8ef0,none,False,51.0
7a18b68f2f78bb54,none,False,11.0
24a3a0a04ee5e6a6,none,False,50.0
48d54d74ae5c61ec,none,False,41.0
eb823a079ce37b1f,none,False,54.0
9ec381bbfc7a8c1d,none,False,58.0
4621968d0cc42f44,none,True,
2ed39172f7aaaafc,none,False,46.0
f159465a167b69ba,none,False,58.0
94985e7c383391a8,none,False,44.0
a855fcd5b1212c17,none,True,
e7c644dd15d5f602,none,False,45.0
9016079f8ca1ded0,none,False,31.0
e1da5cf786c7001b,none,True,
e52f7bfcf79e385a,none,False,35.0
e0ebc137898fe081,none,True,
21e873965adb12fe,none,False,11.0
1fc83f281317990e,none,False,17.0
2f39a41da3d2f763,none,True,
d07141984d3f64a4,none,False,50.0
d54b0ba41983d143,none,True,
e52ae0fd59c7dfd6,none,False,27.0
a1e541143dec9575,none,True,
def4c339efc34b51,none,False,15.0
c50e886ab60f8248,none,True,
6e54be617ef4bba9,none,False,48.0
b98c0a7cfb0efc4d,none,False,31.0
eb6c410d4eb5b9ce,none,False,36.0
15d50b23f4fbb988,none,False,41.0
85943e285907d987,none,False,51.0
5ccbcb66fac24c98,none,False,24.0
0ad3112b1d1f2c3e,none,False,21.0
150181dc1b7061a9,none,False,49.0
1319ec63de755595,none,False,32.0
9888ce6bc4186802,none,False,56.0
bc9898cc31a478f3,none,False,16.0
ed04f26f9c0877bd,none,True,
9bc091982aad3c91,none,False,10.0
d205311edeab3d05,none,False,11.0
68a4ae3f859ee22a,none,False,15.0
db6be6d4f700d740,none,False,12.0
a32d906de7a78861,none,True,
d61263ba8c20ecda,none,True,
0e48c61d51358e4e,none,False,55.0
0a6448dcba3a0f52,none,False,24.0
6e2823696a806f00,none,False,28.0
8ffb16d9431b2afa,none,False,38.0
79856212d696a420,none,False,41.0
ed79bc71367fdc2b,none,False,56.0
c1efb04bd0cea763,none,True,
471d39ddbba2ddba,none,False,39.0
d7b33b1d76b24a37,none,False,37.0
b15ad6f53de083ed,none,False,58.0
f7c6e79841594192,none,False,22.0
5a9d7b55a1196517,none,False,12.0
d974f78e94463e56,none,True,
f397b95b4327319c,none,False,31.0
98228883f3711777,none,False,51.0
1f34af77814f265a,none,False,16.0
ceaeb02259b3bc11,none,True,
055bd0c3b9554764,none,False,38.0
c10af954c5385ab0,none,False,10.0
660329f9be557d47,none,False,14.0
ed5e9abda8cc8a7c,none,False,35.0
b89f0cc6142be732,none,False,20.0
ce74e856de912bf0,none,False,23.0
68f4adc1d10a2255,none,False,27.0
795cb9c49ec6dea3,none,True,
d9aa48c4a1c92f1c,none,False,22.0
1ecc7948694316c8,none,True,
731a3c47881a2a5e,none,False,12.0
5e7db7ce876bab9c,none,False,30.0
1c9e0d3a215b127f,none,True,
b6e40bb8d21af887,none,True,
188df8ad7168581d,none,False,38.0
6196836b548608e1,none,False,41.0
4e3d6cba53941369,none,False,30.0
60b6ac3e14034966,none,False,26.0
b07a4c589d739f11,none,True,
f38e69426ac486be,none,False,41.0
fc83f2724e68c875,none,True,
1585e7af4d8edf99,none,False,18.0
3ee50bdbb2470833,none,False,37.0
d45027724c6b7ef6,none,True,
d13c4bc8d2266771,none,False,45.0
ccdf78cfe40136ad,none,False,52.0
5476b0d800b19c55,none,False,46.0
5e40a115c264eb39,none,False,26.0
69cb9bbf7b9c1071,none,False,22.0
93bfea15f96b49a4,none,False,32.0
1534d01714190bde,none,False,54.0
2e392a0d1fa4d136,none,False,34.0
fc0711d8173b96ae,none,True,
d32e4797c8c03370,none,False,22.0
878f37116c8972cb,none,False,41.0
97b379c2c02cc118,none,True,
371b85f4ef5259b6,none,False,18.0
b31bc3e375c7e0ea,none,False,49.0
9f6628632e4145e4,none,True,
c94b315a20cd8317,none,True,
00b613721235154a,none,False,50.0
e206254f78a84dd1,none,False,59.0
d67b41ead5a3eaa6,none,False,55.0
016f1e44d3627fd4,none,True,
fb349349f6580764,none,False,24.0
c37777c6d2927d85,none,False,49.0
cd2cdd1dc7a1b75c,none,False,25.0
d64383f71b3b9810,none,False,56.0
b0ad85e644d232ad,none,False,41.0
7251567918a142d2,none,False,38.0
28d0c4b9a3687207,none,False,35.0
e7169be19440a340,none,False,15.0
009f040e3997f7a5,none,True,
2f43215ab14724f8,none,False,42.0
cdd7c228b8399064,none,True,
9a4fa945a0d5f77d,none,False,16.0
422b2f4e2023a956,none,False,42.0
c2616a25dc5a8011,none,False,27.0
cd2542aa811927d1,none,True,
99459013768994d7,none,True,
aef7c9c4b75f11c6,none,False,48.0
75c09178ff488f2a,none,False,49.0
64feb9664de68744,none,False,55.0
e4e60aff10823a77,none,True,
59c755a1dfd62c43,none,True,
5ee03d8de0994d91,none,False,26.0
f9164384df254f5b,none,False,39.0
5ab45badbf0292b3,none,True,
7d9a80d73db61492,none,True,
51c7e8632dd05592,none,False,44.0
403568737772ca99,none,True,
ec6612af3e733421,none,False,26.0
1e9624fdb43e33c3,none,False,31.0
5e6d1f58c37414f2,none,True,
97f0afda5c9b594e,none,False,18.0
f17c3d7d9ebe6f6d,none,False,20.0
33309a39bc878d45,none,True,
7886eba3beb19062,none,False,31.0
3d51efa87f99cba9,none,False,42.0
a0f3a68d079f9c68,none,False,30.0
e57ad200be82d5ad,none,False,35.0
e16a2e0588dae5d6,none,True,
d446278b3f4d3476,none,False,44.0
eead0d49d958de7a,none,False,18.0
e6dd9d2e7d2b7142,none,True,
61bcbf1685648188,none,False,47.0
f35453aeb6d9939a,none,False,38.0
59538888a11ac3e5,none,True,
ca090a57f16a993d,none,False,22.0
1a64d69391007eef,none,False,15.0
9bcb8c53303bad65,none,False,36.0
547968fd7f396380,none,False,31.0
15949734f1e4d60b,none,False,42.0
ad5196befd2f4365,none,False,17.0
ffdf022af67b00cb,none,False,44.0
b8ff7bf2890dcca0,none,True,
66be5712f61dbcf8,none,False,49.0
be5a113f1e667f04,none,False,53.0
c9928e657eda9226,none,False,37.0
c0d5a4b585933eeb,none,True,
05167cf8f1c95fc9,none,False,43.0
8c147ad93b7e23f1,none,False,14.0
5a041b3195e062e2,none,False,54.0
eff0c87baa93ac6b,none,False,47.0
c6716043aa3be09a,none,True,
3e9a42d2fb741a6c,none,True,
a53213aa443d0d3d,none,False,20.0
436ad2e139184c2c,none,False,16.0
21a9e5a49efeec94,none,False,17.0
0722533026cce681,none,False,23.0
c63f8615b48c6324,none,False,44.0
098a58de1cabb3b4,none,False,13.0
aa07f56e1f54acf3,none,False,36.0
c39d5af9ccd47a1f,none,False,47.0
267e57cde883f7a0,none,False,11.0
c4da928cd8946055,none,False,59.0
41d5053b1287da0d,none,False,24.0
8b2ac61dbac987d3,none,False,52.0
2c8196e1487a3b5e,none,False,52.0
302b571bb95048a1,none,False,48.0
5633e3fa04c9cc50,none,False,42.0
4b743f8ed007468e,none,True,
d0c904d12f91cbdc,none,False,18.0
3978ea19cab4ce27,none,True,
8168b2e0e72f78fd,none,True,
62c2cb5b09d58bb0,none,False,12.0
8f570907e70f9a8e,none,False,34.0
54ad1eb9e06fba30,none,False,36.0
c9ae6854f0896a8c,none,False,33.0
7a46ba7575f45c0f,none,False,21.0
30dbd66f37f7b0fb,none,False,49.0
e3ff7fb8d9f0f0fa,none,False,44.0
4643493ae99c7486,none,False,16.0
1e4339eb1245b010,none,False,22.0
40145dea04386144,none,False,34.0
a7eb74d0d5e6482e,none,False,18.0
e8e1675dede352bb,none,False,14.0
10f38e1f2fd748a6,none,False,27.0
5ea84656ec63af20,none,False,16.0
71558bd8ae05a786,none,True,
0a369da37e94c36a,none,False,40.0
7a1737517c87fc2b,none,False,28.0
33ea63b5fce3f39e,none,False,58.0
82f85b4eac742277,none,False,35.0
50e348472e065280,none,False,21.0
e9200c28bc51acbc,none,False,44.0
a938a1274edc880e,none,False,41.0
76b794e0f2b66988,none,True,
452691e3566467a7,none,False,42.0
ceaac4ba221ca847,none,False,47.0
0cbf271db3559a0a,none,False,37.0
070828d941d21ded,none,True,
ec3024ea9a6d54ef,none,False,45.0
8358d53822d97080,none,False,30.0
d49d34307d10a906,none,True,
86d3b910af1d67e9,none,False,26.0
240f3745189c02b3,none,True,
508e4db4e0d594c4,none,False,54.0
1650b79d5c42b956,none,True,
1240635b877af172,none,True,
9987aff17402e527,none,True,
0c1572878ffd9518,none,False,31.0
9413d21364e17d12,none,False,48.0
e97974f122c4145b,none,False,30.0
a98037bb82aeb580,none,True,
fed6012f4c1b6319,none,False,32.0
77d3675dc050f395,none,False,12.0
aa6489d892ae978f,none,False,11.0
189f9ed47b25795c,none,False,47.0
7a824eefd765633a,none,False,12.0
ee36baaa3ab39ff6,none,False,46.0
4ab8509eed99745a,none,False,28.0
bb2717514a7487e6,none,True,
e877fc8fe23b5b23,none,True,
bbbb63b92081f332,none,True,
c6763f8265fab2de,none,True,
298845fac5389d78,none,False,36.0
20daba2089342a4d,none,False,30.0
8bba705259be2fd2,none,False,40.0
6ec86668987e47bc,none,False,52.0
f1a3ba441199ec28,none,True,
b8c666289511b37e,none,False,17.0
deac4094a756a042,none,False,25.0
a4275a227e7ae2eb,none,False,22.0
84718db31117cf3c,none,False,43.0
2c42f269f724e951,none,False,26.0
ad7a7fe82f07be0f,none,True,
5949986af4740cd2,none,False,47.0
1cce6ebd7f63b10b,none,False,22.0
8be1b633f6ee608a,none,True,
645450076cd79592,none,False,43.0
c61013fd4deb3a2d,none,False,47.0
203d20f0dec3af7f,none,False,42.0
511257a411c5e625,none,False,38.0
bf436f1485e43b50,none,True,
f43c808e0cb5d4d9,none,False,53.0
206511deeddb4f99,none,True,
d304e800b5c806a9,none,False,12.0
ef79fe30571f255c,none,False,17.0
7293db419ebee265,none,False,39.0
696b27feae9af68f,none,False,28.0
d0309f542274176c,none,False,18.0
776bbfa27938f066,none,False,24.0
71306c4bb48747ec,none,False,57.0
f9c32f08a4006443,none,False,53.0
35063011d2fcb2cf,none,False,18.0
c979e4e611fbca7f,none,False,39.0
74a039f7d4099fb1,none,False,53.0
c2662468e43aae8a,none,False,50.0
e316a8bc7810a6cc,none,True,
9151bd5cb4898f8d,none,False,28.0
52d95a769e3c49d0,none,False,32.0
fa72f64d4108fe9c,none,True,
bbcbd504d4d1a8d4,none,False,41.0
c5daa0bf585ef110,none,False,20.0
2f8832a941cd897d,none,False,35.0
00dac35d475641f7,none,True,
e340d3d64de9f05b,none,False,36.0
46e4655dacf48bc6,none,True,
dafa4d12b80fde38,none,False,17.0
37ee8adce1d6da82,none,False,46.0
77b71e7d915746c9,none,True,
a0a38f4134e1ba4d,none,True,
ac32b65b916077bb,none,False,43.0
aa46006cf49867a3,none,False,47.0
f7e48f5855eb826b,none,True,
6961f42e57a65551,none,False,28.0
a596d686dcfc15be,none,False,22.0
938fd93abcba2783,none,False,21.0
124f17432f6f405f,none,False,13.0
b77c9c3a6244c806,none,False,50.0
2669970b06ddf03d,none,False,34.0
f328036bd8019b48,none,False,29.0
5bb8d2ff74603bbb,none,False,22.0
a0632e9ed03e9a65,none,False,34.0
c980c06080bf7556,none,False,30.0
445451109d767b87,none,False,29.0
2e2e36385e673c45,none,False,28.0
068d6534c5a173a1,none,False,30.0
d0045c48f7b3036d,none,True,
e119ddab9b58da14,none,False,40.0
7649949115f59d13,none,True,
ccd19dd6b96aebbd,none,False,44.0
4634c84ad1ee844b,none,False,57.0
a968c8eb54f567cc,none,True,
b59853f057f91950,none,False,25.0
25360ff721536b6e,none,False,36.0
9f73f51a95d8b421,none,False,28.0
084d5c242bb8efa0,none,False,44.0
fd56cd54152e6ecb,none,False,36.0
b5b5c48117adabe0,none,False,32.0
db2c167ea19f617d,none,False,51.0
784b222afb0dbdec,none,False,51.0
a4cd0e8ec9866e2c,none,True,
ef2b3cea70add9cb,none,False,40.0
8796c31ab30a40e4,none,True,
8f413fff435cb3be,none,False,23.0
e7031bfe6980f14b,none,True,
52482b49767713a3,none,False,20.0
1040802fbd80a32e,none,False,58.0
2ef47277183aeb82,none,True,
6bc6c384ad91625b,none,True,
21d4ec4c15c6e165,none,True,
c3842c23e16d70d5,none,False,25.0
9d0bcdb500876fa8,none,False,28.0
ea68eb80fe6fbcf5,none,False,30.0
7103e0b3f3134ab9,none,False,52.0
09d38cee65a01203,none,False,15.0
a4c554a19a10af39,none,False,56.0
7475b7b36b2a0878,none,False,29.0
94c06b5ab926db33,none,True,
bd08a06a74b62230,none,False,21.0
84ffe0bd84181dff,none,False,18.0
d77e4f041c82758f,none,True,
3e78940c3b893316,none,False,24.0
5e460339fc1322be,none,False,22.0
4e292ebf2c6324f1,none,True,
8f780cf6b9eaaadf,none,False,53.0
7ba913867276d115,none,False,36.0
3cc5423862ff7ad4,none,False,33.0
cf4b5fb8186d6f80,none,False,38.0
6c9fd4580402544a,none,False,17.0
e196b9f9e2b4efcc,none,True,
cbaa0855b983ef7e,none,False,53.0
0a19ce515f4216e5,none,False,30.0
8fde0bcc7a2d95fd,none,False,20.0
4c9a140a3dd0feca,none,False,14.0
e3be05b4b61f10ce,none,False,47.0
4c00b6d723e2ff04,none,False,59.0
e4e0a82a391b17a7,none,False,48.0
5340185fe8cf420d,none,False,44.0
0d6a195b52e9715a,none,True,
a0dd9f62867d21c8,none,False,39.0
ef5d04a6dd575788,none,True,
09d912df625b6022,none,False,14.0
82424be212771342,none,False,39.0
8b1a6ed7606b9ab0,none,False,20.0
e2f8d2bd9bd9539d,none,False,57.0
2f0502492a5511c0,none,False,26.0
2cfd4218dbee712f,none,False,27.0
53f7f767524731e5,none,False,58.0
da7d4fd40fbac9e0,none,False,12.0
b641df1ea813d4d1,none,False,40.0
0700e6d7f9d96e5a,none,False,48.0
19635fa412b2035b,none,False,16.0
ba54f1a3485419fd,none,True,
d0884938d78eda63,none,True,
fa6e04223597f31b,none,False,20.0
2843b9fabcb96bb1,none,False,22.0
dd45f92dadd4059d,none,False,29.0
03c599a0bb5b8703,none,False,30.0
839b80b8288e4f9e,none,False,38.0
ad19a13aa6931cb3,none,False,12.0
7268f28c46fda882,none,False,35.0
201fd40151f80fdc,none,False,29.0
d2e6cb26317fd053,none,False,55.0
980d40e56889af98,none,False,37.0
d7bc3946327d050a,none,False,55.0
553bd50f00023998,none,False,44.0
7bf3f605a1302f64,none,True,
dd584f28e2071646,none,True,
10ebde481beacd00,none,False,48.0
eee55641531119b8,none,False,24.0
1d97ed114231a08f,none,False,42.0
21986b87b859dd55,none,True,
3845ff63e2387ced,none,True,
c2e52669c8a0e467,none,False,54.0
58e503a4cdb37cca,none,False,58.0
23432c8ad85e306c,none,False,21.0
3764e5734f2ac329,none,False,19.0
ca5a02ea4c01cc0d,none,False,25.0
cfd544480afa8313,none,False,35.0
046d275f572e6de2,none,False,44.0
d46a914e58420bbc,none,True,
bb879b75621808b9,none,True,
475ec1750e8bdb97,none,False,47.0
b2ec4f0dab9ac358,none,False,10.0
d7b8e2262444693d,none,False,58.0
f812d29316e1cade,none,False,45.0
86982a8f91e90543,none,False,35.0
1b11cc3df491c221,none,True,
3fabd7c371cf6afd,none,False,52.0
32d65f0d6afdc960,none,False,28.0
f728bf54e8bbd3a8,none,False,47.0
9cc7da0486630002,none,True,
959beb06a459b25e,none,False,22.0
3f5ab739c37a3dc0,none,True,
539cd963912d01af,none,True,
71028ad4244f28f9,none,True,
bad61d6d77bb19d2,none,False,58.0
427e96ca1ec2c687,none,True,
2dadb3922c66bbf5,none,True,
9b4d3a444341b9be,none,False,25.0
625e7e6c9c6a4766,none,False,54.0
aa99f4325f4394e1,none,True,
06d3056ee4999042,none,False,44.0
11ed34a16fe40399,none,True,
9da9954b65b337db,none,False,47.0
6fbdaac5ebb08fdc,none,True,
592b2b239b189a80,none,False,38.0
3e45fd6f9906de10,none,False,42.0
c2a62b8c02ce9e85,none,True,
16d067303170d5d4,none,False,25.0
e1399ec681bb2c5c,none,False,12.0
e803c39ce9056145,none,False,39.0
5decf5db6a9e28b1,none,True,
2531898b71f1be98,none,True,
d25e4f0d33404d02,none,False,55.0
85b9e0851441a676,none,True,
4f967149828f3ac9,none,False,26.0
ff6ef7355d35dc68,none,True,
8a986776b956742d,none,False,23.0
bca5ebad39f6c7e4,none,False,25.0
a60b2895b3f73f23,none,False,11.0
545582201c31f833,none,False,34.0
bf861ed420257c15,none,False,11.0
5444272551e0b992,none,False,26.0
a8789d356afce254,none,False,28.0
a9748678744bba01,none,True,
24bfc4046cd8d296,none,False,21.0
dd8536718f570787,none,False,37.0
6d2baa2610648399,none,False,16.0
810ea48204111121,none,False,47.0
1357678c6aca3d78,none,False,49.0
15b0492be706116f,none,True,
3313e2f95e51d58c,none,False,46.0
481f081a80164f82,none,True,
e3c067789f6fbe14,none,True,
64a078b212525a59,none,True,
03a5a3bf6bf0b1d6,none,False,10.0
8afbbfcce4289725,none,False,16.0
e307a2293925ef82,none,False,47.0
541a4c5208d5f7e3,none,False,24.0
281a28de5c2ae30b,none,False,45.0
bbd972ae57963e27,none,True,
e7592fbc21ddbd5e,none,True,
f4196b8ba7a838ed,none,False,27.0
43049a68b6d617e5,none,True,
2b00d9494cfd83dd,none,False,46.0
30e0c2be673d3191,none,False,41.0
55fe1671716e1291,none,False,21.0
dd1c266010641f55,none,False,41.0
ebacf815e5e7d4eb,none,True,
71b90ba6516e0669,none,False,53.0
fb93507aa90fdb1c,none,False,31.0
b1c0bf61e9e21def,none,False,46.0
00e70dddde4dc425,none,True,
a614a15b470d6ee6,none,False,59.0
71a6590cd0ed8338,none,False,35.0
d7f1287689a50263,none,False,52.0
7b42ab743534a832,none,False,37.0
074c9d4531d774a2,none,False,53.0
e9d770b8814a7555,none,False,37.0
7b156a8fff689396,none,False,18.0
22c15a83cd9059ee,none,False,26.0
b7fa90e114dad57f,none,False,51.0
9122075a9a6971d6,none,False,53.0
491b433a90978394,none,False,41.0
e93d33da565752a5,none,False,51.0
70fb539799a2b39c,none,True,
8f9549e76a1ee1b9,none,True,
a88f1af769ec7f0e,none,True,
b7d43d3c200c49a9,none,False,12.0
fb588981df4e11ba,none,False,40.0
7a4421c1f31743d4,none,False,28.0
7c29787494bb133b,none,False,56.0
1312950c2f67505f,none,False,40.0
04869ece84107ccb,none,False,50.0
7388435049cfd9fe,none,False,45.0
14ad0874b6dca9c4,none,False,24.0
6400410dbdd2d1bc,none,False,51.0
4569fcf45a16524a,none,False,14.0
ecbc1e07df4b09f9,none,False,44.0
c4b7a93638936dc7,none,True,
1322e3e3defcaa12,none,False,15.0
cfab47113afc0a96,none,False,10.0
e9d99a9afbb1cc56,none,False,58.0
afabdeb6aadd9dd7,none,False,54.0
bad2623e40dd45e5,none,False,54.0
89686db02fc248e2,none,False,58.0
5a3741c6a11e1eb0,none,False,38.0
961dee018df54de3,none,True,
3e39b8259ebad4e3,none,False,11.0
c64da9ce6424fe42,none,True,
d2c8939aa595d14b,none,False,15.0
4d9c20fc086abf62,none,False,29.0
9dbf1cc0b6361458,none,False,59.0
fe37ba958859cfad,none,False,25.0
df666a95067039ef,none,True,
979973f1d1223f99,none,True,
5dfec301fdd644ee,none,True,
edc08e23a5928189,none,False,42.0
2670b9b0a8672578,none,False,48.0
a276bd61f022834c,none,False,30.0
a292a0570f0a8e02,none,False,45.0
24bdb7fac602f652,none,False,52.0
c51fb36e048c7ab3,none,False,12.0
8f9f59cbca19f238,none,False,44.0
452a5c4576fca111,none,False,42.0
8461c32064d4f5f2,none,False,20.0
5f54a0ab09a5fd41,none,False,46.0
82491da053da1ae6,none,False,12.0
0843d0779bb1cc2c,none,False,27.0
076164e5a92f9c13,none,False,15.0
bcc2e38676c99957,none,True,
bc17e920e7e24871,none,True,
b072cbe646cb8f2b,none,False,49.0
bb27783e6b943f7f,none,True,
3539f97e8f4b84cc,none,True,
c4232fe715876a06,none,False,22.0
ff793aacae83f1d4,none,True,
0b4345566120b8b6,none,False,19.0
aa48ecc3d870334a,none,False,20.0
01421e5bb5a00b61,none,True,
111bd6396c187e1f,none,True,
6a0dc4fcf58c8b9a,none,False,33.0
17d9328620e9f3fb,none,False,32.0
008c12afc96f0bfa,none,True,
4b184a02d4326c31,none,True,
43bfd2432fe74dec,none,False,31.0
fef31ce6a5edb66e,none,False,25.0
152132cdeb736cda,none,False,33.0
5ea0117d3d9e30ef,none,False,53.0
a1facba1f0db8583,none,True,
abb2c0fb4617ad3a,none,False,34.0
34cbfdf7d33c0830,none,False,50.0
9019a110aae265d0,none,False,41.0
043de1d60b97237b,none,False,32.0
82186fc75e660a1d,none,False,28.0
749b6ba98e097d29,none,False,15.0
15346355ac46a0bd,none,False,20.0
327b418ad7a2e396,none,False,20.0
29ddc4fe3e026b27,none,False,10.0
734c4ea52a5f837e,none,False,19.0
0e847c5353e7b548,none,False,52.0
a283d9d8b9682148,none,False,36.0
adea1a8af0872414,none,True,
a8f5bd969edd207b,none,False,10.0
6fa44b13cebe39ea,none,False,43.0
55380125e8d954ef,none,False,47.0
9fc6137cb59e9970,none,False,40.0
5c9ea7b6be29b22f,none,False,20.0
fa091377366aefca,none,True,
37ecc129d5a65280,none,False,27.0
d7ca22dc72076073,none,False,28.0
735021b152c73b91,none,True,
ae07338018283b34,none,True,
cff6c2f56effa8ab,none,False,26.0
f482c586a51754ee,none,False,53.0
9547a30632daf53b,none,False,28.0
f8c47b86d155b268,none,True,
48f46c9ff56cfdd2,none,False,50.0
39d4f83d9cabd1b2,none,False,39.0
259a34627a2bc9f4,none,False,43.0
1898fd963ddb11d7,none,True,
77a4fcabe21860ae,none,False,19.0
e59259a798ced99a,none,True,
57e1b5ece751ab51,none,True,
e27578d385782642,none,False,13.0
533d3d48bba42911,none,False,15.0
a7fc8088421f5448,none,False,29.0
12d4c59d2d36a390,none,False,58.0
53f2d2f708dac0b3,none,False,14.0
fc338b4623ea2217,none,False,26.0
2f6ba0d2a42a7d77,none,False,41.0
b7de7309ea3cc449,none,False,12.0
b127109bf8a39f75,none,True,
3ae97c50feda2771,none,False,19.0
789b79fefcd826a1,none,False,11.0
5223f19243bc4556,none,True,
3f38b7f678b5ba69,none,False,58.0
3fcabf0cd9cd9bad,none,False,46.0
6c4923d7ef75e8d1,none,False,41.0
6e313b23c3a21d63,none,False,15.0
7693f1d9fa5e3f21,none,False,45.0
fff065fb082ab761,none,False,57.0
9bc51d1a12401448,none,False,11.0
2cb3e6a37a9f9471,none,True,
d8a5349cb248cc8e,none,False,13.0
09c281788b958efc,none,False,48.0
01eacc6c1579533e,none,False,20.0
e86f1652425065bf,none,True,
27ed5d18a997729f,none,True,
7e8c24cb229b1fb1,none,True,
a915afd54ac54f39,none,False,21.0
9dd070a2fd4a31c3,none,False,50.0
10bb56ccdbd99d2d,none,True,
b05b788a15482fe8,none,False,19.0
e0668d43aa35ab1e,none,False,47.0
6e96d9d820f95042,none,False,45.0
3c8a3c098d21ce15,none,False,32.0
d67753aefae46a62,none,False,17.0
b5d4539dd34015ba,none,False,39.0
79bebfbe80b660fb,none,True,
6b9286a704236502,none,True,
7d23febcb82a46e2,none,True,
9a2bc77a77ebd239,none,False,53.0
c19f12e19c058ffb,none,True,
86ac944b716a0e40,none,False,10.0
d1201efe65ff6cd0,none,True,
9f55cf9e1ee450c8,none,False,22.0
a5d80379c82cbce6,none,False,54.0
29895f8d74cdb568,none,False,22.0
f288d0ee84ed55f8,none,False,51.0
fd7a022539b41c41,none,False,18.0
1a0aaa977b1cb3ec,none,False,26.0
7a3eb6f12d332dcd,none,False,11.0
e510b91f813b3d3b,none,False,16.0
462b62a10327b697,none,False,41.0
e59f8a2e21415e3e,none,True,
a7c202de3c0de77c,none,False,47.0
42a44584c7e22a01,none,False,13.0
b782789a857610eb,none,True,
00c1382dbd2fb533,none,False,53.0
4ddd2e0b05ec82c9,none,False,19.0
385df9b8372e8c0f,none,True,
55eb18432b71afa1,none,False,39.0
c45eefd94b91fd34,none,False,24.0
fd49eca32d80d849,none,False,15.0
7a14c79645b31399,none,True,
021e7f3d83794551,none,False,44.0
1eedef30a3e07a49,none,False,34.0
153c8f66727f524a,none,False,20.0
b7b6cfd3b1d5e323,none,False,57.0
437ecd31670b9f08,none,False,19.0
d4928f687070987b,none,False,45.0
3ced5aaac4491370,none,False,30.0
6255a0cf5a3f8c4d,none,False,37.0
d889a7de447dbf93,none,True,
f8030a8fa47b63d9,none,False,51.0
7e21b7d96571dbab,none,False,21.0
b42504aa32bf5bed,none,False,43.0
2ad12a3858fe3ee5,none,False,25.0
d9af1add9e08beee,none,False,38.0
c2d837094c5e44d7,none,False,23.0
a784368107f20b45,none,False,48.0
ffd21e1299003188,none,False,57.0
bd061b4aac62613c,none,False,50.0
bbb4704356787a31,none,False,37.0
d5ac9c8aea779c73,none,False,58.0
334f2f91b11d715e,none,True,
f916702e53246de4,none,True,
0341f45b2773ae74,none,False,34.0
c4a21ed632492ca4,none,False,35.0
72262fde8cdf6af3,none,True,
b30d42e1e5badc00,none,False,15.0
80ba232a2f8f48b9,none,True,
9c649c51033c08a7,none,False,10.0
70478fe229377460,none,True,
c03ad83eae315e03,none,False,59.0
0cf618110d12a345,none,False,48.0
43e503d15e567340,none,False,37.0
1e32189d3de73b25,none,False,25.0
3778e720032b0eb7,none,False,34.0
c0cdc669928b8057,none,False,40.0
fdf5a4515848ad7a,none,False,40.0
82048f1a2d4efb49,none,False,34.0
b7f4f5d4d36a680c,none,False,15.0
07fb80e5eee737e2,none,False,22.0
c342494f62ef9808,none,False,42.0
67ae9a718e3a220b,none,False,21.0
7e26b69a4a440852,none,False,29.0
0f8f3216173e091d,none,False,28.0
73d03d2db0e4a0ca,none,True,
3fc43295356883ff,none,False,40.0
f06d6f7c203e425a,none,False,18.0
9d7de68487b8c7b3,none,True,
7bac7d7ecfe4d637,none,False,18.0
1ace6f368d0bd553,none,False,50.0
f69d55027f2123ff,none,False,20.0
ac97deeb76857c4a,none,False,32.0
2807005058059975,none,False,51.0
42ab77c84100d391,none,False,43.0
0aabe0b3ada4d32f,none,False,26.0
e226b25aabab34b1,none,False,27.0
9a9610085767328b,none,True,
1807d53df5ac9477,none,False,51.0
805aa0e7fc8e0acd,none,True,
bbdf94aadc1cc957,none,False,18.0
0126cd56ee36ae75,none,False,34.0
330e50c5ae9ac47a,none,False,37.0
95305b5c3c90eb2a,none,False,12.0
efa973382cede3b9,none,False,26.0
372f9cfbe75bddc5,none,False,32.0
e7a27674bd9bd108,none,True,
5f808d5468b44209,none,False,45.0
0572ff5fffa231f2,none,False,34.0
a55eb04f23f8b972,none,False,27.0
3664842173dae002,none,False,55.0
037c449f27b815d4,none,True,
1c057afa936a8738,none,False,34.0
6b6660919d027b68,none,False,36.0
0d27aba501ed70af,none,False,55.0
c6dc22c14eb57f66,none,False,20.0
81a645540e12ddb8,none,False,15.0
110ba3d0ed013b3a,none,False,57.0
0ed49eae1267b01c,none,False,21.0
9fc8c7a8f7397489,none,False,53.0
2a9424affbeca99d,none,False,45.0
bce73ca153176324,none,False,43.0
50174a754c954a79,none,False,41.0
b9a623dbddb46965,none,False,55.0
31380750d734edaf,none,False,58.0
32ecc2960a83bcc8,none,True,
115093ebccc333b8,none,False,29.0
93cf396e57dc6d7b,none,False,56.0
ae26034b2e4d7168,none,False,15.0
e78aaca8c372e900,none,True,
c187b14f2b09f2ce,none,True,
7c202231faa1bee0,none,True,
af506c3506710dbf,none,False,31.0
55f7650c48c79d4b,none,False,25.0
b926265ad5078c9c,none,False,11.0
5c216d58e72d89e3,none,True,
b932b49d007b4384,none,False,32.0
67d0b4dbf668103a,none,False,17.0
281b5a57f025b5ad,none,False,18.0
35418978ee88c55b,none,False,43.0
5d5da035dbd83aab,none,False,14.0
8df65f555c5c856b,none,True,
4960b343b27b03ea,none,False,23.0
62f652c377950d69,none,True,
cc615eb86b7cdfd0,none,False,37.0
86e7734bed0c06e6,none,False,46.0
f7b02c8bbe8ada30,none,False,44.0
e0e432197af356f1,none,False,28.0
8ec78e0ade0b5b0a,none,True,
14d0cf1ef5e15e72,none,False,57.0
18de1dfb978cba7e,none,False,50.0
718612387f53d1b3,none,False,58.0
7aecc300726a890a,none,False,46.0
0357aba646178900,none,False,14.0
d55d324e2c81c68f,none,False,28.0
d28166967736e46c,none,False,33.0
a6c91c7b9a0ffc25,none,False,39.0
d8fb3a47e1a658f6,none,True,
3d6c036f84168c0b,none,False,43.0
4e3b8812508c165a,none,False,41.0
c1eaf282b15861a1,none,False,30.0
c135dacd5127d1c5,none,False,24.0
c2e4c2d9959ef4f0,none,False,14.0
e1f930aff9a78302,none,False,48.0
18090c50cc91ee85,none,False,34.0
57ae308620018014,none,False,56.0
123b2e73c04c0a96,none,False,14.0
f34ab51be2600f68,none,True,
3c5d86218de99c1b,none,False,14.0
9f7ec3732a4849ab,none,False,13.0
6eaf4b8f94b34c0b,none,False,17.0
3ce4f219e69381dc,none,False,45.0
69db4f2d7f2d05db,none,False,32.0
78163e45bf2f0d45,none,False,35.0
8385c4f69e96e800,none,False,41.0
5b6fa0f3dbb984a1,none,False,37.0
e26dba7c7248ccbc,none,True,
125c3b4e599d6f5f,none,False,52.0
a5f4aba654eca61d,none,False,20.0
babc97f854a994c6,none,False,40.0
35895793b8287c38,none,False,16.0
9665d64e08ca72f4,none,True,
7e5148de6851d2a8,none,False,50.0
fd2df6144c61f636,none,False,26.0
91dfc8cdc0c8caf0,none,False,52.0
5230d7f65f7f7bfb,none,False,27.0
156ddb2866ac0da9,none,False,54.0
9c016e4b6357fabb,none,False,10.0
c19d78188ef7846a,none,False,23.0
3af9471a4c3d089c,none,False,34.0
7db442c850a207b6,none,False,48.0
d5716a1ac3aed1af,none,True,
1ed015c5546845f1,none,True,
8380ddb59a4f38d4,none,False,15.0
8fd9b1776c53eebc,none,False,57.0
919f751f62100cff,none,False,11.0
cfa3f3494ea1bc70,none,False,43.0
7206d09230705e01,none,False,41.0
fe0dc6536042d67c,none,False,48.0
08a8e6f5f29cf1eb,none,False,35.0
180d2c88fcc76aa8,none,False,34.0
133fb3408377ec99,none,False,57.0
004ae83a3641e70f,none,False,56.0
6d92505a23c97896,none,False,58.0
9569bac1d4fe7410,none,True,
64781fe2e6289d97,none,False,46.0
bb47599c23c9abfe,none,False,43.0
5b8e0dec66cdb2f3,none,False,22.0
6dd2001c37d2e7d4,none,False,38.0
c97e3e0d0b90b842,none,False,35.0
10a3ae47e9534002,none,False,31.0
0800bd3baba4dc7f,none,False,52.0
b21b972fd11ac110,none,False,35.0
5163459096994f9c,none,False,23.0
0cbe4d9498e9bb63,none,True,
4c974249d5ef4489,none,False,48.0
527a7a93fb51943f,none,False,25.0
b18765d0fc359532,none,True,
980901fb151ec5d5,none,True,
9ad4e681f440dc9f,none,False,52.0
6f235f35a081654e,none,False,14.0
95b6f42d2a315980,none,False,35.0
1a1e848144195d22,none,False,58.0
60e106469b60c2fe,none,False,16.0
0b3782776d1ef750,none,True,
b98795eff6c46b46,none,False,48.0
c469963e8d507282,none,False,11.0
1e797e7b146f2c75,none,True,
f4b42253291d4944,none,False,44.0
839004537b04b704,none,False,21.0
9d238af18bab415a,none,False,50.0
79a92ad91c1a872d,none,False,18.0
597fe0e1746cb75b,none,False,20.0
37bd7f314a3b1a2b,none,True,
0b474bce7fdea156,none,False,38.0
3bb299ea757c3f3c,none,True,
e476924818223609,none,False,20.0
0ab408a6d738c7bd,none,False,41.0
6f00fda24cca2394,none,False,52.0
f1e46f55d8bb139a,none,False,56.0
c397024216c913e2,none,False,26.0
c34562cedbe333ef,none,False,26.0
93056697c0e9f47c,none,False,31.0
564e8da76bfcbf9c,none,True,
eede5f578f89ea08,none,False,29.0
bc68066e93bf8047,none,False,26.0
9f91d1c6b4bc7796,none,False,25.0
1b363961820d291b,none,False,11.0
220c1df7a312cb13,none,False,17.0
33ebc3878a3e09b9,none,False,47.0
51e9c4b706692cf5,none,False,27.0
ea50237b228050b5,none,False,13.0
5f21e7d93cb3a641,none,False,46.0
72838cbfd789940a,none,True,
0e137fbde0f8904a,none,False,29.0
7a9447fa426a2b70,none,False,42.0
22de1f03334ca674,none,True,
219e4aefa4a27ec8,none,False,15.0
a5a23812b3ccf466,none,False,30.0
00248bb0c71f0e15,none,False,11.0
cfa43803976e5b4b,none,False,26.0
29c00542c83c4fac,none,False,33.0
ba397fbf640453fd,none,False,31.0
ec2a3e9476b7bed0,none,False,38.0
7acee763d2ae16e5,none,False,11.0
94c22b496c602b0c,none,False,41.0
f02b82e475eeb9f8,none,False,46.0
2b2cc94fbd670361,none,False,19.0
9359710ea0c82fb1,none,False,17.0
4f0d943ae759643d,none,False,24.0
fca6c471b511143b,none,True,
ac5bd03a1112624d,none,False,34.0
49ee722b1dff327e,none,False,19.0
9ec56781d5e29f88,none,False,20.0
718c93079a2917b2,none,False,36.0
8345776de41173ec,none,False,35.0
faf07450baf3a8d1,none,False,41.0
a439ff3307275bd3,none,False,53.0
031355c6e20ccd0a,none,True,
518d560739fa86d7,none,False,52.0
55d597461d40ecc1,none,True,
f7617f4d0a376db5,none,False,58.0
d5cfc68d44b2632b,none,True,
da607cfc7ef8d34d,none,False,41.0
9da55d81cdd66cdd,none,False,51.0
edd81a1648dbde7a,none,True,
3b82a1248fa2a900,none,True,
f9878f80de07e15e,none,False,46.0
ea38c68ac1b2d545,none,False,45.0
0db706241bc8aee0,none,False,37.0
9b34c9dd18319230,none,False,47.0
660f428da75fec9d,none,False,31.0
6d2a4b565716dc1d,none,False,27.0
8f6a732a2041a52d,none,False,12.0
07dcd3c5c6827242,none,True,
2b5667686df12852,none,True,
1e82eecc8d3ddfc5,none,False,17.0
7745d6f0bccdd5b5,none,False,10.0
8d8ede1a91062e98,none,False,51.0
ccd1da23141b2b36,none,False,28.0
5845a0dad65f4fe2,none,False,52.0
8b0bf4ddc07510d8,none,False,39.0
f545254a374c13b1,none,False,56.0
df3bdefdb968d7ae,none,False,41.0
2ba58fea31199569,none,False,44.0
1e3c8452cf8f6b66,none,False,55.0
8032471d257256cf,none,True,
d40e297506e9f291,none,True,
fc67c193c512595d,none,False,15.0
16b57773b385c028,none,False,54.0
82a09dac7aa5171e,none,False,46.0
4fd10d94f24d4d08,none,True,
9ed645814e91bd78,none,False,17.0
9cf7f36cfddb67c2,none,False,20.0
9569675c06e1d632,none,False,22.0
369c6d6c20b11abc,none,False,57.0
fbd377fb820f5251,none,True,
43b0e2eed62a8248,none,False,48.0
f0c2f8226e77509b,none,False,33.0
9d9c9aefe097c7a4,none,False,18.0
4015d5e593504395,none,False,36.0
d1bbb586d8786bab,none,True,
b5b565884b659723,none,False,23.0
b2ca03c2dc8ffcb8,none,False,52.0
d834c2774e12bda4,none,False,34.0
4adf918c2b8c74b5,none,True,
45c45e818ae5d176,none,True,
ccb14f16bc96d2d1,none,False,37.0
e6d761e4bb07bb88,none,False,48.0
b8da5e409b92ba51,none,False,16.0
a3a789110952e119,none,False,45.0
243e193ab2bc9c27,none,True,
dc43fac896043f65,none,False,36.0
1272032be7834d20,none,True,
c69d48202c636cfc,none,True,
98303e7802f7de18,none,False,37.0
6df40d8f1a2edbe8,none,False,42.0
84c81859e9852f61,none,False,37.0
e91fd51683658746,none,True,
fdf2dc44d7264f1d,none,False,20.0
b76952821132a44a,none,False,37.0
1934c7a053b239ad,none,False,40.0
4f119670976e9597,none,True,
2e1c49e4dd8f2b20,none,False,55.0
74420b9057204e6f,none,False,33.0
5bb52cd8f9b1721d,none,False,18.0
54fb031d74ed363c,none,True,
142dc3344ce17c81,none,False,34.0
1bb792c532ee5ec0,none,False,43.0
f0bec9db49d6c0c3,none,False,32.0
c9befe6103e9b823,none,True,
207ae08fd518b13b,none,True,
02c0143a47215c48,none,False,28.0
cb5b16007ee3c88e,none,True,
7cc412ce87faf8e7,none,False,26.0
be8016f0bf75b983,none,False,36.0
2e638cb0e3273857,none,False,31.0
bbf240b3349435d6,none,False,37.0
7eda16f6e1febad8,none,False,47.0
3d304ab9424ca6c7,none,False,38.0
d874978d7ca9dd6e,none,False,18.0
c71dd899e1ce8347,none,False,38.0
b80956345c5967c5,none,False,11.0
2d70fae352dcdc37,none,False,35.0
b22e760102b9e550,none,False,14.0
9bb288bc55e3ce2a,none,False,51.0
b5ae16693043e53e,none,True,
4b1dfb259201f3b7,none,False,18.0
9f9716c507a2b5b4,none,False,51.0
6ea3b9754a643bcd,none,False,12.0
47fe3ad089caab2a,none,False,24.0
e7fc1b88e80abcb0,none,False,17.0
70ddea27a396c950,none,False,46.0
87c37336e0eca4f5,none,False,24.0
af2e124bbe4ba8fc,none,True,
35de6bd2bd6aa05b,none,False,40.0
10284691745e8db2,none,False,51.0
dbdc12c0b0bf4fc9,none,False,20.0
59663ba5c366d80d,none,False,50.0
85004f3ab239446a,none,False,52.0
d10b8b73eabd0710,none,True,
bb5b01b965009347,none,False,10.0
d5c7accf5f82ba9c,none,False,37.0
c8807458025ab798,none,False,53.0
76452369c8329df3,none,False,31.0
36abc716ac1dab8d,none,False,26.0
c22dbadb9ecd3af8,none,False,20.0
9fffddb60a33e1d3,none,True,
41d122fa2bc7e107,none,False,53.0
8b43374ddf870374,none,False,56.0
02bb7ad028bf2511,none,False,31.0
936a64c1716663f8,none,False,52.0
12cc96f32d1c7716,none,True,
109b9243776c7547,none,False,30.0
2c55b365ae71c401,none,True,
0113a1601f27a0e9,none,True,
ae595235d3954a09,none,False,28.0
a3265b8e3199f79e,none,False,38.0
0a813e045cca19d7,none,False,48.0
7cf706ccbe7f522f,none,False,56.0
0d57b778b9eeec22,none,True,
03381f9306f119b8,none,False,12.0
e64420b036fc40e7,none,False,53.0
7f355ce7627ef069,none,True,
39670681407cfd82,none,False,25.0
2514de1571858342,none,False,39.0
50605aec44ca67fd,none,True,
b33402d3dcdbb593,none,False,24.0
2c2d18cc0a85628a,none,True,
5283336b7e6b4d24,none,False,20.0
be5926ba1d433468,none,False,19.0
8d83a8ad78a073ad,none,False,15.0
fda6e37bd33e5c1a,none,False,57.0
fe2f715c86ed07ae,none,True,
b9d4f1dbf401aeb0,none,True,
5f075fbee9792b8f,none,False,10.0
5e78d54074de5a38,none,False,21.0
27325b0c5dc94892,none,False,23.0
111b9e571cccd468,none,False,37.0
cd4b5a067908a270,none,False,33.0
b51f957e0d2c5a34,none,True,
06cae96dfde2d924,none,False,24.0
d743fcc3a7a8d296,none,True,
13b7415c63e0cb94,none,True,
31330f9cdf0f0264,none,False,18.0
610e2b5f68e5549c,none,False,50.0
abc4b208bc99ad93,none,True,
6fd93b56eac55cb9,none,False,48.0
601945415a786ede,none,False,45.0
3dd7f82f5da07046,none,False,38.0
78a7f7f30a7eaa51,none,True,
2423d1abdfea77e8,none,False,31.0
d8776a4b61842b94,none,False,11.0
32d23400775773e6,none,False,13.0
79fc0a5d604d2d96,none,True,
b9a2d1151fd5e3d7,none,False,58.0
d25ce86da94062c4,none,False,50.0
bebcb8a679576e7c,none,False,12.0
da46602e228da4d7,none,False,29.0
c142e0f3428b483d,none,False,13.0
c4afa4c6168b66ae,none,False,47.0
6c2d32392b74d82c,none,False,43.0
a99e3c6760c0f68f,none,False,39.0
75afc3369b6a1d1e,none,True,
ee673c5975660084,none,False,49.0
6bce51738cb611d9,none,False,18.0
3e91455ec27a2b37,none,False,49.0
b4db1183495082a4,none,True,
2bdf827eae76dce8,none,False,44.0
9d13d1377ac61ed9,none,True,
e3822087bae1e186,none,False,19.0
fec9b6b92893bdf9,none,False,55.0
8a8e43e768317f18,none,False,42.0
639d9a8e3618d2a7,none,False,54.0
ba7f644b92a69834,none,True,
140cba174a8b61db,none,False,56.0
9f0ec9d5de7df954,none,False,40.0
670f0ed4eafea799,none,False,14.0
a7b5a4f2b40632f8,none,True,
4cdf18005a54feb2,none,False,34.0
7569ee653539f570,none,False,48.0
5a4dd27cef10ba5d,none,False,26.0
88d3e3d66ef57398,none,True,
249d40cca7bfcafc,none,False,56.0
0ace606c6fda581d,none,False,45.0
fd7fbf4231517e87,none,False,17.0
16eeea2f172e07e2,none,False,13.0
cb4d7994de3c06eb,none,False,14.0
03abe409d33580d2,none,False,49.0
7f8cfd345d90b98f,none,False,17.0
05aa37c7f6f8a4df,none,False,42.0
2e737bba92e0b8ef,none,False,24.0
8b4366cfe15ac0ba,none,False,57.0
317d841ffee6a442,none,False,44.0
c659aa9fa98564b7,none,False,47.0
eda22bb17da068dc,none,False,22.0
ec187bf578119443,none,False,10.0
50b60dfa9a93980c,none,False,46.0
01a9498881a5ac66,none,False,16.0
781873d67eb801c4,none,True,
cae87ffa2d50fa38,none,False,17.0
0d069e326461fc12,none,False,34.0
d4af16b1aaa18779,none,False,19.0
fb89d2c111e40e32,none,True,
481ec001f3230c5a,none,False,41.0
d49c7d9fab830900,none,False,42.0
a5404f8ac00853e2,none,False,29.0
ef18b3dfba8f92fa,none,False,21.0
0d6986a9beb3488e,none,False,44.0
b28f479b67d48f6b,none,False,51.0
a9e8c773260664eb,none,False,26.0
454ea69e8597c335,none,True,
5d270f89212e686f,none,False,26.0
7b37846273b4ab6f,none,False,39.0
262603a7b14a0607,none,False,41.0
69c6ad9f4897e7f7,none,False,54.0
d445ca9c320ba1cf,none,False,24.0
7480ee41a410126c,none,False,38.0
9662d049b40030bb,none,False,26.0
9df870096cd91e31,none,False,59.0
1d3e2ede078d6492,none,False,32.0
b1f47ca011eb55c0,none,False,49.0
d27fae333e221e2e,none,False,29.0
6ac11ac49aae4600,none,False,58.0
56664f95cdfaf342,none,False,16.0
16f53e4e3437e112,none,False,37.0
f3fc80fa62e5c26f,none,False,44.0
848abfdb703fe81e,none,False,21.0
0eb36515ce286d20,none,False,22.0
781246ba3aa33592,none,False,34.0
f9ca597f7b348df8,none,False,19.0
c5a8537e7c4f390d,none,False,35.0
7fc5590027ac5fe7,none,False,59.0
be0d37d20fed815e,none,False,48.0
a75a4e6bbdd2bc0e,none,True,
00e68060c29add45,none,True,
846e60eccf04b254,none,False,18.0
06df075022cc0c5f,none,False,33.0
502c0686bf65d035,none,False,10.0
3642599c7e6c2e58,none,False,24.0
3498115e0e2a0ab0,none,False,32.0
a43b79d9b299d3fb,none,False,53.0
eae97ec6a30a0c1f,none,False,20.0
c057c7ea5c33ec8e,none,False,23.0
ff0b81937d803413,none,False,41.0
ce026e5da1162bc9,none,True,
1519e4055757ac17,none,False,10.0
25b2d5a074081ba7,none,False,53.0
b16f9ff9f77a5cc0,none,False,46.0
aa1dccdc4e734124,none,False,19.0
3dd3dc9fa822b443,none,False,50.0
3eb319d190684ae2,none,True,
253452066f18248b,none,False,28.0
5121960892ad2307,none,False,48.0
0a3f4a9e0602eb0f,none,False,36.0
83aca2cc713e3f0f,none,True,
e86f9bdfc3e5181b,none,True,
b84d1d153679a9f7,none,False,15.0
9be1a49d505aec68,none,False,25.0
b4a911aa0efc7e26,none,False,14.0
81da0d6a1e063706,none,False,40.0
eb8fc0d28be794c4,none,False,31.0
bd25212e04f83729,none,False,12.0
6c34327fb2d01217,none,False,51.0
8b6015bf5777166c,none,False,59.0
b7b4e6018c24bb1f,none,False,25.0
779a9d9476d7a899,none,False,29.0
6bcbedd9ef48ac88,none,False,29.0
6b78bb55f283c38f,none,False,22.0
bf212cfbeb41286e,none,False,24.0
2cb7e2aa5fb80f26,none,False,55.0
05fd42b51eee452f,none,False,40.0
d7c0382f8af7f43b,none,False,25.0
9c532d92472d7ae7,none,True,
0aada61fa9ab26b1,none,True,
f39b461d26f6b729,none,False,47.0
6cc5c7c627db2890,none,False,45.0
6f2b07e0acb9ac75,none,False,24.0
2506ed6f7173dc19,none,False,36.0
a6382db792e42759,none,False,22.0
41bc3b6fcf24aedc,none,False,18.0
8ab52dbf3b4036a6,none,False,51.0
0b920fea9900467c,none,True,
0a421e9cb9b97ae4,none,False,28.0
c882885b33e2f981,none,False,24.0
98fdded366a1e55b,none,False,57.0
e76f627e569761d2,none,False,41.0
2a681c4605b82d0d,none,True,
a0960e0aed9a4b04,none,True,
e7d74bf91987d787,none,False,57.0
be05fbc23f77d9ec,none,False,42.0
b9f2b4999d6f5165,none,False,49.0
b9bb819cc9901f28,none,True,
388bc1a52caef002,none,False,19.0
08774da2d1cf2bcc,none,False,44.0
3996e6446a61b8cf,none,False,50.0
d699fa48e15d6ed7,none,False,28.0
49fd8024caffd196,none,False,48.0
09067a207301c557,none,False,35.0
c2ad33e447fd92c1,none,False,13.0
c2e7eaf5cb2f1a63,none,False,43.0
7cd6f389e58895a4,none,False,11.0
f33843f17e2ba59a,none,False,41.0
df8f65887f855261,none,False,28.0
e4e4ce399fd71caf,none,True,
fd0f81b9c8a7bd12,none,False,35.0
06dee98bdea2f773,none,False,34.0
8b82095515a44df9,none,True,
dfc8b9c2d381eaac,none,True,
9714ae97876affb3,none,False,24.0
a6910b17eabe01c7,none,False,16.0
a7f32232b1054707,none,False,40.0
6b9fe1743e9ef339,none,False,45.0
e065c43a1975fb7c,none,True,
ae9618f344573193,none,True,
3090159cccbe631d,none,True,
96e5f66f1cb5a153,none,True,
4b99b3087d29482d,none,False,31.0
ed63ff2369f1ceb8,none,False,18.0
bbe587d463f20899,none,False,44.0
8f50e880d2b8e1dd,none,True,
721a4b1d983e83f0,none,False,54.0
cc4c219997f5a35b,none,False,34.0
f55347a2365e9d2d,none,True,
335338c6f467c88d,none,True,
531b3aaff01e081f,none,False,11.0
78263deacb62a908,none,True,
7047b4390b8376a8,none,False,29.0
36ecf8e7f2d28b26,none,True,
9136d03018e823e9,none,False,30.0
c575a065cc807c51,none,True,
b5d549cb31f8069e,none,False,28.0
aa2ca1ef0928465d,none,False,49.0
3cfe676f65240d25,none,False,44.0
61dbe198d67a4aa5,none,False,17.0
e147dea11748fef9,none,False,43.0
272b0703862899d4,none,False,34.0
548799f32a892afb,none,True,
acdb686811448084,none,False,55.0
459def8b01e4b936,none,False,30.0
74c15e854690be02,none,False,37.0
3d0a57260cd9810f,none,True,
215142f43f646682,none,False,39.0
4787625e93452439,none,True,
b38344eca9a1d806,none,False,36.0
95afa44766a988ab,none,False,46.0
6ef255b06832bcda,none,False,33.0
dd6095a4b9764351,none,False,52.0
efcc24583ee5863c,none,False,32.0
2c204e7f242700b6,none,False,30.0
071b59cb47350bc8,none,False,14.0
b1f943ac5d3a1b8f,none,False,56.0
0d88aa0bf001a37f,none,True,
cfbaf0fddebe1dd2,none,True,
89af1ea01a1e866d,none,False,43.0
2f66dc0acb219e59,none,False,21.0
d6bbcb67291e56c0,none,True,
954ef6e84f41dc31,none,False,49.0
e43b1089068bf235,none,False,12.0
f6d26cd916580e60,none,False,45.0
4a8c73b9c71627ea,none,False,45.0
6c79dab3ec06a078,none,True,
47c0c96da08aa842,none,False,54.0
7206a274e2322aa2,none,False,39.0
f463cc4a7a753a7a,none,True,
18ae02dcd4b860c0,none,True,
0dcd8827a9ab24d8,none,False,36.0
37a05bca84b4f99d,none,False,17.0
0ca824c2b75285d0,none,False,46.0
eed754bc33eacba2,none,False,48.0
082bbd285c7143a4,none,True,
6bbaace2a5a99c89,none,False,19.0
c0bf0ca2ecd36a0d,none,False,23.0
5fe347556449d6f2,none,False,21.0
faf4c415d57df55e,none,True,
2b94ad6516c52952,none,False,44.0
dab76e74bb7144d0,none,False,12.0
2b03472ff1a638ed,none,True,
5d1b8388d183558c,none,False,44.0
975ce5f0d6c171a8,none,True,
018110dab806987d,none,False,39.0
6ebc0c80dbade18e,none,True,
bea814306f34d432,none,False,32.0
b73ec8089682422b,none,False,36.0
40fc2c459e85bacc,none,False,55.0
71aa716da4b6e3e4,none,False,15.0
6c4ef543ecaa80cc,none,False,31.0
349a05b930b69be0,none,False,24.0
1618c3873ebb413e,none,False,47.0
98e17ead8fb8275b,none,False,24.0
4e9e821ecc223b4a,none,False,33.0
30aaac6679895a03,none,False,51.0
973368e665ce25f1,none,False,17.0
600fe936bc5f3210,none,False,36.0
f8e179f831114b96,none,False,16.0
2763366b0c257b33,none,True,
be1ace0d9970df2d,none,False,34.0
7f7563e4df47394e,none,False,25.0
a51e2e67c880a34f,none,False,31.0
145b633b2c76f928,none,False,37.0
6a17be4700f68b75,none,False,18.0
be128d1666e9f114,none,False,36.0
316713fdfef95da1,none,False,47.0
df35f9f87eb052ee,none,False,23.0
1070d906df3a5615,none,True,
8b24a5f0d0106e72,none,True,
a6c2614f1b190509,none,False,12.0
60b6ae3b2d37ac76,none,False,31.0
f200703c517bf42f,none,False,58.0
c8fcfc51069c34c1,none,False,31.0
492b76d3a249b156,none,False,22.0
a5557b856238561a,none,False,30.0
1406065a250771ca,none,False,19.0
4d574882b69c026d,none,False,51.0
ae9a5765d6827b82,none,False,37.0
e651df5e18b79cf6,none,False,38.0
edbce53caee7a4d9,none,False,11.0
00f6b272688c38ab,none,True,
0011659da9dcc924,none,False,18.0
73305a9e43e263b0,none,False,14.0
2a6e3b6c29852360,none,False,59.0
bcc23f4e41aceac4,none,False,27.0
31f36a09a2c29dd1,none,False,11.0
d00270f2dfb4f2a0,none,False,13.0
d2f081e548e9c59f,none,True,
537ba4e32ffb7642,none,False,20.0
ca1e75bf7d0953e2,none,False,18.0
56834ea2b274675c,none,True,
2e5f59d3c108a693,none,False,10.0
c5cdc648e866f227,none,False,41.0
2167f8859276ed8a,none,False,31.0
a0c2c150bc82a558,none,False,57.0
02efc2964f46849a,none,True,
70592234cbf19889,none,False,27.0
7e6afe83f6c33e55,none,False,34.0
7e5f95a3fceaf4d7,none,False,58.0
4c3eb2a7f06505c8,none,False,40.0
39f971f67999012a,none,True,
a9fd0ab239fdbe0d,none,False,37.0
db07e797784f2b09,none,False,16.0
155c87c15b60f61f,none,True,
97305a2c21bc76c6,none,True,
7a0a0a868b519a64,none,False,29.0
e73890bfe2c94e23,none,False,58.0
a65399f3e5d10f61,none,False,43.0
5790b3188bee6600,none,False,28.0
cfb6621e4f6bd1f3,none,True,
e62c9f019f54c3ba,none,False,43.0
6d98a28b76b510e9,none,True,
9e1bf7da82f757c5,none,False,13.0
43b3cb72a68d78df,none,True,
131a673ba66836ab,none,False,17.0
4769a9e362d36fa4,none,False,38.0
13d91443f763daf4,none,True,
4ea49bdaae251a4e,none,True,
838cb2eb3aab2469,none,False,45.0
c4ab41a6e0acc294,none,False,54.0
8dfba1cf5a7d256a,none,False,38.0
adfec2311929e951,none,False,45.0
2e506f5a2c87cf5c,none,False,51.0
1b4ae4098745a305,none,False,54.0
48093b3475eef41d,none,False,32.0
2fa328fffb01fe48,none,False,42.0
6eb00d238eec8b9f,none,False,17.0
6da490e62eba23da,none,False,43.0
36975a3477699b84,none,False,17.0
7c9bde79d4c980d0,none,False,39.0
ad3a90157ade7b8a,none,False,37.0
5f29e8fe295e54ed,none,True,
35b8fdc7d1ea6679,none,False,19.0
8befc99d016920c2,none,False,37.0
a3f0e77698e49615,none,False,12.0
0414a39185756167,none,False,17.0
5c1c42458ff7a2ba,none,False,57.0
53eb6cb3fb02eea8,none,False,45.0
994b679921ef0db7,none,False,50.0
f91cadfc20d13c02,none,False,50.0
b1c52332b81abcc2,none,False,59.0
2eab680220373d46,none,False,53.0
2f299a43fd2e3e6d,none,False,47.0
5db39f4a126f395d,none,False,22.0
3149be62e2d749bc,none,False,56.0
ba9456ef6ee03982,none,False,46.0
bda44d79fa02207d,none,False,32.0
e9c87ec7b660ab59,none,False,27.0
d2cc202d756e4710,none,False,10.0
1e7d99ffcd43a4b4,none,False,58.0
8f9b68fa9b18293b,none,False,51.0
2e05fde820194091,none,False,10.0
a09a89295c7cba0b,none,False,31.0
3c3074a1a389dda9,none,False,31.0
e6c3e9ca98609bc4,none,False,22.0
c7884a7f464d15ec,none,True,
28ae91b21f313818,none,False,26.0
916a2c63432248e9,none,False,13.0
6a0434318c4e2611,none,False,59.0
2c78d8949c261a15,none,False,44.0
467690439a4980ac,none,False,42.0
d7bcf81bb95eeb10,none,True,
8175f22f0852c7b5,none,False,48.0
f6619049210389a9,none,False,10.0
92ddc6964611d19c,none,False,14.0
c7a6a937b2dcd8d5,none,True,
a78272128add1405,none,False,31.0
8990e0388beca9b2,none,False,54.0
c23cf97429a5092e,none,False,39.0
4a5815d95d72ba52,none,False,40.0
458f047df5715e67,none,False,37.0
9ccc4e9184f3597e,none,False,28.0
6ecbc1d8f5d72765,none,False,17.0
f24d9954b5bc441d,none,False,52.0
bf97cb5607ad6058,none,True,
3295f1604cd33cc7,none,False,52.0
ea7aab5c61f17267,none,False,26.0
cfe0f114c4094c4a,none,False,51.0
18adfbe9f538cd3b,none,False,48.0
3c1e0688a8b4479c,none,False,52.0
703c683c26be1fb9,none,False,57.0
9ea5c332c9c909fd,none,False,58.0
9351c74e1b7e8d95,none,False,50.0
55866c19b1a4deac,none,True,
3b7efd961b2fa1ec,none,False,22.0
7422ac6d8024727f,none,False,52.0
cba8b5b47608500b,none,False,16.0
094c7450b8fb2107,none,False,41.0
3cce2bdeaf7dd002,none,False,39.0
f4de6d117fcd3f28,none,False,57.0
2ec5a9d8b2384f01,none,False,53.0
7415d35b254b805e,none,True,
8398e7011c4e3292,none,True,
a39a6f756ca6ad73,none,False,18.0
448894e205b951a8,none,False,49.0
9ec3dfeeabc5b78f,none,False,21.0
86151f38e6f346c6,none,False,21.0
c5abb75e5848f6fc,none,False,47.0
4ebc40a67613f06e,none,False,50.0
215f92fca83678ea,none,False,31.0
07a7fd1c15ce0c18,none,False,28.0
0a0e253509008f36,none,True,
983d67f86ff5e9d8,none,False,34.0
ddcd15757f51a15b,none,False,13.0
ec13b280884e5124,none,True,
57411916d568fc86,none,False,18.0
55a894386e2cafa0,none,True,
4009b53c14bf6640,none,True,
217c15f052df753f,none,False,51.0
d060878cc82d0158,none,False,36.0
b17a92df2260d659,none,False,17.0
d6c0c9e10adc8550,none,False,38.0
abf203985e158c8a,none,False,10.0
b18285340d716a1e,none,False,57.0
f17e6a9675587aef,none,False,39.0
419a29f9009c45da,none,False,21.0
47960c996649672b,none,True,
02d43ce4d0c4116e,none,False,22.0
469aad362447a686,none,False,29.0
9165daebe504776d,none,True,
9f3b90a9e23a7f51,none,True,
44ffec1a04e557fb,none,False,11.0
e77a6677cead6fd0,none,False,49.0
e1964ea27ffe60b4,none,True,
1c7787f4e8c9278e,none,False,58.0
60890b052d2605d3,none,False,32.0
98570804b1c82ec5,none,False,25.0
5acf9a04c11491b0,none,False,23.0
9fdd0d8f7f3d6c46,none,True,
3913cf6d34fccfee,none,False,54.0
c58cf2c1610c48f8,none,False,50.0
591055011c8df6ed,none,False,25.0
d0fd0a0c3c56a30a,none,False,29.0
926ec773c114eddc,none,False,34.0
ec9c8436fb1ddc0b,none,False,54.0
fdceb251feb712d5,none,False,13.0
f8a0d70cd297678b,none,False,14.0
daeb0b6762c19b2f,none,False,50.0
e87440212ac18b48,none,False,26.0
0af5045722a3c7f3,none,False,31.0
97a03d6ae1c4adf5,none,True,
6c16f68a27b1c549,none,True,
0f48f9c5851afb98,none,False,16.0
0b5dad2e9294a035,none,False,54.0
9a36056cd039353a,none,True,
4bc9319bf6d05b06,none,False,36.0
46edb8c3dfad72a0,none,True,
b8606216e804265c,none,False,16.0
15db2063b0fd8acd,none,False,53.0
fc55fb7efbc37dfb,none,False,11.0
70aa5d4cca0d6c06,none,True,
af016a1b82097024,none,False,53.0
9e0a9911d830aedf,none,False,44.0
c2b1a3b0eba33cb1,none,False,43.0
388bc821303efa81,none,False,31.0
9d03d4cb20da0f27,none,False,44.0
b65f2028da9e8956,none,False,22.0
adb2bb4cbac1896a,none,False,42.0
7d60a576ffaf6515,none,False,47.0
2b284bd408308aa6,none,False,57.0
253d62c8d9337e1b,none,False,20.0
ace42d98aa70c5d1,none,False,33.0
03255f8ab87c71fb,none,True,
7f3646977b30513e,none,True,
933569cd4657363b,none,False,22.0
1b1615a691dca93f,none,False,52.0
d83289edb1fb543d,none,False,34.0
bc0e33ff6ea7212c,none,False,59.0
42df8efa2d1fa42c,none,False,29.0
30aabde61b114d84,none,False,57.0
a500cffd4f716f47,none,False,56.0
66f88b66c9d93039,none,True,
cbf30a0bf7de20ef,none,False,47.0
16a2a55bcd215ee6,none,False,19.0
b7595db709655ec6,none,False,47.0
d5017c425a9679fd,none,False,16.0
901f397949da98ec,none,False,42.0
25d9872b1b70a46f,none,False,45.0
ba68d68fa668973f,none,False,31.0
bc34733e7158ec02,none,False,19.0
5e36ed4e49d509fe,none,False,36.0
6fbfe696c63f6669,none,False,56.0
33e9423567fb35bb,none,False,23.0
bc888bb4eb3b2456,none,False,45.0
d61162f0cabd4f12,none,False,33.0
5f951a6c6a72afc4,none,False,36.0
1855174b26708311,none,False,48.0
20b778d49e65ee9a,none,False,21.0
412eb167dcd0facf,none,False,15.0
6f096c12fc786a8d,none,False,42.0
8cfd0698fb28ee1e,none,False,14.0
6954ed4373785acb,none,False,36.0
ae95281a679d6807,none,False,15.0
f8ac551ae1714c8c,none,False,49.0
819614d00fe0b359,none,False,22.0
1ae0f850a5868c30,none,False,51.0
a44caf8fc8b7e88b,none,True,
bf4074bc2ed10b47,none,False,41.0
1e170953a54e7eb7,none,False,45.0
e1ae25695c38003e,none,False,46.0
ae351ba34f2345f1,none,False,32.0
6412a37e264837db,none,False,12.0
d2dff4e67ea8853d,none,True,
b856d396bc5075ac,none,False,52.0
79624d969d7e531f,none,False,38.0
1127ad435d9e255b,none,False,31.0
33f9b87fd83b9f74,none,True,
fe62b32f8d194548,none,False,36.0
049613d09f4d56bc,none,False,48.0
14b5a293e5cfb889,none,True,
0409fd613d5fa178,none,False,32.0
ea8a67568853b5fd,none,False,36.0
eeed706201ef77b7,none,False,41.0
8ca1e14baf1fd0de,none,False,31.0
2d429b0b6993ad6c,none,False,29.0
48ddb42155dc3644,none,False,46.0
7020e72d7c448516,none,False,18.0
d6592e424b92478e,none,True,
4cd7da76bbf52b7d,none,False,49.0
0b98d7f31f6a096e,none,False,38.0
0c117a2fb0d92fc2,none,True,
4d4c21f27e614c3d,none,False,49.0
fb503e3217eb5e62,none,True,
c5204208dce50660,none,False,40.0
393b8a4416317e34,none,True,
51306a2df7a657ff,none,False,33.0
73bd1b4b89e2a3e5,none,False,22.0
2b10c88227c2e066,none,False,43.0
343f6d3892b81073,none,False,23.0
866133f1dca6e519,none,True,
1f0854e30c84359c,none,False,34.0
22688cb87bf68a2b,none,True,
d50aadedf0bac760,none,False,17.0
a56c6a755c2999ef,none,True,
b64edb8ce19642f8,none,True,
05bd5dffccb7099a,none,True,
9db30ba6241e6258,none,True,
7ecf829453c412d6,none,False,26.0
5f3ec1d315b85afd,none,False,47.0
53f12b6a23aeae12,none,True,
92f47163cb6e2c24,none,False,12.0
387777beca37fac9,none,True,
f649d7831479c607,none,False,43.0
1c86fcd6878bd561,none,False,47.0
834a4e6ece7fb04e,none,False,27.0
1a77f020ffa03141,none,False,22.0
0117cd07dfeadb74,none,True,
e443776586f25ffb,none,False,30.0
624912408c07ac60,none,False,12.0
0c7ed010f11ecbec,none,False,28.0
2d5b2fd6216b5e3d,none,False,54.0
9bfc826fcbf4550a,none,False,49.0
9e81ab292fd01247,none,False,39.0
03de6f94cb291686,none,False,38.0
aecd0a34e4805aa6,none,True,
fd3c7d6d63ab78a7,none,False,28.0
48c146abd7ab2f5f,none,False,23.0
7c6af26a8f60984a,none,False,26.0
50906425d8443d88,none,True,
0ab5f739053af8c0,none,False,37.0
b7f0b5aca145a43f,none,False,44.0
7fbb4d9abe6cd19a,none,True,
b008efdaaf7ea264,none,False,34.0
14ba2d8ea036b9e2,none,False,11.0
4bad523d798b9033,none,False,34.0
775fa292c3900e28,none,False,26.0
2d83130b57707128,none,False,46.0
8688522e94ab237e,none,False,57.0
2c2407d56b4e82ff,none,False,45.0
8f7aa82fc3a1e67d,none,False,43.0
92d97a49bb5d6047,none,False,29.0
9c7645bf68af9399,none,False,30.0
6603d5ea794ad37d,none,False,57.0
c1f98f1cdb1f4193,none,False,40.0
0833c57d1386a6c9,none,False,41.0
99c70fe45ab48e58,none,False,16.0
b284a86d4eebb404,none,False,54.0
bfff3a9ccc831256,none,False,34.0
5815d27eb71271a5,none,False,16.0
55e254b4c01a2f35,none,False,42.0
535e8ac6ee2120dc,none,True,
db3b044239a9eb18,none,False,18.0
17c3b4a9631b4546,none,False,52.0
2d1c8d253ed49611,none,False,47.0
963c5b6bec0de176,none,False,25.0
d109cc1cc61d89e1,none,False,14.0
21204a00ad4f139c,none,False,47.0
3f6aa1addd8eabd3,none,True,
8c6120ba90144612,none,False,25.0
0a79fd51a892d0ca,none,True,
82e9e19504e0c4d7,none,False,50.0
c2db4d03da9edaeb,none,True,
74e1675a9377b85b,none,False,31.0
d39d35e323dbb01a,none,False,22.0
66f9d1c8a47e45c1,none,False,58.0
d1b8929dec425dfe,none,False,13.0
753c3222ea4b0d35,none,False,44.0
541d5ebed0efb38e,none,False,48.0
55736ebf31870bdf,none,False,20.0
6005c7b175570d35,none,False,38.0
190ea7421a759974,none,True,
ae206cf3e309b05c,none,False,28.0
d498476d72f5186f,none,True,
a2c3478ec2b2678c,none,False,44.0
38a30462e26e237d,none,False,30.0
dc25223054082653,none,False,13.0
c60f463e819367fd,none,False,52.0
b9fb89a16c7da02e,none,False,12.0
301d9c5972a92ac1,none,False,46.0
7f77a0e44cef14a6,none,False,56.0
b8794e169f539252,none,False,24.0
1fd58dda8955dfa9,none,True,
27981e313a5a1fc1,none,False,50.0
eb6770137286f16f,none,False,30.0
ec76bfc29e42b4a1,none,False,57.0
1ff0b496fda7e7cb,none,True,
6b5767b3e8f6ed24,none,False,36.0
cac3305ac8e077f1,none,True,
1c177d34d55375e9,none,False,12.0
22644478408e9d43,none,False,17.0
4c6eed8c475f2171,none,False,51.0
5ace6b9f16222e1c,none,True,
beff1e3d9c56351e,none,False,21.0
33b006d554647c86,none,False,26.0
0125170527397b20,none,False,21.0
c828b647d8275705,none,False,12.0
ee4c018ba34f4524,none,False,53.0
d649361dee65e424,none,False,50.0
a8ad14abcad1e07e,none,False,21.0
11fa0d4255adc93e,none,False,38.0
b1fdb278ba0a3849,none,False,42.0
8c615fcfcb8bfdce,none,True,
197aa5f2efe87566,none,False,40.0
28f961d5e97f567b,none,False,40.0
4961509af5c3a19d,none,False,58.0
3d416c15068fbfd8,none,False,10.0
5c412f5de579d902,none,True,
507c8ac92ff0ae74,none,False,10.0
d98490414f345162,none,False,29.0
c2b952e7cb376485,none,True,
8dd55d57b79bfdf8,none,True,
b88250e91cd6663c,none,False,21.0
5325b07b729a87b1,none,True,
6b9df7a5abe9f3ce,none,False,40.0
3c78e31a95becb0a,none,False,20.0
c3c1e27b7feb9357,none,False,37.0
7e9cf5b60df27705,none,False,25.0
e083955478853000,none,False,53.0
9a1b80e227974487,none,False,54.0
4dff30c70cea80e8,none,False,39.0
483ecc5f22b7f020,none,False,39.0
0f4c2b1c79939442,none,False,40.0
9ad085e76b5b0eb3,none,False,27.0
dfb4d370793d67cb,none,False,19.0
13c9e8e9f6645920,none,True,
d818250492bbc9dc,none,False,56.0
c38b0eefd88f3029,none,True,
253288396f1f13cb,none,False,41.0
444c6ed140973c4d,none,False,44.0
ea741c712cc92d9e,none,False,14.0
f4a7836d08840d16,none,False,27.0
fe6b458c09545407,none,False,45.0
c5b59a940b58be4c,none,False,40.0
6011b9ea333022e1,none,True,
f8b9438ac14466a1,none,False,50.0
87593f99280b84f6,none,False,10.0
ee84ccd426150cd3,none,False,25.0
0327fbed20536ff3,none,False,14.0
d3eea42e2e3eb74f,none,True,
d2d0bc58dce6c3a8,none,False,24.0
1d923b7a0b784e14,none,False,19.0
9f6ea9547e5aa7d2,none,False,21.0
63fd1f564d795ddd,none,False,56.0
8d1ea89218e6ad74,none,True,
6ce00f94fda115fc,none,False,57.0
5d43c715a251c3d4,none,False,37.0
bb6bcdd2d5ae173a,none,True,
122745c146e555d5,none,False,28.0
53031c90cb37194a,none,False,27.0
43c0ebd34a787f22,none,False,22.0
743bb56a56c1696d,none,False,10.0
b2ceb42778d40f14,none,False,36.0
572a12785ad2a377,none,False,20.0
16bf0ac49aaa97df,none,False,25.0
b5134407834fde06,none,False,27.0
d5019cd0b75983c1,none,True,
c977389a6a5a57db,none,False,36.0
4cf95a935df4856e,none,False,21.0
01144e01297b1e3e,none,False,28.0
3bd2812c834c5903,none,False,36.0
0082adebd2f67f40,none,False,17.0
cee47b1e0a4be06c,none,False,10.0
f5c5ef3f36d4ea70,none,False,59.0
b3c85d30a5282010,none,False,11.0
9897dc3c6f00f405,none,False,28.0
340ceb0640493d84,none,False,39.0
0b7c0342fba3d6e0,none,False,32.0
f3c2ffd57b1a4cd1,none,False,29.0
cdb9a65e10ac2bb7,none,False,50.0
e95a0b3776db2a6c,none,False,12.0
6b7a4a5337c7d4dd,none,True,
a8f490e33db51fe5,none,True,
6e74fe38a2189432,none,False,54.0
d8b7dacb6ac3bea4,none,False,18.0
247d33c67f1a57be,none,False,46.0
43d4cbb715601014,none,False,31.0
f52b9e6abe24fbfb,none,False,37.0
e5835d11474f3713,none,False,37.0
86fd942f08e369be,none,False,22.0
08819a4dd76c235e,none,False,39.0
0855a0821d932457,none,False,57.0
bbbfc31b92997acb,none,False,13.0
eab018155cafda93,none,False,11.0
7a53fcfca28bd4f5,none,True,
b08600e025015b82,none,False,43.0
422dd71ec809b06c,none,False,16.0
2a5ce237aa8b4348,none,False,42.0
618ca1bfa9542116,none,False,42.0
9b6e8a583614e9f0,none,False,36.0
8f06d5abdaee1acc,none,False,59.0
4cf45f50960d01ef,none,False,27.0
ad5dc22b45ed2fa6,none,False,38.0
0eab27981e82b775,none,False,14.0
144fbf8afb0cd572,none,False,16.0
ab27871a21721210,none,False,29.0
5d3373720db692e0,none,False,26.0
3d250ea331621748,none,False,11.0
1d61c8888fa0f4a5,none,False,18.0
03d585f3a8800594,none,False,29.0
208aaef9392f89a0,none,False,34.0
9bf372788db0ebe3,none,False,14.0
fe5e243e03fea4b9,none,False,56.0
d8ef1db799ad27e2,none,False,30.0
da1c19a9e31341e2,none,False,26.0
458ff6397145557c,none,False,38.0
4f7bc57064ee17ed,none,True,
220bac31e6e06693,none,False,25.0
4b45bc7ca7decbae,none,False,10.0
fd8b23aa573082e7,none,False,39.0
bb24ae6e3bd3609c,none,True,
e68dfae392825ebe,none,False,51.0
ab98e4b8f0df0056,none,False,41.0
b3616bb02f4e52d3,none,False,13.0
bd19c81478c8180e,none,True,
f21c366920131b7f,none,False,55.0
19b47e4ca090a82a,none,False,15.0
928943871591ba3a,none,False,17.0
c0ea3f03b8c7a955,none,False,28.0
250af2562f5deb1e,none,False,38.0
7a5c8be9911d861a,none,False,57.0
342f0a15e9fc36c3,none,True,
1933e9344bcf08f8,none,False,26.0
78c06cc981d46ca0,none,True,
94b927f7452b50f2,none,True,
20fa79309586da63,none,False,24.0
60ace7ffdacbfada,none,False,12.0
ce3132ec347725bd,none,True,
98e06c2b9b7e5e63,none,False,24.0
4c6a47586b25307f,none,False,27.0
9313522ddb5c375d,none,True,
06694cd6849315da,none,False,13.0
48f7aae9bbcde762,none,False,47.0
788864f2f4b528ff,none,False,35.0
9e831dade4e08665,none,False,18.0
794990d1cf13186b,none,False,20.0
eba242a178eb47e8,none,False,38.0
77d16632947bc88b,none,True,
0a34898f2906216b,none,False,28.0
099bdee82a82463b,none,False,53.0
2f8798bdcb724f93,none,False,18.0
35a4e44bcec42184,none,False,16.0
51d3dfb5b362cc4b,none,False,31.0
08d8652853929fb8,none,False,44.0
ace20125b15204fb,none,False,28.0
ad038a23c84f26a9,none,False,28.0
275d5709a6b10cf9,none,False,46.0
32437bc137918a1f,none,False,12.0
529300b7364651d8,none,True,
cc32af3f021e692c,none,False,34.0
ac191d63af7f9505,none,False,32.0
9e7d101dc19be373,none,False,18.0
5b9898c57bf5472a,none,False,10.0
1ecbba2f1ab59e2b,none,False,21.0
9f8a026bbd663ddd,none,False,19.0
d34e3c40895a3ce7,none,True,
a2b20799345f6000,none,False,37.0
513df817ed5f1f0d,none,False,38.0
2f5c8ea18d5162c7,none,False,32.0
e9ff48b321cc55d8,none,True,
758f1d5403151df7,none,False,55.0
4ff59c7e948b2e4a,none,False,42.0
a32da0dafb4910b8,none,False,51.0
70fe66f121bff86f,none,False,26.0
0340389ecc1d255d,none,False,42.0
1e5a799e7dedf050,none,False,51.0
71becd7a9cc6415d,none,False,34.0
2042db599d5815b7,none,False,31.0
3df5f1c668b22538,none,False,40.0
72455d8efb6eb3c7,none,False,31.0
f4fa6028cd017601,none,False,27.0
21bcd3877913cd91,none,False,49.0
ccb08d4410e9657d,none,False,36.0
83d81ca66085314a,none,False,17.0
1f6098c915301dee,none,False,47.0
97608a1055cd43b3,none,False,55.0
855976915ede159f,none,False,19.0
efaacd8d2107bbe5,none,False,53.0
59dea4a4b79db291,none,False,50.0
aa7c5ff88ddee280,none,False,36.0
629391bcd0b1d9bc,none,False,38.0
243414cb74e5ac68,none,False,14.0
94f497cb46e9c3d9,none,False,46.0
1922a20edcbdf151,none,False,39.0
94836af77d59d8eb,none,True,
57dfe33a6a6d24fb,none,False,32.0
3a6c34be80d0a687,none,False,29.0
4f02f11b563164c4,none,True,
d8a974a600747d66,none,False,19.0
411668b55db14550,none,False,25.0
66a0e171a3fab915,none,False,56.0
8fbef2015ae8115a,none,True,
1b5c22be215ce96c,none,False,12.0
81a6fe6b0bec6024,none,False,27.0
8601fd685fab5329,none,False,57.0
25e44e4ac2babafa,none,False,33.0
d7b52d024f3d23fc,none,False,32.0
1188f8700e1455b2,none,True,
1263a27c850d3b4f,none,False,14.0
b3d88ed210506451,none,True,
1ebb60b7f50e006f,none,True,
ea168ef072c17a6d,none,False,20.0
09c29b30732f0e4e,none,False,46.0
cd9238d3738789f5,none,False,44.0
db34f479025a4549,none,False,35.0
e6e3f105852835dd,none,False,37.0
8eaaad3818d4b515,none,False,50.0
9b04ad1c0effcc66,none,True,
4bd40972a3d304a3,none,False,40.0
a4fb4de79b0b34fc,none,False,36.0
f356ddf96011af7b,none,False,24.0
17c58481e3b638ec,none,False,37.0
86115b3205678cfb,none,False,15.0
9c7ac6909e7be02c,none,False,30.0
00806e2c9cb1f662,none,False,47.0
6af74eaec53a4664,none,False,57.0
fa0f849782ac87f4,none,True,
375cbb639416462b,none,False,39.0
1486fa213aa3d136,none,False,20.0
0a3c2f202e8c0519,none,False,22.0
4c4b24ae68fa6373,none,True,
ebd74b761b2d2bf3,none,False,38.0
3b83ecad12fd9e34,none,False,52.0
5d5d7f3d310ee4ef,none,False,50.0
7f112a4041523957,none,False,46.0
433b199a1a16bdb0,none,False,52.0
0a97cf94cbe43342,none,False,26.0
97d24ab090996e2d,none,True,
5d4c208a1a795277,none,True,
9cbdf3c67143779a,none,True,
280ea7ad7ba2e64c,none,True,
b4b46a378b159748,none,False,23.0
49204433a77a2837,none,False,15.0
70e1602b7ff419a4,none,True,
c86312dc2145683c,none,True,
eadb88dd5ccb3f51,none,False,37.0
e1766460787f0d86,none,False,28.0
6454ef93f4a63a6a,none,False,51.0
d050cdd66173a76c,none,False,59.0
142bfdb46678bc99,none,True,
a8a3e4b9f3542b77,none,True,
f987d3b2e6e560bd,none,True,
954e0f088aaf2954,none,True,
688782da4532d810,none,False,40.0
abb3708855a4ee60,none,False,34.0
7ff1f87f8dbefb44,none,True,
0461fec6adeacbd2,none,False,47.0
33286cae536e242a,none,False,31.0
6b336d8552b803a3,none,False,45.0
748c766f6d7432f9,none,True,
798ccce93455d827,none,True,
0fe56707f3f6289c,none,False,59.0
02a77ec861e0a0a2,none,True,
1884d97d77a2836b,none,False,24.0
bd8c8661a57b185a,none,True,
5d48a17cc64c3f28,none,True,
10db68864fed6ad9,none,False,46.0
3289ea404b694727,none,False,19.0
d2b6eea1e9e4b890,none,False,37.0
86f4391253788466,none,False,10.0
4a35f32f5abb84cd,none,False,28.0
4f95f0a11f1a8f88,none,False,18.0
d662810d49ed9afc,none,False,44.0
494419a377a606ce,none,False,41.0
16093b796fac433e,none,False,16.0
279f65e663b0fff2,none,False,30.0
d27d84978f57854f,none,False,59.0
8d89927af5fcf63c,none,False,13.0
a5079d10c115a06e,none,False,38.0
1856e97fed57e2a4,none,False,56.0
525403124e216464,none,False,29.0
77941f8bf3219309,none,False,52.0
b00bbdfd87bf6bcb,none,False,44.0
d4578a5089e108e1,none,False,20.0
3d2f08985022ba76,none,False,15.0
7a2938fc4a9b696d,none,False,16.0
694db08e849aa00b,none,False,11.0
5114a2afe79a5685,none,False,49.0
eb692f074f0e2d0b,none,False,33.0
eaf29e971c1327a0,none,False,43.0
23d80e1a233aa66b,none,False,18.0
f7b753d9b9d8fd35,none,True,
ffb46b2aa4d27f0d,none,False,51.0
8e42f2afb997d674,none,False,23.0
80b8f4388586d32b,none,True,
196f076070424be3,none,False,24.0
59324ac91c63c1b9,none,False,57.0
f33457b2707b1cb9,none,False,49.0
0421e37aa7db60a4,none,False,52.0
a84e6b6d8a7a2feb,none,False,28.0
9bc20673dcc30e4d,none,False,29.0
37e9a97a19cab351,none,False,21.0
895562b5cd295ffc,none,False,13.0
d63b05a5a4f9971f,none,False,36.0
daaf5a52fed65c4a,none,False,38.0
5555cfab3a29aad5,none,True,
8a758f03d1af9aaf,none,False,29.0
d7868d221b189088,none,False,44.0
11b3315f864bf4cb,none,False,46.0
c5b07bedb841025a,none,True,
4f6c3ab96a4ada16,none,True,
ec64afa2718b58a8,none,True,
2cc6c9edd3eb89d0,none,False,57.0
0a7e6d8dc1f28967,none,False,59.0
9886291e1c216fcf,none,False,15.0
e1c63e7474e8c450,none,False,11.0
acffb0a004d1c6b4,none,True,
ec72acf96c0ef6e3,none,False,51.0
db924e29a5dff2fe,none,True,
e9c9ba71ddcaa1ce,none,False,39.0
83b4c369f77facc1,none,False,43.0
9c1aa1ecb9657be0,none,False,51.0
f4022e9b6526dee2,none,True,
79a36012783e0ff9,none,False,54.0
58115247cd61820a,none,False,56.0
5d101e8bb8ec1ddf,none,False,57.0
8fce3f850ff3fed2,none,True,
4a7e63ceb2b7822f,none,False,35.0
2db5cc2fc51a3c99,none,False,18.0
7481f67f191ba371,none,False,38.0
7e70593d666d0b37,none,False,11.0
e11e978fba412e02,none,False,36.0
2007851526a478be,none,False,28.0
c2f4301cdd136d6a,none,True,
761067c639358d76,none,True,
d071634371768911,none,False,30.0
c4cca223938b7bbf,none,False,17.0
14eff58e2b5c1e6b,none,False,23.0
201e3f218ec4f69e,none,False,59.0
648c8c9e3e4d09d9,none,False,21.0
ad9221c6bb9ce823,none,False,48.0
182ef0a363134a9b,none,False,49.0
8e0b348d959ba9a4,none,False,31.0
9c32e2b03af1e662,none,False,57.0
5eef6de4a953552a,none,False,49.0
45d5d7dce67f5417,none,False,56.0
6b434f3a72f0d683,none,True,
8c75022f7577b5f8,none,False,55.0
b230c5265373a51d,none,False,19.0
25a15f12f94e487f,none,False,34.0
405a20c8e735fcd0,none,True,
869c10c9fb3b41cd,none,False,55.0
e2d42be9535ba39e,none,False,50.0
62f4b4ebcfa7fde7,none,False,49.0
604d2bc387e6aab8,none,False,52.0
9048addbdeebada2,none,True,
6778baf2fd4e1acb,none,False,26.0
b8dcf51a89483f81,none,False,42.0
143fa889e87919d9,none,False,10.0
e9c71c6ac01d4338,none,False,50.0
e2ae717a5cde11c6,none,False,46.0
306cfacc937b9f28,none,False,23.0
7defd6d1c08410c5,none,False,46.0
908a31a9748373cc,none,False,42.0
cdc56298695d2a6d,none,False,26.0
1c8eda971ece00b2,none,True,
82449c33c365ba57,none,True,
9ed506fc12d129d7,none,False,30.0
3e62b236e17428bb,none,False,37.0
1fdd81c8f1ec45e8,none,True,
78a074b4a65e7285,none,False,41.0
c3098af33e75c644,none,False,38.0
9a0f64e23deaca8b,none,True,
074e10cb678ace55,none,False,45.0
d3ade34c644c4913,none,True,
a93709c41aa61f50,none,False,24.0
f22ca06b0438f7af,none,False,25.0
105d69a89ee8673a,none,False,39.0
09cddff21b3e0bd2,none,True,
860f2160473d35b9,none,True,
d67da7eeec2a5a6f,none,False,28.0
e3c552eab7d33599,none,False,10.0
92bc9ee51ba4f6e5,none,False,17.0
1a61d4bab3f9e570,none,False,37.0
18f41a559b69c3c4,none,True,
8cdcf99e54534005,none,False,28.0
8e89d547d814b3f0,none,True,
5e5df14f43ebb39d,none,False,39.0
445fef9cea3fb260,none,False,19.0
a25ad9cb577f5cd8,none,False,27.0
faee715ae88ab931,none,False,25.0
006afe3dfd3e62b3,none,False,56.0
9fecbfdcd837e04e,none,True,
4c39f81fc607565f,none,True,
fc80320a4d787548,none,False,31.0
da1214c137e54c8d,none,False,50.0
dcc411225b863d03,none,False,43.0
3ae4821e80cfc850,none,False,52.0
40f3c3d6771021be,none,True,
36810ca49aae5ea8,none,False,12.0
e7fbc552c44da4ae,none,False,16.0
9dbd2f02d2c6822d,none,False,57.0
0ea3e827d2598917,none,False,28.0
feca7556b3d5b2f6,none,True,
6831bd507817fd10,none,True,
d82af81d3e92e839,none,False,57.0
14f4eb4584ef57b3,none,True,
545f4976e529cd6e,none,False,30.0
392c35991039d613,none,False,48.0
8c1443336c97779e,none,False,51.0
469e222fa3a3e6e7,none,True,
7022d4dc44f9071b,none,False,41.0
c0dc0aa8c326a88e,none,False,37.0
4912bfc9601c9ed8,none,False,46.0
7601e910649f4fc5,none,False,48.0
8a322c75b1453b12,none,False,21.0
2c673fdc4b3ea287,none,False,27.0
ce5299879eade7d4,none,True,
df5b5ee2bee2b479,none,False,16.0
2c9f29e9c74d625a,none,False,14.0
70873e03a9898cad,none,False,31.0
0fa67c654ec25fa9,none,True,
55e8c87af1db91b0,none,False,53.0
ad917466e1049b2a,none,False,24.0
eefc9657635ae379,none,False,39.0
d696181ba3cf73a6,none,False,53.0
9aee9f43ded7cd0f,none,False,16.0
5c75d5d721cfadcd,none,False,58.0
cfe078868a94fd0e,none,False,43.0
2f208cc83b38ff45,none,False,10.0
5e71e3ef7fca762c,none,False,11.0
258b2699d351fe1d,none,False,26.0
77beedfd0295a1f5,none,False,58.0
16abf206b84d4189,none,True,
8ea7ff7f285aa88b,none,False,14.0
969df51197655248,none,False,16.0
6492458c8275b4c4,none,False,43.0
2a33cfdf98ec4fab,none,False,23.0
ad9b13443de22f00,none,False,43.0
f6d86b2e1287b53b,none,False,25.0
817c8cdd5ea8aeaa,none,True,
96842bab9c3b48b6,none,False,16.0
3ffb3a19d487dd56,none,False,36.0
2c864d50cd70abb4,none,False,45.0
c9a6628398bba1dd,none,False,22.0
f05d396731b5c886,none,False,52.0
9373f8008959285f,none,False,40.0
3bfba92953024a28,none,False,36.0
42fd86cf0436ffb1,none,False,51.0
b7a65bdff7489168,none,False,38.0
aea1eecf71d748cd,none,False,17.0
0d786057ec53f348,none,False,49.0
209513795238e7cf,none,False,26.0
d9d60ec4d4931476,none,False,41.0
cc9c19ec0bc39477,none,False,21.0
0bfca386757d980a,none,True,
3f7135fabf77e653,none,True,
9454aa49dc00d295,none,True,
c9c32a2ca762698b,none,False,50.0
f797eeafd03823f1,none,True,
4eab3cb7e99240ff,none,False,37.0
88e3391e505bd192,none,False,17.0
858b37f04657b0e5,none,False,50.0
cfb02167e777b20b,none,False,32.0
90fc8f801d9c9d37,none,True,
c6da3174ca38eef9,none,False,26.0
693a3e4450bff943,none,False,41.0
0ba1a77b0a2770cc,none,False,36.0
7e3b4dfa6141d055,none,True,
4501d8f6b7ee6074,none,False,59.0
e548eb849c1551a1,none,False,28.0
61df98c37d04ff41,none,False,18.0
1e720586d00b4ad9,none,False,17.0
a59514fb4eb10d01,none,False,47.0
28596db70f9e4894,none,False,11.0
a367431f1be8f3ff,none,False,58.0
bbfbeb649c11f4f5,none,False,54.0
55527ba522b891dd,none,False,14.0
6db8f437933db96a,none,False,18.0
fcf5935ca38f2da8,none,False,32.0
e81dd191ee56b279,none,False,54.0
006aa3980e9abe92,none,False,59.0
fbcd3cc585648420,none,True,
3af14c269466e0de,none,False,57.0
876bae48d2913e72,none,False,10.0
282cf1c6d986f014,none,False,11.0
ccb8bd843099d4d9,none,False,50.0
7135d1a0994938b7,none,False,10.0
cf14bc3470d701a3,none,True,
7e367370c431397f,none,False,50.0
c0c1f1149ae81875,none,False,53.0
328e67832bfa53c7,none,False,39.0
2c731db15050cdb1,none,False,33.0
d34fbead9da06355,none,False,16.0
6f8ec52e1eb6bd47,none,False,36.0
0ad2aa15eb7dbd76,none,False,55.0
4af35267f46372a4,none,False,26.0
b6f1dbe2b9cc3309,none,True,
b63be4fc64a35b5d,none,False,24.0
76dbefc1615be636,none,False,45.0
e75b2b2c6e08b90f,none,True,
f8deb65d34b785db,none,False,59.0
effa2534f50a70ee,none,False,24.0
84882b5d6b741f35,none,False,42.0
5f22f54d7d5d7045,none,False,44.0
2961f722cfbd7526,none,False,50.0
47195888e63e7ca5,none,True,
aa7c007f245f4b03,none,False,46.0
fe489a997aaf2e85,none,True,
3ca81064650be523,none,False,31.0
e535c760a76594c1,none,False,38.0
86a19fcc61569a1e,none,False,45.0
8c6ed2869c2c6d2e,none,False,55.0
e4ee5c2199696df0,none,False,47.0
62363c9c20af75c0,none,False,51.0
7b00a50d397b5333,none,False,50.0
9bd7819a01d12586,none,False,50.0
48cb09780446bcb8,none,False,17.0
92aa5d4e67789a01,none,True,
5a5695c616bebfe8,none,False,49.0
d5c09739f4e58046,none,False,54.0
09bd9733bfd1c10c,none,False,46.0
12ab7b84427011eb,none,False,37.0
7a18931447b3fe2a,none,False,37.0
135fd63efc6c9b8a,none,True,
74a636aaae0b2abd,none,False,12.0
e3107247ab92a10f,none,False,18.0
ca573323f2836427,none,False,15.0
0dc021332b733807,none,False,57.0
02445a2ec9f44edc,none,False,56.0
55bd680b6a8afa34,none,False,24.0
c64f1a4fa7c281ab,none,True,
82f4f47d0d6873ba,none,False,28.0
a8a9ee5cf80c422d,none,False,15.0
2264eaa6545e58f3,none,False,14.0
541f85246c4ff8d2,none,True,
15a8587442fb5be9,none,False,36.0
36e9f2bf85f57f08,none,False,19.0
321a23c3a49202ff,none,False,14.0
9e1d737afd04ae1e,none,False,32.0
eb8b02cdf8ce6610,none,True,
ba34f41b8dcc3dee,none,False,54.0
eebbd21ce6f1844c,none,False,51.0
c2ee374d3d7b3d66,none,False,14.0
3c615fcc093e64ae,none,False,24.0
6609b2db1fde55aa,none,False,20.0
92b8d4aa0bb842ab,none,False,31.0
40f81e4c102dc1a3,none,False,40.0
4864007020092174,none,True,
a5d4559c071beb14,none,True,
37b16884bea24e07,none,False,47.0
eed841f84da3af6e,none,False,17.0
71c1674fc68e0c33,none,True,
27714312e6c089cd,none,False,47.0
1cdfa9abe4cde562,none,False,31.0
d164811603985461,none,True,
c618d1483354eb1f,none,False,55.0
e176732908b2058d,none,False,55.0
cc70d92e5a2e253e,none,True,
7c6220f7c800d560,none,False,13.0
ccba28f8294390bb,none,False,38.0
6c888d00b585b523,none,False,22.0
a4093edc5aa00a99,none,True,
e0ffd9cae95b2d53,none,False,29.0
c2cd2c6e146ea1db,none,False,13.0
54e4c312653623c0,none,False,38.0
ebdcaf0fcfa2f0d1,none,False,14.0
4144164fd896eb21,none,False,55.0
271f94a7577d517b,none,False,56.0
2ee43c143d08aacd,none,False,18.0
e44c64ab820f4b0a,none,False,12.0
7289d19f1ea676ee,none,False,17.0
0ce294f7bd828ca9,none,True,
b25a92f933582d2a,none,True,
8ee60b6ea2aa371f,none,True,
49f7b387c9aa1fdd,none,False,30.0
61cab1032d92de31,none,False,29.0
034f89fe2ae35d6f,none,False,46.0
d1bf9ac89fc7601e,none,False,41.0
58198e870b3d0a22,none,False,29.0
ec52892ccb626e3f,none,True,
0d2b515d331ae885,none,False,12.0
21210971facf7f71,none,False,59.0
040c195f93218439,none,True,
eea96706c285deaf,none,False,57.0
4542f4d1c520cdb0,none,False,22.0
5509d1a36c6f2cad,none,True,
d475a9fa47f86ea3,none,False,26.0
a10d89a24fc2f958,none,False,13.0
3801c97efe50ba95,none,False,29.0
6aebae66cbfc4f64,none,False,20.0
fb0379d18f6290d6,none,False,13.0
ebe2618bce9596a5,none,False,40.0
e69f43affda16c30,none,False,32.0
d2115a9941e14f33,none,False,38.0
e3712dbf182363ac,none,False,53.0
48c6a27226227d05,none,True,
ee16e4779c3149dd,none,False,40.0
7d41be3007a8e0bd,none,False,48.0
7385fe5ceabcca9e,none,False,15.0
3620053dd27dd51d,none,False,15.0
b746ec2dafa66133,none,True,
caef80b787185cac,none,True,
4840df288fc97982,none,False,10.0
c2cb312850197553,none,False,17.0
3e98c4a198ac3d27,none,False,38.0
1ab257f9322264cf,none,False,44.0
d0c9e2a5e51e31c7,none,False,37.0
4a59f08082048798,none,False,23.0
8a0b56a6983f6f5f,none,False,19.0
7da183645561882a,none,False,32.0
fedb02284cbae988,none,False,43.0
c4aeb6959a295ab1,none,False,50.0
c85e4ce54671631e,none,False,59.0
a91071d23a9e72f2,none,False,43.0
4bf2311f28e0cf90,none,False,22.0
78c00f609b3c7657,none,False,35.0
a2b1b932007b39a2,none,False,33.0
e0d9cbad81fbc7fd,none,False,54.0
c663e5a9fb6394df,none,False,39.0
c2d24e1ad3674500,none,False,44.0
77253f45939d2eda,none,True,
388f6d088732a051,none,False,51.0
d019180f1a50156a,none,False,22.0
cc36ab66be827512,none,False,57.0
d370fd512c01efbd,none,False,30.0
40e5f0b80441fcce,none,False,35.0
5defd9cf955fa217,none,False,34.0
20816ccf215dc340,none,True,
96b5084c79e0c45f,none,False,33.0
73b8143e64158152,none,False,36.0
c4b0606071a18b28,none,False,20.0
58914a198056b471,none,False,14.0
9cd92dae6b051060,none,True,
1fd65ed67bd71021,none,True,
4dad22fe0367904d,none,False,14.0
5ec81b4bb3975b13,none,False,23.0
79cea358acfd8b3d,none,False,55.0
191e5e9773211ec9,none,False,58.0
5fb31cd1c409ff9d,none,False,51.0
64f0ae7925f3e3c1,none,False,24.0
66d661b68a1b6d39,none,False,24.0
1aa99e1693404bfd,none,True,
971979e0607c95d2,none,False,59.0
aaf3b4269b50d0c7,none,True,
05b7b795649ad03e,none,False,58.0
d2c101e8c0b91c32,none,False,56.0
dc395ef26c42db17,none,False,58.0
1c56a78797b2e094,none,False,37.0
ec81e0df644b4edf,none,False,29.0
e01d59827545e610,none,True,
59e5010b766f6b11,none,False,29.0
7e73dc46b50ec2de,none,False,27.0
e01cc696fcbbbe64,none,False,47.0
d8b57daebd7dfc09,none,False,22.0
7db616e3c1f870b6,none,False,55.0
19806609739c7bf4,none,False,27.0
1a9227bb93da1029,none,False,41.0
905137ebd8a2744b,none,False,41.0
d3d85097c464a788,none,False,59.0
1f7f0437b86359ae,none,False,31.0
c218804f90ec2905,none,False,14.0
dabe156850377a8d,none,False,16.0
bc95dd7000e672fd,none,False,17.0
f188537069265eb5,none,False,39.0
f276561de37fc798,none,False,31.0
438b9dbb96530b8b,none,False,40.0
09fa6d3bbae67174,none,False,44.0
5767bdcf42e2e03d,none,True,
920bfe58c7a6c8e6,none,True,
3458241b6c898a65,none,False,23.0
